{
"type": "FeatureCollection",
"name": "contours_mir_terre",
"crs": { "type": "name", "properties": { "name": "urn:ogc:def:crs:OGC:1.3:CRS84" } },
"features": [
{ "type": "Feature", "properties": { "comm": "sim-miriade-sur-terre" }, "geometry": { "type": "MultiPolygon", "coordinates": [ [ [ [ -3.60318030005692, 47.907570604561457 ], [ -3.603576499911374, 47.907401274460767 ], [ -3.604921399911374, 47.907338123011193 ], [ -3.605855199911375, 47.907521235013789 ], [ -3.606266299911373, 47.907571701794581 ], [ -3.607120699911373, 47.907464516507815 ], [ -3.607740699911373, 47.907277236671362 ], [ -3.607837799911371, 47.907247880755122 ], [ -3.607998299911373, 47.907176756075103 ], [ -3.608244499911375, 47.907134715495602 ], [ -3.608458599911375, 47.907044291997011 ], [ -3.608487099911374, 47.906853569038383 ], [ -3.609446799911373, 47.906653151302891 ], [ -3.610010499911374, 47.906449471721757 ], [ -3.610303099911373, 47.906488250580161 ], [ -3.610574199911373, 47.906388041655475 ], [ -3.610495799911376, 47.906265181502533 ], [ -3.610727699911372, 47.906303960373805 ], [ -3.610859699911373, 47.90627813799486 ], [ -3.611280699911374, 47.906391303429089 ], [ -3.611644599911374, 47.90634926279008 ], [ -3.611555399911374, 47.906200580245972 ], [ -3.611944299911374, 47.906258748558656 ], [ -3.612343899911373, 47.906216707909621 ], [ -3.612878999911374, 47.906303960373805 ], [ -3.613089499911374, 47.906307222147895 ], [ -3.613010999911376, 47.906187623751833 ], [ -3.613692499911373, 47.906358957506683 ], [ -3.613995699911373, 47.906533462376586 ], [ -3.614694999911374, 47.906856740204503 ], [ -3.615322899911376, 47.907234924285426 ], [ -3.615726099911374, 47.907845961939543 ], [ -3.616029399911374, 47.907897606550307 ], [ -3.616072199911374, 47.907845961939543 ], [ -3.616685799911374, 47.908117413208238 ], [ -3.617016999911375, 47.908363495084714 ], [ -3.617331799911373, 47.908445673360113 ], [ -3.617723999911374, 47.908557116867364 ], [ -3.617766474402984, 47.908561163648031 ], [ -3.617910680622314, 47.908548445297839 ], [ -3.618139380622315, 47.908525923262481 ], [ -3.618283580622313, 47.908462160877953 ], [ -3.618641980622314, 47.908358359319578 ], [ -3.619108980622316, 47.908195700175881 ], [ -3.619387780622314, 47.908107613993643 ], [ -3.619616580622314, 47.908039947790094 ], [ -3.619731980622316, 47.907964373849794 ], [ -3.619793680622315, 47.907885396579836 ], [ -3.619879480622314, 47.907596013453364 ], [ -3.619927780622314, 47.907522341374325 ], [ -3.620035080622314, 47.907439660481373 ], [ -3.620335780622316, 47.907290714756819 ], [ -3.620466880622315, 47.907200626617133 ], [ -3.620853080622314, 47.906948980414278 ], [ -3.621125380622316, 47.906772908151218 ], [ -3.621240680622316, 47.906718955365733 ], [ -3.621413680622315, 47.906698335191706 ], [ -3.621541480622315, 47.906718554974013 ], [ -3.621740980622314, 47.906716352819501 ], [ -3.621800880622314, 47.906705942634566 ], [ -3.621968880622314, 47.906692129119911 ], [ -3.622037380622316, 47.90671725370089 ], [ -3.622149980622314, 47.906792627443856 ], [ -3.622263980622314, 47.90687981274295 ], [ -3.622400780622316, 47.906993023504604 ], [ -3.622598980622314, 47.907090218597226 ], [ -3.622820480622316, 47.907216742384342 ], [ -3.622954580622316, 47.907278803102798 ], [ -3.623075280622314, 47.907404626204745 ], [ -3.623222880622313, 47.907487106901776 ], [ -3.623671780622316, 47.907723638318735 ], [ -3.623892080622316, 47.907841353488905 ], [ -3.624195180622314, 47.907915926449711 ], [ -3.624558180622314, 47.908002310966815 ], [ -3.624931380622314, 47.908062369727354 ], [ -3.625338680622316, 47.908120326431295 ], [ -3.625497280622314, 47.908187191851461 ], [ -3.625812480622315, 47.908260663735376 ], [ -3.626129080622314, 47.908180985779538 ], [ -3.626324780622314, 47.908140846507813 ], [ -3.626503780622315, 47.908096302927056 ], [ -3.626838480622313, 47.908043451217779 ], [ -3.627116080622315, 47.907893404414558 ], [ -3.627782580622315, 47.907700215402251 ], [ -3.628584580622316, 47.907416337662937 ], [ -3.629109880622314, 47.907206632493121 ], [ -3.629932280622314, 47.906646784756667 ], [ -3.630290480622314, 47.906391935422135 ], [ -3.630486280622315, 47.906272418491838 ], [ -3.630576480622314, 47.906237184019957 ], [ -3.630640480622314, 47.906211158557817 ], [ -3.630726280622314, 47.906182530549451 ], [ -3.630842380622314, 47.906156905479008 ], [ -3.631011980622314, 47.906162711159027 ], [ -3.631220980622314, 47.906151099799004 ], [ -3.631229680622315, 47.906231178144068 ], [ -3.631229080622314, 47.906298343856108 ], [ -3.631641680622313, 47.906502143245014 ], [ -3.631973880622315, 47.906533974387322 ], [ -3.632503680622314, 47.906597536574125 ], [ -3.632985980622315, 47.906655793570565 ], [ -3.633484180622315, 47.906682319522574 ], [ -3.634045580622315, 47.906650488380158 ], [ -3.634417280622316, 47.906645183189774 ], [ -3.634631380622314, 47.906697434310317 ], [ -3.634715580622315, 47.906714450958795 ], [ -3.634861280622316, 47.906850984538401 ], [ -3.635020280622316, 47.907152179217633 ], [ -3.634917880622314, 47.907597514922372 ], [ -3.635051180622314, 47.908110416735802 ], [ -3.635120980622315, 47.908457155981196 ], [ -3.635223780622314, 47.908928717354001 ], [ -3.635342380622315, 47.909363142395883 ], [ -3.635500580622313, 47.909982948820101 ], [ -3.635548180622314, 47.910232492978025 ], [ -3.635476880622315, 47.910401558394831 ], [ -3.635429380622315, 47.910533987966723 ], [ -3.635468980622314, 47.910613465729597 ], [ -3.635547980622314, 47.910724674539019 ], [ -3.635706180622314, 47.910798847111366 ], [ -3.635847480622314, 47.910866413219864 ], [ -3.636067480622313, 47.910922668261378 ], [ -3.636292780622314, 47.91096901360698 ], [ -3.636710080622314, 47.911100242004785 ], [ -3.636925780622315, 47.911270408501181 ], [ -3.637177880622314, 47.911551683710918 ], [ -3.637293480622315, 47.911764792224716 ], [ -3.637164480622314, 47.911910134433683 ], [ -3.637044180622315, 47.91208530582923 ], [ -3.636952280622316, 47.912217935600459 ], [ -3.636884280622314, 47.912393207094766 ], [ -3.636789480622316, 47.912469782019613 ], [ -3.635887780622314, 47.913467157911789 ], [ -3.635627080622315, 47.913818401593218 ], [ -3.635335180622314, 47.91404532363066 ], [ -3.635262780622314, 47.914151327352862 ], [ -3.635002580622316, 47.914472942046558 ], [ -3.634608380622315, 47.914940099153462 ], [ -3.634289180622314, 47.915335786330637 ], [ -3.634157480622314, 47.915486734032562 ], [ -3.634355980622316, 47.915603948727082 ], [ -3.634614280622316, 47.915730572628725 ], [ -3.634926980622315, 47.9159006390393 ], [ -3.635248680622315, 47.916148281358971 ], [ -3.635474680622314, 47.916297127005912 ], [ -3.635665380622314, 47.916601124471462 ], [ -3.635815080622315, 47.916854472376855 ], [ -3.635955380622315, 47.917017131542202 ], [ -3.636158680622314, 47.917169280423444 ], [ -3.636357580622315, 47.917299607952209 ], [ -3.636810980622315, 47.917620822269683 ], [ -3.636947780622315, 47.917697397200683 ], [ -3.637049280622314, 47.917741240102401 ], [ -3.637399280622315, 47.917978071850563 ], [ -3.638102180622314, 47.918439022909752 ], [ -3.638751580622316, 47.918858032930807 ], [ -3.639067980622313, 47.919074845092787 ], [ -3.639334580622315, 47.919203470960234 ], [ -3.640113880622315, 47.919707964637318 ], [ -3.640654080622314, 47.92007172059661 ], [ -3.641013480622314, 47.92041275432252 ], [ -3.642312480622314, 47.920419560983348 ], [ -3.642846980622314, 47.920424465783064 ], [ -3.643914280622315, 47.920441682631036 ], [ -3.644938580622314, 47.920472913192476 ], [ -3.645812380622314, 47.921252676253907 ], [ -3.646370780622314, 47.921813324899908 ], [ -3.646915380622314, 47.922450748683254 ], [ -3.647140380622314, 47.922716008268296 ], [ -3.647753880622314, 47.923286266330862 ], [ -3.647952280622315, 47.923415993284166 ], [ -3.648123680622315, 47.923542316907159 ], [ -3.648461980622315, 47.923694265607757 ], [ -3.648676480622314, 47.923761831729678 ], [ -3.648871880622314, 47.923854222145373 ], [ -3.649012580622313, 47.923944510504057 ], [ -3.649118780622314, 47.924083146177047 ], [ -3.649452980622313, 47.92473978879098 ], [ -3.649693980622315, 47.925187827261247 ], [ -3.649775580622316, 47.925481114286569 ], [ -3.649856280622314, 47.925935659129465 ], [ -3.650484580622316, 47.926582792455648 ], [ -3.650784480622315, 47.926895198198253 ], [ -3.650981480622316, 47.927136334192227 ], [ -3.651315280622313, 47.927745830695685 ], [ -3.651435580622314, 47.927896378034568 ], [ -3.651835480622315, 47.928206181236405 ], [ -3.651387380622314, 47.928352424363844 ], [ -3.650605080622316, 47.928548215984684 ], [ -3.649940880622315, 47.928722987033233 ], [ -3.649276580622315, 47.928924183945384 ], [ -3.648288180622314, 47.929206460211198 ], [ -3.646880280622313, 47.929615260309014 ], [ -3.646459680622316, 47.929734376890408 ], [ -3.645790380622315, 47.929941679781741 ], [ -3.645156880622316, 47.930115750148268 ], [ -3.644508380622315, 47.930301131585658 ], [ -3.644207980622314, 47.930364693795717 ], [ -3.643926280622316, 47.93045628343706 ], [ -3.643551580622316, 47.930534159656808 ], [ -3.643177480622314, 47.930559784736822 ], [ -3.642376980622314, 47.930773093508947 ], [ -3.641827680622316, 47.931016631868552 ], [ -3.641568380622314, 47.931137750411885 ], [ -3.641337780622314, 47.931543947974646 ], [ -3.641183980622314, 47.931712412859078 ], [ -3.640942780622314, 47.931858655994418 ], [ -3.640403580622316, 47.931893490088321 ], [ -3.639774780622314, 47.931844341984586 ], [ -3.639591180622316, 47.931650752509192 ], [ -3.639360580622315, 47.931516821424673 ], [ -3.639152180622315, 47.931397905035965 ], [ -3.638812980622315, 47.931262272286446 ], [ -3.638606980622314, 47.931198009389753 ], [ -3.638390580622314, 47.931150663050005 ], [ -3.638215780622313, 47.931077991923971 ], [ -3.637993480622315, 47.930898215970586 ], [ -3.637531980622314, 47.930434762373778 ], [ -3.637362180622314, 47.930317547652507 ], [ -3.637221080622314, 47.930221853994645 ], [ -3.637060680622314, 47.930144378167171 ], [ -3.636823180622313, 47.930029565797639 ], [ -3.636297580622315, 47.929782123620988 ], [ -3.636185480622315, 47.929912050783216 ], [ -3.635924088775965, 47.930217995920202 ], [ -3.635921299911373, 47.930261808255338 ], [ -3.635819399911373, 47.930369532744791 ], [ -3.635827399911375, 47.930588696296709 ], [ -3.635709399911374, 47.930852797774925 ], [ -3.635618199911373, 47.931046774115082 ], [ -3.635647699911373, 47.931226435466336 ], [ -3.635628899911374, 47.931343129242777 ], [ -3.635596799911374, 47.931522790498136 ], [ -3.635679899911374, 47.931693391626261 ], [ -3.635701399911374, 47.931819145371684 ], [ -3.635771099911375, 47.931986212983659 ], [ -3.635864999911374, 47.932079622239385 ], [ -3.635902499911376, 47.932160437993993 ], [ -3.635835499911374, 47.932264628691676 ], [ -3.635768399911377, 47.932347256431079 ], [ -3.635701399911374, 47.932442477637409 ], [ -3.635599399911376, 47.932501730406479 ], [ -3.635494799911372, 47.932561073769762 ], [ -3.635459999911375, 47.932623950547757 ], [ -3.635521699911373, 47.93274245604082 ], [ -3.635540399911374, 47.932870021558593 ], [ -3.635535099911374, 47.932981369561155 ], [ -3.635583299911374, 47.933092717541385 ], [ -3.635661099911372, 47.933229252422365 ], [ -3.635838199911372, 47.933417882507946 ], [ -3.635931999911374, 47.933453760269138 ], [ -3.636028599911375, 47.93350585549905 ], [ -3.636090299911374, 47.933642390278415 ], [ -3.636157299911374, 47.933764519568207 ], [ -3.636291399911375, 47.933881303411439 ], [ -3.636417499911374, 47.933989027198507 ], [ -3.636481899911375, 47.934071654681233 ], [ -3.636495299911374, 47.934213534738007 ], [ -3.636369499911374, 47.93475867635572 ], [ -3.636101299911373, 47.935372311111145 ], [ -3.635609599911374, 47.935761347765514 ], [ -3.635524299911375, 47.936006148985854 ], [ -3.635234699911376, 47.93614087115099 ], [ -3.635095199911373, 47.936203747523528 ], [ -3.635103199911375, 47.93627559328344 ], [ -3.635162199911373, 47.936306125463581 ], [ -3.635374099911377, 47.936293532071971 ], [ -3.635398299911373, 47.936352784429999 ], [ -3.635317799911373, 47.936482161116366 ], [ -3.635256099911373, 47.936575569615563 ], [ -3.635264199911375, 47.936656384715697 ], [ -3.635572599911375, 47.93687192179177 ], [ -3.635773799911374, 47.937001207757334 ], [ -3.635926699911376, 47.937024582511718 ], [ -3.636404099911374, 47.93702992790115 ], [ -3.636611999911374, 47.937052396656185 ], [ -3.636817199911373, 47.937081116797366 ], [ -3.636854699911372, 47.93715839843172 ], [ -3.636880199911373, 47.937268839576348 ], [ -3.637016399911373, 47.937620276017476 ], [ -3.637555699911374, 47.938274768038816 ], [ -3.638116299911374, 47.938698683486415 ], [ -3.638514799911373, 47.939278067294481 ], [ -3.638850099911374, 47.939547419404668 ], [ -3.639207599911372, 47.940011378787595 ], [ -3.639587699911377, 47.940483854112991 ], [ -3.640481499911375, 47.940579979916166 ], [ -3.641339599911372, 47.940813091714688 ], [ -3.642045799911374, 47.941028898974544 ], [ -3.642716199911373, 47.941477817669949 ], [ -3.643122099911374, 47.941905988826065 ], [ -3.643408999911372, 47.942405551623864 ], [ -3.643543099911374, 47.942570169879339 ], [ -3.644380099911373, 47.942825115171516 ], [ -3.644794599911374, 47.943004047920375 ], [ -3.645576699911373, 47.943273398222971 ], [ -3.645978999911375, 47.943497811409273 ], [ -3.646291899911374, 47.944036511404718 ], [ -3.646448299911376, 47.944784674776272 ], [ -3.646448299911376, 47.945368219762614 ], [ -3.646314199911375, 47.945981661595184 ], [ -3.646157799911373, 47.946475422436166 ], [ -3.646387599911373, 47.946703458257986 ], [ -3.646368499911373, 47.946957948661314 ], [ -3.646517399911374, 47.947137967256374 ], [ -3.646552199911373, 47.947237172244833 ], [ -3.646422099911373, 47.947313455885997 ], [ -3.646426199911372, 47.947369173740782 ], [ -3.646551799911375, 47.94743630695352 ], [ -3.646908699911374, 47.94767023125624 ], [ -3.646932899911374, 47.948039237130644 ], [ -3.646770799911374, 47.948376533471588 ], [ -3.646578999911374, 47.948504548386964 ], [ -3.646317999911374, 47.948919849225703 ], [ -3.646518699911375, 47.949274358618254 ], [ -3.646533099911374, 47.949483911342135 ], [ -3.646626599911376, 47.949700893002699 ], [ -3.646546199911373, 47.949879823535831 ], [ -3.646437599911372, 47.950128604829395 ], [ -3.646690399911373, 47.950488277514886 ], [ -3.646851199911374, 47.950577063179736 ], [ -3.647106999911373, 47.950644920785422 ], [ -3.647166899911376, 47.95076813350623 ], [ -3.647300599911373, 47.950739685865763 ], [ -3.647434699911373, 47.95079712473067 ], [ -3.647519199911375, 47.950796218754931 ], [ -3.647886599911375, 47.950866250675375 ], [ -3.648039499911374, 47.950919250247054 ], [ -3.648083799911372, 47.950904845235762 ], [ -3.648276899911373, 47.950928219404837 ], [ -3.648409199911373, 47.951006767477445 ], [ -3.648687299911375, 47.95106375332707 ], [ -3.648895999911372, 47.9511423013805 ], [ -3.648926299911373, 47.951174554095871 ], [ -3.649119099911375, 47.951430944996972 ], [ -3.649143299911374, 47.951453866156562 ], [ -3.649193899911376, 47.951490105142128 ], [ -3.649208799911374, 47.951520455290726 ], [ -3.649207099911373, 47.951587678599047 ], [ -3.649218399911375, 47.951674289749782 ], [ -3.649256399911374, 47.951745499325924 ], [ -3.649411999911374, 47.95208913523107 ], [ -3.649460299911374, 47.952203016104988 ], [ -3.649457499911374, 47.952377868952695 ], [ -3.649444399911373, 47.952583887211389 ], [ -3.649421399911374, 47.952768524442504 ], [ -3.649356499911375, 47.952932958431276 ], [ -3.649224399911374, 47.953130460347943 ], [ -3.649107999911374, 47.95335613791076 ], [ -3.649082599911376, 47.953583808518495 ], [ -3.649130299911374, 47.95398017077445 ], [ -3.649135199911373, 47.954009433622353 ], [ -3.649179499911372, 47.954108184398052 ], [ -3.649190199911374, 47.954005809740352 ], [ -3.649263899911373, 47.953844184578628 ], [ -3.649289399911374, 47.953778682888164 ], [ -3.649296099911373, 47.953751775552476 ], [ -3.649367199911373, 47.95356324297201 ], [ -3.649436999911372, 47.953438400122806 ], [ -3.649463799911373, 47.953344179085981 ], [ -3.649467799911372, 47.953228305308158 ], [ -3.649494599911371, 47.953148398591956 ], [ -3.649579099911373, 47.952994020957966 ], [ -3.649651499911374, 47.952872801870249 ], [ -3.649685099911373, 47.952799236910224 ], [ -3.649714599911374, 47.952714800269227 ], [ -3.649737399911373, 47.952575642858619 ], [ -3.649769499911375, 47.952493742907947 ], [ -3.649973999911373, 47.952437844372731 ], [ -3.650162099911375, 47.952306115873668 ], [ -3.650255599911374, 47.952285006695881 ], [ -3.650350199911372, 47.952400065294697 ], [ -3.650405599911374, 47.952507785488855 ], [ -3.650462799911375, 47.95270519695945 ], [ -3.650513199911374, 47.953267443287423 ], [ -3.650599799911372, 47.953612890193085 ], [ -3.650742999911373, 47.953802056936262 ], [ -3.651048099911375, 47.953978540027471 ], [ -3.651319399911372, 47.953880242214083 ], [ -3.651609499911376, 47.953822260085595 ], [ -3.651715299911374, 47.953826608745445 ], [ -3.651835599911375, 47.953885134455888 ], [ -3.651928599911373, 47.953865021905926 ], [ -3.652046099911375, 47.953963863304359 ], [ -3.652114499911372, 47.954059080803525 ], [ -3.652128199911374, 47.954104832307785 ], [ -3.652335999911374, 47.95421463590263 ], [ -3.652480999911373, 47.954348266485866 ], [ -3.652620399911372, 47.954458160629557 ], [ -3.652671499911373, 47.954488148228066 ], [ -3.652756099911375, 47.954530185221415 ], [ -3.652821299911376, 47.954573852956827 ], [ -3.652911099911374, 47.954642344252775 ], [ -3.653024399911375, 47.954702047637447 ], [ -3.653084099911374, 47.954740641931252 ], [ -3.653153199911373, 47.954811579323447 ], [ -3.653263099911373, 47.954906706080358 ], [ -3.653474299911375, 47.955085363145521 ], [ -3.653627199911373, 47.955243817056292 ], [ -3.653752599911374, 47.955341208660002 ], [ -3.653867999911373, 47.955405351213848 ], [ -3.653997399911375, 47.955466866452738 ], [ -3.654142899911372, 47.955541880608187 ], [ -3.654237399911374, 47.9555952421208 ], [ -3.654335999911374, 47.955631209045762 ], [ -3.654433199911375, 47.955670256258898 ], [ -3.654500999911376, 47.955712836743409 ], [ -3.654567299911374, 47.955773445980626 ], [ -3.654637099911374, 47.955860056478521 ], [ -3.654713499911375, 47.955965601679992 ], [ -3.654856999911376, 47.956092618282106 ], [ -3.654932099911374, 47.95615993163365 ], [ -3.654960399911372, 47.956208672655649 ], [ -3.655042299911376, 47.956230868844543 ], [ -3.655042399911375, 47.956205048787965 ], [ -3.655079799911374, 47.956141902890224 ], [ -3.655130499911374, 47.956138369618827 ], [ -3.655358799911372, 47.956122877582466 ], [ -3.655439099911372, 47.956129400545201 ], [ -3.655536099911375, 47.956153227477877 ], [ -3.655961399911374, 47.956333424285404 ], [ -3.656465699911374, 47.956525308001112 ], [ -3.657121299911374, 47.956689831474115 ], [ -3.657575399911374, 47.956749444042082 ], [ -3.658200499911374, 47.9570552980895 ], [ -3.658402199911374, 47.957219821405509 ], [ -3.658486699911375, 47.957271733212636 ], [ -3.658749599911373, 47.957334607192408 ], [ -3.658838099911373, 47.95730588809878 ], [ -3.659023699911373, 47.957285232093604 ], [ -3.659430399911376, 47.957361604950982 ], [ -3.659683099911374, 47.957521326563004 ], [ -3.659889899911372, 47.95765839901587 ], [ -3.660217699911376, 47.957859432512443 ], [ -3.660589099911375, 47.957976301884415 ], [ -3.660877499911376, 47.958071699888407 ], [ -3.661064899911375, 47.95813357721746 ], [ -3.661218599911374, 47.958174798567555 ], [ -3.661296899911374, 47.958170087556283 ], [ -3.661426399911376, 47.958153327227343 ], [ -3.661562599911375, 47.958164470581231 ], [ -3.662022099911373, 47.958340318111716 ], [ -3.662365999911374, 47.95847883990357 ], [ -3.662547499911374, 47.958544703424934 ], [ -3.662996399911373, 47.958803446426352 ], [ -3.663130999911375, 47.95894595433748 ], [ -3.663243499911373, 47.959102142241299 ], [ -3.663300699911373, 47.959188571027688 ], [ -3.663438299911375, 47.959317670604925 ], [ -3.663678599911373, 47.959439160074417 ], [ -3.663882099911374, 47.959483008616147 ], [ -3.664073099911377, 47.959536007365507 ], [ -3.664221199911372, 47.959600330627154 ], [ -3.664322299911372, 47.959669908456704 ], [ -3.664467099911374, 47.959704244387616 ], [ -3.664620799911374, 47.959707052867351 ], [ -3.664754699911374, 47.959721095265863 ], [ -3.664888599911374, 47.959788136389285 ], [ -3.664974299911373, 47.959871937782218 ], [ -3.665133499911375, 47.960031024499798 ], [ -3.665453799911374, 47.960175887593103 ], [ -3.665570799911374, 47.960288136080294 ], [ -3.665891699911373, 47.960398300836658 ], [ -3.666199899911375, 47.960446316718681 ], [ -3.666578599911374, 47.960733415368217 ], [ -3.667455199911374, 47.960780253473978 ], [ -3.667989099911374, 47.960991160794926 ], [ -3.668337499911374, 47.961040173180642 ], [ -3.668633499911373, 47.961044249996277 ], [ -3.669111699911375, 47.961134574103603 ], [ -3.669728099911375, 47.961243289158148 ], [ -3.669923799911377, 47.96128469146916 ], [ -3.670073599911373, 47.961295653568506 ], [ -3.670234699911374, 47.961270014939117 ], [ -3.670414299911374, 47.961289855433321 ], [ -3.670522799911374, 47.961282698360165 ], [ -3.670655199911373, 47.961303082429069 ], [ -3.671157399911373, 47.961616091037712 ], [ -3.671423399911375, 47.961754702608353 ], [ -3.671524599911375, 47.961774814872598 ], [ -3.672059699911373, 47.962136382525706 ], [ -3.672178699911374, 47.962182676938866 ], [ -3.672358499911375, 47.962228971348154 ], [ -3.672543999911376, 47.962368216935658 ], [ -3.672663899911376, 47.962422755536195 ], [ -3.672894399911375, 47.962672074784798 ], [ -3.673164599911374, 47.962739206147639 ], [ -3.673516599911373, 47.962977291401515 ], [ -3.673727799911374, 47.963268827924203 ], [ -3.673696999911374, 47.96343398356818 ], [ -3.673693299911374, 47.963536900060937 ], [ -3.673705899911374, 47.963597417848845 ], [ -3.674325099911374, 47.963771361154578 ], [ -3.674599099911372, 47.963924014479566 ], [ -3.674831699911373, 47.964163458156463 ], [ -3.675124699911374, 47.964319553997697 ], [ -3.675555599911374, 47.9644572589402 ], [ -3.675719799911374, 47.964648505681993 ], [ -3.676012299911374, 47.964968307050036 ], [ -3.676143899911374, 47.965289195376485 ], [ -3.676394799911375, 47.965426265912285 ], [ -3.676513899911374, 47.965538966314256 ], [ -3.676641999911372, 47.965617149939817 ], [ -3.676777199911372, 47.965718978886365 ], [ -3.677037999911374, 47.965785203929677 ], [ -3.677320299911375, 47.965904880082284 ], [ -3.677032199911373, 47.966209823137376 ], [ -3.676886699911374, 47.966273149080592 ], [ -3.676778199911374, 47.966283748701272 ], [ -3.676690899911371, 47.966280577874592 ], [ -3.676455999911374, 47.966246332945296 ], [ -3.676334099911372, 47.966209370162083 ], [ -3.676256699911375, 47.966161898348652 ], [ -3.676152699911374, 47.966053365447017 ], [ -3.676068499911374, 47.965978896281889 ], [ -3.675855899911373, 47.965845177901898 ], [ -3.675668999911375, 47.965508435741377 ], [ -3.675480499911374, 47.965187366351131 ], [ -3.675364499911375, 47.965022664204774 ], [ -3.675174099911372, 47.964679036302115 ], [ -3.675108099911372, 47.964518773176508 ], [ -3.675047299911375, 47.964476012176426 ], [ -3.674995299911375, 47.964473475506843 ], [ -3.674956299911376, 47.964497120890876 ], [ -3.674948099911375, 47.964531637714011 ], [ -3.674977499911373, 47.964586538483431 ], [ -3.675023799911375, 47.964654847353977 ], [ -3.675105699911374, 47.965425812936353 ], [ -3.675121799911375, 47.965668155010576 ], [ -3.675155499911374, 47.966174581657988 ], [ -3.675170899911374, 47.96622812333915 ], [ -3.675242999911374, 47.96631337328111 ], [ -3.675992299911374, 47.966845437713438 ], [ -3.676088999911373, 47.96696103686547 ], [ -3.676151699911375, 47.967070566133856 ], [ -3.676194699911374, 47.967121027501683 ], [ -3.676270099911374, 47.967140505407251 ], [ -3.676391399911375, 47.967155906541407 ], [ -3.676514499911373, 47.967152373340085 ], [ -3.676668599911373, 47.967129362233464 ], [ -3.676813599911374, 47.967126644386155 ], [ -3.676968599911373, 47.967148749543817 ], [ -3.677116099911376, 47.967213796683019 ], [ -3.677365999911375, 47.967342622610303 ], [ -3.677540899911375, 47.967412199469983 ], [ -3.677753499911375, 47.967435482349472 ], [ -3.678076099911373, 47.967424157991879 ], [ -3.678195399911373, 47.967466194006157 ], [ -3.678254599911374, 47.967516927122567 ], [ -3.678380799911374, 47.967692046933522 ], [ -3.678475299911373, 47.96784515215495 ], [ -3.678435699911375, 47.967932123149545 ], [ -3.678374699911374, 47.968003602425497 ], [ -3.678299699911373, 47.968089214473963 ], [ -3.678282799911374, 47.968135508390958 ], [ -3.678272899911375, 47.968198290546226 ], [ -3.678340799911374, 47.968373863115893 ], [ -3.678470099911375, 47.968594279993965 ], [ -3.678475199911373, 47.968664581454149 ], [ -3.678440899911371, 47.968745573073832 ], [ -3.678411899911374, 47.968791504557565 ], [ -3.677388299911374, 47.969645086588095 ], [ -3.677238499911375, 47.969804442289956 ], [ -3.677180599911373, 47.969924208171065 ], [ -3.677084399911374, 47.970113006981151 ], [ -3.677074599911374, 47.970146798699993 ], [ -3.677083099911375, 47.970183580032362 ], [ -3.677104599911377, 47.970210939544039 ], [ -3.677125399911375, 47.97023023615246 ], [ -3.677244399911376, 47.970294558175638 ], [ -3.677532099911375, 47.970496855419782 ], [ -3.677626299911374, 47.970547950636814 ], [ -3.677714099911373, 47.970553386297922 ], [ -3.677878099911374, 47.970532730785415 ], [ -3.678185499911375, 47.970473029102422 ], [ -3.678263999911375, 47.970452826558763 ], [ -3.678405799911375, 47.970421390312239 ], [ -3.678475199911373, 47.970414686328596 ], [ -3.678544299911374, 47.970421027934755 ], [ -3.678561499911373, 47.970425014087141 ], [ -3.678627399911374, 47.970397201614141 ], [ -3.678726699911373, 47.970390950602102 ], [ -3.678911699911372, 47.970432171042511 ], [ -3.679023099911373, 47.970466325119396 ], [ -3.679134399911373, 47.970502200487033 ], [ -3.679287199911375, 47.970612635000585 ], [ -3.679327899911375, 47.970643618264596 ], [ -3.679442799911374, 47.970658385141299 ], [ -3.679606399911374, 47.970633199915788 ], [ -3.679751299911374, 47.970583010650053 ], [ -3.680019499911372, 47.97047348207424 ], [ -3.680343999911374, 47.970227608914733 ], [ -3.680488899911374, 47.970128861005001 ], [ -3.680952899911376, 47.969951114723258 ], [ -3.681424999911375, 47.969847021690875 ], [ -3.681601999911376, 47.969787772906557 ], [ -3.681760299911373, 47.969750085603145 ], [ -3.681990899911375, 47.969726802820681 ], [ -3.682200099911373, 47.969771647089551 ], [ -3.682503199911373, 47.969924208171065 ], [ -3.682977999911373, 47.970107299532472 ], [ -3.683154999911375, 47.970159391323918 ], [ -3.683517099911375, 47.970141453629324 ], [ -3.683983799911374, 47.97010014257291 ], [ -3.684420999911373, 47.970040893815593 ], [ -3.684815299911373, 47.970035548743901 ], [ -3.685359799911372, 47.970204235557858 ], [ -3.685547499911375, 47.970328078100287 ], [ -3.685882799911373, 47.970521950057098 ], [ -3.686108099911374, 47.970839664374601 ], [ -3.686258299911374, 47.971159190395468 ], [ -3.686395099911373, 47.971396094315516 ], [ -3.686767899911374, 47.971918369713585 ], [ -3.686864499911372, 47.972020741069691 ], [ -3.686966399911375, 47.97209067971982 ], [ -3.687180999911376, 47.972131990628213 ], [ -3.687344599911374, 47.97211939804901 ], [ -3.687540399911372, 47.972054804454793 ], [ -3.687717399911373, 47.971947088051671 ], [ -3.687808599911373, 47.971886118202804 ], [ -3.688047399911374, 47.97185739986157 ], [ -3.688157299911374, 47.971882494437423 ], [ -3.688433599911375, 47.972076365851741 ], [ -3.688776899911375, 47.972385110469077 ], [ -3.689251699911374, 47.972656077214587 ], [ -3.689586899911373, 47.972930667586446 ], [ -3.689747899911374, 47.973033038756 ], [ -3.689881999911374, 47.973063568915322 ], [ -3.690168999911374, 47.973058133278755 ], [ -3.690587399911371, 47.973006132353085 ], [ -3.691003099911375, 47.972832010751191 ], [ -3.691241899911375, 47.972767417239851 ], [ -3.691467199911375, 47.972772762285253 ], [ -3.691799799911372, 47.972833822630797 ], [ -3.692446199911374, 47.972876854769396 ], [ -3.692945099911376, 47.972930667586446 ], [ -3.693135499911373, 47.972973790311507 ], [ -3.693425199911371, 47.973115569835613 ], [ -3.693470799911375, 47.973162225709444 ], [ -3.693481499911373, 47.973264596836316 ], [ -3.693417099911375, 47.973623529788831 ], [ -3.693248199911372, 47.974034553937486 ], [ -3.693197199911372, 47.974323548032302 ], [ -3.693156999911376, 47.974511982972381 ], [ -3.693280299911374, 47.97486013447481 ], [ -3.693333999911373, 47.975041412337006 ], [ -3.693315199911372, 47.975188626949191 ], [ -3.693197199911372, 47.975342907820881 ], [ -3.693052399911372, 47.975454247307667 ], [ -3.693041599911373, 47.975725212556128 ], [ -3.693049699911374, 47.976024986393185 ], [ -3.693079199911373, 47.976249295752631 ], [ -3.693063099911374, 47.976477228756941 ], [ -3.693084499911373, 47.976565194927169 ], [ -3.693167699911375, 47.976604693635508 ], [ -3.693347399911374, 47.976667474833611 ], [ -3.693433199911376, 47.976764409714285 ], [ -3.693545899911375, 47.976925937613402 ], [ -3.693934799911374, 47.977087465465551 ], [ -3.694055499911376, 47.977168184077371 ], [ -3.694149399911373, 47.977329711859085 ], [ -3.694259299911375, 47.977401552298787 ], [ -3.694543699911375, 47.977550487556556 ], [ -3.694766299911374, 47.977650955417744 ], [ -3.694806499911374, 47.97768864218515 ], [ -3.694857499911375, 47.977737109538502 ], [ -3.694935299911374, 47.977683297187028 ], [ -3.695066699911375, 47.977615080511761 ], [ -3.695214199911375, 47.977559456284304 ], [ -3.695557499911375, 47.977554111284952 ], [ -3.695721199911375, 47.977548675692326 ], [ -3.696053699911374, 47.977491239593832 ], [ -3.696528499911374, 47.977406897299623 ], [ -3.697080999911374, 47.977331523723997 ], [ -3.698191499911372, 47.977065904263107 ], [ -3.698891499911372, 47.976972593167211 ], [ -3.699492299911376, 47.976927749479643 ], [ -3.700044899911374, 47.97695818883161 ], [ -3.700366699911372, 47.977038998055512 ], [ -3.700911199911372, 47.977216651476141 ], [ -3.701399399911375, 47.977423022894968 ], [ -3.701623499911372, 47.977534180778463 ], [ -3.701147499911373, 47.977501114254736 ], [ -3.700724199911374, 47.977470856118956 ], [ -3.700299899911375, 47.977465511118751 ], [ -3.699588299911373, 47.977493142051451 ], [ -3.699178299911376, 47.977516152728768 ], [ -3.698764699911375, 47.977578027891802 ], [ -3.698493899911373, 47.977616077036977 ], [ -3.698219999911374, 47.977684384305313 ], [ -3.697927699911375, 47.977858866758957 ], [ -3.697638999911376, 47.97804521685795 ], [ -3.697491599911374, 47.978176033321787 ], [ -3.697412099911376, 47.978390195388627 ], [ -3.697273799911375, 47.978629089271855 ], [ -3.696911499911375, 47.978959663156239 ], [ -3.696582099911373, 47.979231532624375 ], [ -3.696065999911372, 47.979562106150297 ], [ -3.695538899911374, 47.979811870670737 ], [ -3.695161299911373, 47.980059370258836 ], [ -3.695001099911374, 47.980246897325749 ], [ -3.694932499911373, 47.98034256328333 ], [ -3.694858199911374, 47.980541504937818 ], [ -3.694846699911374, 47.980660090799077 ], [ -3.694858199911374, 47.980786377013111 ], [ -3.694915399911372, 47.981019834307354 ], [ -3.695195599911373, 47.981341166324924 ], [ -3.695229899911375, 47.981490462896872 ], [ -3.695178399911374, 47.981662588749202 ], [ -3.695052599911374, 47.98175825446301 ], [ -3.694955399911374, 47.98188454042743 ], [ -3.694669499911374, 47.982052861273679 ], [ -3.694326299911373, 47.982190652412882 ], [ -3.694040399911372, 47.982290122918165 ], [ -3.693628599911372, 47.982370478404405 ], [ -3.693371299911375, 47.982420213643188 ], [ -3.693096799911373, 47.982431718879937 ], [ -3.692885199911375, 47.982489063875299 ], [ -3.692736499911372, 47.982600039560438 ], [ -3.692599199911374, 47.982718624982304 ], [ -3.692524899911374, 47.982783670298467 ], [ -3.692330399911373, 47.982806680756681 ], [ -3.692216099911374, 47.982837300971248 ], [ -3.692164599911375, 47.98287172606252 ], [ -3.692141699911375, 47.982921461256431 ], [ -3.692130299911375, 47.982997921181521 ], [ -3.692061699911374, 47.983097482134596 ], [ -3.691987299911374, 47.983223677202325 ], [ -3.691857899911374, 47.983369621354761 ], [ -3.691489299911375, 47.983668575737262 ], [ -3.690863799911372, 47.983892700826381 ], [ -3.690606899911373, 47.9840048539292 ], [ -3.690316499911376, 47.984184135780808 ], [ -3.690126599911375, 47.984311236522821 ], [ -3.689735699911377, 47.984565256735479 ], [ -3.689367099911373, 47.984767005231056 ], [ -3.688976199911375, 47.984916482066481 ], [ -3.688652299911376, 47.984968844245373 ], [ -3.688540599911376, 47.985051011183963 ], [ -3.688518199911373, 47.985155644919523 ], [ -3.688451199911374, 47.98526027863533 ], [ -3.688227799911374, 47.9854769745452 ], [ -3.688071399911372, 47.985790784860193 ], [ -3.687903899911374, 47.985955209073985 ], [ -3.687646999911372, 47.986052323517889 ], [ -3.687267199911374, 47.986194280888114 ], [ -3.686976799911374, 47.986269019118865 ], [ -3.686809299911375, 47.986351185865203 ], [ -3.686686399911375, 47.986478286111513 ], [ -3.686652899911374, 47.986620243372911 ], [ -3.686563499911372, 47.986769719709784 ], [ -3.686451799911374, 47.98688921015863 ], [ -3.686135599911372, 47.987029536665062 ], [ -3.685886299911377, 47.987140692626632 ], [ -3.685703399911374, 47.98722593935959 ], [ -3.685581499911375, 47.98729261479729 ], [ -3.685510699911374, 47.987381666354466 ], [ -3.685377099911373, 47.987456132650728 ], [ -3.685338899911375, 47.987479233507038 ], [ -3.685018699911372, 47.987574445261487 ], [ -3.684831799911374, 47.987610138341267 ], [ -3.684360299911376, 47.987622096428396 ], [ -3.684164599911373, 47.987639942967029 ], [ -3.683986699911372, 47.987717308158373 ], [ -3.683826499911374, 47.987878017549534 ], [ -3.683662399911376, 47.988131311399705 ], [ -3.683637699911372, 47.988292473628405 ], [ -3.683643899911374, 47.988412326115551 ], [ -3.683631499911373, 47.98846187963067 ], [ -3.683482399911373, 47.988569502240566 ], [ -3.683310299911374, 47.988614888536986 ], [ -3.683100199911373, 47.98859414310455 ], [ -3.682982799911374, 47.988590066491092 ], [ -3.682865399911374, 47.988627208968104 ], [ -3.682649199911373, 47.988734740954584 ], [ -3.682402099911374, 47.988809116478159 ], [ -3.682142199911375, 47.988885847367172 ], [ -3.681705799911374, 47.988932501916722 ], [ -3.681504999911374, 47.988990933337313 ], [ -3.681408999911375, 47.989031790032413 ], [ -3.681374099911373, 47.989119391849677 ], [ -3.681374099911373, 47.989271222888043 ], [ -3.681374099911373, 47.989434740159219 ], [ -3.681426499911373, 47.989726625163023 ], [ -3.681365399911374, 47.989849285668207 ], [ -3.681278099911373, 47.98996025988334 ], [ -3.681173299911373, 47.990041973127973 ], [ -3.680998799911374, 47.990117888526299 ], [ -3.680806699911376, 47.99017631982224 ], [ -3.680623399911371, 47.990193803914259 ], [ -3.680457599911372, 47.990252144611091 ], [ -3.680357199911374, 47.99034074273834 ], [ -3.680218999911375, 47.990452622766384 ], [ -3.680088099911373, 47.990554809525342 ], [ -3.679935299911373, 47.990647303020566 ], [ -3.679746199911373, 47.990686257181466 ], [ -3.679452799911373, 47.990696765745319 ], [ -3.679283099911375, 47.990700842343315 ], [ -3.679179999911372, 47.990749489743763 ], [ -3.679095199911373, 47.99082649213797 ], [ -3.678998199911373, 47.990915724310874 ], [ -3.678876899911373, 47.991000879873674 ], [ -3.678525399911376, 47.991171190960145 ], [ -3.678100999911376, 47.991284701458454 ], [ -3.677864599911373, 47.99133742540112 ], [ -3.677713099911375, 47.991345578587683 ], [ -3.677609999911374, 47.991369856964738 ], [ -3.677573699911375, 47.991418504306608 ], [ -3.677555499911373, 47.991479381421165 ], [ -3.677580299911374, 47.991569881762167 ], [ -3.677639499911375, 47.991736206674773 ], [ -3.677722399911374, 47.991894650131826 ], [ -3.677781599911374, 47.992029268150738 ], [ -3.677923599911376, 47.992203474327354 ], [ -3.678101199911375, 47.992322238881364 ], [ -3.678538999911376, 47.992511120671253 ], [ -3.678811599911373, 47.992726183120269 ], [ -3.678962599911373, 47.992841686296735 ], [ -3.678988399911375, 47.992956192951532 ], [ -3.679131199911374, 47.99300330011279 ], [ -3.679279999911373, 47.993017160488336 ], [ -3.679450899911374, 47.993098329739389 ], [ -3.679652199911374, 47.993161743208553 ], [ -3.679794199911375, 47.993272626171532 ], [ -3.679853399911373, 47.993359683776447 ], [ -3.679900799911374, 47.993565596246654 ], [ -3.679983699911372, 47.993826950063941 ], [ -3.679995499911374, 47.994024890394897 ], [ -3.679971799911372, 47.994191214572716 ], [ -3.679959999911374, 47.994325832035301 ], [ -3.679877099911375, 47.994547597474586 ], [ -3.679853399911373, 47.994626773512771 ], [ -3.679726199911375, 47.994715823894609 ], [ -3.679647999911372, 47.994734576109522 ], [ -3.679495599911372, 47.994749342345941 ], [ -3.679202299911371, 47.994777244190367 ], [ -3.678977299911376, 47.994793097510431 ], [ -3.678716899911377, 47.994824804149218 ], [ -3.678432699911372, 47.994824804149218 ], [ -3.678030199911372, 47.994800978875091 ], [ -3.677745999911375, 47.994800978875091 ], [ -3.677364099911375, 47.994841835143035 ], [ -3.676884499911375, 47.994915213355036 ], [ -3.676493899911374, 47.994938132720513 ], [ -3.676233599911374, 47.994919742873989 ], [ -3.675925299911374, 47.994919742873989 ], [ -3.675863299911375, 47.994896551736602 ], [ -3.675737699911374, 47.994926990104211 ], [ -3.675665199911375, 47.994935324418847 ], [ -3.675543899911374, 47.994949365926956 ], [ -3.675411399911376, 47.995144316376866 ], [ -3.675260699911373, 47.995222224065394 ], [ -3.675123699911373, 47.995295602227188 ], [ -3.674938699911374, 47.995368889788978 ], [ -3.674712599911377, 47.995400958756115 ], [ -3.674513899911372, 47.995400958756115 ], [ -3.674293599911373, 47.995425961678365 ], [ -3.674089099911373, 47.995391809135739 ], [ -3.673917799911374, 47.99541010837634 ], [ -3.673773899911374, 47.995465096684846 ], [ -3.673672099911375, 47.995531318182579 ], [ -3.673471399911373, 47.995587212381771 ], [ -3.673240199911374, 47.995667565945183 ], [ -3.672991899911375, 47.99563196397321 ], [ -3.672662699911372, 47.99553367352982 ], [ -3.672549999911375, 47.995500155125804 ], [ -3.672501099911376, 47.995447703348965 ], [ -3.672453599911373, 47.995212802671091 ], [ -3.672342399911374, 47.994998375316932 ], [ -3.672209599911374, 47.994813208578677 ], [ -3.672043999911375, 47.994224098922253 ], [ -3.671848899911375, 47.993627379031871 ], [ -3.671611899911372, 47.99325441745119 ], [ -3.671294899911373, 47.993212292797367 ], [ -3.670817399911373, 47.993301071633944 ], [ -3.669911299911374, 47.993599386539124 ], [ -3.669325899911374, 47.993739258398215 ], [ -3.669060999911373, 47.993823145260549 ], [ -3.668773799911373, 47.99381399561419 ], [ -3.668606299911374, 47.993752665802553 ], [ -3.668453399911373, 47.993610257410253 ], [ -3.668367099911374, 47.993442574199292 ], [ -3.668196799911372, 47.993328973551094 ], [ -3.668000599911374, 47.993310311879391 ], [ -3.667806499911373, 47.993310311879391 ], [ -3.667611399911373, 47.993375627727595 ], [ -3.667360499911372, 47.993468845478262 ], [ -3.666984099911372, 47.993543492139985 ], [ -3.666677399911373, 47.993543492139985 ], [ -3.666231399911374, 47.993543492139985 ], [ -3.665771399911373, 47.993636709862471 ], [ -3.665227699911373, 47.993674033183318 ], [ -3.664645799911372, 47.993748589226946 ], [ -3.664271499911377, 47.993710812958227 ], [ -3.664083999911374, 47.99369052066892 ], [ -3.663602799911374, 47.993473646780807 ], [ -3.663474799911375, 47.993269999042766 ], [ -3.663463599911374, 47.993112914837951 ], [ -3.663373199911372, 47.99303962697865 ], [ -3.663330799911374, 47.993045424782437 ], [ -3.663239999911374, 47.993075500888736 ], [ -3.663027499911373, 47.993187742728821 ], [ -3.662814999911373, 47.993269999042766 ], [ -3.662636099911373, 47.993352255344512 ], [ -3.662524299911377, 47.993412135750361 ], [ -3.662255899911374, 47.993471925559149 ], [ -3.662021099911372, 47.993524286931844 ], [ -3.661830999911374, 47.993606543195988 ], [ -3.661775099911376, 47.993688890038491 ], [ -3.661652099911374, 47.993771146278263 ], [ -3.661484399911373, 47.99391328285769 ], [ -3.661316599911375, 47.994025433938063 ], [ -3.661048299911374, 47.994122637562072 ], [ -3.660824599911374, 47.994257345631759 ], [ -3.660343799911375, 47.994436805356465 ], [ -3.659907699911376, 47.994578941765639 ], [ -3.659723099911375, 47.994571966302175 ], [ -3.659490999911374, 47.994542071457751 ], [ -3.659354599911373, 47.994485543020296 ], [ -3.659038599911373, 47.994206071414077 ], [ -3.658786599911372, 47.993943811869705 ], [ -3.658609599911373, 47.993867715812932 ], [ -3.658470599911372, 47.993910021598154 ], [ -3.658247699911372, 47.993964466511862 ], [ -3.657825999911374, 47.994036757753463 ], [ -3.657333099911374, 47.994121369294966 ], [ -3.657231999911374, 47.994188949810287 ], [ -3.657206699911375, 47.99428198624355 ], [ -3.657331999911374, 47.994435990042348 ], [ -3.657377999911374, 47.994613275539088 ], [ -3.657529099911374, 47.994711203783595 ], [ -3.657666199911377, 47.994822992341334 ], [ -3.657718699911373, 47.994880154877173 ], [ -3.657719399911374, 47.994955888433822 ], [ -3.657719499911372, 47.99506405332815 ], [ -3.657658699911373, 47.995123571188181 ], [ -3.657413899911373, 47.995381934792775 ], [ -3.657168799911372, 47.995626166196359 ], [ -3.657092999911373, 47.995786782710034 ], [ -3.657118199911373, 47.995913609027568 ], [ -3.657421599911373, 47.996141805736009 ], [ -3.657661699911374, 47.996353152584057 ], [ -3.657813399911373, 47.996488494243934 ], [ -3.657939799911373, 47.996809726726397 ], [ -3.657939799911373, 47.996970342898003 ], [ -3.657939799911373, 47.997173173969976 ], [ -3.658274699911373, 47.997648046605555 ], [ -3.658483699911375, 47.997809930793593 ], [ -3.658534999911374, 47.997909126733312 ], [ -3.658525499911373, 47.998028433607189 ], [ -3.658423899911374, 47.998251465826669 ], [ -3.658253599911375, 47.998436993778576 ], [ -3.658032499911374, 47.998577951497509 ], [ -3.657600599911373, 47.998746992005323 ], [ -3.657200399911374, 47.998838578239699 ], [ -3.656897399911372, 47.998922011383691 ], [ -3.656842299911373, 47.998937139867742 ], [ -3.656663199911372, 47.999071031463131 ], [ -3.656231399911374, 47.99938093874659 ], [ -3.655915399911374, 47.999535937618319 ], [ -3.655599399911374, 47.999634589712301 ], [ -3.655325599911373, 47.999634589712301 ], [ -3.655030699911375, 47.999634589712301 ], [ -3.654658499911372, 47.999674992676859 ], [ -3.654462699911374, 47.99969474121005 ], [ -3.654331999911372, 47.999707967291506 ], [ -3.654008599911374, 47.999868944983803 ], [ -3.653747499911375, 48.000040793374836 ], [ -3.653326199911374, 48.000222787738387 ], [ -3.653089199911373, 48.000316729056536 ], [ -3.652887299911373, 48.000340191736214 ], [ -3.652562599911374, 48.000340191736214 ], [ -3.652158799911374, 48.00030495242158 ], [ -3.651860399911373, 48.00030495242158 ], [ -3.651693699911374, 48.00035776609797 ], [ -3.651381799911374, 48.000480696025093 ], [ -3.650787099911374, 48.000592845780162 ], [ -3.650192299911372, 48.000480696025093 ], [ -3.649673799911374, 48.000327690385774 ], [ -3.649231499911374, 48.000154302061532 ], [ -3.648911299911373, 47.999970677063558 ], [ -3.648621499911373, 47.999787052004912 ], [ -3.648331699911374, 47.999562661557356 ], [ -3.648026699911374, 47.999317888345708 ], [ -3.647622199911376, 47.999024649533872 ], [ -3.647262099911374, 47.998897099208463 ], [ -3.647166799911374, 47.998960874374824 ], [ -3.647039699911373, 47.999067136105936 ], [ -3.646944399911375, 47.999237082361724 ], [ -3.646880799911374, 47.999456671689892 ], [ -3.646743099911371, 47.99962670841618 ], [ -3.646642499911374, 47.999816765388033 ], [ -3.646413099911372, 47.999893494757188 ], [ -3.646357499911373, 47.999932448269966 ], [ -3.646227699911374, 48.000023400182158 ], [ -3.646289499911374, 48.000182747171728 ], [ -3.646324799911374, 48.000383402923624 ], [ -3.646289499911374, 48.000477887751465 ], [ -3.646183599911374, 48.000584149192527 ], [ -3.646059999911373, 48.000719852179806 ], [ -3.645927599911372, 48.000944151570771 ], [ -3.645839399911374, 48.001233403438498 ], [ -3.645865899911374, 48.001386861775117 ], [ -3.645839399911374, 48.001628916396996 ], [ -3.645768799911373, 48.001841348229433 ], [ -3.645795299911375, 48.002201440382571 ], [ -3.645830599911374, 48.0023312546789 ], [ -3.645795299911375, 48.002425739175607 ], [ -3.645706999911374, 48.002508356478842 ], [ -3.645530499911374, 48.002667702755978 ], [ -3.645292199911373, 48.002827048987406 ], [ -3.644842099911374, 48.003163496764344 ], [ -3.644497899911375, 48.003311066282365 ], [ -3.644180199911374, 48.003340598299076 ], [ -3.643933099911374, 48.003340598299076 ], [ -3.643765399911377, 48.00337013031421 ], [ -3.643731299911372, 48.003384171609206 ], [ -3.643650699911374, 48.003417327181779 ], [ -3.643579999911372, 48.00351769977739 ], [ -3.643429999911374, 48.003724242606651 ], [ -3.643192799911376, 48.003987946958233 ], [ -3.642675599911374, 48.004405833398657 ], [ -3.642266199911375, 48.004665189164953 ], [ -3.641587899911374, 48.004937408412268 ], [ -3.641014299911371, 48.005137609504096 ], [ -3.640615299911375, 48.005229285274112 ], [ -3.640141499911373, 48.005245953594304 ], [ -3.639892099911374, 48.005145943665624 ], [ -3.639742499911373, 48.005120941180657 ], [ -3.639630299911375, 48.005287714981307 ], [ -3.639505599911373, 48.005479491201882 ], [ -3.639380899911373, 48.005654599048846 ], [ -3.639094099911374, 48.005871377595192 ], [ -3.638956899911375, 48.00597981213096 ], [ -3.638944499911372, 48.006113249087029 ], [ -3.639056699911374, 48.006254929567426 ], [ -3.639054899911376, 48.006456489012194 ], [ -3.639063599911372, 48.006537565712051 ], [ -3.638985699911372, 48.006578058763296 ], [ -3.638890399911372, 48.006601249413251 ], [ -3.638757399911374, 48.00662933183964 ], [ -3.638725899911373, 48.006636035386364 ], [ -3.638699899911376, 48.006699719076288 ], [ -3.638725899911373, 48.006815491114111 ], [ -3.638751899911374, 48.006908163080041 ], [ -3.638595999911373, 48.007081911651007 ], [ -3.638492099911375, 48.007209278921387 ], [ -3.638275599911372, 48.007255569579286 ], [ -3.638168399911375, 48.007299957877741 ], [ -3.637998499911372, 48.007371432089677 ], [ -3.637807999911375, 48.007550887579995 ], [ -3.637444299911373, 48.007915686623775 ], [ -3.637375099911376, 48.007985258403288 ], [ -3.637375099911376, 48.00807783958598 ], [ -3.637652199911374, 48.008147320756976 ], [ -3.637929299911373, 48.008239992500883 ], [ -3.638067799911375, 48.008326866585001 ], [ -3.638422799911372, 48.00837315714984 ], [ -3.638682599911375, 48.008361561861946 ], [ -3.638916399911374, 48.008407943012067 ], [ -3.639330999911373, 48.008455230040028 ], [ -3.639815199911375, 48.008564026424345 ], [ -3.640116499911375, 48.008708605100281 ], [ -3.640355199911375, 48.008885614280139 ], [ -3.640529499911374, 48.00897248826336 ], [ -3.640562399911374, 48.008988884707051 ], [ -3.640761499911374, 48.009087535123257 ], [ -3.640891399911375, 48.00913590915016 ], [ -3.641086299911375, 48.00913246680382 ], [ -3.641349599911376, 48.00911434919113 ], [ -3.641414999911374, 48.009094691580692 ], [ -3.641642999911376, 48.009166256149896 ], [ -3.641939699911372, 48.009231751310857 ], [ -3.642086999911375, 48.009238092474028 ], [ -3.642318499911374, 48.009262551245556 ], [ -3.642590299911372, 48.009370169827584 ], [ -3.642688799911372, 48.009423979110764 ], [ -3.642735499911371, 48.009448619050161 ], [ -3.642743799911374, 48.009479600148872 ], [ -3.642593299911375, 48.009516378877841 ], [ -3.642374699911374, 48.009519458869804 ], [ -3.642276199911374, 48.009554425836285 ], [ -3.641864099911374, 48.009620283303462 ], [ -3.641421399911374, 48.009676176085804 ], [ -3.641120799911373, 48.009743120594095 ], [ -3.640899399911373, 48.009740402955202 ], [ -3.640849299911375, 48.00973478650149 ], [ -3.640820099911374, 48.009765495820361 ], [ -3.640828399911373, 48.009804629817189 ], [ -3.640865999911375, 48.009829722679441 ], [ -3.641007999911372, 48.009843673223315 ], [ -3.641220999911376, 48.009885615440758 ], [ -3.641502699911375, 48.009930003529192 ], [ -3.641774299911376, 48.010022856151743 ], [ -3.641958699911374, 48.010076755959666 ], [ -3.642166099911376, 48.010192346118352 ], [ -3.642315899911374, 48.010369536001463 ], [ -3.642396599911375, 48.010477426132688 ], [ -3.642465699911374, 48.010693206332327 ], [ -3.642511799911374, 48.010985986049434 ], [ -3.642569499911374, 48.011194066095008 ], [ -3.642656499911375, 48.011456226912223 ], [ -3.642656499911375, 48.011627437607252 ], [ -3.642656499911375, 48.011718478193451 ], [ -3.642760499911374, 48.011846840865275 ], [ -3.642856599911374, 48.011943135496608 ], [ -3.642952599911375, 48.012103747295171 ], [ -3.643221599911373, 48.012358026567789 ], [ -3.643638399911374, 48.012577248362462 ], [ -3.644105199911372, 48.012699903824732 ], [ -3.644494199911372, 48.012829896844202 ], [ -3.644716399911374, 48.012896840972701 ], [ -3.644810899911374, 48.012907983228757 ], [ -3.644760899911374, 48.012941409995584 ], [ -3.644666399911373, 48.012952552250759 ], [ -3.644488599911373, 48.012971122675516 ], [ -3.644277399911375, 48.012985979014893 ], [ -3.644088499911375, 48.012985979014893 ], [ -3.643843999911374, 48.012978550845247 ], [ -3.643543899911372, 48.012967408590619 ], [ -3.643382699911375, 48.012959980420725 ], [ -3.643099299911373, 48.012963694505679 ], [ -3.642971499911374, 48.012963694505679 ], [ -3.642849199911375, 48.012952552250759 ], [ -3.642704799911375, 48.012926553655021 ], [ -3.642615799911375, 48.012863414203188 ], [ -3.642549199911373, 48.012829896844202 ], [ -3.642493599911373, 48.012800184156731 ], [ -3.642454699911371, 48.012844753187352 ], [ -3.642537999911372, 48.012967408590619 ], [ -3.642571399911374, 48.013004549438556 ], [ -3.642588099911374, 48.01307892171441 ], [ -3.642610299911373, 48.013153203392903 ], [ -3.642621399911373, 48.013201486478593 ], [ -3.642693599911376, 48.013242341393976 ], [ -3.642871499911372, 48.013327855885656 ], [ -3.642977099911377, 48.013368710791767 ], [ -3.643071499911374, 48.013398423448862 ], [ -3.643132699911374, 48.013431850186208 ], [ -3.643154899911373, 48.01348022383506 ], [ -3.643127099911375, 48.01351736464872 ], [ -3.643027099911373, 48.013547077297872 ], [ -3.642893699911373, 48.013569361783709 ], [ -3.642766199911372, 48.013613658990664 ], [ -3.642619199911374, 48.013638208157033 ], [ -3.642440799911375, 48.01367326545175 ], [ -3.642340999911374, 48.01369790520279 ], [ -3.642230799911373, 48.013711855649582 ], [ -3.642083899911374, 48.013768019782482 ], [ -3.641984099911373, 48.013810142878448 ], [ -3.641848599911373, 48.013899824297901 ], [ -3.641716299911373, 48.013755790495942 ], [ -3.641531299911372, 48.013640382252888 ], [ -3.641199899911375, 48.013497526019293 ], [ -3.640920099911376, 48.013503414197046 ], [ -3.640765399911376, 48.013483213217704 ], [ -3.640690999911375, 48.013480767359184 ], [ -3.640202699911375, 48.013496982495198 ], [ -3.639622699911375, 48.013651705668693 ], [ -3.639518099911372, 48.013648172762984 ], [ -3.639392099911373, 48.013605959067412 ], [ -3.639094399911374, 48.013638298744347 ], [ -3.638944199911372, 48.013650799795435 ], [ -3.638834899911374, 48.013625435343677 ], [ -3.638546099911375, 48.013597896794742 ], [ -3.637941299911375, 48.013693375836873 ], [ -3.637608399911374, 48.013724356699022 ], [ -3.637117699911373, 48.013825814481066 ], [ -3.636540999911376, 48.013839493162756 ], [ -3.635932299911371, 48.013899733710623 ], [ -3.635112299911374, 48.013982892832104 ], [ -3.634192099911375, 48.013874097508342 ], [ -3.633617299911374, 48.01388215977704 ], [ -3.633062699911373, 48.01378894544991 ], [ -3.632670099911373, 48.01377164327473 ], [ -3.632173699911375, 48.013782694925958 ], [ -3.630985499911377, 48.013938323892724 ], [ -3.630851899911372, 48.013973652930332 ], [ -3.630752699911375, 48.013971841184869 ], [ -3.630663199911374, 48.013847283670081 ], [ -3.630535399911373, 48.013564741829398 ], [ -3.630405799911372, 48.013384201232093 ], [ -3.630361099911374, 48.013500153052476 ], [ -3.630252099911377, 48.013405851612902 ], [ -3.630191599911373, 48.013467903954847 ], [ -3.629885399911374, 48.013133908274924 ], [ -3.629856799911373, 48.013145050526226 ], [ -3.629775299911373, 48.01362181185047 ], [ -3.629738799911372, 48.013625707105653 ], [ -3.629460999911374, 48.013403949278214 ], [ -3.629422299911373, 48.013415906810373 ], [ -3.629400599911372, 48.013712761522733 ], [ -3.629209799911374, 48.013618550706575 ], [ -3.629175499911373, 48.013692107614418 ], [ -3.629184099911374, 48.014060526118413 ], [ -3.628966299911371, 48.014420248007092 ], [ -3.628918099911377, 48.014436372528522 ], [ -3.628885899911374, 48.01440584464207 ], [ -3.628821499911375, 48.014145859309735 ], [ -3.628778599911374, 48.014131455937601 ], [ -3.628657899911375, 48.014280290765051 ], [ -3.628621999911374, 48.014275308467759 ], [ -3.628558699911375, 48.014193598785781 ], [ -3.628483499911375, 48.014212169169113 ], [ -3.628401999911374, 48.014335639555583 ], [ -3.628357499911375, 48.014407656386105 ], [ -3.628301099911377, 48.014393343607949 ], [ -3.628217999911374, 48.014344879451357 ], [ -3.628083899911374, 48.014350224096866 ], [ -3.627893399911374, 48.014452497049447 ], [ -3.627821099911373, 48.014573068592952 ], [ -3.627609099911373, 48.014737393704785 ], [ -3.627431399911373, 48.014981707190891 ], [ -3.627178599911375, 48.015111609089715 ], [ -3.626945299911375, 48.015293598518937 ], [ -3.626909099911372, 48.015286442141324 ], [ -3.626882099911374, 48.015233267535073 ], [ -3.626840999911376, 48.0152339922316 ], [ -3.626751499911375, 48.015317060566474 ], [ -3.626661399911375, 48.015268958838632 ], [ -3.626431199911376, 48.015384004395443 ], [ -3.626290799911374, 48.015579944135446 ], [ -3.626069499911374, 48.015742819557907 ], [ -3.625896499911375, 48.015907869019657 ], [ -3.625850899911375, 48.015912307780582 ], [ -3.625817399911373, 48.015779597872509 ], [ -3.625785199911373, 48.015767912152128 ], [ -3.625669899911373, 48.015900622062979 ], [ -3.625639099911375, 48.01589165395395 ], [ -3.625649799911375, 48.015784127221423 ], [ -3.625608199911373, 48.01578231548185 ], [ -3.625530399911375, 48.015837030014097 ], [ -3.625496899911375, 48.015822626685747 ], [ -3.625523699911374, 48.015741913688075 ], [ -3.625523699911374, 48.015688105016416 ], [ -3.625484799911373, 48.01565585604574 ], [ -3.625423099911374, 48.015677415751071 ], [ -3.625281799911374, 48.015837301775001 ], [ -3.625243399911374, 48.015847719276366 ], [ -3.625171099911373, 48.015768546260986 ], [ -3.624920699911373, 48.015867920169804 ], [ -3.624739699911373, 48.016000086535101 ], [ -3.624680299911374, 48.015934501584631 ], [ -3.624650699911375, 48.015944556736386 ], [ -3.624471599911372, 48.016254816960043 ], [ -3.624276499911375, 48.016406640585949 ], [ -3.624037699911373, 48.016577940343211 ], [ -3.623951199911374, 48.01646461618396 ], [ -3.623766899911373, 48.01661843266313 ], [ -3.623703799911374, 48.016721158132547 ], [ -3.623650199911373, 48.016726502755226 ], [ -3.623502699911375, 48.016600949402317 ], [ -3.623475899911374, 48.016615262123615 ], [ -3.623468999911375, 48.016907042267093 ], [ -3.623429499911373, 48.016976069400656 ], [ -3.623368599911372, 48.016986486880683 ], [ -3.623296099911375, 48.016947081629077 ], [ -3.623239799911373, 48.016956049721053 ], [ -3.622357399911373, 48.017778305379331 ], [ -3.622318499911372, 48.017776493646259 ], [ -3.622373499911372, 48.017603473111365 ], [ -3.622342599911375, 48.017598943777251 ], [ -3.622219899911375, 48.017678025945294 ], [ -3.622123999911373, 48.01765519810413 ], [ -3.621590299911372, 48.018035571414607 ], [ -3.621004799911373, 48.018375995795203 ], [ -3.620471799911374, 48.018858731341027 ], [ -3.620426199911373, 48.018856919611466 ], [ -3.620412799911374, 48.018761894388611 ], [ -3.620356399911373, 48.018761894388611 ], [ -3.620082899911375, 48.018953756547333 ], [ -3.619970199911374, 48.019016532961665 ], [ -3.619814399911373, 48.019052224022353 ], [ -3.619641899911374, 48.019084563382457 ], [ -3.619414999911372, 48.01920486216212 ], [ -3.619393499911373, 48.019192270649512 ], [ -3.619366699911374, 48.01912052619808 ], [ -3.619307699911373, 48.019108025269993 ], [ -3.618916099911377, 48.019276516016241 ], [ -3.618732399911373, 48.019376070470813 ], [ -3.618720299911375, 48.019352789767396 ], [ -3.618666599911374, 48.019347898101948 ], [ -3.618464099911375, 48.01941819314186 ], [ -3.618414499911372, 48.019420004869566 ], [ -3.618402499911373, 48.019403880492696 ], [ -3.618427899911373, 48.01936085195662 ], [ -3.618443999911374, 48.019161833610639 ], [ -3.618376999911372, 48.019143897497685 ], [ -3.618299199911374, 48.019145618639861 ], [ -3.618076599911373, 48.01927298314628 ], [ -3.618025199911374, 48.019273345491932 ], [ -3.617993399911374, 48.019229954600078 ], [ -3.618014899911373, 48.019136650583185 ], [ -3.617904899911375, 48.019125961384113 ], [ -3.617814699911373, 48.019027493922174 ], [ -3.617591099911373, 48.019149242097043 ], [ -3.617545499911376, 48.019145618639861 ], [ -3.617464999911375, 48.019038092536682 ], [ -3.617365799911374, 48.019047060594936 ], [ -3.617254699911373, 48.019086918629903 ], [ -3.616296899911372, 48.019387846701733 ], [ -3.616193699911373, 48.019592209561942 ], [ -3.616145899911376, 48.019627538240258 ], [ -3.615896499911376, 48.019643028506202 ], [ -3.615791299911373, 48.019687234642888 ], [ -3.615627699911375, 48.01989159739302 ], [ -3.615329999911375, 48.020115798462029 ], [ -3.615030499911376, 48.020595633739021 ], [ -3.614847199911374, 48.02074881497208 ], [ -3.614786999911375, 48.020902630265958 ], [ -3.614761399911374, 48.021098477474865 ], [ -3.614675499911375, 48.021216782924725 ], [ -3.614608499911375, 48.02124731043719 ], [ -3.614445099911375, 48.021248125711971 ], [ -3.614271899911373, 48.021461908837956 ], [ -3.614183399911374, 48.022213863154747 ], [ -3.613873499911373, 48.022414692126183 ], [ -3.613693799911372, 48.022407445254316 ], [ -3.613519399911374, 48.022661991571887 ], [ -3.613247299911374, 48.022796692725514 ], [ -3.612624999911374, 48.02343686245608 ], [ -3.612537899911374, 48.023655174025301 ], [ -3.612497499911375, 48.023677005177504 ], [ -3.612427799911373, 48.023669848907787 ], [ -3.612394999911372, 48.023650372983425 ], [ -3.612307099911373, 48.023558700251129 ], [ -3.612202499911372, 48.023091187198553 ], [ -3.612099299911375, 48.023012649315284 ], [ -3.611835099911374, 48.022947246363636 ], [ -3.611529299911374, 48.022847692548538 ], [ -3.611292399911374, 48.022728119243837 ], [ -3.611098799911375, 48.022705110438324 ], [ -3.610944599911373, 48.022601117872377 ], [ -3.610834599911374, 48.022591244012752 ], [ -3.610751699911377, 48.022578652576833 ], [ -3.610623599911374, 48.022511347270623 ], [ -3.610338399911376, 48.022464876711247 ], [ -3.609906599911374, 48.022479189281597 ], [ -3.609365799911374, 48.022395397329653 ], [ -3.608957099911374, 48.022468409560922 ], [ -3.608474299911375, 48.022665705592011 ], [ -3.608141699911374, 48.022911374381358 ], [ -3.607876099911373, 48.02299027462216 ], [ -3.607669599911373, 48.023002775462963 ], [ -3.607395999911376, 48.023117547662082 ], [ -3.607273199911373, 48.023236577368436 ], [ -3.607253899911375, 48.023379340513834 ], [ -3.607291399911373, 48.023402621048668 ], [ -3.607340999911375, 48.023445649271935 ], [ -3.607322199911374, 48.023475270804774 ], [ -3.607173399911375, 48.023497736064087 ], [ -3.607192199911374, 48.023573012793328 ], [ -3.607103599911374, 48.023626730116149 ], [ -3.606880699911374, 48.023723385049891 ], [ -3.607039299911373, 48.023788153810514 ], [ -3.607033499911374, 48.023849299137055 ], [ -3.606961499911375, 48.023876112492928 ], [ -3.606699699911372, 48.023751013682968 ], [ -3.606607399911375, 48.023755905309663 ], [ -3.606261399911375, 48.02391551725345 ], [ -3.605711599911376, 48.023992605638959 ], [ -3.605572199911375, 48.024040887783308 ], [ -3.605379799911375, 48.024079386675901 ], [ -3.604954199911374, 48.024176403873376 ], [ -3.604847499911374, 48.024190444642855 ], [ -3.604704799911373, 48.024168885267649 ], [ -3.604532899911372, 48.024033550347006 ], [ -3.604385099911374, 48.024008367540191 ], [ -3.604299099911375, 48.023971408598669 ], [ -3.604267799911375, 48.023704543227204 ], [ -3.604204999911373, 48.023683799104361 ], [ -3.604136399911376, 48.02370445264151 ], [ -3.604042499911373, 48.023670120664875 ], [ -3.604114899911373, 48.023578719692971 ], [ -3.604120499911372, 48.023498551335564 ], [ -3.603855299911376, 48.023297541584114 ], [ -3.603779999911372, 48.023226975277403 ], [ -3.603590199911373, 48.02314236816612 ], [ -3.603517599911374, 48.023075968786046 ], [ -3.603568199911374, 48.022971161017217 ], [ -3.603493499911373, 48.022968171685562 ], [ -3.603398899911375, 48.023019533836063 ], [ -3.603329799911374, 48.022998880273484 ], [ -3.603406199911373, 48.022887006796118 ], [ -3.603480399911374, 48.02286118983659 ], [ -3.603415999911376, 48.022759914875095 ], [ -3.603114499911372, 48.02266806082428 ], [ -3.602975799911376, 48.022578380819205 ], [ -3.603120799911375, 48.02251832238349 ], [ -3.602959599911372, 48.022472032996468 ], [ -3.602778999911375, 48.02245726749647 ], [ -3.602624399911374, 48.02254015358033 ], [ -3.602547899911373, 48.022661991571887 ], [ -3.602376299911373, 48.02267376773321 ], [ -3.602252299911377, 48.022714259609131 ], [ -3.602153699911373, 48.022712357306311 ], [ -3.601934699911373, 48.022812182903152 ], [ -3.601672499911374, 48.022804754864808 ], [ -3.601457199911374, 48.022761364248545 ], [ -3.601340299911375, 48.02281553457896 ], [ -3.601103199911373, 48.022678931126961 ], [ -3.600980199911374, 48.022693696621062 ], [ -3.600831999911374, 48.022680561672331 ], [ -3.600702699911374, 48.022679112298661 ], [ -3.600615399911373, 48.022579920779016 ], [ -3.600502699911373, 48.02258662413341 ], [ -3.600378799911375, 48.022555462593367 ], [ -3.600226799911373, 48.022501201651743 ], [ -3.600187099911373, 48.022545679318817 ], [ -3.600247999911375, 48.022626753672235 ], [ -3.600102499911372, 48.02254758162222 ], [ -3.600015299911375, 48.022592331043164 ], [ -3.599860599911374, 48.022586261789932 ], [ -3.599740799911375, 48.02254332408603 ], [ -3.599383899911373, 48.022602839003852 ], [ -3.599163599911374, 48.022742703564944 ], [ -3.599083099911375, 48.022766074712287 ], [ -3.598866599911374, 48.022949963937954 ], [ -3.598755299911373, 48.022915541328906 ], [ -3.598662999911373, 48.022953043855516 ], [ -3.598526999911376, 48.023059663343616 ], [ -3.598470399911374, 48.023163655823794 ], [ -3.598375899911372, 48.023206321722512 ], [ -3.598313399911373, 48.023206774651356 ], [ -3.598145299911375, 48.023290657066781 ], [ -3.598128899911373, 48.023363125666044 ], [ -3.597865399911375, 48.02332544199561 ], [ -3.597737799911375, 48.023291381752834 ], [ -3.597749199911375, 48.023325985510091 ], [ -3.597600499911374, 48.023313575262314 ], [ -3.597360299911374, 48.023450903244246 ], [ -3.597325299911375, 48.023547377037112 ], [ -3.597184099911374, 48.023613232846664 ], [ -3.597106199911373, 48.023729997804814 ], [ -3.597079399911372, 48.023767500276485 ], [ -3.597028899911376, 48.02388290641737 ], [ -3.596869899911376, 48.023901476477043 ], [ -3.596702899911373, 48.023856727161444 ], [ -3.596492499911374, 48.023945682275141 ], [ -3.596169499911372, 48.023974216753615 ], [ -3.596136499911372, 48.023940700064458 ], [ -3.596173199911373, 48.023873213751813 ], [ -3.595906099911375, 48.023878195963093 ], [ -3.595683299911375, 48.023946678717259 ], [ -3.595524499911374, 48.023998221948652 ], [ -3.595484799911375, 48.02395546552507 ], [ -3.595378699911375, 48.023957186652346 ], [ -3.595311999911373, 48.023905462245871 ], [ -3.595077499911373, 48.023974941438766 ], [ -3.594894999911373, 48.024048587562049 ], [ -3.594806999911374, 48.02400927339658 ], [ -3.594356599911374, 48.024070418698798 ], [ -3.594308299911374, 48.024089441680346 ], [ -3.594132199911374, 48.024137904987512 ], [ -3.593984099911373, 48.024146510621058 ], [ -3.594007099911373, 48.024231389336343 ], [ -3.593750099911374, 48.024249144113988 ], [ -3.593365999911375, 48.024250321726768 ], [ -3.593105099911373, 48.024167979411523 ], [ -3.592963899911374, 48.024143702466972 ], [ -3.592837499911377, 48.024177400315097 ], [ -3.592541599911372, 48.02413971669985 ], [ -3.592210499911372, 48.024257477989011 ], [ -3.592048499911375, 48.024281030243856 ], [ -3.591936599911371, 48.024383663711944 ], [ -3.591851299911371, 48.024379859117708 ], [ -3.591672999911372, 48.024456675682138 ], [ -3.591516999911375, 48.0245691829425 ], [ -3.591182299911376, 48.024640564348687 ], [ -3.591035499911374, 48.024693647469689 ], [ -3.590857699911375, 48.024537749756902 ], [ -3.590660799911373, 48.024483489008745 ], [ -3.590470599911376, 48.024483489008745 ], [ -3.590285999911374, 48.024436112758515 ], [ -3.590039299911374, 48.024498345040477 ], [ -3.589735599911374, 48.024480137342998 ], [ -3.589392899911372, 48.024335200426208 ], [ -3.589372799911374, 48.024269163530953 ], [ -3.589214399911373, 48.024160098463241 ], [ -3.589043599911372, 48.024133103949779 ], [ -3.588996799911374, 48.024068425814988 ], [ -3.588864499911373, 48.024031376291795 ], [ -3.588776599911373, 48.023834261916626 ], [ -3.588757299911375, 48.023699198671615 ], [ -3.588674799911373, 48.023633795800734 ], [ -3.588737999911374, 48.023564135393784 ], [ -3.588706199911373, 48.023368923153569 ], [ -3.588463599911373, 48.023271724643664 ], [ -3.588244799911372, 48.02329147233857 ], [ -3.588011999911374, 48.023155956032817 ], [ -3.587633699911374, 48.023268191799097 ], [ -3.587213599911372, 48.023172080300888 ], [ -3.586979799911375, 48.023096894103141 ], [ -3.586784099911374, 48.022907479191232 ], [ -3.586660099911374, 48.022861099250783 ], [ -3.586555199911376, 48.02301301165847 ], [ -3.586494599911373, 48.023175250802979 ], [ -3.586509199911372, 48.023260039080768 ], [ -3.586493999911374, 48.023304969615886 ], [ -3.586450299911375, 48.023349809561637 ], [ -3.586423999911374, 48.023285584264471 ], [ -3.586450499911374, 48.023117547662082 ], [ -3.586321599911376, 48.022904036930157 ], [ -3.586152899911374, 48.022870067247389 ], [ -3.585668799911375, 48.023067997236481 ], [ -3.585248699911375, 48.023184218794512 ], [ -3.584993899911373, 48.023144723396371 ], [ -3.584748499911374, 48.023052416480169 ], [ -3.584218699911374, 48.022960924820921 ], [ -3.583827099911373, 48.022845246731194 ], [ -3.583696999911375, 48.022767252328201 ], [ -3.583579899911372, 48.022426921222234 ], [ -3.583582799911373, 48.022074089046555 ], [ -3.583438499911376, 48.021772075396626 ], [ -3.583064799911373, 48.021486457657758 ], [ -3.582630599911374, 48.020963051220733 ], [ -3.582438399911372, 48.020877809661926 ], [ -3.582167499911375, 48.020793564537833 ], [ -3.581522699911373, 48.02057624829316 ], [ -3.580617599911374, 48.02022096911417 ], [ -3.580201299911373, 48.02008318740306 ], [ -3.579988199911373, 48.019904822993958 ], [ -3.579964299911373, 48.019684879398 ], [ -3.579759099911374, 48.019295992093838 ], [ -3.579478999911375, 48.019035737289016 ], [ -3.579304599911373, 48.018822768508471 ], [ -3.579092999911373, 48.018749755798446 ], [ -3.578971099911374, 48.018707723663276 ], [ -3.578703699911373, 48.018615416010391 ], [ -3.578494099911373, 48.018764430810407 ], [ -3.577943699911371, 48.019038364296016 ], [ -3.577544699911374, 48.01914108931831 ], [ -3.577358299911372, 48.019156307838529 ], [ -3.577198699911373, 48.019137465861064 ], [ -3.576786699911375, 48.01913329888518 ], [ -3.576140499911375, 48.018976403162263 ], [ -3.575301299911374, 48.018860633657042 ], [ -3.574800399911372, 48.01884958210676 ], [ -3.572635099911374, 48.018734899613094 ], [ -3.572321899911373, 48.01879523021698 ], [ -3.571500299911373, 48.018794052592639 ], [ -3.570992699911375, 48.018937632156948 ], [ -3.570524999911374, 48.018955749449496 ], [ -3.570234099911374, 48.018903028126545 ], [ -3.569927899911375, 48.019005662587404 ], [ -3.568446399911374, 48.01910811585644 ], [ -3.568048999911373, 48.019110108758035 ], [ -3.567849999911374, 48.019095071409438 ], [ -3.567537699911373, 48.019212380834965 ], [ -3.567343799911375, 48.019131487156542 ], [ -3.567203899911374, 48.019124783760482 ], [ -3.566896699911372, 48.018933646352501 ], [ -3.566870399911372, 48.019252691790179 ], [ -3.565697399911374, 48.018751658114823 ], [ -3.565114799911375, 48.018768507202559 ], [ -3.564735799911374, 48.018794505525072 ], [ -3.564315299911372, 48.018582170757774 ], [ -3.564264199911372, 48.018459607179835 ], [ -3.564247999911375, 48.018420926725014 ], [ -3.564050499911374, 48.018166559638949 ], [ -3.563996399911373, 48.017928407443257 ], [ -3.564117599911375, 48.017394036664072 ], [ -3.563920499911374, 48.017409074058676 ], [ -3.563616999911376, 48.016600405881256 ], [ -3.563457399911373, 48.016234344319969 ], [ -3.563226499911376, 48.015915931258839 ], [ -3.562594399911374, 48.014888493048133 ], [ -3.562184599911372, 48.01474717711676 ], [ -3.562039099911376, 48.014566636903474 ], [ -3.561200899911376, 48.014298498796592 ], [ -3.561023199911376, 48.014320511490631 ], [ -3.560831199911373, 48.014099297463872 ], [ -3.560743499911374, 48.014106906793025 ], [ -3.560279799911374, 48.013710496839842 ], [ -3.560299799911373, 48.013549885505519 ], [ -3.559929099911376, 48.013140249393579 ], [ -3.559440699911373, 48.012742208176562 ], [ -3.559359299911375, 48.012611399849121 ], [ -3.559250699911374, 48.012506499519979 ], [ -3.559213099911374, 48.012298148203051 ], [ -3.559199299911374, 48.012221873484009 ], [ -3.559127999911373, 48.01217431501378 ], [ -3.559046299911373, 48.01222567816145 ], [ -3.559031999911373, 48.012194244277978 ], [ -3.558959799911374, 48.012240081582966 ], [ -3.558911799911375, 48.012159911590551 ], [ -3.558768899911374, 48.012133550607459 ], [ -3.558647799911375, 48.012190077250054 ], [ -3.558528599911374, 48.012218431156775 ], [ -3.558532899911373, 48.012161360991648 ], [ -3.558657499911373, 48.012001202147687 ], [ -3.558607999911374, 48.01191559686432 ], [ -3.558442999911374, 48.011869034831641 ], [ -3.558313999911376, 48.011900106383067 ], [ -3.558092299911376, 48.01194956721644 ], [ -3.557517999911375, 48.01150650307418 ], [ -3.557372899911373, 48.011571726196401 ], [ -3.557266699911372, 48.011682514898986 ], [ -3.557187999911374, 48.011742121567131 ], [ -3.557152799911373, 48.011742665092953 ], [ -3.557090199911375, 48.011681699610172 ], [ -3.556987599911376, 48.011741487453676 ], [ -3.556928199911373, 48.011706701800058 ], [ -3.556904999911374, 48.01158513317057 ], [ -3.557031899911375, 48.01144888930984 ], [ -3.557118399911376, 48.011398069616533 ], [ -3.557194799911374, 48.011294074935513 ], [ -3.557338499911373, 48.01126508686766 ], [ -3.557436099911374, 48.011213361280312 ], [ -3.557532999911373, 48.011132285262441 ], [ -3.557623699911373, 48.011046498669764 ], [ -3.557641999911374, 48.010962976757952 ], [ -3.557748399911374, 48.010820210424086 ], [ -3.557924899911375, 48.010722737956833 ], [ -3.558065799911374, 48.010646372433804 ], [ -3.558211699911376, 48.010515925964533 ], [ -3.558302899911375, 48.010557777543433 ], [ -3.558374299911373, 48.010523897694092 ], [ -3.558484499911374, 48.010577797453429 ], [ -3.558565299911373, 48.010556690489473 ], [ -3.558603199911374, 48.010555603435492 ], [ -3.558618699911374, 48.010496993106379 ], [ -3.558612399911377, 48.010417275801828 ], [ -3.558641499911374, 48.010323879717966 ], [ -3.558682599911374, 48.010237640061121 ], [ -3.558654199911373, 48.010115527582954 ], [ -3.558669799911375, 48.010036716102846 ], [ -3.558711699911375, 48.010007275029814 ], [ -3.558744099911376, 48.009984446873666 ], [ -3.558860199911376, 48.009964064590598 ], [ -3.558976299911374, 48.009943591718844 ], [ -3.559075299911374, 48.009937159975792 ], [ -3.559115999911374, 48.009924930604981 ], [ -3.559112099911375, 48.00976667346383 ], [ -3.559058599911372, 48.009672280802945 ], [ -3.559176799911373, 48.009539659993202 ], [ -3.559118799911372, 48.009356491035916 ], [ -3.559214599911374, 48.009307754676065 ], [ -3.559052399911373, 48.009210281943595 ], [ -3.558841499911374, 48.009170423200487 ], [ -3.558752299911372, 48.00907738925941 ], [ -3.558814499911374, 48.009010535259037 ], [ -3.558685599911374, 48.008921396579368 ], [ -3.558759199911373, 48.008874019002938 ], [ -3.558501199911372, 48.008710326274766 ], [ -3.558323299911375, 48.008580966408985 ], [ -3.558246699911374, 48.008470267676415 ], [ -3.558206699911374, 48.008285286602749 ], [ -3.557936999911373, 48.007521355786992 ], [ -3.557872199911373, 48.007390455642621 ], [ -3.557683199911376, 48.007292439043788 ], [ -3.557605299911375, 48.00699087030543 ], [ -3.557333499911375, 48.006755612152332 ], [ -3.557216499911375, 48.006711223810385 ], [ -3.557176499911373, 48.006760322751674 ], [ -3.556946299911374, 48.006728163851506 ], [ -3.556641499911375, 48.006629422428105 ], [ -3.556473499911374, 48.006519448014764 ], [ -3.556194599911372, 48.006429765404626 ], [ -3.555867599911372, 48.006146857439546 ], [ -3.555601399911374, 48.006054094758113 ], [ -3.555277299911372, 48.005919298959057 ], [ -3.554910499911374, 48.0058110455887 ], [ -3.554349099911374, 48.005582852850239 ], [ -3.554119899911374, 48.00551020075585 ], [ -3.553981999911374, 48.005416803847496 ], [ -3.553961399911374, 48.005336361104931 ], [ -3.553803099911375, 48.005193502737221 ], [ -3.553655299911373, 48.005120760003223 ], [ -3.553788699911371, 48.004981796895876 ], [ -3.553701499911373, 48.004798717025388 ], [ -3.553730099911373, 48.00469037284801 ], [ -3.553690499911372, 48.004549869623304 ], [ -3.553843499911375, 48.004463719659455 ], [ -3.554008499911373, 48.004297760911221 ], [ -3.554223399911375, 48.004165048230298 ], [ -3.554334199911374, 48.003998274092787 ], [ -3.554500599911373, 48.003980428079451 ], [ -3.554568199911372, 48.004005611793538 ], [ -3.554551299911374, 48.004190050758254 ], [ -3.554743799911373, 48.004200740244535 ], [ -3.554963599911374, 48.004077629962389 ], [ -3.555067299911373, 48.003937217171718 ], [ -3.555423899911374, 48.003843276465489 ], [ -3.555489999911373, 48.003495596066557 ], [ -3.555496499911373, 48.002840003227078 ], [ -3.555175799911372, 48.002716711465332 ], [ -3.555144899911373, 48.002584904298182 ], [ -3.555257399911373, 48.002544139188601 ], [ -3.554972899911375, 48.002353449025208 ], [ -3.554593899911375, 48.002363413833471 ], [ -3.554403899911372, 48.002260776299856 ], [ -3.553548199911374, 48.002200081544665 ], [ -3.553054199911372, 48.002143916242936 ], [ -3.552719599911375, 48.002390771760695 ], [ -3.552522999911373, 48.002363413833471 ], [ -3.552525999911373, 48.002175894229964 ], [ -3.552327099911374, 48.002064378918831 ], [ -3.552232999911376, 48.001932209240039 ], [ -3.552096299911375, 48.001828575145012 ], [ -3.551806899911374, 48.001750758971809 ], [ -3.551581399911375, 48.00159277127117 ], [ -3.551273799911375, 48.00133450114317 ], [ -3.551224999911375, 48.001186025206771 ], [ -3.550881799911375, 48.000901846321 ], [ -3.550626799911376, 48.000922047757584 ], [ -3.550395499911372, 48.000730994679948 ], [ -3.550456399911374, 48.000627269771513 ], [ -3.550251499911377, 48.00058215622451 ], [ -3.550117399911374, 48.00061621785872 ], [ -3.550133499911373, 48.000706807301285 ], [ -3.550069199911373, 48.000758805634653 ], [ -3.549983299911374, 48.000699650735854 ], [ -3.549908199911373, 48.000625548571989 ], [ -3.549732499911373, 48.000515754149667 ], [ -3.549698299911373, 48.000339104662281 ], [ -3.549762199911373, 48.0002585705953 ], [ -3.549695499911373, 48.000217080598979 ], [ -3.549552799911373, 48.000252954045742 ], [ -3.549500499911372, 48.000349794222593 ], [ -3.549322199911376, 48.000366100331163 ], [ -3.549175999911373, 48.000415652780383 ], [ -3.549043699911373, 48.000459588677707 ], [ -3.548927399911375, 48.000429603560519 ], [ -3.548835299911373, 48.000406050295133 ], [ -3.548736399911375, 48.000327871564778 ], [ -3.548769199911373, 48.000192168481782 ], [ -3.548633099911372, 48.000124769875519 ], [ -3.548581799911375, 48.000084729301804 ], [ -3.548724199911373, 47.99989023353276 ], [ -3.548754299911375, 47.999822925479457 ], [ -3.548843799911376, 47.999728440540281 ], [ -3.548870199911375, 47.999481674429681 ], [ -3.548895799911373, 47.999340263991662 ], [ -3.549014299911375, 47.999261813342372 ], [ -3.548929199911374, 47.99912212405259 ], [ -3.548764999911373, 47.998962052041193 ], [ -3.548621499911374, 47.99891548892338 ], [ -3.548573099911374, 47.99879273982954 ], [ -3.548371499911371, 47.998683488583715 ], [ -3.548379899911374, 47.998494065352887 ], [ -3.548203099911376, 47.998277465108814 ], [ -3.548272999911374, 47.998242316253211 ], [ -3.548260599911374, 47.998124821222369 ], [ -3.548155599911373, 47.998038670262595 ], [ -3.548159799911375, 47.997963933614763 ], [ -3.548253599911373, 47.99789263937285 ], [ -3.548238999911375, 47.997736100014187 ], [ -3.548325499911373, 47.997691801541833 ], [ -3.548406199911375, 47.997526656081099 ], [ -3.548528599911374, 47.99756787450842 ], [ -3.548483099911373, 47.997474295085489 ], [ -3.548604999911374, 47.997427641253054 ], [ -3.548775699911372, 47.99741314685771 ], [ -3.548982699911376, 47.997468497327866 ], [ -3.549172599911374, 47.997596138571105 ], [ -3.549130399911375, 47.997352813933055 ], [ -3.549005899911374, 47.997316124989183 ], [ -3.549071799911375, 47.997219284283752 ], [ -3.548875099911375, 47.997141105105122 ], [ -3.548896199911375, 47.997095991275138 ], [ -3.548786499911374, 47.997050786851453 ], [ -3.548804399911376, 47.996943075294013 ], [ -3.548748499911373, 47.996932295078132 ], [ -3.548716799911373, 47.996853209958495 ], [ -3.548596599911376, 47.996853209958495 ], [ -3.548558599911373, 47.996758633924344 ], [ -3.548370599911372, 47.996662880202884 ], [ -3.548265499911374, 47.99648206234518 ], [ -3.548167999911372, 47.996332588620795 ], [ -3.548286399911373, 47.996233664170184 ], [ -3.548269499911374, 47.996161735575079 ], [ -3.548070499911375, 47.996077939655962 ], [ -3.547957199911373, 47.996000756808982 ], [ -3.547858099911374, 47.995868132737044 ], [ -3.547655299911373, 47.995788413334303 ], [ -3.547366399911374, 47.995609859948729 ], [ -3.547134299911376, 47.995408024799467 ], [ -3.546977299911374, 47.995391718545427 ], [ -3.546757599911374, 47.995252028282898 ], [ -3.546667599911375, 47.995142232798997 ], [ -3.546682599911372, 47.995077641881252 ], [ -3.546623799911374, 47.994995204654131 ], [ -3.546636899911375, 47.994824622968423 ], [ -3.546601099911373, 47.994765648618824 ], [ -3.546654899911374, 47.994575227557839 ], [ -3.546630599911373, 47.994531200604854 ], [ -3.546658599911374, 47.994405189285999 ], [ -3.546683499911373, 47.994268488261497 ], [ -3.546845999911373, 47.993841716324482 ], [ -3.546633199911374, 47.993676932081939 ], [ -3.546479899911374, 47.993401174284728 ], [ -3.546436599911377, 47.993222529541484 ], [ -3.546401999911374, 47.993129311749513 ], [ -3.546405899911375, 47.993056748617846 ], [ -3.546356799911373, 47.992953475230571 ], [ -3.546408399911373, 47.992891058235443 ], [ -3.546372399911374, 47.992832264862081 ], [ -3.546437999911373, 47.992775736250671 ], [ -3.546474399911375, 47.992658964790031 ], [ -3.546469599911372, 47.992565928085057 ], [ -3.546406399911373, 47.992478779765001 ], [ -3.546390999911374, 47.992428230109468 ], [ -3.546404799911374, 47.992388007799654 ], [ -3.546424999911372, 47.992340991177031 ], [ -3.546441799911373, 47.992333019186674 ], [ -3.546490499911372, 47.992359109336505 ], [ -3.546511499911374, 47.992338364043846 ], [ -3.546515199911374, 47.992295242821726 ], [ -3.546558899911374, 47.992309737350546 ], [ -3.546574199911374, 47.992221139537222 ], [ -3.546556999911374, 47.992171314584873 ], [ -3.546580499911375, 47.9921166883138 ], [ -3.546622599911375, 47.992106723321811 ], [ -3.546721499911373, 47.991982523270337 ], [ -3.546738199911371, 47.991911047079348 ], [ -3.546768199911374, 47.991858413781998 ], [ -3.546893799911374, 47.991761843898153 ], [ -3.546912799911373, 47.991711112995603 ], [ -3.546990399911373, 47.991630758860147 ], [ -3.547013999911373, 47.991562181533531 ], [ -3.547079299911374, 47.991490342924713 ], [ -3.547257599911374, 47.991318129525773 ], [ -3.547300399911372, 47.991223733731601 ], [ -3.547270699911373, 47.991185051381386 ], [ -3.547308999911373, 47.991156062264686 ], [ -3.547348199911374, 47.991128160238432 ], [ -3.547365899911374, 47.99108069055422 ], [ -3.547321799911373, 47.991025248856786 ], [ -3.547385799911373, 47.990890449412596 ], [ -3.547489099911375, 47.990663337640612 ], [ -3.547352099911375, 47.990544300958796 ], [ -3.547245599911372, 47.990388121894675 ], [ -3.547148699911375, 47.990358498598539 ], [ -3.547133799911375, 47.990314199538112 ], [ -3.547157799911373, 47.99028294559762 ], [ -3.547232799911376, 47.990272437025951 ], [ -3.547211999911374, 47.990222430716571 ], [ -3.547133299911374, 47.990155212083494 ], [ -3.547125799911375, 47.990102578619833 ], [ -3.547182899911372, 47.990051756974637 ], [ -3.547364999911375, 47.990028112678218 ], [ -3.547623699911375, 47.989956817418211 ], [ -3.547785499911376, 47.989968413090089 ], [ -3.547813799911373, 47.990009813260407 ], [ -3.547867199911374, 47.989999123501185 ], [ -3.547917899911376, 47.989997764633472 ], [ -3.547914499911375, 47.989933716664915 ], [ -3.547927999911375, 47.989912971281719 ], [ -3.547877799911372, 47.989878637217892 ], [ -3.547913599911373, 47.989776993881868 ], [ -3.547945799911373, 47.98974564931995 ], [ -3.547939699911373, 47.989692653452586 ], [ -3.547961599911372, 47.989641016448736 ], [ -3.547950099911375, 47.989566006897789 ], [ -3.547971599911373, 47.989522251321702 ], [ -3.548038199911371, 47.989467715381487 ], [ -3.548059399911375, 47.98936453191849 ], [ -3.548073699911376, 47.989353479781727 ], [ -3.548107999911374, 47.989362901275371 ], [ -3.548180799911373, 47.989337354532594 ], [ -3.548206699911376, 47.989306191128463 ], [ -3.548201299911372, 47.989262888488426 ], [ -3.548326799911375, 47.989192861408618 ], [ -3.548367299911374, 47.989200561670096 ], [ -3.548378599911374, 47.989153635369107 ], [ -3.548434499911374, 47.989038674974061 ], [ -3.548426499911373, 47.988994104034376 ], [ -3.548484099911375, 47.98899591586126 ], [ -3.548551299911376, 47.98896031346186 ], [ -3.548602499911373, 47.988901157307154 ], [ -3.548626299911374, 47.988908314024521 ], [ -3.548660599911374, 47.988871896297233 ], [ -3.548718999911372, 47.988829408945691 ], [ -3.548847399911375, 47.988807757607532 ], [ -3.548931499911373, 47.988732023212968 ], [ -3.549061099911376, 47.988671236388839 ], [ -3.549117099911373, 47.988567962186529 ], [ -3.549219799911374, 47.988565697401185 ], [ -3.549330699911374, 47.988518318089476 ], [ -3.549412899911373, 47.988468130439387 ], [ -3.549510599911374, 47.988441315375383 ], [ -3.549591099911376, 47.98839447960173 ], [ -3.549693899911374, 47.988382068573998 ], [ -3.549828199911373, 47.988343023660157 ], [ -3.550062899911373, 47.98823494804904 ], [ -3.550183699911376, 47.988131401991183 ], [ -3.550310599911374, 47.988096161902355 ], [ -3.550403999911374, 47.988070071552372 ], [ -3.550445699911374, 47.988034831459657 ], [ -3.550442099911375, 47.987978574134765 ], [ -3.550464599911373, 47.987947048288383 ], [ -3.550541799911375, 47.987952574370766 ], [ -3.550590099911375, 47.98794079747379 ], [ -3.550620399911375, 47.987947320062922 ], [ -3.550744199911374, 47.987935633757338 ], [ -3.550824399911376, 47.987918693143399 ], [ -3.550905599911373, 47.987922679170254 ], [ -3.550963099911372, 47.987899850106956 ], [ -3.550991399911374, 47.987854735526717 ], [ -3.551044299911375, 47.987839606740977 ], [ -3.551101099911373, 47.98784549519057 ], [ -3.551185299911373, 47.987827014517791 ], [ -3.551263699911374, 47.987829279306141 ], [ -3.551346699911374, 47.987798387592065 ], [ -3.551374999911372, 47.987798840549765 ], [ -3.551450599911373, 47.987742854975622 ], [ -3.551504399911372, 47.987726186130466 ], [ -3.551497699911375, 47.987715315144207 ], [ -3.551572999911376, 47.987676451366632 ], [ -3.551610099911375, 47.987666939252819 ], [ -3.551660999911375, 47.98762726014774 ], [ -3.551747899911374, 47.987617385666816 ], [ -3.551804499911373, 47.987597093155017 ], [ -3.551837199911374, 47.987591748252221 ], [ -3.551878599911373, 47.987521086820706 ], [ -3.551891699911373, 47.987458940990173 ], [ -3.551954499911373, 47.98739625160308 ], [ -3.552014599911373, 47.98730149277619 ], [ -3.552063299911373, 47.987202657309481 ], [ -3.552127099911373, 47.987162072254847 ], [ -3.552174599911373, 47.987117772939555 ], [ -3.552212299911375, 47.98707492308727 ], [ -3.552239499911373, 47.987033794473312 ], [ -3.552230799911373, 47.986999550823235 ], [ -3.552212299911375, 47.986969293204744 ], [ -3.552217099911372, 47.986947279427376 ], [ -3.552195699911374, 47.986897725777204 ], [ -3.552185499911374, 47.986813022544098 ], [ -3.552193399911373, 47.986745441131731 ], [ -3.552159799911374, 47.986691086102418 ], [ -3.552190499911374, 47.986630389646734 ], [ -3.552172599911374, 47.986582285436107 ], [ -3.552177699911375, 47.986523129028235 ], [ -3.552188999911374, 47.986453463970179 ], [ -3.552238599911373, 47.986409255190182 ], [ -3.552254399911374, 47.986323736556599 ], [ -3.552233799911376, 47.986285597415979 ], [ -3.552248499911373, 47.986264308345852 ], [ -3.552276299911375, 47.986084211839064 ], [ -3.552318599911374, 47.985999508481946 ], [ -3.552307499911374, 47.98592060299007 ], [ -3.552275799911375, 47.985867334982302 ], [ -3.552301199911372, 47.985798938128141 ], [ -3.552430699911374, 47.985707893295952 ], [ -3.552502299911374, 47.985712151114292 ], [ -3.552533099911374, 47.985667398723983 ], [ -3.552543399911374, 47.98562201218683 ], [ -3.552575799911375, 47.985552799975316 ], [ -3.552580899911373, 47.985440556593005 ], [ -3.552605899911373, 47.985402326799843 ], [ -3.552661599911374, 47.985338368893537 ], [ -3.552691099911372, 47.985334201664251 ], [ -3.552730599911374, 47.985301135604729 ], [ -3.552710399911374, 47.985103735718099 ], [ -3.552700399911374, 47.98504285790505 ], [ -3.552622599911376, 47.984935144020071 ], [ -3.552630299911371, 47.984694531599402 ], [ -3.552545799911374, 47.984522950238791 ], [ -3.552635099911376, 47.98445971696794 ], [ -3.552612799911373, 47.984335877575631 ], [ -3.552503299911375, 47.98424936210963 ], [ -3.552491199911373, 47.984210226313259 ], [ -3.552410399911374, 47.984173717685906 ], [ -3.552388799911375, 47.984145634124765 ], [ -3.552373399911374, 47.984102421674713 ], [ -3.552316799911376, 47.984071982714184 ], [ -3.552120899911374, 47.98397894457144 ], [ -3.552008999911374, 47.983858094613993 ], [ -3.551791799911373, 47.983675460745374 ], [ -3.551733199911372, 47.983580791876165 ], [ -3.551651699911373, 47.9835285201587 ], [ -3.551661299911375, 47.983436116070713 ], [ -3.551525399911374, 47.983437021993211 ], [ -3.551473899911375, 47.983273412364717 ], [ -3.551441199911376, 47.983196680700644 ], [ -3.551369899911375, 47.983070213849849 ], [ -3.551129599911375, 47.983063328834241 ], [ -3.551031699911373, 47.983100471680679 ], [ -3.550944899911376, 47.98307338458072 ], [ -3.550912699911374, 47.983009698183281 ], [ -3.550786099911373, 47.982957969966037 ], [ -3.550709599911372, 47.982956611081121 ], [ -3.550512899911373, 47.983022471700266 ], [ -3.550502899911375, 47.982968478676078 ], [ -3.550413699911374, 47.982963858467372 ], [ -3.550392699911375, 47.982896457771531 ], [ -3.550320399911373, 47.982855510032934 ], [ -3.550299399911373, 47.982799070998944 ], [ -3.550191899911375, 47.982776694686933 ], [ -3.550092199911374, 47.982719349721258 ], [ -3.550101999911374, 47.982664813113331 ], [ -3.550035199911374, 47.982644611013036 ], [ -3.550029799911373, 47.982605475103618 ], [ -3.549980299911374, 47.982583642338135 ], [ -3.549939099911374, 47.98256108483266 ], [ -3.549918599911374, 47.982529286901688 ], [ -3.549870899911372, 47.98251361441654 ], [ -3.549863399911375, 47.982476833900478 ], [ -3.549787699911375, 47.98243679205514 ], [ -3.549768099911375, 47.982366129968021 ], [ -3.549864099911373, 47.982257509639716 ], [ -3.549833899911375, 47.982153509505615 ], [ -3.549844699911374, 47.982063641778247 ], [ -3.549824599911374, 47.981972958703942 ], [ -3.549842799911375, 47.981934909857166 ], [ -3.549844099911374, 47.981832359142899 ], [ -3.549921399911372, 47.981746749212313 ], [ -3.549970299911374, 47.981657334381865 ], [ -3.549951599911374, 47.981554693023789 ], [ -3.549974199911376, 47.981399326766102 ], [ -3.549849899911375, 47.981186796526323 ], [ -3.549817699911372, 47.981007513707553 ], [ -3.549754299911374, 47.980943555295354 ], [ -3.549769899911372, 47.980776411817921 ], [ -3.549739999911374, 47.98072939421278 ], [ -3.549823599911376, 47.980555365624205 ], [ -3.550039199911375, 47.980297357496703 ], [ -3.550203699911374, 47.980023676693996 ], [ -3.550315099911375, 47.979743201292557 ], [ -3.550388599911373, 47.97965976526887 ], [ -3.550473399911374, 47.979603054131623 ], [ -3.550589499911374, 47.97949588274939 ], [ -3.550688099911373, 47.979394690478557 ], [ -3.550710999911376, 47.979220117914288 ], [ -3.550729299911374, 47.979073810300029 ], [ -3.550781999911374, 47.979011754117622 ], [ -3.550772899911373, 47.978819062832642 ], [ -3.550817499911373, 47.978668587833482 ], [ -3.550879699911374, 47.978532879460928 ], [ -3.550964499911374, 47.978137803028758 ], [ -3.550922999911374, 47.978047481686197 ], [ -3.550947599911375, 47.977995571820685 ], [ -3.550903299911375, 47.977893292158733 ], [ -3.550895299911374, 47.977814294922425 ], [ -3.550923699911372, 47.977741639197482 ], [ -3.550840999911373, 47.977777332908943 ], [ -3.550520599911372, 47.977955982618063 ], [ -3.550040099911373, 47.978113161701039 ], [ -3.549879899911372, 47.9782489607692 ], [ -3.549762399911372, 47.978277497593858 ], [ -3.549612899911375, 47.978363289245159 ], [ -3.549495399911375, 47.978370355505191 ], [ -3.549420699911376, 47.978413296621845 ], [ -3.549196399911372, 47.978477617697578 ], [ -3.548940099911376, 47.978734811333005 ], [ -3.548833299911375, 47.978984848004274 ], [ -3.548523599911376, 47.979399310716921 ], [ -3.548192599911375, 47.979570803066949 ], [ -3.548117799911374, 47.979756609034609 ], [ -3.548043099911375, 47.979799459451286 ], [ -3.547968299911375, 47.979913787608176 ], [ -3.547541199911373, 47.980149510088744 ], [ -3.546750899911375, 47.98062829275932 ], [ -3.546067499911373, 47.981071290927126 ], [ -3.545821899911373, 47.981278476247581 ], [ -3.544145299911373, 47.982664541336199 ], [ -3.543780399911372, 47.982879064042244 ], [ -3.543756199911373, 47.982987865433699 ], [ -3.543662799911373, 47.983060158103342 ], [ -3.543636699911374, 47.983104910703624 ], [ -3.543644899911374, 47.983149753892633 ], [ -3.543669999911373, 47.983196408923796 ], [ -3.543656399911376, 47.98322802563203 ], [ -3.543618599911373, 47.983277126648069 ], [ -3.543620699911374, 47.983354854815943 ], [ -3.543583799911373, 47.983427509806845 ], [ -3.543543999911373, 47.983489021942574 ], [ -3.543535499911375, 47.98354863163464 ], [ -3.543150199911373, 47.983788700998367 ], [ -3.543069099911376, 47.983864526658856 ], [ -3.543042799911373, 47.98393555092408 ], [ -3.542871899911373, 47.984025599532984 ], [ -3.542747299911372, 47.984058665668407 ], [ -3.542695299911372, 47.984120358918538 ], [ -3.542367599911374, 47.984273006651932 ], [ -3.542079799911372, 47.984441236182533 ], [ -3.541996599911375, 47.984584824621507 ], [ -3.541849799911375, 47.984639995185354 ], [ -3.541773399911376, 47.984622782694764 ], [ -3.541742599911375, 47.984683932329993 ], [ -3.541697999911372, 47.984762837997494 ], [ -3.541624599911374, 47.984877799277157 ], [ -3.541549599911376, 47.984901896752781 ], [ -3.541582599911375, 47.985048202832346 ], [ -3.541526299911375, 47.985082265418725 ], [ -3.541326099911374, 47.985106906437359 ], [ -3.541352399911372, 47.98517466923294 ], [ -3.541270799911375, 47.985196864264452 ], [ -3.541253799911376, 47.985260188043377 ], [ -3.541175499911374, 47.985311010126821 ], [ -3.541081099911374, 47.985356849649087 ], [ -3.540850399911372, 47.985478876975471 ], [ -3.540867899911373, 47.985546186766165 ], [ -3.540791599911373, 47.985645928446388 ], [ -3.540633299911376, 47.98576605328001 ], [ -3.540599399911375, 47.985852749693585 ], [ -3.540492399911373, 47.98588545335285 ], [ -3.540391899911373, 47.98588246382176 ], [ -3.540327399911372, 47.985930568092975 ], [ -3.540246399911374, 47.985933829399343 ], [ -3.540156099911375, 47.985971153237578 ], [ -3.540108399911374, 47.986089013205451 ], [ -3.539850899911373, 47.986197089233926 ], [ -3.539731799911372, 47.986329534430482 ], [ -3.539765399911372, 47.986370391321238 ], [ -3.539734799911375, 47.986472578830934 ], [ -3.539661899911374, 47.986487888837431 ], [ -3.539588999911375, 47.986478286111513 ], [ -3.539447899911374, 47.986511986243208 ], [ -3.539436299911373, 47.98660602047088 ], [ -3.539366699911374, 47.986634738049766 ], [ -3.539329899911373, 47.986668800538858 ], [ -3.539271799911376, 47.986673148941584 ], [ -3.539239599911373, 47.986720528410622 ], [ -3.539215399911376, 47.986725601546659 ], [ -3.539181899911375, 47.986805322249538 ], [ -3.539111199911373, 47.986821356980442 ], [ -3.539064099911375, 47.986867558744855 ], [ -3.538909499911374, 47.986914575830596 ], [ -3.538855599911374, 47.986956700961834 ], [ -3.538725699911375, 47.987008700581789 ], [ -3.538660799911375, 47.98707927148682 ], [ -3.538589899911374, 47.987077822020311 ], [ -3.538543699911375, 47.987121577788869 ], [ -3.538437199911373, 47.987144406884141 ], [ -3.538398299911373, 47.987241521120211 ], [ -3.538296299911373, 47.98723581384747 ], [ -3.538142599911374, 47.987281562619323 ], [ -3.537945399911375, 47.987450697154991 ], [ -3.537903799911374, 47.987563664863863 ], [ -3.537771999911373, 47.987674911310116 ], [ -3.537664499911374, 47.987676723141298 ], [ -3.537524199911375, 47.98775780258093 ], [ -3.537362099911376, 47.987753182412078 ], [ -3.537148799911375, 47.987795216888173 ], [ -3.537135399911373, 47.98784667288048 ], [ -3.537142899911375, 47.987873216198587 ], [ -3.537185799911372, 47.987937807953749 ], [ -3.536876099911373, 47.988093081791661 ], [ -3.536451699911375, 47.988473656516597 ], [ -3.536027299911374, 47.988839102222357 ], [ -3.535911499911375, 47.988903875047946 ], [ -3.535873299911374, 47.988925254608304 ], [ -3.535850199911374, 47.988948264812173 ], [ -3.535805899911375, 47.988992201616128 ], [ -3.535738399911375, 47.989059239207236 ], [ -3.535752099911374, 47.988904328004743 ], [ -3.535666199911375, 47.988737186922023 ], [ -3.535698199911375, 47.988644330743249 ], [ -3.535698199911375, 47.988487154639408 ], [ -3.535762299911372, 47.988387141694865 ], [ -3.535634099911376, 47.988337135215829 ], [ -3.535591399911375, 47.988179959025096 ], [ -3.535634099911376, 47.988115729664031 ], [ -3.535719599911373, 47.988079946025252 ], [ -3.536090899911374, 47.987602619240896 ], [ -3.536434599911376, 47.987329666769412 ], [ -3.536680699911376, 47.98705834481374 ], [ -3.536755399911373, 47.986972645096692 ], [ -3.536830199911374, 47.986736925510826 ], [ -3.536851499911374, 47.986601128517222 ], [ -3.536819499911372, 47.986493958484857 ], [ -3.536883599911373, 47.986386788431787 ], [ -3.536851499911374, 47.986108218670552 ], [ -3.536968999911374, 47.986079591656285 ], [ -3.537033099911373, 47.985951041849347 ], [ -3.537054399911375, 47.985772394710942 ], [ -3.537214599911374, 47.985672381277752 ], [ -3.537406799911374, 47.985450884072236 ], [ -3.537609699911374, 47.985236634135042 ], [ -3.537844699911374, 47.985100836774777 ], [ -3.537876699911374, 47.985029450290554 ], [ -3.537983499911376, 47.984857959625387 ], [ -3.538004899911374, 47.984514978136268 ], [ -3.538079599911373, 47.984436434801914 ], [ -3.538132999911375, 47.984022066438939 ], [ -3.538250499911375, 47.983879111999791 ], [ -3.538250499911375, 47.983689230761371 ], [ -3.538169699911374, 47.983630527006596 ], [ -3.538091299911374, 47.983469997571426 ], [ -3.538128199911374, 47.983432945341931 ], [ -3.538151299911372, 47.983293976811268 ], [ -3.538192799911374, 47.983176569211992 ], [ -3.538123599911374, 47.983167328798032 ], [ -3.538068199911375, 47.983213621458574 ], [ -3.537925099911376, 47.98316116852196 ], [ -3.537814299911374, 47.98319822076958 ], [ -3.537772799911375, 47.98316116852196 ], [ -3.537698899911375, 47.983182820080167 ], [ -3.537588099911372, 47.983164248660003 ], [ -3.537611199911376, 47.983090144157778 ], [ -3.537518899911373, 47.982982067524937 ], [ -3.537528099911373, 47.982923363695456 ], [ -3.537606599911373, 47.982775154616839 ], [ -3.537657399911375, 47.982648506485347 ], [ -3.537495799911373, 47.982293384245907 ], [ -3.537352699911375, 47.982114282969135 ], [ -3.537112699911374, 47.981972233964015 ], [ -3.537103499911373, 47.981901209447848 ], [ -3.537024999911377, 47.981879557839711 ], [ -3.536808099911372, 47.98200620614648 ], [ -3.536724999911375, 47.981993885568549 ], [ -3.536591199911372, 47.981817864340755 ], [ -3.536443499911373, 47.981864157113748 ], [ -3.536309599911374, 47.981842505504147 ], [ -3.536277299911372, 47.981700456429564 ], [ -3.536212699911372, 47.981700456429564 ], [ -3.536161899911376, 47.981719027898642 ], [ -3.536051099911375, 47.981753000096596 ], [ -3.535880299911375, 47.981703536575687 ], [ -3.535871099911374, 47.981598539819849 ], [ -3.535695699911376, 47.981527515255891 ], [ -3.535631099911374, 47.98142867876215 ], [ -3.535580299911373, 47.981119939170668 ], [ -3.535469499911374, 47.980845081068395 ], [ -3.535483399911373, 47.980387950251753 ], [ -3.535367999911372, 47.980328430813351 ], [ -3.535326499911374, 47.980279873093295 ], [ -3.535229499911376, 47.980292284302003 ], [ -3.535086399911374, 47.980360228870275 ], [ -3.534915699911374, 47.980387950251753 ], [ -3.534749499911372, 47.980391120997922 ], [ -3.534726399911374, 47.98043125358344 ], [ -3.534500199911374, 47.980400361458038 ], [ -3.534130999911373, 47.98032625658719 ], [ -3.534043299911374, 47.98032625658719 ], [ -3.533759999911374, 47.980193900552386 ], [ -3.533691599911375, 47.980137551840805 ], [ -3.533654199911374, 47.979958631054728 ], [ -3.533627399911376, 47.979889689916213 ], [ -3.533573099911377, 47.979827362046422 ], [ -3.533491199911372, 47.979814679048815 ], [ -3.533492099911371, 47.979768657883604 ], [ -3.533532499911376, 47.979722727307454 ], [ -3.533482299911373, 47.979645813967267 ], [ -3.533478199911373, 47.979585841484955 ], [ -3.533396199911371, 47.979568810023558 ], [ -3.533277699911375, 47.979591277057644 ], [ -3.533241199911373, 47.979586838006639 ], [ -3.533150199911375, 47.979577506940096 ], [ -3.533001899911373, 47.979542719273148 ], [ -3.532983099911374, 47.979368146755398 ], [ -3.532991999911373, 47.979303644596925 ], [ -3.532981699911373, 47.979271031143178 ], [ -3.532931499911373, 47.979247386388003 ], [ -3.532881299911375, 47.979215316488556 ], [ -3.532850699911374, 47.979219393170787 ], [ -3.532805999911374, 47.979135141731881 ], [ -3.532753699911373, 47.979106604951269 ], [ -3.532717699911375, 47.979102618861184 ], [ -3.532664699911376, 47.979105427242835 ], [ -3.532617799911375, 47.979087852208949 ], [ -3.532559399911372, 47.979003963121983 ], [ -3.532278199911373, 47.978853759951875 ], [ -3.532190599911374, 47.978827940946893 ], [ -3.532140499911373, 47.978837181433029 ], [ -3.532083299911374, 47.978898512891014 ], [ -3.532062799911373, 47.978948973184437 ], [ -3.532070399911373, 47.979000248810046 ], [ -3.532026999911374, 47.979003600750076 ], [ -3.531995099911374, 47.978991189512584 ], [ -3.531979299911375, 47.978951962752852 ], [ -3.531951899911375, 47.97888256852444 ], [ -3.531902999911374, 47.978814895554464 ], [ -3.531845399911373, 47.978850317417944 ], [ -3.531812499911372, 47.978870791435213 ], [ -3.531776999911374, 47.978851676312928 ], [ -3.531757699911372, 47.978791431965888 ], [ -3.531708399911376, 47.978713884345638 ], [ -3.531559999911372, 47.978529346331968 ], [ -3.531453999911372, 47.978297971632223 ], [ -3.531497599911376, 47.978196416770778 ], [ -3.531482299911374, 47.97816117605182 ], [ -3.531458199911374, 47.978128200158544 ], [ -3.531431299911374, 47.978092868842118 ], [ -3.531455499911373, 47.978034798647954 ], [ -3.531452799911373, 47.977967759726681 ], [ -3.531436399911374, 47.977876804204378 ], [ -3.531398499911374, 47.977835856095844 ], [ -3.531403399911372, 47.977780503669997 ], [ -3.531328399911374, 47.97773783428395 ], [ -3.531338699911375, 47.977702955908633 ], [ -3.531379399911372, 47.977684293712102 ], [ -3.531378599911374, 47.977638725336419 ], [ -3.531342399911374, 47.977504285017361 ], [ -3.531183399911373, 47.977306248207803 ], [ -3.531093799911373, 47.977286498878897 ], [ -3.531114799911375, 47.977229062753281 ], [ -3.531082399911373, 47.977218282154894 ], [ -3.531106499911373, 47.977191375954696 ], [ -3.531053399911376, 47.977173891453518 ], [ -3.531037899911373, 47.977133033886453 ], [ -3.530946599911371, 47.977172532554441 ], [ -3.530900199911374, 47.977164922719545 ], [ -3.530883299911372, 47.9771177236222 ], [ -3.530808799911374, 47.977137019990693 ], [ -3.530752999911374, 47.977079130883205 ], [ -3.530600499911372, 47.977002851330127 ], [ -3.530535699911372, 47.976957282898532 ], [ -3.530447099911374, 47.976958732391445 ], [ -3.530392799911375, 47.976991074201045 ], [ -3.530304799911375, 47.977112106838746 ], [ -3.530239999911374, 47.97720188477377 ], [ -3.530094999911376, 47.977327265841417 ], [ -3.529972399911373, 47.977321105500629 ], [ -3.529877999911375, 47.977182316627733 ], [ -3.529783599911374, 47.977113465737986 ], [ -3.529799299911375, 47.977066538416139 ], [ -3.529760199911375, 47.977046607892127 ], [ -3.529728499911375, 47.977033109491373 ], [ -3.529704699911375, 47.977049688064071 ], [ -3.529700799911375, 47.97710014852543 ], [ -3.529739799911376, 47.977143452113381 ], [ -3.529665199911373, 47.977186846291239 ], [ -3.529574499911374, 47.977239571571644 ], [ -3.529408799911375, 47.977158218817294 ], [ -3.529157899911374, 47.977263216412283 ], [ -3.529046999911372, 47.977255697171877 ], [ -3.528902599911373, 47.977234860722056 ], [ -3.528777399911374, 47.977343119659388 ], [ -3.528682499911374, 47.977335691013316 ], [ -3.528493699911373, 47.977248540304423 ], [ -3.528297699911374, 47.977338046437694 ], [ -3.528206499911374, 47.977294380491884 ], [ -3.528083099911375, 47.977273453450259 ], [ -3.527985199911373, 47.977283962267791 ], [ -3.527942999911374, 47.97730416456303 ], [ -3.527935599911373, 47.977339586522852 ], [ -3.527971599911374, 47.977385789075733 ], [ -3.527982999911376, 47.977420486284501 ], [ -3.527962099911375, 47.977446305354896 ], [ -3.527911399911372, 47.977471490271526 ], [ -3.527752799911372, 47.977474026881765 ], [ -3.527655099911372, 47.97748353917008 ], [ -3.527560099911374, 47.977530738236347 ], [ -3.527495599911377, 47.977524396711374 ], [ -3.527432499911375, 47.977530828829579 ], [ -3.527393499911371, 47.977512257220468 ], [ -3.527320999911375, 47.977503650864833 ], [ -3.526929199911373, 47.977521678914925 ], [ -3.526601599911373, 47.977513887898375 ], [ -3.526565299911375, 47.977469769000287 ], [ -3.526483299911373, 47.977472305610519 ], [ -3.526413399911375, 47.977451378575601 ], [ -3.526325799911373, 47.977440416795091 ], [ -3.526294099911377, 47.977456270609807 ], [ -3.526246299911374, 47.977439873235724 ], [ -3.526096999911374, 47.977423294674665 ], [ -3.526110899911373, 47.977478828322553 ], [ -3.525914999911373, 47.977563442385488 ], [ -3.525791999911374, 47.977573407638296 ], [ -3.525668299911375, 47.97763392389701 ], [ -3.525510599911372, 47.977526117982435 ], [ -3.525451099911375, 47.977488793576867 ], [ -3.525425999911374, 47.977463065101695 ], [ -3.525323599911372, 47.977446577134565 ], [ -3.525236199911372, 47.977466235864547 ], [ -3.525105899911376, 47.977466054678096 ], [ -3.525045299911373, 47.977438242557604 ], [ -3.525018999911373, 47.97739829094234 ], [ -3.524950799911374, 47.977364862037561 ], [ -3.524794199911371, 47.977318840669412 ], [ -3.524747999911372, 47.977275627688392 ], [ -3.524649399911374, 47.977252979374128 ], [ -3.524541599911375, 47.977222540038319 ], [ -3.524353199911373, 47.977147166437717 ], [ -3.524009299911374, 47.977084294700532 ], [ -3.523585099911374, 47.976990258861321 ], [ -3.523179599911375, 47.976892327493566 ], [ -3.522895999911374, 47.976861978731328 ], [ -3.522677999911374, 47.976821211734659 ], [ -3.522628899911374, 47.976762507254193 ], [ -3.522466399911373, 47.976766583954415 ], [ -3.522239799911373, 47.976750095966622 ], [ -3.522115199911372, 47.976737141118733 ], [ -3.521946999911373, 47.976654429390436 ], [ -3.521877999911374, 47.976600345153997 ], [ -3.521515199911375, 47.976401945648611 ], [ -3.521345499911372, 47.976348586134833 ], [ -3.521272699911373, 47.976303923583721 ], [ -3.521250999911373, 47.976258264501375 ], [ -3.521265699911372, 47.976216591526139 ], [ -3.521251599911373, 47.976185880353263 ], [ -3.521186499911373, 47.976169573535088 ], [ -3.521090999911372, 47.976175280921495 ], [ -3.521065599911374, 47.976167942853245 ], [ -3.521044899911375, 47.976193943168703 ], [ -3.521002699911371, 47.976192946640971 ], [ -3.520898399911373, 47.976160423598024 ], [ -3.520877599911374, 47.976098820057445 ], [ -3.520713799911374, 47.975987480699835 ], [ -3.520510499911374, 47.975872879954515 ], [ -3.520301799911373, 47.975779749845245 ], [ -3.520203399911373, 47.975795513113873 ], [ -3.520116099911372, 47.97573309419127 ], [ -3.519904499911374, 47.975658898104328 ], [ -3.519763899911375, 47.975608256325017 ], [ -3.519704999911374, 47.975581621827409 ], [ -3.519652699911374, 47.975583524291565 ], [ -3.519630599911375, 47.975561147688943 ], [ -3.519595099911372, 47.975558520476433 ], [ -3.519574899911373, 47.97552971173149 ], [ -3.519499699911374, 47.975555621483288 ], [ -3.519449699911374, 47.975503892572021 ], [ -3.519396999911373, 47.9755230078095 ], [ -3.519371999911373, 47.975515488545547 ], [ -3.519352399911376, 47.975490031759605 ], [ -3.519217499911375, 47.975452888404362 ], [ -3.519178999911376, 47.975458867578794 ], [ -3.519062699911375, 47.97539672039904 ], [ -3.518989399911372, 47.975383856113162 ], [ -3.518969599911372, 47.975271973050781 ], [ -3.518963699911372, 47.975233108402783 ], [ -3.518956499911374, 47.975197776902263 ], [ -3.518933399911373, 47.975173407224936 ], [ -3.518887499911375, 47.975177846311219 ], [ -3.518849799911375, 47.975100479373772 ], [ -3.518742499911372, 47.97511026348355 ], [ -3.518601199911374, 47.974991948218545 ], [ -3.518606299911372, 47.974969480998453 ], [ -3.518610199911374, 47.974913403537904 ], [ -3.518571999911374, 47.974886225445118 ], [ -3.518564899911374, 47.974836761312865 ], [ -3.518512199911371, 47.974792642202168 ], [ -3.518374499911376, 47.97448417070401 ], [ -3.518221299911374, 47.974366580055495 ], [ -3.518180599911374, 47.974293380317199 ], [ -3.518094199911375, 47.97429618872318 ], [ -3.517942799911375, 47.974254062632014 ], [ -3.517897799911375, 47.974163197095436 ], [ -3.517762199911374, 47.974108206678736 ], [ -3.517674799911374, 47.974012811428985 ], [ -3.517632499911374, 47.973906816687801 ], [ -3.517592899911373, 47.973855812373522 ], [ -3.517611899911373, 47.973756430951937 ], [ -3.517597999911375, 47.973716569665719 ], [ -3.517535499911375, 47.973692199923434 ], [ -3.517482199911374, 47.973612114963515 ], [ -3.517418599911374, 47.97354634382264 ], [ -3.517444999911374, 47.97349207809588 ], [ -3.517372799911374, 47.973435819298416 ], [ -3.517397499911374, 47.973383093656977 ], [ -3.517345099911374, 47.973371678826737 ], [ -3.517248499911374, 47.973332361076302 ], [ -3.517247299911376, 47.973235335002848 ], [ -3.517158699911374, 47.973212324148214 ], [ -3.517202499911373, 47.973119193592936 ], [ -3.517159799911373, 47.973104789157411 ], [ -3.517178599911373, 47.973063659509251 ], [ -3.517117099911373, 47.97305432833317 ], [ -3.517141999911376, 47.973024522924909 ], [ -3.517080699911373, 47.9730122021478 ], [ -3.517124199911374, 47.972931935901933 ], [ -3.517149499911371, 47.972882381001682 ], [ -3.517082299911374, 47.972850401328799 ], [ -3.517100799911375, 47.972791968210679 ], [ -3.516985299911374, 47.972781096932209 ], [ -3.517009699911375, 47.972738608350177 ], [ -3.516970999911374, 47.97272257321282 ], [ -3.516867699911373, 47.972733263304448 ], [ -3.516854699911373, 47.972699743524927 ], [ -3.516758499911375, 47.972713695000969 ], [ -3.516701699911374, 47.972650732168042 ], [ -3.516669199911374, 47.972591211900692 ], [ -3.516611399911374, 47.972583149032936 ], [ -3.516656799911374, 47.972510130247713 ], [ -3.516592599911374, 47.972469815901874 ], [ -3.516372599911374, 47.972489203025852 ], [ -3.516310899911375, 47.972379674825888 ], [ -3.516230399911374, 47.972358113440734 ], [ -3.516198199911374, 47.972279206011407 ], [ -3.516127899911373, 47.972249038185289 ], [ -3.516064199911375, 47.97220500946316 ], [ -3.515973899911375, 47.972229016894374 ], [ -3.515928699911375, 47.972212800554153 ], [ -3.515911899911374, 47.97218199856583 ], [ -3.515854899911374, 47.97213470845103 ], [ -3.515782999911373, 47.972122659436451 ], [ -3.515753099911377, 47.972062504953797 ], [ -3.515611199911373, 47.972094575266155 ], [ -3.515593899911376, 47.972080714368666 ], [ -3.515437199911374, 47.972091766849047 ], [ -3.515335299911373, 47.972072832681718 ], [ -3.515342599911374, 47.972035054939219 ], [ -3.515417699911374, 47.971862744915711 ], [ -3.515382799911374, 47.971771244828936 ], [ -3.515369899911374, 47.97172368289668 ], [ -3.515417999911374, 47.971687988796269 ], [ -3.515461999911374, 47.971630914468527 ], [ -3.515465999911373, 47.971545031183339 ], [ -3.515648999911373, 47.971421460694856 ], [ -3.515662599911375, 47.971383139342777 ], [ -3.515710499911375, 47.97138005913942 ], [ -3.515699199911376, 47.971345542741844 ], [ -3.515786199911375, 47.971271617851592 ], [ -3.515827899911375, 47.971197330574519 ], [ -3.515850999911375, 47.971132555684562 ], [ -3.515769799911375, 47.971102387796179 ], [ -3.515833399911374, 47.971013877195283 ], [ -3.515875699911374, 47.970998838545214 ], [ -3.515895799911374, 47.970964140935358 ], [ -3.516062499911373, 47.970842653986658 ], [ -3.516055399911374, 47.970742275488504 ], [ -3.516103099911374, 47.970684295120293 ], [ -3.516162999911372, 47.970654398990568 ], [ -3.516450799911374, 47.97061218202888 ], [ -3.516538199911374, 47.970579568064849 ], [ -3.516588599911375, 47.970528382256376 ], [ -3.516604599911374, 47.970495768287449 ], [ -3.516651099911372, 47.970473210291146 ], [ -3.516669799911374, 47.970422839822213 ], [ -3.516958099911372, 47.970223532166514 ], [ -3.517150399911374, 47.970142359573515 ], [ -3.517347699911376, 47.97004623888725 ], [ -3.517510999911376, 47.970052036930966 ], [ -3.517581499911373, 47.970066350851233 ], [ -3.517644499911373, 47.970012628351149 ], [ -3.517746799911376, 47.969954919690117 ], [ -3.517819499911373, 47.969926020060157 ], [ -3.517834399911374, 47.969857983621232 ], [ -3.517741299911374, 47.969855899948534 ], [ -3.517604999911376, 47.969884437204328 ], [ -3.517477099911376, 47.969906542252254 ], [ -3.517381599911376, 47.969919769042797 ], [ -3.517420199911371, 47.969829355769605 ], [ -3.517489599911374, 47.969748998469356 ], [ -3.517477399911372, 47.969714119592467 ], [ -3.517469599911375, 47.969684042221523 ], [ -3.517480499911374, 47.969626333526378 ], [ -3.517506799911374, 47.969543620739344 ], [ -3.517449899911373, 47.969520609731774 ], [ -3.517474699911373, 47.969495333860166 ], [ -3.517481099911373, 47.969434182553123 ], [ -3.517585899911376, 47.969288687712563 ], [ -3.517646499911373, 47.969224274978309 ], [ -3.517617699911375, 47.969210142225513 ], [ -3.517653899911374, 47.969172636072059 ], [ -3.517610799911375, 47.969152071102791 ], [ -3.517621199911372, 47.969096627217105 ], [ -3.517565299911373, 47.969068542893808 ], [ -3.517676899911375, 47.968986192402134 ], [ -3.517659299911372, 47.968919967740462 ], [ -3.517716999911376, 47.968879653134074 ], [ -3.517699099911375, 47.968779546065129 ], [ -3.517672199911373, 47.968713321378814 ], [ -3.517720199911373, 47.968668839403136 ], [ -3.517728899911374, 47.968636315919696 ], [ -3.517786799911375, 47.96858730420427 ], [ -3.517922999911375, 47.968464186031298 ], [ -3.517980399911373, 47.968412184675572 ], [ -3.518055299911373, 47.968390260757594 ], [ -3.518143999911373, 47.968298216530499 ], [ -3.518216199911373, 47.968238876986241 ], [ -3.518303799911374, 47.968208346561759 ], [ -3.518352599911372, 47.968147285707794 ], [ -3.518345999911373, 47.968091388748036 ], [ -3.518411999911375, 47.968027338254011 ], [ -3.518330199911374, 47.968026251116861 ], [ -3.518369199911374, 47.967943900470665 ], [ -3.518438399911373, 47.967949154967698 ], [ -3.518442699911374, 47.967877675684747 ], [ -3.518373599911373, 47.967778474383245 ], [ -3.518301199911374, 47.967748034528263 ], [ -3.518258899911375, 47.967702012363418 ], [ -3.518265199911371, 47.967656080789574 ], [ -3.518422299911375, 47.967588406451974 ], [ -3.518520899911371, 47.967487664986344 ], [ -3.518588199911374, 47.967453963700606 ], [ -3.518530299911373, 47.967416729213141 ], [ -3.518533499911373, 47.967325137799143 ], [ -3.518472799911374, 47.967290439959818 ], [ -3.518531699911374, 47.967211984785095 ], [ -3.518638999911373, 47.967106079341136 ], [ -3.518805299911373, 47.966921175091613 ], [ -3.518824099911376, 47.966879863795704 ], [ -3.518789199911374, 47.966835019293363 ], [ -3.518861699911375, 47.966797331789628 ], [ -3.518848199911373, 47.966761365587757 ], [ -3.518920199911375, 47.966705649678488 ], [ -3.519015199911373, 47.966669683470684 ], [ -3.519073599911372, 47.96663634451528 ], [ -3.519176999911374, 47.966631090005819 ], [ -3.519257799911373, 47.966579722643473 ], [ -3.519789499911373, 47.966271971344938 ], [ -3.519946999911375, 47.966231022380974 ], [ -3.520004699911373, 47.966171501425748 ], [ -3.520151199911375, 47.966190073413998 ], [ -3.520383699911374, 47.9661008372697 ], [ -3.520444099911375, 47.966061700194821 ], [ -3.520536999911374, 47.966063330906294 ], [ -3.520816999911375, 47.965901528063227 ], [ -3.521122799911371, 47.965879966426606 ], [ -3.521215199911373, 47.965831316848472 ], [ -3.521315799911374, 47.965820807814275 ], [ -3.521525099911374, 47.965761558600477 ], [ -3.521734299911375, 47.965644872056998 ], [ -3.522052399911373, 47.965623582195889 ], [ -3.522364599911374, 47.965641248250932 ], [ -3.522503799911374, 47.965661088588966 ], [ -3.522598299911373, 47.965612982562604 ], [ -3.522641099911375, 47.96561071768366 ], [ -3.522675799911374, 47.965573030096849 ], [ -3.522711099911372, 47.965546576308419 ], [ -3.522693599911372, 47.965490226111072 ], [ -3.522735899911373, 47.965478720523443 ], [ -3.522676599911375, 47.965369190941146 ], [ -3.522722899911373, 47.965335851907675 ], [ -3.522703399911375, 47.965244350745742 ], [ -3.522647299911372, 47.96520729730063 ], [ -3.522668099911376, 47.965142249926458 ], [ -3.522865499911372, 47.965081188735425 ], [ -3.522919499911374, 47.965050658137393 ], [ -3.522985099911374, 47.96503534754013 ], [ -3.522985699911374, 47.965001102534032 ], [ -3.523112199911374, 47.964957797999517 ], [ -3.523279299911372, 47.964802970671698 ], [ -3.523391299911372, 47.964718898236875 ], [ -3.523428999911372, 47.964615619581856 ], [ -3.523491099911376, 47.96457494228175 ], [ -3.523554099911372, 47.964552927616971 ], [ -3.523576399911375, 47.964511887930954 ], [ -3.523759199911375, 47.964370015615465 ], [ -3.523917599911373, 47.96427661179154 ], [ -3.524237599911375, 47.964090800646041 ], [ -3.524496599911374, 47.963921206021148 ], [ -3.524802399911374, 47.963759855531343 ], [ -3.524806899911375, 47.963718634595772 ], [ -3.524988199911373, 47.963569967415907 ], [ -3.525084399911373, 47.963517240838016 ], [ -3.525103099911374, 47.96347592928894 ], [ -3.525154199911373, 47.963465873187687 ], [ -3.525370999911374, 47.963357702141366 ], [ -3.525589199911375, 47.963329073954704 ], [ -3.526386499911375, 47.963039077588455 ], [ -3.526563799911377, 47.962835871672077 ], [ -3.526638699911377, 47.962597514570653 ], [ -3.526652099911376, 47.962477294131389 ], [ -3.526740599911373, 47.962340857037681 ], [ -3.526837199911375, 47.962219639990039 ], [ -3.526939099911373, 47.962180140258802 ], [ -3.527058499911373, 47.962158578477712 ], [ -3.527221599911373, 47.962070700621751 ], [ -3.527267999911373, 47.96202676168857 ], [ -3.527332099911376, 47.962022141305702 ], [ -3.527435499911373, 47.962037451986042 ], [ -3.527588699911373, 47.962133483462551 ], [ -3.527692999911375, 47.962223807392725 ], [ -3.527778599911374, 47.962226344072612 ], [ -3.527858799911373, 47.962314856073789 ], [ -3.527934099911374, 47.962282694601086 ], [ -3.528206499911374, 47.962524856855396 ], [ -3.528438299911375, 47.962548321131045 ], [ -3.528797299911373, 47.962584015818777 ], [ -3.528983599911373, 47.962672799549885 ], [ -3.529182099911374, 47.962709853164078 ], [ -3.529598899911374, 47.962597423974998 ], [ -3.530032199911374, 47.962462980015566 ], [ -3.530072399911375, 47.962380900331624 ], [ -3.530157299911373, 47.962244372618514 ], [ -3.530317499911372, 47.962190286979023 ], [ -3.530295899911374, 47.962114277168546 ], [ -3.530339399911373, 47.961989255050057 ], [ -3.530452699911375, 47.961945316110445 ], [ -3.530484499911374, 47.961761859675441 ], [ -3.530619199911374, 47.961680685845863 ], [ -3.530627399911373, 47.961449304128116 ], [ -3.530699499911371, 47.961299911573946 ], [ -3.530886999911377, 47.96112922894622 ], [ -3.530885999911375, 47.960866772595146 ], [ -3.531051499911374, 47.960797557299301 ], [ -3.531322499911374, 47.960768747788805 ], [ -3.531486199911374, 47.960815585891595 ], [ -3.531921399911373, 47.960520967817587 ], [ -3.532363999911373, 47.960478659489723 ], [ -3.533012999911374, 47.960338598064332 ], [ -3.533179399911376, 47.960178786666496 ], [ -3.532946499911375, 47.960052314575314 ], [ -3.533059799911372, 47.959942783922891 ], [ -3.533477099911372, 47.959883896466422 ], [ -3.533595699911376, 47.959797648980469 ], [ -3.534100599911373, 47.959655866056913 ], [ -3.534457599911375, 47.959397576433489 ], [ -3.534812199911373, 47.959215749888543 ], [ -3.534963799911375, 47.959205784306391 ], [ -3.535178399911374, 47.95926503421952 ], [ -3.535378699911375, 47.959221548045363 ], [ -3.535528899911375, 47.959135391052747 ], [ -3.535614699911372, 47.959092267253332 ], [ -3.535626299911373, 47.958992067824084 ], [ -3.535668099911374, 47.958901471579573 ], [ -3.535771199911375, 47.958882627558857 ], [ -3.536030199911373, 47.958952114882081 ], [ -3.536194799911374, 47.958909172260938 ], [ -3.536282299911377, 47.958945682548745 ], [ -3.536391699911374, 47.958955557539326 ], [ -3.536504599911372, 47.958952749055783 ], [ -3.537018399911375, 47.958728251518899 ], [ -3.537198099911375, 47.958701253826746 ], [ -3.537393899911375, 47.958650972886524 ], [ -3.537573599911372, 47.958548689662564 ], [ -3.537560199911375, 47.958390599080033 ], [ -3.537605799911375, 47.958290127735161 ], [ -3.537878499911372, 47.958259234378403 ], [ -3.538103799911374, 47.958248453411841 ], [ -3.538171699911374, 47.958189565775733 ], [ -3.538186999911375, 47.958140100156591 ], [ -3.538195899911374, 47.95800828241368 ], [ -3.538203899911375, 47.957904187143058 ], [ -3.538280799911373, 47.957810329249611 ], [ -3.538414599911373, 47.957793206524101 ], [ -3.538582099911375, 47.957688748827366 ], [ -3.538779699911376, 47.95748363842727 ], [ -3.539386299911373, 47.957116994338719 ], [ -3.539725199911374, 47.956983908001085 ], [ -3.540195899911372, 47.956797732029365 ], [ -3.540276399911376, 47.956621793413817 ], [ -3.540715499911373, 47.95641804156952 ], [ -3.540973299911373, 47.956305520510085 ], [ -3.541065799911375, 47.95628758236807 ], [ -3.541091299911375, 47.956264208424571 ], [ -3.541175799911375, 47.956274083462837 ], [ -3.541288499911373, 47.956269644225479 ], [ -3.541370299911375, 47.956281331197239 ], [ -3.541427899911374, 47.956303708576584 ], [ -3.541469499911376, 47.956303708576584 ], [ -3.541551899911371, 47.956257323076684 ], [ -3.542017099911374, 47.956099684825432 ], [ -3.542270599911372, 47.955788303849438 ], [ -3.542270099911376, 47.955622421157514 ], [ -3.542337199911374, 47.955498484739309 ], [ -3.542500799911375, 47.955372826953713 ], [ -3.542602999911375, 47.955212923530077 ], [ -3.542701299911375, 47.955200421164129 ], [ -3.542712699911374, 47.955111092657248 ], [ -3.542776599911377, 47.955049849169598 ], [ -3.542805899911373, 47.955021764136013 ], [ -3.542937699911374, 47.95479282576089 ], [ -3.543151999911374, 47.95472270373871 ], [ -3.543332599911376, 47.954554555804457 ], [ -3.543521899911371, 47.954434967803031 ], [ -3.543619199911373, 47.954436054966799 ], [ -3.543883299911375, 47.954313477238813 ], [ -3.544289399911372, 47.954168975004436 ], [ -3.544423099911374, 47.953993216750177 ], [ -3.544598899911374, 47.953931882542179 ], [ -3.544814699911373, 47.953842372637091 ], [ -3.544879199911372, 47.953814921722021 ], [ -3.544983799911372, 47.953739001362358 ], [ -3.545099299911374, 47.953761378844149 ], [ -3.545214999911376, 47.953820448143979 ], [ -3.545312199911375, 47.953818183216946 ], [ -3.545508799911373, 47.953793903198651 ], [ -3.545733499911377, 47.953747155100771 ], [ -3.546096999911374, 47.953754221673961 ], [ -3.546501899911374, 47.953812113212479 ], [ -3.546764799911374, 47.953784571698812 ], [ -3.546786099911373, 47.953691619080125 ], [ -3.546747399911375, 47.953577376122986 ], [ -3.546739299911372, 47.953431514739904 ], [ -3.546630599911373, 47.953246334146179 ], [ -3.546641299911373, 47.953169054750965 ], [ -3.546732199911375, 47.953117504949155 ], [ -3.546775399911374, 47.953009241289983 ], [ -3.546751299911373, 47.952831489529366 ], [ -3.546833599911376, 47.952633172130902 ], [ -3.546950499911374, 47.952522009263959 ], [ -3.547058699911374, 47.95248758229171 ], [ -3.547290399911375, 47.95243114017201 ], [ -3.547400099911374, 47.952244962674001 ], [ -3.547345999911373, 47.952117492205033 ], [ -3.547196999911375, 47.952061050047746 ], [ -3.547151399911375, 47.952023180346686 ], [ -3.546971199911374, 47.951843978711977 ], [ -3.546845099911372, 47.951662602681054 ], [ -3.546769199911375, 47.951409292201049 ], [ -3.546791499911374, 47.951208346966993 ], [ -3.546880099911372, 47.951068192606066 ], [ -3.546863599911372, 47.950946973097921 ], [ -3.546839799911374, 47.95082946806366 ], [ -3.546964799911374, 47.950591377601917 ], [ -3.547012599911374, 47.950317319771251 ], [ -3.547090699911372, 47.950274376482398 ], [ -3.547061399911374, 47.950092999938811 ], [ -3.546946299911371, 47.950002039851675 ], [ -3.546947699911374, 47.949892326021576 ], [ -3.547033799911373, 47.949827367451341 ], [ -3.546987799911373, 47.949699805829667 ], [ -3.547073699911373, 47.949437615870359 ], [ -3.547295099911375, 47.949326633559366 ], [ -3.547319899911376, 47.949312137908954 ], [ -3.547352399911374, 47.949219275139455 ], [ -3.547300099911376, 47.949074590383745 ], [ -3.547244799911374, 47.949008635141304 ], [ -3.547174399911374, 47.948828798348515 ], [ -3.547175499911376, 47.948712923628484 ], [ -3.547076099911375, 47.948577117338644 ], [ -3.547074199911373, 47.948496938159288 ], [ -3.547035399911374, 47.948387314629777 ], [ -3.547143199911376, 47.948241542481377 ], [ -3.547119499911375, 47.94809921301929 ], [ -3.547113199911372, 47.947901256322929 ], [ -3.547154599911374, 47.947837928284798 ], [ -3.547134399911374, 47.94763054929394 ], [ -3.547130999911376, 47.947521831574484 ], [ -3.547128899911373, 47.947432683028616 ], [ -3.547248399911373, 47.947138692041754 ], [ -3.547359799911375, 47.946790070170543 ], [ -3.547582799911374, 47.946674195025054 ], [ -3.547711499911373, 47.946537663450449 ], [ -3.547829099911375, 47.946355107908396 ], [ -3.547955599911374, 47.946258439515184 ], [ -3.548510799911373, 47.94603565821496 ], [ -3.548591099911374, 47.945955659865341 ], [ -3.548619099911376, 47.945790046031306 ], [ -3.548660299911374, 47.945693830531731 ], [ -3.548856099911372, 47.945637115926239 ], [ -3.548844199911375, 47.945563821802914 ], [ -3.548936899911373, 47.945413971982951 ], [ -3.549044799911373, 47.945364777021133 ], [ -3.549159899911373, 47.945249535767566 ], [ -3.549346599911376, 47.9448038816696 ], [ -3.549565199911374, 47.944324886919084 ], [ -3.549606899911375, 47.943900975767221 ], [ -3.550105499911373, 47.943386646713471 ], [ -3.550107599911371, 47.942947151842446 ], [ -3.549946999911375, 47.942559479207105 ], [ -3.550122699911375, 47.942213119435074 ], [ -3.550313199911375, 47.941839760935011 ], [ -3.550323999911376, 47.941333221496066 ], [ -3.550490999911375, 47.941005886785426 ], [ -3.550810899911371, 47.94076217496022 ], [ -3.551262699911375, 47.94038854368663 ], [ -3.551706199911374, 47.939735231949108 ], [ -3.552128699911374, 47.939361871782722 ], [ -3.552647599911372, 47.93909913334479 ], [ -3.552872899911373, 47.938728128338802 ], [ -3.553108699911373, 47.938216784280691 ], [ -3.553497699911374, 47.937876401378517 ], [ -3.554170899911375, 47.937634409574258 ], [ -3.554811799911374, 47.937446868118421 ], [ -3.555380999911371, 47.937267752378965 ], [ -3.555583899911372, 47.937013529333413 ], [ -3.556189499911373, 47.936721526026609 ], [ -3.556400699911376, 47.936620960160916 ], [ -3.556353599911375, 47.936536883459212 ], [ -3.556109099911372, 47.936099919965059 ], [ -3.555633999911374, 47.935932128791094 ], [ -3.555149499911373, 47.935613216700794 ], [ -3.554758299911375, 47.935051043095527 ], [ -3.554621999911373, 47.934933081696258 ], [ -3.554725299911376, 47.934230476990109 ], [ -3.554422699911374, 47.933004563283859 ], [ -3.554375699911374, 47.93269905838995 ], [ -3.554577299911372, 47.932357584897623 ], [ -3.555706899911373, 47.93196519363395 ], [ -3.556289199911375, 47.931869066339104 ], [ -3.556746099911376, 47.931807186083013 ], [ -3.557080399911374, 47.931719756426837 ], [ -3.557470599911372, 47.931526052123999 ], [ -3.557920999911373, 47.931377466925419 ], [ -3.558380799911373, 47.93117089719302 ], [ -3.558720599911374, 47.930938959156229 ], [ -3.559120499911375, 47.930795809850807 ], [ -3.559699399911375, 47.93067313630273 ], [ -3.560116499911374, 47.930468468926939 ], [ -3.560434899911376, 47.930327584523027 ], [ -3.561907299911373, 47.930200199622888 ], [ -3.562273199911375, 47.930239882831039 ], [ -3.562891599911373, 47.930052610679944 ], [ -3.563399799911374, 47.929940265479168 ], [ -3.563794699911376, 47.929901125855487 ], [ -3.564154199911374, 47.92986325464291 ], [ -3.564580599911373, 47.929795032093189 ], [ -3.564866099911375, 47.929772291241392 ], [ -3.565168399911373, 47.929648439653789 ], [ -3.565416699911373, 47.929590545595687 ], [ -3.565695699911374, 47.929575596424769 ], [ -3.565848599911374, 47.929575143419584 ], [ -3.566014899911373, 47.929480374726658 ], [ -3.566127499911373, 47.929458811675701 ], [ -3.566431999911374, 47.929435346001689 ], [ -3.566612399911373, 47.929469321398116 ], [ -3.566743199911373, 47.929482277348775 ], [ -3.566913699911372, 47.929487713411866 ], [ -3.567180999911375, 47.929499672750516 ], [ -3.567364899911374, 47.92949206226232 ], [ -3.567538699911372, 47.929546875895262 ], [ -3.567986599911373, 47.929659855382845 ], [ -3.568124399911373, 47.929707602120082 ], [ -3.568494799911373, 47.929675619960683 ], [ -3.568752099911374, 47.929638473540933 ], [ -3.568871399911374, 47.929627692018634 ], [ -3.569079299911373, 47.929670727505545 ], [ -3.569297899911374, 47.929675257556582 ], [ -3.569530499911374, 47.929651157684546 ], [ -3.569630799911373, 47.92947693188664 ], [ -3.570441899911374, 47.92910573924771 ], [ -3.570563899911374, 47.929086078805682 ], [ -3.570637699911374, 47.929071673227888 ], [ -3.570657799911374, 47.929064515739398 ], [ -3.570714099911372, 47.929016859548007 ], [ -3.570874999911374, 47.928901886704331 ], [ -3.571156699911374, 47.928802225433643 ], [ -3.571395399911373, 47.928843539562571 ], [ -3.571516099911373, 47.928923449776896 ], [ -3.571612699911373, 47.928929791856909 ], [ -3.571695799911375, 47.928919010320861 ], [ -3.571828599911374, 47.928869542093899 ], [ -3.572021699911374, 47.928793255918414 ], [ -3.572110199911374, 47.928743787680261 ], [ -3.572216199911376, 47.928735724175816 ], [ -3.572336899911376, 47.928715067107731 ], [ -3.572436099911374, 47.928708815626443 ], [ -3.572492399911376, 47.928664783451936 ], [ -3.572578299911372, 47.928662971428203 ], [ -3.572619799911374, 47.928685440521896 ], [ -3.572672099911375, 47.928682722486414 ], [ -3.572955099911375, 47.928622563297765 ], [ -3.573197799911374, 47.928557874042482 ], [ -3.573259499911373, 47.928544465064242 ], [ -3.573427199911372, 47.928506684360329 ], [ -3.573609599911373, 47.928494996803899 ], [ -3.573706099911374, 47.928490557344439 ], [ -3.573774814111971, 47.928463868065535 ], [ -3.573898580622314, 47.928304977928214 ], [ -3.574145280622315, 47.928199174378825 ], [ -3.574491580622314, 47.928119096006654 ], [ -3.574300680622315, 47.927655342135736 ], [ -3.574252880622315, 47.927465756591381 ], [ -3.574570880622316, 47.927355748928875 ], [ -3.574888180622315, 47.927409801829448 ], [ -3.575528480622315, 47.927493683923394 ], [ -3.575654080622316, 47.927524814390281 ], [ -3.575767980622315, 47.927560148971637 ], [ -3.575815580622315, 47.927579067486882 ], [ -3.575943680622315, 47.927489680004825 ], [ -3.576068080622314, 47.927433324851009 ], [ -3.576207180622315, 47.927399191445247 ], [ -3.576525580622314, 47.927385778318083 ], [ -3.576803280622314, 47.927378971656509 ], [ -3.577283280622314, 47.92740950153555 ], [ -3.577585180622314, 47.92742741907113 ], [ -3.577882580622314, 47.927270665659556 ], [ -3.578076580622314, 47.927145443106909 ], [ -3.578281480622314, 47.92700310380274 ], [ -3.578802580622314, 47.926514425547097 ], [ -3.578890680622314, 47.926435448254601 ], [ -3.579028680622315, 47.926369884089155 ], [ -3.579206880622316, 47.926337652545243 ], [ -3.579702780622315, 47.926213030582169 ], [ -3.579974080622315, 47.926117537126281 ], [ -3.580172080622314, 47.926018139850022 ], [ -3.580813980622314, 47.925975898510103 ], [ -3.581620580622316, 47.925899223471376 ], [ -3.582194980622314, 47.925837463029019 ], [ -3.582485180622315, 47.925853578800854 ], [ -3.582622380622316, 47.92591313708806 ], [ -3.582740380622314, 47.925993715947321 ], [ -3.582792380622315, 47.926134753975767 ], [ -3.582570080622315, 47.926490101742168 ], [ -3.582352780622315, 47.9270547543519 ], [ -3.582208380622315, 47.927237833527414 ], [ -3.582118480622314, 47.92731821219239 ], [ -3.581834380622314, 47.927415507413393 ], [ -3.581636480622314, 47.927525515076013 ], [ -3.581614780622314, 47.927753638336902 ], [ -3.581549580622315, 47.927986065811105 ], [ -3.581822780622315, 47.928071749669137 ], [ -3.582225680622314, 47.928162438425574 ], [ -3.582563480622313, 47.92833470702395 ], [ -3.582926780622315, 47.928427798131906 ], [ -3.583382580622315, 47.92853190001626 ], [ -3.583527480622315, 47.928553521176866 ], [ -3.584046180622314, 47.928676041087158 ], [ -3.584498880622315, 47.928804066385815 ], [ -3.584803180622314, 47.928778541404441 ], [ -3.588952080622315, 47.928359631417379 ], [ -3.591653855476548, 47.928074349559793 ], [ -3.591887499911374, 47.927983915123619 ], [ -3.592301099911372, 47.927739835176226 ], [ -3.592667899911373, 47.927553468195335 ], [ -3.592809299911374, 47.927481621306569 ], [ -3.593840299911373, 47.926396306328336 ], [ -3.594510699911374, 47.925856955003461 ], [ -3.594648299911376, 47.925634527922774 ], [ -3.594960299911373, 47.925406392844806 ], [ -3.595150599911373, 47.924748352179954 ], [ -3.595123199911375, 47.924501280948213 ], [ -3.595014899911374, 47.923525044990818 ], [ -3.595130299911375, 47.923124402693105 ], [ -3.595108799911373, 47.923043585622871 ], [ -3.595270099911375, 47.922770329612128 ], [ -3.595489699911373, 47.922596192256584 ], [ -3.595472899911373, 47.922518274379499 ], [ -3.596041899911374, 47.921654110027852 ], [ -3.595991299911375, 47.921223567588264 ], [ -3.596122699911374, 47.920912710665526 ], [ -3.596169499911372, 47.920398813324866 ], [ -3.596126099911374, 47.920124106370722 ], [ -3.595950499911376, 47.91986317087941 ], [ -3.595656199911375, 47.919610480107856 ], [ -3.595547899911375, 47.919300347103331 ], [ -3.595447499911375, 47.919231760844347 ], [ -3.595178499911376, 47.919130376385212 ], [ -3.594570799911376, 47.918818340453782 ], [ -3.594145199911373, 47.918659423132056 ], [ -3.593662499911375, 47.918539102575437 ], [ -3.593368542332739, 47.918455718925038 ], [ -3.597138945556283, 47.917307653695836 ], [ -3.59627056276941, 47.915368535124699 ], [ -3.595402179982537, 47.914786785370246 ], [ -3.59742840648524, 47.913914148464684 ], [ -3.597862597878677, 47.912265794123918 ], [ -3.602059781348562, 47.91042345355477 ], [ -3.60318030005692, 47.907570604561457 ] ] ] ] } }
]
}
