{
"type": "FeatureCollection",
"name": "inond_rupt_barrage_sim",
"crs": { "type": "name", "properties": { "name": "urn:ogc:def:crs:OGC:1.3:CRS84" } },
"features": [
{ "type": "Feature", "properties": { "HAUTEUR": "h<1m" }, "geometry": { "type": "MultiPolygon", "coordinates": [ [ [ [ -3.629109880622314, 47.907206632493121 ], [ -3.629830750049301, 47.906715901562947 ], [ -3.629784846352268, 47.907002455573107 ], [ -3.629662998379354, 47.907512499059138 ], [ -3.629576559389044, 47.907800337312949 ], [ -3.629451942899396, 47.908384627922544 ], [ -3.629446836590998, 47.908420069268161 ], [ -3.628738264171479, 47.907354985607398 ], [ -3.629109880622314, 47.907206632493121 ] ] ], [ [ [ -3.661316599911375, 47.994025433938063 ], [ -3.661048299911374, 47.994122637562072 ], [ -3.660824599911374, 47.994257345631759 ], [ -3.660343799911375, 47.994436805356465 ], [ -3.659907699911376, 47.994578941765639 ], [ -3.659723099911375, 47.994571966302175 ], [ -3.659490999911374, 47.994542071457751 ], [ -3.659354599911373, 47.994485543020296 ], [ -3.659038599911373, 47.994206071414077 ], [ -3.658786599911372, 47.993943811869705 ], [ -3.658609599911373, 47.993867715812932 ], [ -3.658470599911372, 47.993910021598154 ], [ -3.658247699911372, 47.993964466511862 ], [ -3.657825999911374, 47.994036757753463 ], [ -3.657333099911374, 47.994121369294966 ], [ -3.657231999911374, 47.994188949810287 ], [ -3.657206699911375, 47.99428198624355 ], [ -3.657331999911374, 47.994435990042348 ], [ -3.657377999911374, 47.994613275539088 ], [ -3.657529099911374, 47.994711203783595 ], [ -3.657666199911377, 47.994822992341334 ], [ -3.657718699911373, 47.994880154877173 ], [ -3.657719399911374, 47.994955888433822 ], [ -3.657719499911372, 47.99506405332815 ], [ -3.657658699911373, 47.995123571188181 ], [ -3.657413899911373, 47.995381934792775 ], [ -3.657168799911372, 47.995626166196359 ], [ -3.657092999911373, 47.995786782710034 ], [ -3.657118199911373, 47.995913609027568 ], [ -3.657421599911373, 47.996141805736009 ], [ -3.657661699911374, 47.996353152584057 ], [ -3.657813399911373, 47.996488494243934 ], [ -3.657939799911373, 47.996809726726397 ], [ -3.657939799911373, 47.996970342898003 ], [ -3.657939799911373, 47.997173173969976 ], [ -3.658274699911373, 47.997648046605555 ], [ -3.658483699911375, 47.997809930793593 ], [ -3.658534999911374, 47.997909126733312 ], [ -3.658525499911373, 47.998028433607189 ], [ -3.658423899911374, 47.998251465826669 ], [ -3.658253599911375, 47.998436993778576 ], [ -3.658032499911374, 47.998577951497509 ], [ -3.657600599911373, 47.998746992005323 ], [ -3.657200399911374, 47.998838578239699 ], [ -3.656897399911372, 47.998922011383691 ], [ -3.656842299911373, 47.998937139867742 ], [ -3.656663199911372, 47.999071031463131 ], [ -3.656231399911374, 47.99938093874659 ], [ -3.655915399911374, 47.999535937618319 ], [ -3.655599399911374, 47.999634589712301 ], [ -3.655325599911373, 47.999634589712301 ], [ -3.655030699911375, 47.999634589712301 ], [ -3.654658499911372, 47.999674992676859 ], [ -3.654462699911374, 47.99969474121005 ], [ -3.654331999911372, 47.999707967291506 ], [ -3.654008599911374, 47.999868944983803 ], [ -3.653747499911375, 48.000040793374836 ], [ -3.653326199911374, 48.000222787738387 ], [ -3.653089199911373, 48.000316729056536 ], [ -3.652887299911373, 48.000340191736214 ], [ -3.652562599911374, 48.000340191736214 ], [ -3.652158799911374, 48.00030495242158 ], [ -3.651860399911373, 48.00030495242158 ], [ -3.651693699911374, 48.00035776609797 ], [ -3.651381799911374, 48.000480696025093 ], [ -3.650787099911374, 48.000592845780162 ], [ -3.650192299911372, 48.000480696025093 ], [ -3.649673799911374, 48.000327690385774 ], [ -3.649231499911374, 48.000154302061532 ], [ -3.648911299911373, 47.999970677063558 ], [ -3.648621499911373, 47.999787052004912 ], [ -3.648331699911374, 47.999562661557356 ], [ -3.648026699911374, 47.999317888345708 ], [ -3.647622199911376, 47.999024649533872 ], [ -3.647262099911374, 47.998897099208463 ], [ -3.647166799911374, 47.998960874374824 ], [ -3.647039699911373, 47.999067136105936 ], [ -3.646944399911375, 47.999237082361724 ], [ -3.646880799911374, 47.999456671689892 ], [ -3.646743099911371, 47.99962670841618 ], [ -3.646642499911374, 47.999816765388033 ], [ -3.646413099911372, 47.999893494757188 ], [ -3.646357499911373, 47.999932448269966 ], [ -3.646227699911374, 48.000023400182158 ], [ -3.646289499911374, 48.000182747171728 ], [ -3.646324799911374, 48.000383402923624 ], [ -3.646289499911374, 48.000477887751465 ], [ -3.646183599911374, 48.000584149192527 ], [ -3.646059999911373, 48.000719852179806 ], [ -3.645927599911372, 48.000944151570771 ], [ -3.645839399911374, 48.001233403438498 ], [ -3.645865899911374, 48.001386861775117 ], [ -3.645839399911374, 48.001628916396996 ], [ -3.645768799911373, 48.001841348229433 ], [ -3.645795299911375, 48.002201440382571 ], [ -3.645830599911374, 48.0023312546789 ], [ -3.645795299911375, 48.002425739175607 ], [ -3.645706999911374, 48.002508356478842 ], [ -3.645530499911374, 48.002667702755978 ], [ -3.645292199911373, 48.002827048987406 ], [ -3.644842099911374, 48.003163496764344 ], [ -3.644497899911375, 48.003311066282365 ], [ -3.644180199911374, 48.003340598299076 ], [ -3.643933099911374, 48.003340598299076 ], [ -3.643765399911377, 48.00337013031421 ], [ -3.643731299911372, 48.003384171609206 ], [ -3.643650699911374, 48.003417327181779 ], [ -3.643579999911372, 48.00351769977739 ], [ -3.643429999911374, 48.003724242606651 ], [ -3.643192799911376, 48.003987946958233 ], [ -3.642675599911374, 48.004405833398657 ], [ -3.642266199911375, 48.004665189164953 ], [ -3.641587899911374, 48.004937408412268 ], [ -3.641014299911371, 48.005137609504096 ], [ -3.640615299911375, 48.005229285274112 ], [ -3.640141499911373, 48.005245953594304 ], [ -3.639892099911374, 48.005145943665624 ], [ -3.639742499911373, 48.005120941180657 ], [ -3.639630299911375, 48.005287714981307 ], [ -3.639505599911373, 48.005479491201882 ], [ -3.639380899911373, 48.005654599048846 ], [ -3.639094099911374, 48.005871377595192 ], [ -3.638956899911375, 48.00597981213096 ], [ -3.638944499911372, 48.006113249087029 ], [ -3.639056699911374, 48.006254929567426 ], [ -3.639054899911376, 48.006456489012194 ], [ -3.639063599911372, 48.006537565712051 ], [ -3.638985699911372, 48.006578058763296 ], [ -3.638890399911372, 48.006601249413251 ], [ -3.638757399911374, 48.00662933183964 ], [ -3.638725899911373, 48.006636035386364 ], [ -3.638699899911376, 48.006699719076288 ], [ -3.638725899911373, 48.006815491114111 ], [ -3.638751899911374, 48.006908163080041 ], [ -3.638595999911373, 48.007081911651007 ], [ -3.638492099911375, 48.007209278921387 ], [ -3.638275599911372, 48.007255569579286 ], [ -3.638168399911375, 48.007299957877741 ], [ -3.637998499911372, 48.007371432089677 ], [ -3.637807999911375, 48.007550887579995 ], [ -3.637444299911373, 48.007915686623775 ], [ -3.637375099911376, 48.007985258403288 ], [ -3.637375099911376, 48.00807783958598 ], [ -3.637652199911374, 48.008147320756976 ], [ -3.637929299911373, 48.008239992500883 ], [ -3.638067799911375, 48.008326866585001 ], [ -3.638422799911372, 48.00837315714984 ], [ -3.638682599911375, 48.008361561861946 ], [ -3.638916399911374, 48.008407943012067 ], [ -3.639330999911373, 48.008455230040028 ], [ -3.639815199911375, 48.008564026424345 ], [ -3.640116499911375, 48.008708605100281 ], [ -3.640355199911375, 48.008885614280139 ], [ -3.640529499911374, 48.00897248826336 ], [ -3.640562399911374, 48.008988884707051 ], [ -3.640761499911374, 48.009087535123257 ], [ -3.640891399911375, 48.00913590915016 ], [ -3.641086299911375, 48.00913246680382 ], [ -3.641349599911376, 48.00911434919113 ], [ -3.641414999911374, 48.009094691580692 ], [ -3.641642999911376, 48.009166256149896 ], [ -3.641939699911372, 48.009231751310857 ], [ -3.642086999911375, 48.009238092474028 ], [ -3.642318499911374, 48.009262551245556 ], [ -3.642590299911372, 48.009370169827584 ], [ -3.642688799911372, 48.009423979110764 ], [ -3.642735499911371, 48.009448619050161 ], [ -3.642743799911374, 48.009479600148872 ], [ -3.642593299911375, 48.009516378877841 ], [ -3.642374699911374, 48.009519458869804 ], [ -3.642276199911374, 48.009554425836285 ], [ -3.641864099911374, 48.009620283303462 ], [ -3.641421399911374, 48.009676176085804 ], [ -3.641120799911373, 48.009743120594095 ], [ -3.640899399911373, 48.009740402955202 ], [ -3.640849299911375, 48.00973478650149 ], [ -3.640820099911374, 48.009765495820361 ], [ -3.640828399911373, 48.009804629817189 ], [ -3.640865999911375, 48.009829722679441 ], [ -3.641007999911372, 48.009843673223315 ], [ -3.641220999911376, 48.009885615440758 ], [ -3.641502699911375, 48.009930003529192 ], [ -3.641774299911376, 48.010022856151743 ], [ -3.641958699911374, 48.010076755959666 ], [ -3.642166099911376, 48.010192346118352 ], [ -3.642315899911374, 48.010369536001463 ], [ -3.642396599911375, 48.010477426132688 ], [ -3.642465699911374, 48.010693206332327 ], [ -3.642511799911374, 48.010985986049434 ], [ -3.642569499911374, 48.011194066095008 ], [ -3.642656499911375, 48.011456226912223 ], [ -3.642656499911375, 48.011627437607252 ], [ -3.642656499911375, 48.011718478193451 ], [ -3.642760499911374, 48.011846840865275 ], [ -3.642856599911374, 48.011943135496608 ], [ -3.642952599911375, 48.012103747295171 ], [ -3.643221599911373, 48.012358026567789 ], [ -3.643638399911374, 48.012577248362462 ], [ -3.644105199911372, 48.012699903824732 ], [ -3.644494199911372, 48.012829896844202 ], [ -3.644716399911374, 48.012896840972701 ], [ -3.644810899911374, 48.012907983228757 ], [ -3.644760899911374, 48.012941409995584 ], [ -3.644666399911373, 48.012952552250759 ], [ -3.644488599911373, 48.012971122675516 ], [ -3.644277399911375, 48.012985979014893 ], [ -3.644088499911375, 48.012985979014893 ], [ -3.643843999911374, 48.012978550845247 ], [ -3.643543899911372, 48.012967408590619 ], [ -3.643382699911375, 48.012959980420725 ], [ -3.643099299911373, 48.012963694505679 ], [ -3.642971499911374, 48.012963694505679 ], [ -3.642849199911375, 48.012952552250759 ], [ -3.642704799911375, 48.012926553655021 ], [ -3.642615799911375, 48.012863414203188 ], [ -3.642549199911373, 48.012829896844202 ], [ -3.642493599911373, 48.012800184156731 ], [ -3.642454699911371, 48.012844753187352 ], [ -3.642537999911372, 48.012967408590619 ], [ -3.642571399911374, 48.013004549438556 ], [ -3.642588099911374, 48.01307892171441 ], [ -3.642610299911373, 48.013153203392903 ], [ -3.642621399911373, 48.013201486478593 ], [ -3.642693599911376, 48.013242341393976 ], [ -3.642871499911372, 48.013327855885656 ], [ -3.642977099911377, 48.013368710791767 ], [ -3.643071499911374, 48.013398423448862 ], [ -3.643132699911374, 48.013431850186208 ], [ -3.643154899911373, 48.01348022383506 ], [ -3.643127099911375, 48.01351736464872 ], [ -3.643027099911373, 48.013547077297872 ], [ -3.642893699911373, 48.013569361783709 ], [ -3.642766199911372, 48.013613658990664 ], [ -3.642619199911374, 48.013638208157033 ], [ -3.642440799911375, 48.01367326545175 ], [ -3.642340999911374, 48.01369790520279 ], [ -3.642230799911373, 48.013711855649582 ], [ -3.642083899911374, 48.013768019782482 ], [ -3.641984099911373, 48.013810142878448 ], [ -3.641848599911373, 48.013899824297901 ], [ -3.641716299911373, 48.013755790495942 ], [ -3.641531299911372, 48.013640382252888 ], [ -3.641199899911375, 48.013497526019293 ], [ -3.640920099911376, 48.013503414197046 ], [ -3.640765399911376, 48.013483213217704 ], [ -3.640690999911375, 48.013480767359184 ], [ -3.640202699911375, 48.013496982495198 ], [ -3.639622699911375, 48.013651705668693 ], [ -3.639518099911372, 48.013648172762984 ], [ -3.639392099911373, 48.013605959067412 ], [ -3.639094399911374, 48.013638298744347 ], [ -3.638944199911372, 48.013650799795435 ], [ -3.638834899911374, 48.013625435343677 ], [ -3.638546099911375, 48.013597896794742 ], [ -3.637941299911375, 48.013693375836873 ], [ -3.637608399911374, 48.013724356699022 ], [ -3.637117699911373, 48.013825814481066 ], [ -3.636540999911376, 48.013839493162756 ], [ -3.635932299911371, 48.013899733710623 ], [ -3.635112299911374, 48.013982892832104 ], [ -3.634192099911375, 48.013874097508342 ], [ -3.633617299911374, 48.01388215977704 ], [ -3.633062699911373, 48.01378894544991 ], [ -3.632670099911373, 48.01377164327473 ], [ -3.632173699911375, 48.013782694925958 ], [ -3.630985499911377, 48.013938323892724 ], [ -3.630851899911372, 48.013973652930332 ], [ -3.630752699911375, 48.013971841184869 ], [ -3.630663199911374, 48.013847283670081 ], [ -3.630535399911373, 48.013564741829398 ], [ -3.630405799911372, 48.013384201232093 ], [ -3.630361099911374, 48.013500153052476 ], [ -3.630252099911377, 48.013405851612902 ], [ -3.630191599911373, 48.013467903954847 ], [ -3.629885399911374, 48.013133908274924 ], [ -3.629856799911373, 48.013145050526226 ], [ -3.629775299911373, 48.01362181185047 ], [ -3.629738799911372, 48.013625707105653 ], [ -3.629460999911374, 48.013403949278214 ], [ -3.629422299911373, 48.013415906810373 ], [ -3.629400599911372, 48.013712761522733 ], [ -3.629209799911374, 48.013618550706575 ], [ -3.629175499911373, 48.013692107614418 ], [ -3.629184099911374, 48.014060526118413 ], [ -3.628966299911371, 48.014420248007092 ], [ -3.628918099911377, 48.014436372528522 ], [ -3.628885899911374, 48.01440584464207 ], [ -3.628821499911375, 48.014145859309735 ], [ -3.628778599911374, 48.014131455937601 ], [ -3.628657899911375, 48.014280290765051 ], [ -3.628621999911374, 48.014275308467759 ], [ -3.628558699911375, 48.014193598785781 ], [ -3.628483499911375, 48.014212169169113 ], [ -3.628401999911374, 48.014335639555583 ], [ -3.628357499911375, 48.014407656386105 ], [ -3.628301099911377, 48.014393343607949 ], [ -3.628217999911374, 48.014344879451357 ], [ -3.628083899911374, 48.014350224096866 ], [ -3.627893399911374, 48.014452497049447 ], [ -3.627821099911373, 48.014573068592952 ], [ -3.627609099911373, 48.014737393704785 ], [ -3.627431399911373, 48.014981707190891 ], [ -3.627178599911375, 48.015111609089715 ], [ -3.626945299911375, 48.015293598518937 ], [ -3.626909099911372, 48.015286442141324 ], [ -3.626882099911374, 48.015233267535073 ], [ -3.626840999911376, 48.0152339922316 ], [ -3.626751499911375, 48.015317060566474 ], [ -3.626661399911375, 48.015268958838632 ], [ -3.626431199911376, 48.015384004395443 ], [ -3.626290799911374, 48.015579944135446 ], [ -3.626069499911374, 48.015742819557907 ], [ -3.625896499911375, 48.015907869019657 ], [ -3.625850899911375, 48.015912307780582 ], [ -3.625817399911373, 48.015779597872509 ], [ -3.625785199911373, 48.015767912152128 ], [ -3.625669899911373, 48.015900622062979 ], [ -3.625639099911375, 48.01589165395395 ], [ -3.625649799911375, 48.015784127221423 ], [ -3.625608199911373, 48.01578231548185 ], [ -3.625530399911375, 48.015837030014097 ], [ -3.625496899911375, 48.015822626685747 ], [ -3.625523699911374, 48.015741913688075 ], [ -3.625523699911374, 48.015688105016416 ], [ -3.625484799911373, 48.01565585604574 ], [ -3.625423099911374, 48.015677415751071 ], [ -3.625281799911374, 48.015837301775001 ], [ -3.625243399911374, 48.015847719276366 ], [ -3.625171099911373, 48.015768546260986 ], [ -3.624920699911373, 48.015867920169804 ], [ -3.624739699911373, 48.016000086535101 ], [ -3.624680299911374, 48.015934501584631 ], [ -3.624650699911375, 48.015944556736386 ], [ -3.624471599911372, 48.016254816960043 ], [ -3.624276499911375, 48.016406640585949 ], [ -3.624037699911373, 48.016577940343211 ], [ -3.623951199911374, 48.01646461618396 ], [ -3.623766899911373, 48.01661843266313 ], [ -3.623703799911374, 48.016721158132547 ], [ -3.623650199911373, 48.016726502755226 ], [ -3.623502699911375, 48.016600949402317 ], [ -3.623475899911374, 48.016615262123615 ], [ -3.623468999911375, 48.016907042267093 ], [ -3.623429499911373, 48.016976069400656 ], [ -3.623368599911372, 48.016986486880683 ], [ -3.623296099911375, 48.016947081629077 ], [ -3.623239799911373, 48.016956049721053 ], [ -3.622357399911373, 48.017778305379331 ], [ -3.622318499911372, 48.017776493646259 ], [ -3.622373499911372, 48.017603473111365 ], [ -3.622342599911375, 48.017598943777251 ], [ -3.622219899911375, 48.017678025945294 ], [ -3.622123999911373, 48.01765519810413 ], [ -3.621590299911372, 48.018035571414607 ], [ -3.621004799911373, 48.018375995795203 ], [ -3.620471799911374, 48.018858731341027 ], [ -3.620426199911373, 48.018856919611466 ], [ -3.620412799911374, 48.018761894388611 ], [ -3.620356399911373, 48.018761894388611 ], [ -3.620082899911375, 48.018953756547333 ], [ -3.619970199911374, 48.019016532961665 ], [ -3.619814399911373, 48.019052224022353 ], [ -3.619641899911374, 48.019084563382457 ], [ -3.619414999911372, 48.01920486216212 ], [ -3.619393499911373, 48.019192270649512 ], [ -3.619366699911374, 48.01912052619808 ], [ -3.619307699911373, 48.019108025269993 ], [ -3.618924205195863, 48.019273028617285 ], [ -3.617022940583062, 48.018312642988377 ], [ -3.61156951444589, 48.018638229612051 ], [ -3.609233032623197, 48.018046582617629 ], [ -3.604732429644825, 48.018230171423085 ], [ -3.599969973846367, 48.019094195419456 ], [ -3.596092482571918, 48.019553802568041 ], [ -3.592602973626746, 48.018131249912486 ], [ -3.58955542525998, 48.017386819238283 ], [ -3.587298541514521, 48.016280017299167 ], [ -3.584852174813403, 48.014906494878105 ], [ -3.583632406892078, 48.014104883730568 ], [ -3.581685889426258, 48.013564039553856 ], [ -3.579405324930077, 48.013221785692949 ], [ -3.577091691347266, 48.012702192183326 ], [ -3.575110504920411, 48.012795170681727 ], [ -3.57376657257222, 48.012039264713493 ], [ -3.572513418492857, 48.011405284709056 ], [ -3.572452910880287, 48.011268481964336 ], [ -3.572607203862836, 48.011230517023805 ], [ -3.572714018703873, 48.01134542050832 ], [ -3.573521657390192, 48.011486435541045 ], [ -3.575064402853103, 48.010492297475508 ], [ -3.57654722895842, 48.010647794594192 ], [ -3.576820547050701, 48.010419631605188 ], [ -3.576822492623766, 48.010418291714302 ], [ -3.576257292009414, 48.010382147475141 ], [ -3.576273099962073, 48.010364998542499 ], [ -3.576347715526737, 48.01029601807106 ], [ -3.577226232853898, 48.010114295909972 ], [ -3.57749798568465, 48.009909845041307 ], [ -3.578008234321841, 48.009478367435378 ], [ -3.578736670794949, 48.008722014658176 ], [ -3.578803194258764, 48.008633107476015 ], [ -3.578894702930808, 48.008601693812892 ], [ -3.581159285818597, 48.009096536847622 ], [ -3.580801057658281, 48.00861457751472 ], [ -3.580704544507927, 48.007909423317656 ], [ -3.58067428093515, 48.007757601798502 ], [ -3.581479403664953, 48.006675829613897 ], [ -3.581434996037632, 48.006413569166071 ], [ -3.582136985717996, 48.005503315185393 ], [ -3.582650757057534, 48.005061019182207 ], [ -3.583374295895799, 48.004733533110866 ], [ -3.58386433856488, 48.004333963905211 ], [ -3.585456027678701, 48.004632674304418 ], [ -3.586020863745907, 48.003539647267147 ], [ -3.58598040126707, 48.00322277240393 ], [ -3.586695093676315, 48.003380150685516 ], [ -3.587560784952264, 48.003486001187071 ], [ -3.588025357058529, 48.003308982128132 ], [ -3.589159334148738, 48.003183938948013 ], [ -3.590220655308393, 48.002908674503502 ], [ -3.591071261881535, 48.003263934610459 ], [ -3.59161419863015, 48.003504427428368 ], [ -3.592268612584637, 48.003669467010397 ], [ -3.592854408761336, 48.005002257307623 ], [ -3.593722373078688, 48.003874348862567 ], [ -3.59450444886139, 48.003651555557099 ], [ -3.595408807905958, 48.003317670640371 ], [ -3.595981827648575, 48.003363258308525 ], [ -3.597174365649396, 48.003444017518021 ], [ -3.598028396903408, 48.003524307281282 ], [ -3.599823730993081, 48.004185913126705 ], [ -3.599977027139545, 48.004241055679785 ], [ -3.600256056750072, 48.004210913962837 ], [ -3.60185573385753, 48.003945227916958 ], [ -3.603026910027342, 48.003855158311978 ], [ -3.604057093516042, 48.003701760661386 ], [ -3.605370798738916, 48.004037667252931 ], [ -3.606684091890875, 48.004081851066914 ], [ -3.607265754697675, 48.004031974504684 ], [ -3.608406642878763, 48.004008373403394 ], [ -3.609259670963647, 48.003930482067531 ], [ -3.60946879139917, 48.003962365508912 ], [ -3.60960492314228, 48.003902713942722 ], [ -3.609792340212429, 48.003587000453336 ], [ -3.610423964714765, 48.0026760144289 ], [ -3.611139648241725, 48.002234893567831 ], [ -3.612371529168881, 48.002024018263427 ], [ -3.612811098258358, 48.001855481002664 ], [ -3.613206666914908, 48.001681320410938 ], [ -3.613984442470486, 48.001031988309862 ], [ -3.615230981334106, 48.00091821138939 ], [ -3.615628061967674, 48.000737181552623 ], [ -3.615992203627108, 48.000676837016499 ], [ -3.61691836091141, 48.000027677207683 ], [ -3.617880377775506, 47.999888326671154 ], [ -3.618215723400466, 47.999702850949788 ], [ -3.619286208692122, 47.999145398822805 ], [ -3.619346272755227, 47.998957839027469 ], [ -3.619801779660573, 47.998480585635093 ], [ -3.619720735819431, 47.997472725825247 ], [ -3.620667056381725, 47.99702602665252 ], [ -3.621275982898357, 47.996498798849785 ], [ -3.622523613804927, 47.995965212902519 ], [ -3.623022989330438, 47.995682166127608 ], [ -3.623617433152967, 47.9950686965377 ], [ -3.623812401092203, 47.99443077662616 ], [ -3.6245072569067, 47.994273544806887 ], [ -3.625340040548898, 47.993584964621476 ], [ -3.626593808945882, 47.992682250038186 ], [ -3.626740792814716, 47.992669528728271 ], [ -3.628433783065234, 47.99262071659173 ], [ -3.629721208450018, 47.992998981066151 ], [ -3.63021397172304, 47.993705336588363 ], [ -3.630755711105623, 47.992996430515149 ], [ -3.631103168675714, 47.992772717593368 ], [ -3.632201848366855, 47.991962963774085 ], [ -3.632849067374034, 47.99147322577619 ], [ -3.63310215538945, 47.990866779894404 ], [ -3.633875032205266, 47.990800831476406 ], [ -3.635154350381884, 47.990396021771645 ], [ -3.636147328295278, 47.990100154897348 ], [ -3.637556807692073, 47.990218944253741 ], [ -3.638119266107295, 47.990410963910819 ], [ -3.639070371691717, 47.99040871549785 ], [ -3.639868703543391, 47.990575042148734 ], [ -3.640162009412085, 47.990635053602134 ], [ -3.641924501949084, 47.990974788532881 ], [ -3.642997172217581, 47.991100080928788 ], [ -3.643804800064036, 47.991254470160811 ], [ -3.644987150837582, 47.991487313570744 ], [ -3.646214696377513, 47.992391154281776 ], [ -3.646359848377947, 47.992478730333346 ], [ -3.646456727152505, 47.992471749235506 ], [ -3.647498883598703, 47.992739201747796 ], [ -3.648539063416897, 47.992906873361918 ], [ -3.648964803560591, 47.992955071674231 ], [ -3.650562950458438, 47.992926101571257 ], [ -3.650906856474055, 47.992728786899846 ], [ -3.651249727171542, 47.992627510423986 ], [ -3.651306324292153, 47.9922420871806 ], [ -3.651051824803544, 47.990879393629953 ], [ -3.652459685475728, 47.990360860734611 ], [ -3.653886193369203, 47.990190916300506 ], [ -3.655139424337641, 47.99059039233714 ], [ -3.655358049293789, 47.990740377482609 ], [ -3.655443075770423, 47.990865834008432 ], [ -3.656145717803715, 47.991826721148868 ], [ -3.656384085150335, 47.992450033429733 ], [ -3.657470841408053, 47.993168264262465 ], [ -3.657928950842259, 47.993331673006438 ], [ -3.659672730054973, 47.99385578743356 ], [ -3.659823409331338, 47.99389673368286 ], [ -3.660053157008331, 47.993934172805922 ], [ -3.661401650932874, 47.993968589099282 ], [ -3.661316599911375, 47.994025433938063 ] ], [ [ -3.651107440148702, 47.995988933185302 ], [ -3.650382637480468, 47.995966886714982 ], [ -3.651106809084937, 47.995988920794304 ], [ -3.651107440148702, 47.995988933185302 ] ], [ [ -3.649639539980886, 47.995944324822702 ], [ -3.64963890891759, 47.995944312426673 ], [ -3.650257265153502, 47.996146125122308 ], [ -3.649639539980886, 47.995944324822702 ] ], [ [ -3.590950573926251, 48.006985681863938 ], [ -3.592876516327331, 48.007232166857918 ], [ -3.59297085303614, 48.007293186644759 ], [ -3.593059099668511, 48.007247605974825 ], [ -3.593089074777496, 48.007206378367258 ], [ -3.593154019474383, 48.007108702058758 ], [ -3.592846783972713, 48.006042993428181 ], [ -3.592646207994204, 48.00533163534466 ], [ -3.590920733527242, 48.005632420867414 ], [ -3.590107403388245, 48.005912947611094 ], [ -3.589942293089692, 48.006673848435625 ], [ -3.590950573926251, 48.006985681863938 ] ], [ [ -3.613232139232363, 48.006733649026657 ], [ -3.61323215070261, 48.006733342841358 ], [ -3.613167466425287, 48.006774038164977 ], [ -3.613232139232363, 48.006733649026657 ] ], [ [ -3.61104957346397, 48.007401369142414 ], [ -3.609726594883508, 48.007631111480208 ], [ -3.609727226017116, 48.007631124012718 ], [ -3.61104957346397, 48.007401369142414 ] ], [ [ -3.584752668065498, 48.011067571725619 ], [ -3.584960269196429, 48.011541456415017 ], [ -3.584955051168848, 48.01152909549478 ], [ -3.586035284526404, 48.011642458150348 ], [ -3.586291405904463, 48.011500344001192 ], [ -3.584752668065498, 48.011067571725619 ] ] ], [ [ [ -3.563996399911373, 48.017928407443257 ], [ -3.564021074735565, 48.017819616147634 ], [ -3.564030383287429, 48.017948685078636 ], [ -3.564003596148321, 48.017960085809797 ], [ -3.563996399911373, 48.017928407443257 ] ] ], [ [ [ -3.564077703226988, 48.017569941138674 ], [ -3.564754904899017, 48.017133623733372 ], [ -3.564077696504848, 48.017569970776592 ], [ -3.564077703226988, 48.017569941138674 ] ] ], [ [ [ -3.564117599911375, 48.017394036664072 ], [ -3.563920499911374, 48.017409074058676 ], [ -3.563722797770453, 48.016882301637025 ], [ -3.563786600290995, 48.016816321762391 ], [ -3.564175497026654, 48.016222949330015 ], [ -3.564652205718023, 48.015745634893534 ], [ -3.565112918080943, 48.01534015912533 ], [ -3.565845816451826, 48.014686438556225 ], [ -3.565868529164693, 48.014670501631969 ], [ -3.565887985596433, 48.014623857593946 ], [ -3.566411199707808, 48.013902646754971 ], [ -3.5669984506158, 48.013474582953194 ], [ -3.567335385620232, 48.013301024666575 ], [ -3.567752481488158, 48.012979084849647 ], [ -3.568110334935192, 48.012403773809964 ], [ -3.568137665665835, 48.012349320912492 ], [ -3.568253432295784, 48.011678448957127 ], [ -3.568580513998115, 48.011398057980969 ], [ -3.568648238255993, 48.011461007488208 ], [ -3.568964799328282, 48.011341426360545 ], [ -3.569941950441252, 48.010807807980441 ], [ -3.570235401726546, 48.010647926834324 ], [ -3.570401256470729, 48.010554887707528 ], [ -3.571184096765834, 48.010198148767472 ], [ -3.571308918485423, 48.010121138400152 ], [ -3.571596122194547, 48.010242726061847 ], [ -3.57146933976051, 48.010288136447059 ], [ -3.57069404076339, 48.010695892999635 ], [ -3.568730116457973, 48.012833098498916 ], [ -3.568839230976185, 48.012970572137434 ], [ -3.56876276821539, 48.01338790822345 ], [ -3.568336347233374, 48.014155652420996 ], [ -3.56589698146853, 48.016317604699609 ], [ -3.564754904899017, 48.017133623733372 ], [ -3.564077721490956, 48.017569860612845 ], [ -3.564117599911375, 48.017394036664072 ] ] ], [ [ [ -3.550117399911374, 48.00061621785872 ], [ -3.550133499911373, 48.000706807301285 ], [ -3.550069199911373, 48.000758805634653 ], [ -3.549983299911374, 48.000699650735854 ], [ -3.549908199911373, 48.000625548571989 ], [ -3.549732499911373, 48.000515754149667 ], [ -3.549698299911373, 48.000339104662281 ], [ -3.549762199911373, 48.0002585705953 ], [ -3.549695499911373, 48.000217080598979 ], [ -3.549552799911373, 48.000252954045742 ], [ -3.549500499911372, 48.000349794222593 ], [ -3.549322199911376, 48.000366100331163 ], [ -3.549175999911373, 48.000415652780383 ], [ -3.549043699911373, 48.000459588677707 ], [ -3.548927399911375, 48.000429603560519 ], [ -3.548835299911373, 48.000406050295133 ], [ -3.548736399911375, 48.000327871564778 ], [ -3.548769199911373, 48.000192168481782 ], [ -3.548633099911372, 48.000124769875519 ], [ -3.548581799911375, 48.000084729301804 ], [ -3.548724199911373, 47.99989023353276 ], [ -3.548737420007943, 47.999860671440914 ], [ -3.549488719222975, 47.99953320698026 ], [ -3.549814102086508, 47.998005091039943 ], [ -3.550295739190303, 47.996519503583357 ], [ -3.550578931246605, 47.995087058010071 ], [ -3.550514431077597, 47.993464820086103 ], [ -3.549978913719495, 47.9922877965613 ], [ -3.549942835045318, 47.992207094047387 ], [ -3.549883568754911, 47.99207199447163 ], [ -3.549891877822667, 47.991986519212517 ], [ -3.549937433823666, 47.991603041240325 ], [ -3.549858863681036, 47.990996745663963 ], [ -3.549840628856785, 47.990812375517123 ], [ -3.549829610679085, 47.990736928289351 ], [ -3.549773272682207, 47.990408999768775 ], [ -3.549770451953924, 47.990333871224067 ], [ -3.549757950736414, 47.989982467638967 ], [ -3.549739526508742, 47.989653925640496 ], [ -3.549729235742018, 47.989526249429687 ], [ -3.54992097067604, 47.989085052474437 ], [ -3.549915509901374, 47.988930049700159 ], [ -3.550158644642357, 47.988648000010457 ], [ -3.550191763815145, 47.988607455725713 ], [ -3.550516645247853, 47.988649403536257 ], [ -3.551133629262818, 47.988698624007796 ], [ -3.551409822576309, 47.988559875738986 ], [ -3.551912603201039, 47.988424166356836 ], [ -3.551996309878498, 47.987330330414444 ], [ -3.552014599911373, 47.98730149277619 ], [ -3.552063299911373, 47.987202657309481 ], [ -3.552127099911373, 47.987162072254847 ], [ -3.552174599911373, 47.987117772939555 ], [ -3.552212299911375, 47.98707492308727 ], [ -3.552239499911373, 47.987033794473312 ], [ -3.552230799911373, 47.986999550823235 ], [ -3.552212299911375, 47.986969293204744 ], [ -3.552217099911372, 47.986947279427376 ], [ -3.552195699911374, 47.986897725777204 ], [ -3.552185499911374, 47.986813022544098 ], [ -3.552193399911373, 47.986745441131731 ], [ -3.552159799911374, 47.986691086102418 ], [ -3.552190499911374, 47.986630389646734 ], [ -3.552172599911374, 47.986582285436107 ], [ -3.552177699911375, 47.986523129028235 ], [ -3.552188999911374, 47.986453463970179 ], [ -3.552238599911373, 47.986409255190182 ], [ -3.552254399911374, 47.986323736556599 ], [ -3.552233799911376, 47.986285597415979 ], [ -3.552248499911373, 47.986264308345852 ], [ -3.552276299911375, 47.986084211839064 ], [ -3.552318599911374, 47.985999508481946 ], [ -3.552307499911374, 47.98592060299007 ], [ -3.552275799911375, 47.985867334982302 ], [ -3.552301199911372, 47.985798938128141 ], [ -3.552430699911374, 47.985707893295952 ], [ -3.552502299911374, 47.985712151114292 ], [ -3.552533099911374, 47.985667398723983 ], [ -3.552543399911374, 47.98562201218683 ], [ -3.552575799911375, 47.985552799975316 ], [ -3.552580899911373, 47.985440556593005 ], [ -3.552605899911373, 47.985402326799843 ], [ -3.552661599911374, 47.985338368893537 ], [ -3.552691099911372, 47.985334201664251 ], [ -3.552730599911374, 47.985301135604729 ], [ -3.552710399911374, 47.985103735718099 ], [ -3.552700399911374, 47.98504285790505 ], [ -3.552622599911376, 47.984935144020071 ], [ -3.552630299911371, 47.984694531599402 ], [ -3.552545799911374, 47.984522950238791 ], [ -3.552635099911376, 47.98445971696794 ], [ -3.552612799911373, 47.984335877575631 ], [ -3.552503299911375, 47.98424936210963 ], [ -3.552491199911373, 47.984210226313259 ], [ -3.552410399911374, 47.984173717685906 ], [ -3.552388799911375, 47.984145634124765 ], [ -3.552373399911374, 47.984102421674713 ], [ -3.552316799911376, 47.984071982714184 ], [ -3.552120899911374, 47.98397894457144 ], [ -3.552008999911374, 47.983858094613993 ], [ -3.551986162148541, 47.983838891349826 ], [ -3.552016598646292, 47.982360187563728 ], [ -3.551879798684365, 47.981956332288078 ], [ -3.552425398185346, 47.980628772404643 ], [ -3.554052626052237, 47.980064238700265 ], [ -3.554281639401438, 47.980036223435917 ], [ -3.55461170664145, 47.980090525514427 ], [ -3.55513468671842, 47.97958859287688 ], [ -3.554859398592163, 47.979140123323418 ], [ -3.555088546055962, 47.978876171871505 ], [ -3.555409813307994, 47.978597377583881 ], [ -3.55611531162246, 47.978774761893519 ], [ -3.556770272386371, 47.978903018348888 ], [ -3.557532210974928, 47.979090726801715 ], [ -3.557878020227784, 47.979179351995839 ], [ -3.559274573362688, 47.979432844933072 ], [ -3.5596236482528, 47.979286054420513 ], [ -3.559757761049606, 47.979229616978458 ], [ -3.559945521492496, 47.978392754203639 ], [ -3.559630364173052, 47.977929547917896 ], [ -3.559259776751468, 47.977845023240548 ], [ -3.559258817700722, 47.977504732860226 ], [ -3.559143219974438, 47.977373099029791 ], [ -3.558500628703896, 47.976703669268588 ], [ -3.559204703722267, 47.976536146009849 ], [ -3.55784032166832, 47.975254827095767 ], [ -3.558121623579822, 47.973817751971822 ], [ -3.558134973926574, 47.971107960963892 ], [ -3.556758206664572, 47.968959240928484 ], [ -3.556547681465792, 47.968916850123037 ], [ -3.556336401290094, 47.96867849368968 ], [ -3.556347026757093, 47.968448899214579 ], [ -3.556460823760895, 47.968361873709696 ], [ -3.555347572934614, 47.965212813297981 ], [ -3.555042652612831, 47.964880491173446 ], [ -3.554822686616972, 47.964323137330339 ], [ -3.554978484067826, 47.963928557144115 ], [ -3.555385821057682, 47.962979082325944 ], [ -3.555178821986206, 47.962147293484165 ], [ -3.554912304354539, 47.961552538843577 ], [ -3.553954417694408, 47.960893743163865 ], [ -3.55368949037876, 47.960788356696554 ], [ -3.552861444737121, 47.96056666441018 ], [ -3.552359834876511, 47.960144728029107 ], [ -3.552169441853396, 47.959839378230186 ], [ -3.551533199183554, 47.959471715234741 ], [ -3.550759159548919, 47.95904243762169 ], [ -3.550667351267272, 47.959016377897711 ], [ -3.550576777932433, 47.958941317358821 ], [ -3.549561647454125, 47.958378015443429 ], [ -3.549264286879108, 47.95786490112161 ], [ -3.548584920415351, 47.957337329847618 ], [ -3.548395374072445, 47.957159306840566 ], [ -3.548379005979522, 47.957108418478541 ], [ -3.548326411512418, 47.956881684752929 ], [ -3.548533948264482, 47.956604132428026 ], [ -3.548453982557869, 47.956466164558208 ], [ -3.549158806664622, 47.956756169474033 ], [ -3.550300110479795, 47.956923381042813 ], [ -3.551131764325467, 47.956518855381205 ], [ -3.551391898475983, 47.957064766873131 ], [ -3.552505834719728, 47.957370675784261 ], [ -3.553560380438867, 47.958474344789067 ], [ -3.554095627293644, 47.957248928393085 ], [ -3.554960682315021, 47.957044685504258 ], [ -3.555480646590916, 47.95733247036712 ], [ -3.555492401809795, 47.957952881476302 ], [ -3.553901466494056, 47.958701686823517 ], [ -3.553677049272801, 47.958809306563055 ], [ -3.553366912802517, 47.960074501087973 ], [ -3.553272083341718, 47.960476130956579 ], [ -3.553729262256208, 47.960738601133272 ], [ -3.555244531885638, 47.961780772234235 ], [ -3.555369616926303, 47.961828336447269 ], [ -3.557652970772683, 47.961631985537096 ], [ -3.559392146703419, 47.961003027573852 ], [ -3.558887913976247, 47.959635934256113 ], [ -3.55828812937352, 47.959188749929865 ], [ -3.559158716278263, 47.958822507549939 ], [ -3.559761368970289, 47.959044688509024 ], [ -3.560115648436212, 47.959307368418678 ], [ -3.560058472776013, 47.959699034884935 ], [ -3.559924024896668, 47.96089500433537 ], [ -3.560248584236006, 47.961142531112642 ], [ -3.56079458457016, 47.962142003365173 ], [ -3.560676134330846, 47.96258452670962 ], [ -3.560335896224273, 47.962849309698569 ], [ -3.559582391698312, 47.963905042545932 ], [ -3.560417402856464, 47.964991535413489 ], [ -3.560610794168892, 47.965268747217422 ], [ -3.560719140070971, 47.965590974456063 ], [ -3.561134787888874, 47.966599006845428 ], [ -3.561666068786181, 47.967770997581937 ], [ -3.561747312476061, 47.967909291957028 ], [ -3.561082988061992, 47.969093223007576 ], [ -3.561398353858799, 47.9696667377913 ], [ -3.561906230447747, 47.969859426775159 ], [ -3.563281804356123, 47.970512641834034 ], [ -3.563054502940055, 47.971577291835857 ], [ -3.562244382988464, 47.972160946606223 ], [ -3.5611046165263, 47.9715990313709 ], [ -3.560255882655707, 47.971237692936285 ], [ -3.559443708172641, 47.971625803582185 ], [ -3.559443994679328, 47.972764741897592 ], [ -3.560177208376377, 47.973690773612773 ], [ -3.559571682594509, 47.974588625679559 ], [ -3.559563728317205, 47.974748106211223 ], [ -3.561277622067542, 47.978364720217897 ], [ -3.561372914414128, 47.978449216144298 ], [ -3.561397064770106, 47.97851159748167 ], [ -3.561420290396816, 47.978531828493104 ], [ -3.561367361346488, 47.978562170588262 ], [ -3.561763968475379, 47.98002331329711 ], [ -3.561948778473411, 47.980344475528454 ], [ -3.561571266551432, 47.980990610643047 ], [ -3.56112810937574, 47.981486354264064 ], [ -3.559767894130836, 47.982086967530265 ], [ -3.55955037990308, 47.982327412253341 ], [ -3.557929808194874, 47.982783199228209 ], [ -3.556159358064644, 47.982381212029111 ], [ -3.557301448322951, 47.983416000954989 ], [ -3.55792696561264, 47.984020592127578 ], [ -3.558712953499254, 47.984407335543011 ], [ -3.558940162580515, 47.985124781791015 ], [ -3.558923381064206, 47.985832105879979 ], [ -3.559741392014966, 47.98632382349237 ], [ -3.560192307384871, 47.986771378659952 ], [ -3.560133258524636, 47.987095601291259 ], [ -3.559832499898374, 47.987399331049929 ], [ -3.558853374721225, 47.987457905967688 ], [ -3.557889639776666, 47.987327575168152 ], [ -3.556044575751525, 47.987075453323925 ], [ -3.557355562337489, 47.988137240243859 ], [ -3.556912618597383, 47.989190501046608 ], [ -3.556798129704961, 47.989527548083899 ], [ -3.556892090274884, 47.990527279066043 ], [ -3.556712025354967, 47.991077495173897 ], [ -3.556706170167622, 47.991961995674416 ], [ -3.556823481626199, 47.992663290705906 ], [ -3.556002085562072, 47.993122755613399 ], [ -3.555631312839388, 47.994087384627917 ], [ -3.555418872205992, 47.99430969700137 ], [ -3.554119713216255, 47.994130148503217 ], [ -3.553933308742218, 47.994215863460511 ], [ -3.553783986373705, 47.994389194571326 ], [ -3.553415957381945, 47.99290883720208 ], [ -3.553908027896433, 47.992125911072321 ], [ -3.553555054702889, 47.990864025968662 ], [ -3.551925564498652, 47.990438490127531 ], [ -3.551575524621267, 47.991521192034824 ], [ -3.551024321233419, 47.995265186697466 ], [ -3.550240262411158, 48.000585010569189 ], [ -3.550117399911374, 48.00061621785872 ] ], [ [ -3.554234788969541, 47.981499627489868 ], [ -3.553848279251948, 47.981650709224454 ], [ -3.554229710530559, 47.981815590432674 ], [ -3.555966290382025, 47.982294129952564 ], [ -3.554611050722754, 47.981352321744041 ], [ -3.554234788969541, 47.981499627489868 ] ] ], [ [ [ -3.546786099911373, 47.953691619080125 ], [ -3.546747399911375, 47.953577376122986 ], [ -3.546739299911372, 47.953431514739904 ], [ -3.546630599911373, 47.953246334146179 ], [ -3.546641299911373, 47.953169054750965 ], [ -3.546732199911375, 47.953117504949155 ], [ -3.546775399911374, 47.953009241289983 ], [ -3.546751299911373, 47.952831489529366 ], [ -3.546833599911376, 47.952633172130902 ], [ -3.546950499911374, 47.952522009263959 ], [ -3.547058699911374, 47.95248758229171 ], [ -3.547158861228496, 47.95246318299499 ], [ -3.546915448373952, 47.952858813257436 ], [ -3.548076720915996, 47.953494637356613 ], [ -3.547602778652398, 47.955130791421539 ], [ -3.547777996267338, 47.954525187861321 ], [ -3.547777429663254, 47.954523491157843 ], [ -3.547353071138394, 47.9538814141426 ], [ -3.547236236425484, 47.953866184150726 ], [ -3.546896917279268, 47.953825162704106 ], [ -3.546771286079347, 47.953756266238798 ], [ -3.546786099911373, 47.953691619080125 ] ] ], [ [ [ -3.644737250891936, 47.925228672592254 ], [ -3.644914014099902, 47.925294963863195 ], [ -3.64513381777213, 47.9253238020097 ], [ -3.645402115762184, 47.925338274235102 ], [ -3.646022025584346, 47.925332854806143 ], [ -3.646382199395554, 47.925354342163502 ], [ -3.646449402782648, 47.925414033585881 ], [ -3.646444944009029, 47.925466187110416 ], [ -3.646509170179665, 47.925504065518084 ], [ -3.646594416262113, 47.925519683812396 ], [ -3.646610397255165, 47.925514176603542 ], [ -3.646661682009725, 47.925560685966914 ], [ -3.646621855104061, 47.925749717434783 ], [ -3.646469077693803, 47.92641481775614 ], [ -3.646351508064001, 47.926930321431996 ], [ -3.643945740726895, 47.924756708004878 ], [ -3.644165360621573, 47.924875472207219 ], [ -3.644387656766325, 47.92502416285987 ], [ -3.644737250891936, 47.925228672592254 ] ] ], [ [ [ -3.667021472231256, 47.964103259969534 ], [ -3.666764003153479, 47.963398857827784 ], [ -3.666981936394908, 47.963994173015294 ], [ -3.667017212258036, 47.964064722959208 ], [ -3.667021472231256, 47.964103259969534 ] ] ], [ [ [ -3.667549313410853, 47.96500858743633 ], [ -3.667336521623456, 47.964650223656051 ], [ -3.667411594953063, 47.964703014250745 ], [ -3.667497968037763, 47.964808880457824 ], [ -3.667559568126772, 47.964918858328318 ], [ -3.667565602346866, 47.964960647268313 ], [ -3.667549313410853, 47.96500858743633 ] ] ], [ [ [ -3.673443868738439, 47.974729981007386 ], [ -3.673613649696299, 47.974920201808445 ], [ -3.673844919275828, 47.97510380914585 ], [ -3.67393628322249, 47.975194602841668 ], [ -3.674007873617165, 47.975307990991368 ], [ -3.674346557213609, 47.975643832334811 ], [ -3.67439527121812, 47.975761216823201 ], [ -3.674430115530967, 47.975895182949685 ], [ -3.674523986238742, 47.976037960940815 ], [ -3.674579822704232, 47.976099105822058 ], [ -3.674589618057948, 47.976141734056711 ], [ -3.674639303941382, 47.976164151865532 ], [ -3.67468969885879, 47.976218756033774 ], [ -3.674790563362872, 47.976274498089552 ], [ -3.674907636289534, 47.976284442343044 ], [ -3.674923787064791, 47.976291651558725 ], [ -3.675115140430487, 47.976376275691223 ], [ -3.675100434696866, 47.976501308500431 ], [ -3.675067196662515, 47.97654662083346 ], [ -3.67505532738203, 47.976800399161178 ], [ -3.675018264980864, 47.977069619091893 ], [ -3.674983772746036, 47.977269028793458 ], [ -3.673896934254754, 47.975714417163061 ], [ -3.67326620873731, 47.97465083127949 ], [ -3.673443868738439, 47.974729981007386 ] ] ], [ [ [ -3.665733105906482, 47.982572226212156 ], [ -3.665860637416686, 47.982521405760593 ], [ -3.665920103731881, 47.982552596616557 ], [ -3.666371255626486, 47.982800876114155 ], [ -3.665866790411758, 47.982611303201907 ], [ -3.665733105906482, 47.982572226212156 ] ] ], [ [ [ -3.672166094698265, 47.982985189215441 ], [ -3.672273880182865, 47.982870399592372 ], [ -3.673072622896952, 47.983059570752545 ], [ -3.673178830542378, 47.983210403918051 ], [ -3.673150441202682, 47.983226855352882 ], [ -3.673135331421254, 47.983225641218866 ], [ -3.673119658336385, 47.983222577651986 ], [ -3.672162544879339, 47.982995844126066 ], [ -3.672155272088993, 47.982987582371933 ], [ -3.672157914491255, 47.982984416696397 ], [ -3.672166094698265, 47.982985189215441 ] ] ], [ [ [ -3.666684855507009, 47.983576854674794 ], [ -3.666746412047843, 47.983243462337143 ], [ -3.666863234160933, 47.983568392592858 ], [ -3.666977039161338, 47.983821105062646 ], [ -3.666698394534356, 47.983620629138244 ], [ -3.666684855507009, 47.983576854674794 ] ] ], [ [ [ -3.680119693381895, 47.984615797131667 ], [ -3.680025519183087, 47.984480829226868 ], [ -3.680156443306127, 47.98444063605038 ], [ -3.680570110942536, 47.984318471336422 ], [ -3.680651805339512, 47.984415048344829 ], [ -3.680133101873166, 47.984611768647852 ], [ -3.680119693381895, 47.984615797131667 ] ] ], [ [ [ -3.675689720200095, 47.984831870391858 ], [ -3.675692069708931, 47.984819506766414 ], [ -3.675708233468665, 47.984809251011697 ], [ -3.675715292524068, 47.984823330172503 ], [ -3.675706830331504, 47.984830212468367 ], [ -3.675689720200095, 47.984831870391858 ] ] ], [ [ [ -3.680690069698456, 47.985469676695089 ], [ -3.680823056713169, 47.985424927098222 ], [ -3.68090310195278, 47.985532042903813 ], [ -3.680654502925262, 47.985629847098309 ], [ -3.68069186138775, 47.985472469245224 ], [ -3.680690069698456, 47.985469676695089 ] ] ], [ [ [ -3.666921524080352, 47.986574463285308 ], [ -3.666917771949725, 47.986573470705522 ], [ -3.666902200222434, 47.986567650932514 ], [ -3.667022054587484, 47.985886553634387 ], [ -3.666022628753674, 47.985916189605277 ], [ -3.666016077686235, 47.985905490452197 ], [ -3.665431037798385, 47.985571861422315 ], [ -3.665429212629674, 47.98556998728138 ], [ -3.665365646238078, 47.985512977883474 ], [ -3.665513630523545, 47.985387181490239 ], [ -3.666274912956791, 47.985188657587855 ], [ -3.666448621047566, 47.984690926113075 ], [ -3.666631250894401, 47.984618661539713 ], [ -3.666933738317058, 47.984464018792082 ], [ -3.667442811737882, 47.984717258178989 ], [ -3.667796049907956, 47.98489850861462 ], [ -3.6684464296544, 47.98498445153075 ], [ -3.668522728094281, 47.985192767131338 ], [ -3.668614309627481, 47.985294905057671 ], [ -3.668307036099811, 47.985733342909256 ], [ -3.668137695022594, 47.985753473360177 ], [ -3.66810209921933, 47.985759824998254 ], [ -3.667088669471321, 47.985895209764621 ], [ -3.666973567713131, 47.98655020222445 ], [ -3.666931625810871, 47.986574507583214 ], [ -3.666921524080352, 47.986574463285308 ] ] ], [ [ [ -3.677338095082516, 47.992717367249895 ], [ -3.677338089448536, 47.992717520343589 ], [ -3.677268990042495, 47.992793387922291 ], [ -3.677206189644113, 47.992783890688088 ], [ -3.677338095082516, 47.992717367249895 ] ] ], [ [ [ -3.599523347562995, 47.918231005103252 ], [ -3.599532638079423, 47.918151678882225 ], [ -3.599435091418183, 47.918010321758103 ], [ -3.599435200696707, 47.918007413115049 ], [ -3.599660545854403, 47.917854413463019 ], [ -3.599899930276226, 47.917260474285825 ], [ -3.599974211560873, 47.917097263433845 ], [ -3.600025808124527, 47.916949993031821 ], [ -3.600133692392733, 47.916681743071805 ], [ -3.600185457041818, 47.916563584197618 ], [ -3.600188669251596, 47.916545264087333 ], [ -3.600203955798071, 47.9165078812524 ], [ -3.600197272813463, 47.916501007240527 ], [ -3.600198873166155, 47.91649200027193 ], [ -3.600194465291991, 47.916441356114007 ], [ -3.60009577856927, 47.916397565732908 ], [ -3.599956020945842, 47.916254448617536 ], [ -3.600280199038689, 47.916174809574429 ], [ -3.600574177574839, 47.915454341596885 ], [ -3.600484004944449, 47.915351891919357 ], [ -3.6004861399742, 47.915328647923459 ], [ -3.60045937190451, 47.91526851941336 ], [ -3.600396383484944, 47.915198323933453 ], [ -3.600396521480933, 47.915194649861675 ], [ -3.600564888147288, 47.915080039928 ], [ -3.600593068685712, 47.915068958150954 ], [ -3.600669539732575, 47.91498177848905 ], [ -3.600804914326593, 47.914687112815272 ], [ -3.600854685762284, 47.91453796761013 ], [ -3.600881069894965, 47.914389888463234 ], [ -3.601199121192526, 47.913649830543093 ], [ -3.601290628912128, 47.912994115917897 ], [ -3.601296742274771, 47.912965742369948 ], [ -3.601296600357528, 47.912952717481673 ], [ -3.601318977871694, 47.912793681327088 ], [ -3.601294544540675, 47.912772206088064 ], [ -3.601293898565371, 47.912755800743895 ], [ -3.601231018581915, 47.912699549028176 ], [ -3.601180270142159, 47.912673106710912 ], [ -3.601146035973608, 47.912643776164984 ], [ -3.601110476987162, 47.912515298367225 ], [ -3.601085312084574, 47.912210846860177 ], [ -3.601011532114984, 47.911823158082086 ], [ -3.600965166786203, 47.911713615077176 ], [ -3.600865604591748, 47.911592441340176 ], [ -3.600971273572704, 47.911483782584327 ], [ -3.601055515338324, 47.911542451574689 ], [ -3.601166035452448, 47.911573455134828 ], [ -3.601175533390559, 47.911572571950344 ], [ -3.601281981291248, 47.911628006413522 ], [ -3.601904354738882, 47.911420407964556 ], [ -3.602049782164084, 47.911513233319297 ], [ -3.602215544798193, 47.911686281080364 ], [ -3.602305985059159, 47.911731131683666 ], [ -3.602387434752159, 47.911746541874024 ], [ -3.602417045950619, 47.911747744398156 ], [ -3.602449698949109, 47.911768770373669 ], [ -3.602539394511287, 47.911749414977166 ], [ -3.602652658853509, 47.911740946531992 ], [ -3.602818080816681, 47.911704561741061 ], [ -3.60293060841864, 47.911665285138739 ], [ -3.603377806663478, 47.911568940708307 ], [ -3.604009540137919, 47.911010845635403 ], [ -3.604104901719051, 47.91094135253293 ], [ -3.604365203731019, 47.910730521347915 ], [ -3.604346306978405, 47.910712833552225 ], [ -3.604602768613173, 47.910486605586243 ], [ -3.604897965526685, 47.910253794612061 ], [ -3.605285158053727, 47.909923386911998 ], [ -3.604545779302619, 47.914764057502552 ], [ -3.600118794342826, 47.918523076134392 ], [ -3.59852117558049, 47.91987923715098 ], [ -3.598724536540846, 47.919555746777078 ], [ -3.599198342600788, 47.918937066076211 ], [ -3.599348568663734, 47.918684061098688 ], [ -3.599485896341716, 47.918337652690084 ], [ -3.599485930850366, 47.918336734171049 ], [ -3.599540676869207, 47.918273633981883 ], [ -3.599523347562995, 47.918231005103252 ] ] ], [ [ [ -3.634866432925659, 47.916553108567101 ], [ -3.634845677762441, 47.916534314900446 ], [ -3.634830126492333, 47.916511334352222 ], [ -3.634865967560328, 47.916548656584041 ], [ -3.634866432925659, 47.916553108567101 ] ] ], [ [ [ -3.572631825006326, 47.933209594603227 ], [ -3.572842314712945, 47.933151006384733 ], [ -3.572933822133372, 47.933267898462759 ], [ -3.572346562816652, 47.933509508291863 ], [ -3.572362770467103, 47.933481491098263 ], [ -3.572434865525173, 47.933410932938642 ], [ -3.572523002960363, 47.933366741280949 ], [ -3.57268928965415, 47.933308797948683 ], [ -3.572631825006326, 47.933209594603227 ] ] ], [ [ [ -3.571689111631754, 47.933771308678615 ], [ -3.571692623143221, 47.933778579723068 ], [ -3.571515670801677, 47.933851475143769 ], [ -3.57151203758256, 47.933847418915136 ], [ -3.571689111631754, 47.933771308678615 ] ] ], [ [ [ -3.570262022295593, 47.934373847079755 ], [ -3.569962449536745, 47.934501422917805 ], [ -3.569967051075329, 47.934479913710604 ], [ -3.569858583541806, 47.934344294994773 ], [ -3.570050099696926, 47.934286860747633 ], [ -3.570115209695671, 47.934334129496293 ], [ -3.570242361789947, 47.934376363049225 ], [ -3.570262022295593, 47.934373847079755 ] ] ], [ [ [ -3.568604339408, 47.935065195442405 ], [ -3.568614058729309, 47.935075195748098 ], [ -3.56850308078352, 47.935122450338341 ], [ -3.568495439079675, 47.935107589273557 ], [ -3.568604339408, 47.935065195442405 ] ] ], [ [ [ -3.617478194126602, 47.970971201225922 ], [ -3.618110643327057, 47.970233190564286 ], [ -3.618122577667954, 47.970217953493957 ], [ -3.618153328910624, 47.970189147794429 ], [ -3.618158934746869, 47.970224955408156 ], [ -3.618157386696148, 47.970232584923863 ], [ -3.618152609748913, 47.970242142097973 ], [ -3.617517511235227, 47.97098347087406 ], [ -3.61750164143187, 47.970985760769551 ], [ -3.617495854546993, 47.970988556937016 ], [ -3.617490313895548, 47.970984770213605 ], [ -3.617478194126602, 47.970971201225922 ] ] ], [ [ [ -3.623558051510024, 47.972836149783234 ], [ -3.623550734168241, 47.972846116439598 ], [ -3.623540145889483, 47.972842230014109 ], [ -3.623539583582632, 47.972840380439521 ], [ -3.623539606450672, 47.972839768076369 ], [ -3.623538407515884, 47.972838059107474 ], [ -3.623541710712785, 47.972834141172527 ], [ -3.623558051510024, 47.972836149783234 ] ] ], [ [ [ -3.622815015990018, 47.973171668654132 ], [ -3.622716736497167, 47.973216603808254 ], [ -3.623173463469418, 47.973007327795415 ], [ -3.622815015990018, 47.973171668654132 ] ] ], [ [ [ -3.634292947760832, 47.976441731569196 ], [ -3.634292537332378, 47.97645275414672 ], [ -3.634285386125442, 47.97645828159439 ], [ -3.634278537039875, 47.976455695200059 ], [ -3.634278054315118, 47.976451702376437 ], [ -3.634276849448087, 47.976450146565995 ], [ -3.634277634295008, 47.976446025547929 ], [ -3.634292947760832, 47.976441731569196 ] ] ], [ [ [ -3.582871003000862, 47.980636192202184 ], [ -3.582897314839836, 47.98069187269526 ], [ -3.58284773603093, 47.980700532686498 ], [ -3.582838977795983, 47.980698365777187 ], [ -3.5820970941643, 47.980245658710857 ], [ -3.582090338710555, 47.980240620937167 ], [ -3.58208971285695, 47.980223755786369 ], [ -3.582177877933924, 47.980213263690203 ], [ -3.582871003000862, 47.980636192202184 ] ] ], [ [ [ -3.58480089211615, 47.986953936410231 ], [ -3.584799664792874, 47.986952992632212 ], [ -3.58522158102071, 47.986314746329597 ], [ -3.58428371228106, 47.986034009867808 ], [ -3.583784688161173, 47.986272529272242 ], [ -3.583783455076242, 47.986271738578097 ], [ -3.583781590998853, 47.986270935262922 ], [ -3.583757016005594, 47.986252825022106 ], [ -3.584232254203986, 47.986025473646265 ], [ -3.583891209010707, 47.985474924543382 ], [ -3.582916529453514, 47.985667617296528 ], [ -3.582898033401225, 47.985655756799702 ], [ -3.582898073870719, 47.985654685167276 ], [ -3.582900065118877, 47.985652120503488 ], [ -3.583921182307267, 47.985450398270743 ], [ -3.583926994125954, 47.985446990777149 ], [ -3.584070266634918, 47.985415385008736 ], [ -3.584845295565718, 47.985643687391061 ], [ -3.585075606586336, 47.985731943049018 ], [ -3.585368377431862, 47.98617305488645 ], [ -3.585998733387264, 47.986336411364803 ], [ -3.586078520606386, 47.986531352211372 ], [ -3.586077056442321, 47.986536685152686 ], [ -3.585960057277183, 47.986691995329139 ], [ -3.585394107984966, 47.986545400243543 ], [ -3.585112148199755, 47.986972263368813 ], [ -3.584826167816901, 47.986970222049052 ], [ -3.584802744658017, 47.986955045896352 ], [ -3.58480089211615, 47.986953936410231 ] ] ], [ [ [ -3.59332913586867, 47.998183457010356 ], [ -3.592710643172718, 47.998189043562675 ], [ -3.592327336857224, 47.997601202716041 ], [ -3.59331489068705, 47.997756799211103 ], [ -3.593611091793171, 47.997572118755613 ], [ -3.594704832992776, 47.998060904905785 ], [ -3.59332913586867, 47.998183457010356 ] ] ], [ [ [ -3.56732338673834, 47.935624381254087 ], [ -3.566860855048092, 47.935821601333174 ], [ -3.566829669968052, 47.935761837931139 ], [ -3.566863576828416, 47.93569985943742 ], [ -3.566932224385897, 47.935670445622776 ], [ -3.567045859990165, 47.935669665955928 ], [ -3.567183410463273, 47.935654046625331 ], [ -3.56732338673834, 47.935624381254087 ] ] ], [ [ [ -3.555107271499229, 47.945390758071312 ], [ -3.555281444909414, 47.945242444820664 ], [ -3.555346879151606, 47.945115225876748 ], [ -3.555447030120562, 47.944971394857021 ], [ -3.555464354459541, 47.944847801945542 ], [ -3.555412687461219, 47.94454663306449 ], [ -3.555360890799279, 47.94448124286474 ], [ -3.555286077792869, 47.944456753676022 ], [ -3.555257584807849, 47.944459090005395 ], [ -3.55546701960524, 47.943781860840858 ], [ -3.555491151745519, 47.943794603766293 ], [ -3.555508415887262, 47.943805369755779 ], [ -3.555529522540384, 47.943814681180001 ], [ -3.555592650411168, 47.943847667302379 ], [ -3.555667861050285, 47.943928083907508 ], [ -3.555775868844464, 47.943959370385514 ], [ -3.555801219733933, 47.943956664220948 ], [ -3.556066107887967, 47.944095139090066 ], [ -3.556364820696376, 47.943858638845029 ], [ -3.556704105700632, 47.943783513911256 ], [ -3.557104014883776, 47.943624581967583 ], [ -3.557278206385351, 47.943525445946804 ], [ -3.557350139332875, 47.9434596390699 ], [ -3.557574420817888, 47.943205090918809 ], [ -3.55758221981455, 47.943099537285406 ], [ -3.557471366277548, 47.942927246788486 ], [ -3.557395253024467, 47.942870559403246 ], [ -3.557272855984464, 47.94283591979061 ], [ -3.557249046153447, 47.942831303413797 ], [ -3.557161439238385, 47.942595441961203 ], [ -3.557767679360797, 47.941674187685123 ], [ -3.55787896426131, 47.941602585921416 ], [ -3.557888274371023, 47.94149047503717 ], [ -3.557933143490276, 47.941422590622395 ], [ -3.560285213529555, 47.940401375006815 ], [ -3.563642435462053, 47.937357388046436 ], [ -3.563982980744398, 47.937215019539479 ], [ -3.563998578153126, 47.937186531087988 ], [ -3.564110870080854, 47.937004946075319 ], [ -3.56471546240409, 47.936740116587572 ], [ -3.555133303359716, 47.945668889188795 ], [ -3.555144237535638, 47.945530766197948 ], [ -3.555075148790107, 47.945521712787567 ], [ -3.555007899831788, 47.945514075290674 ], [ -3.55504225440151, 47.945390825806101 ], [ -3.555080150315762, 47.945390211161254 ], [ -3.555107271499229, 47.945390758071312 ] ] ], [ [ [ -3.554949425367138, 47.945839987290441 ], [ -3.554962936624494, 47.945816666294633 ], [ -3.554989332154106, 47.945803103789203 ], [ -3.554949425367138, 47.945839987290441 ] ] ], [ [ [ -3.552425718325215, 47.947103570723925 ], [ -3.552594852889612, 47.946888820542625 ], [ -3.552660543867928, 47.946837903367694 ], [ -3.5528445130802, 47.946896769069127 ], [ -3.552843841563044, 47.946897827950849 ], [ -3.552425718325215, 47.947103570723925 ] ] ], [ [ [ -3.561327029522845, 47.997062769165964 ], [ -3.561343358499972, 47.997048543022231 ], [ -3.561331967402686, 47.997032533452781 ], [ -3.561357561665756, 47.997040402400145 ], [ -3.561441902585527, 47.997047921309772 ], [ -3.562311031113779, 47.997975765359712 ], [ -3.562502358969899, 47.998092987511939 ], [ -3.563540190535995, 47.99850362015313 ], [ -3.56263337152994, 47.999415964954665 ], [ -3.562443579488543, 47.999923401025356 ], [ -3.561852917937559, 47.9996780306668 ], [ -3.56160210273057, 47.99936442451984 ], [ -3.562250184909097, 47.998031381339146 ], [ -3.561345874061946, 47.997065446455579 ], [ -3.561327029522845, 47.997062769165964 ] ] ] ] } },
{ "type": "Feature", "properties": { "HAUTEUR": "2m>h>5m" }, "geometry": { "type": "MultiPolygon", "coordinates": [ [ [ [ -3.609446799911373, 47.906653151302891 ], [ -3.610010499911374, 47.906449471721757 ], [ -3.610303099911373, 47.906488250580161 ], [ -3.610574199911373, 47.906388041655475 ], [ -3.610495799911376, 47.906265181502533 ], [ -3.610727699911372, 47.906303960373805 ], [ -3.610820667690572, 47.906285773637258 ], [ -3.609770419301684, 47.907641510751617 ], [ -3.608949163568297, 47.908779855035704 ], [ -3.608017879527865, 47.909705205058216 ], [ -3.606400447911107, 47.910401808770914 ], [ -3.605365716573953, 47.911560711194781 ], [ -3.605643028103124, 47.909617673091816 ], [ -3.606142994584502, 47.909190693559594 ], [ -3.606163281512626, 47.909154482305055 ], [ -3.606141961290858, 47.909117290048982 ], [ -3.606047046027928, 47.909057185495897 ], [ -3.606008811513235, 47.90901674588676 ], [ -3.606040517265961, 47.908962071404474 ], [ -3.606108038823059, 47.908945030785077 ], [ -3.606269895804482, 47.909003556320926 ], [ -3.606330881846306, 47.909009365640713 ], [ -3.606582007455029, 47.908824239985563 ], [ -3.606787729881903, 47.908655216082622 ], [ -3.606813761469199, 47.908583576585784 ], [ -3.606861509387462, 47.908538566313112 ], [ -3.606936017600604, 47.908520285578248 ], [ -3.607146502302217, 47.908342010836947 ], [ -3.607337029305424, 47.908140665306291 ], [ -3.607497517890357, 47.90801685429355 ], [ -3.608394911003817, 47.907254758033233 ], [ -3.608892606813574, 47.906820373207822 ], [ -3.608963931822437, 47.906753990449424 ], [ -3.609446799911373, 47.906653151302891 ] ] ], [ [ [ -3.645819586286446, 47.929932633885109 ], [ -3.645823003629125, 47.929778947601463 ], [ -3.646289926450094, 47.929560172217847 ], [ -3.646413586549178, 47.929748653649163 ], [ -3.645819586286446, 47.929932633885109 ] ] ], [ [ [ -3.643177480622314, 47.930559784736822 ], [ -3.642376980622314, 47.930773093508947 ], [ -3.641827680622316, 47.931016631868552 ], [ -3.641568380622314, 47.931137750411885 ], [ -3.641337780622314, 47.931543947974646 ], [ -3.641183980622314, 47.931712412859078 ], [ -3.640942780622314, 47.931858655994418 ], [ -3.640403580622316, 47.931893490088321 ], [ -3.639774780622314, 47.931844341984586 ], [ -3.639591180622316, 47.931650752509192 ], [ -3.639360580622315, 47.931516821424673 ], [ -3.639152180622315, 47.931397905035965 ], [ -3.638812980622315, 47.931262272286446 ], [ -3.638606980622314, 47.931198009389753 ], [ -3.638390580622314, 47.931150663050005 ], [ -3.638215780622313, 47.931077991923971 ], [ -3.637993480622315, 47.930898215970586 ], [ -3.637962183235354, 47.930866786097219 ], [ -3.637976658198436, 47.930846014053031 ], [ -3.639105412233859, 47.930055845107361 ], [ -3.638563186151022, 47.928191427957344 ], [ -3.638441634602307, 47.928099868654783 ], [ -3.638520512158536, 47.927947304105828 ], [ -3.638840865272691, 47.927919762750378 ], [ -3.641390246541971, 47.9282310591623 ], [ -3.641656675543356, 47.928296056038448 ], [ -3.641705893305423, 47.92846615891709 ], [ -3.642849857309428, 47.929984233686596 ], [ -3.642978551891333, 47.930359504919323 ], [ -3.643283597009943, 47.930552515982683 ], [ -3.643177480622314, 47.930559784736822 ] ] ], [ [ [ -3.635540399911374, 47.932870021558593 ], [ -3.635535099911374, 47.932981369561155 ], [ -3.635583299911374, 47.933092717541385 ], [ -3.635661099911372, 47.933229252422365 ], [ -3.635838199911372, 47.933417882507946 ], [ -3.635931999911374, 47.933453760269138 ], [ -3.636028599911375, 47.93350585549905 ], [ -3.636090299911374, 47.933642390278415 ], [ -3.636157299911374, 47.933764519568207 ], [ -3.636291399911375, 47.933881303411439 ], [ -3.636417499911374, 47.933989027198507 ], [ -3.636481899911375, 47.934071654681233 ], [ -3.636495299911374, 47.934213534738007 ], [ -3.636369499911374, 47.93475867635572 ], [ -3.636101299911373, 47.935372311111145 ], [ -3.635609599911374, 47.935761347765514 ], [ -3.635524299911375, 47.936006148985854 ], [ -3.635234699911376, 47.93614087115099 ], [ -3.635095199911373, 47.936203747523528 ], [ -3.635103199911375, 47.93627559328344 ], [ -3.635162199911373, 47.936306125463581 ], [ -3.635374099911377, 47.936293532071971 ], [ -3.635398299911373, 47.936352784429999 ], [ -3.635317799911373, 47.936482161116366 ], [ -3.635256099911373, 47.936575569615563 ], [ -3.635264199911375, 47.936656384715697 ], [ -3.635572599911375, 47.93687192179177 ], [ -3.635773799911374, 47.937001207757334 ], [ -3.635926699911376, 47.937024582511718 ], [ -3.636404099911374, 47.93702992790115 ], [ -3.636611999911374, 47.937052396656185 ], [ -3.636817199911373, 47.937081116797366 ], [ -3.636854699911372, 47.93715839843172 ], [ -3.636880199911373, 47.937268839576348 ], [ -3.637016399911373, 47.937620276017476 ], [ -3.637555699911374, 47.938274768038816 ], [ -3.638116299911374, 47.938698683486415 ], [ -3.638514799911373, 47.939278067294481 ], [ -3.638850099911374, 47.939547419404668 ], [ -3.639207599911372, 47.940011378787595 ], [ -3.639587699911377, 47.940483854112991 ], [ -3.640481499911375, 47.940579979916166 ], [ -3.641339599911372, 47.940813091714688 ], [ -3.642045799911374, 47.941028898974544 ], [ -3.642716199911373, 47.941477817669949 ], [ -3.642839731200726, 47.941608126945582 ], [ -3.641935023397117, 47.941685016404008 ], [ -3.641673089453012, 47.941888823981614 ], [ -3.640812280154889, 47.942701146079472 ], [ -3.639716078008229, 47.94293462675347 ], [ -3.637901940781871, 47.942802043033581 ], [ -3.637820355074097, 47.942738540972783 ], [ -3.636702731026546, 47.941698170334945 ], [ -3.635874795019251, 47.940472312818429 ], [ -3.63584546982316, 47.940412292116974 ], [ -3.635861865729603, 47.940124290494111 ], [ -3.635663269581688, 47.940355842974697 ], [ -3.635703482803858, 47.940462498558261 ], [ -3.635013541692377, 47.941736543861154 ], [ -3.633938619970072, 47.942347745680195 ], [ -3.632085331807644, 47.942368605759398 ], [ -3.631504296183046, 47.941547765760831 ], [ -3.631259754841995, 47.941267172477964 ], [ -3.629508369894862, 47.941263974889708 ], [ -3.628829181285, 47.941468403822427 ], [ -3.628661902105549, 47.941841360713454 ], [ -3.628859436987657, 47.942214481574496 ], [ -3.629420013806683, 47.94224593698415 ], [ -3.631599014849099, 47.942664944847806 ], [ -3.631731995990136, 47.942738044123388 ], [ -3.631915800703857, 47.942751479166247 ], [ -3.633746633398414, 47.943147498728308 ], [ -3.634162029981445, 47.94324715935619 ], [ -3.635661959169136, 47.943410502641711 ], [ -3.63598854900244, 47.94328457944107 ], [ -3.63728924401231, 47.943034777572791 ], [ -3.637821162347529, 47.943056296884222 ], [ -3.63816984995022, 47.944237155451674 ], [ -3.639604061971585, 47.944420006117682 ], [ -3.640711911484826, 47.944213258964965 ], [ -3.641571708497771, 47.943870325907724 ], [ -3.642711600917289, 47.943667262178636 ], [ -3.643652110660395, 47.94354713183867 ], [ -3.644585616454578, 47.942913833241505 ], [ -3.644794599911374, 47.943004047920375 ], [ -3.645576699911373, 47.943273398222971 ], [ -3.645978999911375, 47.943497811409273 ], [ -3.646291899911374, 47.944036511404718 ], [ -3.646448299911376, 47.944784674776272 ], [ -3.646448299911376, 47.945368219762614 ], [ -3.646314199911375, 47.945981661595184 ], [ -3.646157799911373, 47.946475422436166 ], [ -3.646387599911373, 47.946703458257986 ], [ -3.646368499911373, 47.946957948661314 ], [ -3.646517399911374, 47.947137967256374 ], [ -3.646552199911373, 47.947237172244833 ], [ -3.646422099911373, 47.947313455885997 ], [ -3.646426199911372, 47.947369173740782 ], [ -3.646551799911375, 47.94743630695352 ], [ -3.646908699911374, 47.94767023125624 ], [ -3.646932899911374, 47.948039237130644 ], [ -3.646770799911374, 47.948376533471588 ], [ -3.646578999911374, 47.948504548386964 ], [ -3.646367930146456, 47.948840400687359 ], [ -3.645968574660221, 47.94873523320986 ], [ -3.645096127825356, 47.948686968334641 ], [ -3.644786715766237, 47.948996168944092 ], [ -3.643342457139019, 47.949421832569641 ], [ -3.642777801025098, 47.949635003227115 ], [ -3.641534440051739, 47.950514409371536 ], [ -3.641300057879721, 47.950434723934563 ], [ -3.641256959949145, 47.950626296650171 ], [ -3.641482294509446, 47.95074563644134 ], [ -3.642004185984076, 47.951802897063374 ], [ -3.641716277837031, 47.952382305565607 ], [ -3.641110351040612, 47.953501768612895 ], [ -3.641014698019132, 47.953663657543544 ], [ -3.64084731224659, 47.953785373255201 ], [ -3.639767152744551, 47.953923575623122 ], [ -3.638963135304305, 47.953867285542458 ], [ -3.638445914292296, 47.952718951746348 ], [ -3.638235394060817, 47.952337005317219 ], [ -3.637587707024422, 47.951234662599475 ], [ -3.63743840219494, 47.950989046583416 ], [ -3.637193098714594, 47.950558154587185 ], [ -3.636742659310113, 47.949736688031763 ], [ -3.636203788226302, 47.949595684740231 ], [ -3.63514908870939, 47.948779452961517 ], [ -3.634459839759284, 47.94791343635795 ], [ -3.633237882980497, 47.948453866871873 ], [ -3.632592832451946, 47.949164245530881 ], [ -3.631154680933479, 47.948543411641893 ], [ -3.630788588390766, 47.947407999882486 ], [ -3.629976902887211, 47.948287276621954 ], [ -3.628708670819322, 47.94800253574148 ], [ -3.627194698923799, 47.947486340905471 ], [ -3.626872993469534, 47.947362166710434 ], [ -3.626040427913527, 47.947446660351204 ], [ -3.624906857434887, 47.946852330531215 ], [ -3.623554648835249, 47.946653676990024 ], [ -3.623047358459379, 47.946529958916798 ], [ -3.622899650899129, 47.945329912741187 ], [ -3.622355595487384, 47.944669716889308 ], [ -3.622097102133103, 47.943985759715261 ], [ -3.621338611711848, 47.94352415405821 ], [ -3.620670282094828, 47.943200528026907 ], [ -3.619187331894609, 47.943208372453569 ], [ -3.618590905304004, 47.94334224654277 ], [ -3.618266954610335, 47.943059295138767 ], [ -3.618334514757193, 47.94278854738775 ], [ -3.618218714015899, 47.941564005473623 ], [ -3.617239193093967, 47.9403977143524 ], [ -3.615362971535491, 47.940323731823995 ], [ -3.614964450856446, 47.940364236736727 ], [ -3.614837321407936, 47.940084571655916 ], [ -3.614613395642449, 47.939726691099409 ], [ -3.61391853217946, 47.938595598578345 ], [ -3.613100654465466, 47.93815453449379 ], [ -3.611687883698746, 47.93841388930862 ], [ -3.611133341373196, 47.938710658276221 ], [ -3.609711744634676, 47.938699880798481 ], [ -3.609114149365682, 47.938477965099253 ], [ -3.608510260282646, 47.938642910982296 ], [ -3.60708144497518, 47.938538516387368 ], [ -3.605940476212043, 47.939156669870357 ], [ -3.605118583684062, 47.939883197912991 ], [ -3.604269857646999, 47.939995766329275 ], [ -3.603565166107315, 47.940289831787396 ], [ -3.602813265190175, 47.94089977759451 ], [ -3.602092039637677, 47.941180026782831 ], [ -3.601546594880641, 47.941283760896511 ], [ -3.600968296390289, 47.940850630078543 ], [ -3.59991440085959, 47.940342298635898 ], [ -3.59933025969305, 47.939829840486084 ], [ -3.598174276408369, 47.939099465797611 ], [ -3.597557599357712, 47.938965989280376 ], [ -3.597495344545573, 47.93837231399867 ], [ -3.597285812789192, 47.937750883658552 ], [ -3.597810277179299, 47.937147151240254 ], [ -3.598758150528637, 47.936999054490798 ], [ -3.599468727904618, 47.936833662020746 ], [ -3.600249713996707, 47.936726048039517 ], [ -3.599615728829523, 47.936264074137043 ], [ -3.599105518791272, 47.936136247703899 ], [ -3.597741413801602, 47.935772319205384 ], [ -3.596904737517781, 47.935279790821355 ], [ -3.596313620405276, 47.934685527381106 ], [ -3.595274516787691, 47.934306460318865 ], [ -3.594250380164894, 47.934083339530702 ], [ -3.593213748273056, 47.934292913413699 ], [ -3.591690113245379, 47.934228023412658 ], [ -3.59221652439606, 47.935098459855439 ], [ -3.592375772362656, 47.935713376796912 ], [ -3.593927662721455, 47.936185270702467 ], [ -3.594167769485752, 47.93622836289542 ], [ -3.594388791644458, 47.936359318573196 ], [ -3.594340650813205, 47.936732938012881 ], [ -3.593330199475304, 47.937151697615647 ], [ -3.592576372597585, 47.937644056858389 ], [ -3.590916386047086, 47.936975118946677 ], [ -3.590255799382085, 47.936097861279535 ], [ -3.589834587715577, 47.935852901634547 ], [ -3.589380358482383, 47.935362003973353 ], [ -3.588806149500634, 47.934688694506605 ], [ -3.588659754029291, 47.934353012894562 ], [ -3.589396556974331, 47.933290570418208 ], [ -3.589778249222725, 47.933277514602153 ], [ -3.589514240503372, 47.933098508054101 ], [ -3.590582087746108, 47.931892537974434 ], [ -3.590902178393186, 47.931470578179784 ], [ -3.591959028368602, 47.930069662089679 ], [ -3.592290340662471, 47.929952796713891 ], [ -3.592914832531396, 47.92939075697123 ], [ -3.593676337130112, 47.928692649144566 ], [ -3.594242651806868, 47.928552588097432 ], [ -3.595643992791814, 47.927906766650608 ], [ -3.597228667131009, 47.927084119273744 ], [ -3.597909414723686, 47.926031561776682 ], [ -3.59893084862185, 47.924813135145456 ], [ -3.599138626128675, 47.9246746457531 ], [ -3.599467939839032, 47.924509469980421 ], [ -3.599580111352245, 47.924883219138124 ], [ -3.600610970554361, 47.925949972887324 ], [ -3.602087910020437, 47.926767766496113 ], [ -3.602837839223336, 47.927031345434798 ], [ -3.604902434417957, 47.927628408698567 ], [ -3.606043506493054, 47.928467981890648 ], [ -3.608211563208065, 47.929218888323561 ], [ -3.606758903055656, 47.930056970923872 ], [ -3.607354219054896, 47.93101145972166 ], [ -3.608293539637171, 47.93167879162749 ], [ -3.609946949730034, 47.931749034665074 ], [ -3.610919326972913, 47.932747619048413 ], [ -3.611319795820473, 47.93282282956406 ], [ -3.612943919816195, 47.932934134500186 ], [ -3.613270500546692, 47.93366817297067 ], [ -3.614381060338097, 47.933724687162339 ], [ -3.615488393814506, 47.933934945086136 ], [ -3.61578777603708, 47.934688049163725 ], [ -3.615937701249528, 47.935994770071716 ], [ -3.616409287774131, 47.93680138657443 ], [ -3.617299291946838, 47.937372861862642 ], [ -3.615622877759864, 47.938336649344492 ], [ -3.615307781479554, 47.939909450918591 ], [ -3.617276627646398, 47.940189948725106 ], [ -3.617787846625802, 47.938857116921824 ], [ -3.61760684805851, 47.937401634229133 ], [ -3.617808570441766, 47.937340676319153 ], [ -3.617756018836861, 47.937176321259798 ], [ -3.617880230138411, 47.935390307034595 ], [ -3.618158715206853, 47.935031668020898 ], [ -3.617784144917628, 47.934651655209166 ], [ -3.616862444596248, 47.933071947063894 ], [ -3.616655600861794, 47.932713183055867 ], [ -3.616160328774906, 47.932607761337209 ], [ -3.61378963832935, 47.93224236617111 ], [ -3.612902268645013, 47.930186250134042 ], [ -3.612843848079908, 47.930111553474347 ], [ -3.612754399551485, 47.929955350335121 ], [ -3.610722363608969, 47.928671914483758 ], [ -3.609783836202783, 47.928236405099184 ], [ -3.608517995181309, 47.926801792337528 ], [ -3.607085722543842, 47.925750694648542 ], [ -3.604451402811355, 47.924713507386755 ], [ -3.603696250414985, 47.925043486508187 ], [ -3.603596446037332, 47.924457495979908 ], [ -3.603553129390451, 47.924047892389197 ], [ -3.6040107801996, 47.923909928910007 ], [ -3.605596480889395, 47.921929033060792 ], [ -3.606224873036369, 47.921814837249954 ], [ -3.608699107235692, 47.92080756575524 ], [ -3.608680158405046, 47.918484356613874 ], [ -3.606793624386685, 47.917653261834289 ], [ -3.60555218428481, 47.917288918395627 ], [ -3.606154584898236, 47.916167523952723 ], [ -3.60766236132377, 47.916260939025221 ], [ -3.609729810318336, 47.917045983504465 ], [ -3.612015598868026, 47.916854244150457 ], [ -3.612760174194715, 47.916905493423911 ], [ -3.616241670759229, 47.917660169627538 ], [ -3.616255904427533, 47.91766765243932 ], [ -3.616270515958279, 47.917665031509372 ], [ -3.616276591708538, 47.917654428007708 ], [ -3.616266227243988, 47.917644723951 ], [ -3.616235230409853, 47.917596157222093 ], [ -3.613459011032856, 47.915599240633 ], [ -3.613796422045521, 47.914137053586444 ], [ -3.611344775097938, 47.912137510045127 ], [ -3.61100589682634, 47.911801549709594 ], [ -3.610873895314778, 47.911130973540764 ], [ -3.611744855690378, 47.911243414553553 ], [ -3.613005268846554, 47.911352248794913 ], [ -3.614902396623628, 47.912387398994582 ], [ -3.616150493267668, 47.911121914566493 ], [ -3.618213739263173, 47.910684549417667 ], [ -3.619861282754851, 47.911037553976087 ], [ -3.620968549345844, 47.912763541753634 ], [ -3.621614063960746, 47.913472932089505 ], [ -3.622243469839436, 47.914985842437744 ], [ -3.62369719573545, 47.915834098824533 ], [ -3.62550587367315, 47.917232616153115 ], [ -3.62609512201299, 47.917844974103005 ], [ -3.628737379372151, 47.917925116839797 ], [ -3.631454057681612, 47.918599423303874 ], [ -3.630676099856525, 47.921103889672693 ], [ -3.630504228965943, 47.921736734480177 ], [ -3.631183460661192, 47.921849276276134 ], [ -3.632032379762038, 47.922082212505131 ], [ -3.633648344740726, 47.922594867903513 ], [ -3.634164566199359, 47.922899510482836 ], [ -3.636023253492947, 47.924267351356434 ], [ -3.63412161268057, 47.925681395342522 ], [ -3.634005531572577, 47.925765202476214 ], [ -3.633992072265168, 47.92577075839074 ], [ -3.633976175989487, 47.925773968186675 ], [ -3.632062232780357, 47.927279517374998 ], [ -3.631763914348562, 47.927545709329024 ], [ -3.629838347967336, 47.928480641532317 ], [ -3.627986193590228, 47.927885610006044 ], [ -3.627014484548267, 47.927051977417122 ], [ -3.625987669881697, 47.927780664311655 ], [ -3.624197583243421, 47.92836432489328 ], [ -3.622721817903224, 47.928168884428189 ], [ -3.621999703677752, 47.928595343138582 ], [ -3.620825134104694, 47.928868520138522 ], [ -3.620167116722558, 47.929606014806225 ], [ -3.619743213127359, 47.930799937959421 ], [ -3.619668420315511, 47.931585450997915 ], [ -3.620011940072143, 47.93222206940969 ], [ -3.621087508892615, 47.932572915926698 ], [ -3.622196508299161, 47.93322867608741 ], [ -3.623477496937669, 47.934214306608894 ], [ -3.623719218045744, 47.934451038714272 ], [ -3.624060353938687, 47.93476358139776 ], [ -3.625376372431339, 47.935504922850086 ], [ -3.626600925644565, 47.935585526281528 ], [ -3.627849113723261, 47.935387762391557 ], [ -3.628622825972298, 47.935338561555312 ], [ -3.628941318412702, 47.935530997086701 ], [ -3.630479407783419, 47.935513748433735 ], [ -3.631382267019807, 47.935453912449674 ], [ -3.63226048049991, 47.935954148687912 ], [ -3.632613206663483, 47.937363059351682 ], [ -3.632580306667382, 47.937517755847736 ], [ -3.632702743306552, 47.937670464072937 ], [ -3.633051243360512, 47.937837134292892 ], [ -3.632972529711388, 47.937527185816748 ], [ -3.632940868890909, 47.937445210768999 ], [ -3.633352366274248, 47.935919790539856 ], [ -3.633758966941822, 47.93544109740003 ], [ -3.633823712667493, 47.934396930918325 ], [ -3.633976396688622, 47.93377090129222 ], [ -3.634570757492637, 47.933012031882697 ], [ -3.635300538549747, 47.93280291386651 ], [ -3.635526163071627, 47.932772902316152 ], [ -3.635540399911374, 47.932870021558593 ] ], [ [ -3.620345818923641, 47.926022198919199 ], [ -3.620831653242186, 47.927156627053165 ], [ -3.622134205269698, 47.927528510431372 ], [ -3.622056872631922, 47.926591227129052 ], [ -3.621900981211406, 47.926000154225775 ], [ -3.620345818923641, 47.926022198919199 ] ], [ [ -3.620098336170548, 47.939605189331871 ], [ -3.620641479693833, 47.939984554144118 ], [ -3.621018903296788, 47.939410476707039 ], [ -3.620543170879885, 47.938966878233657 ], [ -3.6201348231193, 47.939253701205345 ], [ -3.620098336170548, 47.939605189331871 ] ] ], [ [ [ -3.562594399911374, 48.014888493048133 ], [ -3.562184599911372, 48.01474717711676 ], [ -3.562039099911376, 48.014566636903474 ], [ -3.561200899911376, 48.014298498796592 ], [ -3.561023199911376, 48.014320511490631 ], [ -3.560831199911373, 48.014099297463872 ], [ -3.560743499911374, 48.014106906793025 ], [ -3.560279799911374, 48.013710496839842 ], [ -3.560299799911373, 48.013549885505519 ], [ -3.559929099911376, 48.013140249393579 ], [ -3.559478366118226, 48.012772905766276 ], [ -3.559476100766327, 48.012745115654369 ], [ -3.559416452745744, 48.012685849009245 ], [ -3.559509342205004, 48.012601768771205 ], [ -3.559515805105319, 48.012597915437254 ], [ -3.559741596713111, 48.012423972209263 ], [ -3.55977519669756, 48.012404118539294 ], [ -3.559964294997647, 48.012314773651056 ], [ -3.559973960198529, 48.012309759083578 ], [ -3.56000286851371, 48.012297011748331 ], [ -3.560142064286152, 48.012207734823363 ], [ -3.560175431375375, 48.012194004735832 ], [ -3.56035564641058, 48.01207246013702 ], [ -3.56038778602095, 48.012057786061462 ], [ -3.560629818685258, 48.011971650668698 ], [ -3.560872860332394, 48.011809084285943 ], [ -3.560886481065444, 48.011799706219705 ], [ -3.560902864922971, 48.011784102205169 ], [ -3.560961646621848, 48.011766440301358 ], [ -3.561424402352083, 48.011922217808078 ], [ -3.561561988000677, 48.011858646477208 ], [ -3.561903151916064, 48.011873169857296 ], [ -3.562007879996474, 48.011577133032958 ], [ -3.562123462035967, 48.011544066791387 ], [ -3.562142396617613, 48.011544447645591 ], [ -3.562612946389266, 48.01141188765483 ], [ -3.562660739499735, 48.011417445095518 ], [ -3.562698178345576, 48.01142953545309 ], [ -3.563041368110545, 48.011440573706352 ], [ -3.563084743193895, 48.011446042193143 ], [ -3.563309371966314, 48.011435544721095 ], [ -3.563575062936768, 48.011408253643523 ], [ -3.563643986395467, 48.011406268853065 ], [ -3.563860683236442, 48.01138841044525 ], [ -3.563922820943679, 48.01138215250117 ], [ -3.564128904344467, 48.011361016237103 ], [ -3.564168291492721, 48.011355066886679 ], [ -3.564543591986617, 48.011302247207283 ], [ -3.564600403734698, 48.011286536276742 ], [ -3.564651238719994, 48.011278518812631 ], [ -3.564951300278012, 48.011211010045344 ], [ -3.564993636114501, 48.011193935587258 ], [ -3.56527852126641, 48.011076941439555 ], [ -3.56535471683526, 48.011033123119645 ], [ -3.5653798451538, 48.011003446103871 ], [ -3.565578485739165, 48.010945388707512 ], [ -3.5660074064284, 48.011143985793197 ], [ -3.566512662398828, 48.010962167534728 ], [ -3.566537584090869, 48.010521735197131 ], [ -3.566532874003868, 48.010396163116695 ], [ -3.566537880757849, 48.010314144155473 ], [ -3.566564195601435, 48.01013664501474 ], [ -3.566771884583635, 48.009823370318969 ], [ -3.566783961458953, 48.009788068663141 ], [ -3.567288529264507, 48.009574214249312 ], [ -3.567527215796963, 48.009476052714888 ], [ -3.567912869665788, 48.009333194846178 ], [ -3.568237825426521, 48.009108683106291 ], [ -3.568310306783584, 48.009062797369481 ], [ -3.568299187681226, 48.009022893218074 ], [ -3.56842433106138, 48.008804173917596 ], [ -3.568315605810384, 48.008589950802872 ], [ -3.568322292044334, 48.008546880430515 ], [ -3.56826962355975, 48.008436738718544 ], [ -3.568165956335016, 48.008255710019455 ], [ -3.568082122307661, 48.008117977790889 ], [ -3.567974878003697, 48.007931361672618 ], [ -3.567880485448109, 48.007772274618446 ], [ -3.567798036425633, 48.007631352722697 ], [ -3.567734448246461, 48.007526047424264 ], [ -3.56765279691487, 48.007347452350473 ], [ -3.567560190707271, 48.007224558088808 ], [ -3.567504106866381, 48.007121241942627 ], [ -3.567464808363545, 48.007074949849709 ], [ -3.567376100042846, 48.006999168610548 ], [ -3.567228702688106, 48.006822163681406 ], [ -3.567183172648215, 48.006790301100281 ], [ -3.567033456762802, 48.006641133273916 ], [ -3.566996015175984, 48.006562551526841 ], [ -3.566939351458428, 48.006424598594549 ], [ -3.566769322605863, 48.006344732056888 ], [ -3.566613569895003, 48.0061382960847 ], [ -3.566555218663652, 48.006078138721293 ], [ -3.56649812393111, 48.006018159792518 ], [ -3.566228068540112, 48.005827965079817 ], [ -3.566064589978593, 48.005558864619971 ], [ -3.565993200964628, 48.005492776407522 ], [ -3.565992963183597, 48.005449107400764 ], [ -3.566026430017293, 48.005399374525709 ], [ -3.566052855820062, 48.005352104695291 ], [ -3.566140929546667, 48.004961815697513 ], [ -3.566146207012054, 48.004939246990091 ], [ -3.566160668844997, 48.004857724628963 ], [ -3.56628209650397, 48.00467034009958 ], [ -3.566286804690259, 48.004662774313573 ], [ -3.566297181702415, 48.004555737390788 ], [ -3.566410493278249, 48.00439913769921 ], [ -3.5664184731423, 48.004388573492378 ], [ -3.566432667325433, 48.004364039033916 ], [ -3.566492160080448, 48.004260899908502 ], [ -3.566595576596554, 48.004098739053447 ], [ -3.566698350022678, 48.003986817363952 ], [ -3.566801005133579, 48.003894657042508 ], [ -3.566814091821576, 48.003882663343845 ], [ -3.566817375108274, 48.003879358736995 ], [ -3.566911525572791, 48.003778294663292 ], [ -3.56699749675773, 48.003709699467734 ], [ -3.567074154154265, 48.003620234096942 ], [ -3.567076140375864, 48.00361782267548 ], [ -3.56707953978833, 48.003611456244201 ], [ -3.567227181646639, 48.003365612928775 ], [ -3.567305757214951, 48.00330881924414 ], [ -3.567317668664079, 48.003294503792944 ], [ -3.567461341398615, 48.00311997536474 ], [ -3.567512158739191, 48.002912480562415 ], [ -3.567540235372487, 48.002738387863474 ], [ -3.567690494767962, 48.002573337288496 ], [ -3.567696690410165, 48.002459934918946 ], [ -3.567995797807223, 48.002266925887611 ], [ -3.568350414426972, 48.002158988904085 ], [ -3.56860093486183, 48.002048041685114 ], [ -3.568712539522149, 48.00205288731658 ], [ -3.569084593331082, 48.001884782150157 ], [ -3.56936164822922, 48.001890191567597 ], [ -3.56949667276898, 48.001893668436253 ], [ -3.569661415207711, 48.001912909344853 ], [ -3.569965414285713, 48.001940614225859 ], [ -3.57001639346012, 48.00194531453694 ], [ -3.570045429485854, 48.001945744178627 ], [ -3.57034333384994, 48.001950957804212 ], [ -3.570414416470344, 48.00194181321929 ], [ -3.570600031618705, 48.001960246565957 ], [ -3.570972800716434, 48.002256523787509 ], [ -3.571034124636947, 48.00228824271845 ], [ -3.571408255573122, 48.002265262045057 ], [ -3.571557811260337, 48.002385313423133 ], [ -3.572089134160888, 48.002414205310004 ], [ -3.572253556051085, 48.002491962690243 ], [ -3.572389535364544, 48.002620320636908 ], [ -3.572526396421964, 48.002725408639918 ], [ -3.57290045781238, 48.002837705678161 ], [ -3.572982246875505, 48.002929432122485 ], [ -3.573240144231183, 48.002973825724013 ], [ -3.573345445796002, 48.002961689301827 ], [ -3.573564482691025, 48.002981555939371 ], [ -3.573821171148087, 48.003007846004209 ], [ -3.574131105286022, 48.002995675829411 ], [ -3.574406768110759, 48.003004573470449 ], [ -3.574613750086968, 48.003042582050725 ], [ -3.574807133108151, 48.00303941140325 ], [ -3.575022314863575, 48.003044337902409 ], [ -3.575182064672935, 48.003028695678665 ], [ -3.575365391081264, 48.003007550805975 ], [ -3.575574193133793, 48.002980788070687 ], [ -3.575719804056148, 48.00295490352083 ], [ -3.575838792878814, 48.002931549456108 ], [ -3.575977340274813, 48.002892040895759 ], [ -3.576090041487729, 48.002851248234222 ], [ -3.57624799145891, 48.002766319318766 ], [ -3.576337655201538, 48.002683392463013 ], [ -3.576386013661411, 48.002607145026289 ], [ -3.576599571260953, 48.002371195290138 ], [ -3.576762483708797, 48.002155066779707 ], [ -3.576881466963151, 48.002014968032171 ], [ -3.576944073776137, 48.001912654321302 ], [ -3.577339434461652, 48.001729066251713 ], [ -3.577353312680616, 48.001729497491169 ], [ -3.577363265492462, 48.001716827475676 ], [ -3.577577791527191, 48.001471856959128 ], [ -3.577436221643799, 48.001073746352247 ], [ -3.577408842146468, 48.001012834219267 ], [ -3.577051822767281, 48.000817389896 ], [ -3.576998418329375, 48.000776639246112 ], [ -3.576834397111116, 48.000538026665595 ], [ -3.576852081150566, 48.000371078779864 ], [ -3.57704235492731, 47.999882330210369 ], [ -3.577133784941024, 47.999418718895768 ], [ -3.577057287467628, 47.999253867482935 ], [ -3.576866846731813, 47.998845585104263 ], [ -3.5768002069168, 47.998470271446465 ], [ -3.576804443248622, 47.998157967215789 ], [ -3.576832891518503, 47.997856719451164 ], [ -3.577264543876078, 47.997514677329818 ], [ -3.577687953429566, 47.997473980420281 ], [ -3.577703019027552, 47.997192534680735 ], [ -3.578059198740554, 47.99685878421856 ], [ -3.578377195175265, 47.99688338528874 ], [ -3.578671205387796, 47.996857559986722 ], [ -3.578937507844765, 47.996963243660787 ], [ -3.579566953853994, 47.997001893054943 ], [ -3.579866095126832, 47.997057521418498 ], [ -3.580475152400372, 47.996666474004272 ], [ -3.580628579465448, 47.996617301689284 ], [ -3.58068828083445, 47.996608385069848 ], [ -3.581307884507917, 47.996339192367017 ], [ -3.581415820790174, 47.996240389251625 ], [ -3.58182596572817, 47.996366719312448 ], [ -3.582087252787222, 47.996805829110386 ], [ -3.582648159297831, 47.99665266060363 ], [ -3.582920491159455, 47.996381417344082 ], [ -3.583450069598811, 47.996171392945698 ], [ -3.583851675415198, 47.995871633154806 ], [ -3.584268792883401, 47.995545678027511 ], [ -3.584558306644664, 47.995371143166338 ], [ -3.58483696442559, 47.995032459803326 ], [ -3.58507715228032, 47.994893094708488 ], [ -3.585102827594615, 47.994882117546965 ], [ -3.5854189046657, 47.994773378512321 ], [ -3.585972421412881, 47.994798844633337 ], [ -3.586734504796118, 47.99478649866802 ], [ -3.586983384760594, 47.99483513601443 ], [ -3.587419609518216, 47.994688654367195 ], [ -3.587809952091461, 47.994368897845021 ], [ -3.588147069765608, 47.993986794785968 ], [ -3.588403827309319, 47.993592055160377 ], [ -3.588298102744402, 47.993264073340882 ], [ -3.588319923900304, 47.993053850537663 ], [ -3.587695123471333, 47.992758702812665 ], [ -3.587485432886898, 47.992675765150125 ], [ -3.587422213370443, 47.992610614941626 ], [ -3.587379370213713, 47.992524269764971 ], [ -3.587022306452609, 47.991911816747717 ], [ -3.587209317003693, 47.991792375875121 ], [ -3.587166788359653, 47.991346155448213 ], [ -3.58704667946737, 47.991282472828743 ], [ -3.587289126542961, 47.99116659102333 ], [ -3.587573793193954, 47.990986133431562 ], [ -3.587816662790095, 47.990708320472237 ], [ -3.588105264013258, 47.990473705769332 ], [ -3.588292994527815, 47.990469029744474 ], [ -3.588892283026226, 47.990050338104211 ], [ -3.589426281526514, 47.989872559629092 ], [ -3.590107123219001, 47.989870068540228 ], [ -3.590556684808516, 47.989469524609518 ], [ -3.590028357432836, 47.988977602721789 ], [ -3.589179483024184, 47.988780786998618 ], [ -3.588924757561577, 47.98913879772573 ], [ -3.588394469665124, 47.98928524151215 ], [ -3.58762501724569, 47.989276456965939 ], [ -3.587559775371307, 47.989348692322196 ], [ -3.58750642734631, 47.989273015004386 ], [ -3.586769375892242, 47.989125150310414 ], [ -3.586615733999223, 47.989063248543516 ], [ -3.5866239067037, 47.988913576303688 ], [ -3.587220270329472, 47.988505403172326 ], [ -3.587488544060709, 47.988843067796651 ], [ -3.587511061080564, 47.988396768837191 ], [ -3.587637650167071, 47.988338781815244 ], [ -3.587527166595949, 47.988220903696956 ], [ -3.587333296188237, 47.988204313730904 ], [ -3.586978404005287, 47.98818756986374 ], [ -3.586228679293128, 47.988057834362138 ], [ -3.586086642831566, 47.988023128382594 ], [ -3.585562527080314, 47.987704860063289 ], [ -3.585542618107533, 47.98769695494596 ], [ -3.585541987105633, 47.987696942330942 ], [ -3.585541373435756, 47.987696470444234 ], [ -3.585532122169472, 47.987690616867724 ], [ -3.585122051665988, 47.987596622835042 ], [ -3.585049027522949, 47.987490216592363 ], [ -3.58447678330631, 47.987092081689752 ], [ -3.584390859273406, 47.987026323232598 ], [ -3.583977699989943, 47.986813530139941 ], [ -3.583608656205064, 47.986636549523126 ], [ -3.583399465061273, 47.986490649404004 ], [ -3.583072011244635, 47.986316031712605 ], [ -3.582892392295514, 47.986189720170515 ], [ -3.582595176306524, 47.985900036011742 ], [ -3.582605435194733, 47.985795601551771 ], [ -3.582563059972485, 47.985529860468858 ], [ -3.582584655026551, 47.985459664581981 ], [ -3.582671880314383, 47.985306978157126 ], [ -3.582946891101982, 47.984947237332747 ], [ -3.583205005596766, 47.984650279025445 ], [ -3.583432001832871, 47.984424857921312 ], [ -3.583607312525368, 47.984263821629995 ], [ -3.583924952744899, 47.983928832473978 ], [ -3.584124518936612, 47.983710675505122 ], [ -3.584366059457385, 47.983417674139432 ], [ -3.584432908411099, 47.983336279914269 ], [ -3.584791636776704, 47.9830836167108 ], [ -3.584814981594824, 47.983067384105212 ], [ -3.585269827150011, 47.982861224942823 ], [ -3.585572919792884, 47.982576806784806 ], [ -3.585601716496653, 47.982549958685951 ], [ -3.585623666246953, 47.982537221827599 ], [ -3.585856702586964, 47.9824024634853 ], [ -3.586013722870735, 47.982357802291375 ], [ -3.58639350344811, 47.982249876831034 ], [ -3.586578181796419, 47.98214157483315 ], [ -3.586781861128213, 47.982132163668709 ], [ -3.587095020567718, 47.982049409855961 ], [ -3.587620370906559, 47.982049643323634 ], [ -3.587898324928637, 47.982046464442874 ], [ -3.588731262717272, 47.982161922602032 ], [ -3.588832032405751, 47.982219089553908 ], [ -3.589012196485499, 47.982247201194056 ], [ -3.589758237229381, 47.982456825643183 ], [ -3.589956512638751, 47.982657807538487 ], [ -3.590437053490966, 47.983143412697501 ], [ -3.590557427264941, 47.983166345644051 ], [ -3.590707489231219, 47.98330630750506 ], [ -3.591211472601888, 47.98363917303702 ], [ -3.591450708196821, 47.983792251576489 ], [ -3.591418620471279, 47.983872963267359 ], [ -3.591683330533022, 47.984338783101151 ], [ -3.591707190310366, 47.984493231015733 ], [ -3.591349322904018, 47.9850250655238 ], [ -3.591386896372701, 47.985351837300129 ], [ -3.591709650647844, 47.985450356104536 ], [ -3.591754597330131, 47.985464122474141 ], [ -3.592257441478403, 47.98574380003457 ], [ -3.592269199623701, 47.985750162909454 ], [ -3.592273524288115, 47.985752700503994 ], [ -3.592455658759519, 47.985862813061857 ], [ -3.592869082918515, 47.986085703676594 ], [ -3.593023885514483, 47.986133528408658 ], [ -3.593024504976183, 47.986133847179474 ], [ -3.593487081902146, 47.986040887637685 ], [ -3.593725654625048, 47.986044114791142 ], [ -3.593736381494038, 47.986044328770816 ], [ -3.593749070512758, 47.986042743422146 ], [ -3.594022405792433, 47.986011579525368 ], [ -3.594033092310833, 47.986012865122788 ], [ -3.59424994311778, 47.986039558412003 ], [ -3.594298056686891, 47.986086632951341 ], [ -3.594638575542696, 47.986417913903921 ], [ -3.594827156511194, 47.986457524811996 ], [ -3.595047515108929, 47.986609149737745 ], [ -3.595525174778678, 47.986853691543743 ], [ -3.595703140190348, 47.986604909991556 ], [ -3.595745788139034, 47.986545550438009 ], [ -3.595757529053701, 47.98651882031821 ], [ -3.595909540889231, 47.986171009958568 ], [ -3.596180778565648, 47.986162015870462 ], [ -3.596212397360882, 47.986160807711471 ], [ -3.596394942584332, 47.98602518266452 ], [ -3.596568399979363, 47.985896117357157 ], [ -3.596657515240361, 47.985810106831607 ], [ -3.596764632142348, 47.985715569148127 ], [ -3.597350439942423, 47.985519191167242 ], [ -3.597514180992284, 47.98532941522123 ], [ -3.597875673073938, 47.985019329926118 ], [ -3.598079643267599, 47.984851191094592 ], [ -3.598028266500587, 47.984420732470596 ], [ -3.598024874479003, 47.98439339431215 ], [ -3.598023802515824, 47.984388317173014 ], [ -3.597980213523964, 47.984220914322648 ], [ -3.597985721985578, 47.984208767644361 ], [ -3.598212399005762, 47.98375581270183 ], [ -3.598224482026675, 47.98373674956342 ], [ -3.598218019122223, 47.983723904746469 ], [ -3.598228036572642, 47.983625440052009 ], [ -3.598231801891133, 47.983441362182305 ], [ -3.598264989178028, 47.983415212463271 ], [ -3.598341740235409, 47.983238104154722 ], [ -3.598486678607261, 47.982960472765683 ], [ -3.598364277867269, 47.982857071826615 ], [ -3.598476027852298, 47.982823907810143 ], [ -3.598398682856125, 47.982479493310706 ], [ -3.59838253777696, 47.982337916337841 ], [ -3.59851588385814, 47.982217395943621 ], [ -3.598746941929773, 47.982067568190701 ], [ -3.598737919367915, 47.98202203968151 ], [ -3.598775045954235, 47.981958279876523 ], [ -3.598757724829783, 47.981814381468951 ], [ -3.598854530452946, 47.981742005410709 ], [ -3.598955634543781, 47.981740036148565 ], [ -3.599100874583333, 47.98167260813787 ], [ -3.599348366436516, 47.981505488464904 ], [ -3.599815091024089, 47.98160379653757 ], [ -3.600009327671471, 47.981727930933246 ], [ -3.600580497051577, 47.981718622081331 ], [ -3.600648919365945, 47.981695778052483 ], [ -3.600652756936832, 47.981694475616862 ], [ -3.600674428376962, 47.981689085325272 ], [ -3.601153099917489, 47.981553530329649 ], [ -3.601155015820525, 47.981552955651964 ], [ -3.601156375542331, 47.98155037823409 ], [ -3.601213430215765, 47.981460357026549 ], [ -3.601319872086048, 47.98131631835011 ], [ -3.601377429529223, 47.981296934691969 ], [ -3.601479321136502, 47.981273990630072 ], [ -3.601803471444573, 47.981318438062672 ], [ -3.601922663528915, 47.981288790689348 ], [ -3.602216194241834, 47.981223852279356 ], [ -3.602352587222554, 47.981206956597276 ], [ -3.602521505827646, 47.98116466325159 ], [ -3.602905364051798, 47.981065211772375 ], [ -3.603038384893708, 47.981037217722132 ], [ -3.603105005265855, 47.981011885673297 ], [ -3.603493718661677, 47.980799923889009 ], [ -3.603526447964787, 47.980735462923306 ], [ -3.604413367620416, 47.980405484720393 ], [ -3.604422183780523, 47.980406119699282 ], [ -3.604427862396267, 47.980406232653493 ], [ -3.604432950286163, 47.980405261422263 ], [ -3.604453978780553, 47.980400164320912 ], [ -3.604454852372375, 47.980376894537102 ], [ -3.604433692945049, 47.980368660198778 ], [ -3.604303265420957, 47.979722145251131 ], [ -3.604371586923522, 47.979483278916675 ], [ -3.604103927476204, 47.979162045946694 ], [ -3.603940429942729, 47.978959167368515 ], [ -3.60398200309669, 47.978894575920251 ], [ -3.603922234906729, 47.978535653423236 ], [ -3.603919472387293, 47.978508327992984 ], [ -3.603926116561488, 47.978482721751007 ], [ -3.604051834919695, 47.978195052728793 ], [ -3.604240283888741, 47.978002392928204 ], [ -3.604292775932142, 47.977882405293258 ], [ -3.604752438396134, 47.977663886119842 ], [ -3.604962483902055, 47.977585486394048 ], [ -3.605373347394256, 47.977657697116726 ], [ -3.60551263036388, 47.977748712883994 ], [ -3.605991609269063, 47.977503304377933 ], [ -3.606166782324191, 47.977277286574875 ], [ -3.606403908651263, 47.97733531629423 ], [ -3.606769660888025, 47.977162571903662 ], [ -3.607098053751364, 47.977009460451583 ], [ -3.607501399052405, 47.976894913686024 ], [ -3.607676033029316, 47.976834651336546 ], [ -3.607890981121839, 47.976541246488878 ], [ -3.608711430317121, 47.97651756313995 ], [ -3.608792574314049, 47.976508910636426 ], [ -3.608816504331916, 47.97649375921128 ], [ -3.608824276432272, 47.976488551466502 ], [ -3.608830763705705, 47.976483931012908 ], [ -3.608860659113391, 47.9764612378723 ], [ -3.608827615771282, 47.976450010249977 ], [ -3.608812657083206, 47.976444810501675 ], [ -3.608679620036502, 47.975766228582145 ], [ -3.608666871534723, 47.97570208897551 ], [ -3.608924792221718, 47.975592769635824 ], [ -3.608947253501471, 47.97558310438788 ], [ -3.608966761042178, 47.975568018294695 ], [ -3.609186534488502, 47.975398344150889 ], [ -3.609272949594385, 47.975350116204027 ], [ -3.609650901426238, 47.975137928887847 ], [ -3.609586308685855, 47.975025112939491 ], [ -3.60990496074429, 47.974643069095734 ], [ -3.609890246090633, 47.974479767281338 ], [ -3.609852706816899, 47.974150551321259 ], [ -3.610173107135348, 47.973957596192847 ], [ -3.610456979394615, 47.973964306463387 ], [ -3.611052183953035, 47.974306434767783 ], [ -3.611138315894399, 47.974299412368666 ], [ -3.611848856306559, 47.974040509266104 ], [ -3.612297851170117, 47.974004686564342 ], [ -3.612739568393189, 47.974078872252605 ], [ -3.61284996256346, 47.974148932768941 ], [ -3.61359149676065, 47.974107575509606 ], [ -3.613696158960251, 47.9740440808161 ], [ -3.61420570771278, 47.97370626373089 ], [ -3.614582231398187, 47.973683552128563 ], [ -3.615169882288994, 47.973671155597188 ], [ -3.61563988788082, 47.973596827691097 ], [ -3.616077474932776, 47.973899504148605 ], [ -3.616326595948952, 47.974159988510934 ], [ -3.616942812331728, 47.974244824532207 ], [ -3.617138446850216, 47.974314887006415 ], [ -3.617230269998978, 47.974341373111955 ], [ -3.617956657568138, 47.974772486253244 ], [ -3.618077127256112, 47.974742088089215 ], [ -3.618824372289233, 47.974564930825807 ], [ -3.619097129451117, 47.974548120496365 ], [ -3.61914708908486, 47.974275794105949 ], [ -3.619475718598145, 47.973929782098025 ], [ -3.619509050506958, 47.973815079729874 ], [ -3.619544688428233, 47.973419140331174 ], [ -3.619924709279655, 47.973201458390434 ], [ -3.620069567353487, 47.97307594276765 ], [ -3.620326133430424, 47.972917862300022 ], [ -3.620807975855694, 47.9730334224258 ], [ -3.620978964841327, 47.973222338645925 ], [ -3.621392370285032, 47.973429077190445 ], [ -3.62105666934889, 47.973812487333774 ], [ -3.620968158715015, 47.974187310221183 ], [ -3.621251563602696, 47.974679651600567 ], [ -3.621246557912355, 47.974695332506144 ], [ -3.621261046250161, 47.974696232206938 ], [ -3.621266718833236, 47.974696497733859 ], [ -3.621628173863081, 47.975263002787855 ], [ -3.62166157234794, 47.975315447037559 ], [ -3.621668716179683, 47.975343931242321 ], [ -3.621746804953979, 47.975653570826069 ], [ -3.6217626924144, 47.97603950026938 ], [ -3.621852521738184, 47.976170123411805 ], [ -3.62210285646086, 47.97653388347176 ], [ -3.622368552040733, 47.976621720079123 ], [ -3.622730868888433, 47.97692886548144 ], [ -3.622876323876291, 47.977040978960943 ], [ -3.623014588834045, 47.977024411691545 ], [ -3.623051257266259, 47.976921724556732 ], [ -3.623457071168037, 47.97655455849376 ], [ -3.62384261453246, 47.976577967540052 ], [ -3.624321881642872, 47.976610890244501 ], [ -3.624352746032835, 47.976612879701932 ], [ -3.624362221495618, 47.976612760754861 ], [ -3.62489476875665, 47.976605370929661 ], [ -3.625093982141949, 47.976681317388412 ], [ -3.6252876088406, 47.976754701864692 ], [ -3.625714086328586, 47.976594918475129 ], [ -3.626138386723663, 47.97657803049421 ], [ -3.626442628352745, 47.976462095942111 ], [ -3.626809994984936, 47.976668065033849 ], [ -3.627112171791194, 47.97681054381097 ], [ -3.627675738011895, 47.976902575769913 ], [ -3.628336244276771, 47.977019502374006 ], [ -3.628725311976825, 47.977304030506772 ], [ -3.62923623943055, 47.97758866739963 ], [ -3.629842357773157, 47.977758901395802 ], [ -3.630434253554181, 47.977870328526564 ], [ -3.63092586429108, 47.977860274199969 ], [ -3.631653208428492, 47.977776585815718 ], [ -3.631946454721779, 47.977786205564357 ], [ -3.632170289349875, 47.977811613428912 ], [ -3.632483507037857, 47.977708868464092 ], [ -3.633076035519394, 47.977684714068985 ], [ -3.633631721703264, 47.977836015275088 ], [ -3.633758229863172, 47.978033387068749 ], [ -3.634055719333963, 47.978183421985449 ], [ -3.634920687308134, 47.978575223444693 ], [ -3.634996372739367, 47.978577482437146 ], [ -3.635102434935508, 47.978577889327212 ], [ -3.63587888046312, 47.978566086178574 ], [ -3.636392202793041, 47.978549551236355 ], [ -3.636669718008647, 47.978557780814839 ], [ -3.636636461664585, 47.978738824921294 ], [ -3.637245925644331, 47.978904504151714 ], [ -3.637539898666914, 47.978979547329303 ], [ -3.637454655059401, 47.979319052075624 ], [ -3.637704261705789, 47.979500463144433 ], [ -3.638083349874291, 47.979629885259101 ], [ -3.638087268691024, 47.979931927422655 ], [ -3.638277083836726, 47.980125181617893 ], [ -3.63875760609788, 47.980073982247418 ], [ -3.638822271422464, 47.980066983464312 ], [ -3.639288821970827, 47.98020471423628 ], [ -3.639308193883785, 47.980210151634481 ], [ -3.639441917176052, 47.980434625488201 ], [ -3.639450272468692, 47.980447659228048 ], [ -3.639734976600288, 47.980602335468177 ], [ -3.639757366822269, 47.980611509172178 ], [ -3.640208912398864, 47.980796281992554 ], [ -3.640305367985107, 47.980851343626867 ], [ -3.640539063882549, 47.980985403806784 ], [ -3.640997244195148, 47.98107669774457 ], [ -3.641374492639876, 47.981119976156521 ], [ -3.642171185701784, 47.981209506202063 ], [ -3.642366984673977, 47.981445924183618 ], [ -3.642952379234524, 47.981597322080049 ], [ -3.643326492283822, 47.981674086395572 ], [ -3.643895345078706, 47.981488873238931 ], [ -3.644775331561418, 47.981665059032622 ], [ -3.644803617236515, 47.981668526345544 ], [ -3.645098519382002, 47.981701904135392 ], [ -3.645894939378845, 47.982037151528957 ], [ -3.645922281689278, 47.98204902632628 ], [ -3.646245086447774, 47.982198313466668 ], [ -3.646286770795287, 47.982215066347351 ], [ -3.646665005902617, 47.982368047175896 ], [ -3.646718543279884, 47.982422721150229 ], [ -3.647056834016573, 47.982767339800532 ], [ -3.647230148465688, 47.982776262358584 ], [ -3.64724740685568, 47.982787632311329 ], [ -3.647888424604568, 47.98264856094714 ], [ -3.64802184247206, 47.982575500573432 ], [ -3.648201599492411, 47.982649047645481 ], [ -3.64870932412694, 47.982613677178932 ], [ -3.649154790962114, 47.98255440791732 ], [ -3.649607170469106, 47.982513045032789 ], [ -3.65003079516373, 47.982531938082829 ], [ -3.650447151097101, 47.98257657881868 ], [ -3.650962504332426, 47.982471644333557 ], [ -3.651304874827047, 47.982314746140176 ], [ -3.651668727712253, 47.982344871207104 ], [ -3.652356493777793, 47.982460560866599 ], [ -3.652383410221832, 47.982466910999847 ], [ -3.653119360229847, 47.982458069897717 ], [ -3.653446000535664, 47.982452990258906 ], [ -3.654120197899517, 47.98230428400781 ], [ -3.65430673330798, 47.982246049763489 ], [ -3.654824453270241, 47.982162293157685 ], [ -3.655018628847776, 47.981897689717911 ], [ -3.655050548020279, 47.98185419324534 ], [ -3.6555294869201, 47.981726317382766 ], [ -3.65553202781182, 47.981725907609089 ], [ -3.655534585705914, 47.981725038558324 ], [ -3.656162299998531, 47.981535427227939 ], [ -3.656226039421065, 47.981536370774634 ], [ -3.656365518055347, 47.981538186704526 ], [ -3.657037097194751, 47.981357552414039 ], [ -3.65759856298237, 47.98157599700852 ], [ -3.657753169170776, 47.981629737986609 ], [ -3.658341746019979, 47.982002987569487 ], [ -3.658834467584185, 47.982475471180265 ], [ -3.658553518997007, 47.981876914994658 ], [ -3.658438170006175, 47.981751938460746 ], [ -3.657865473882108, 47.981359084042566 ], [ -3.657639557134877, 47.981304251707058 ], [ -3.657732135256413, 47.981276651398488 ], [ -3.657143841344703, 47.98093006279538 ], [ -3.656965179869237, 47.98096332880958 ], [ -3.656930847018816, 47.980969703023391 ], [ -3.656907656301567, 47.980982117420595 ], [ -3.656360199869145, 47.981272427612765 ], [ -3.65644956161137, 47.981297620060261 ], [ -3.656222979516954, 47.98132902647562 ], [ -3.65608524676193, 47.981331227960979 ], [ -3.655475981205074, 47.98132954328176 ], [ -3.655455142200277, 47.981329594148477 ], [ -3.655325806585692, 47.981343756441291 ], [ -3.654567606672909, 47.98142509451435 ], [ -3.654552389689818, 47.981426787614382 ], [ -3.654504942200472, 47.981429227199811 ], [ -3.65442521317873, 47.981433791076427 ], [ -3.653754763689087, 47.98153262744836 ], [ -3.653642237964211, 47.981502076597934 ], [ -3.652882301277189, 47.981442732841714 ], [ -3.652504745629491, 47.981475767412675 ], [ -3.651967640584437, 47.98167373316825 ], [ -3.651900073655498, 47.981724955438906 ], [ -3.651891621402096, 47.981731530449892 ], [ -3.65122936995123, 47.981745337485592 ], [ -3.651209775776782, 47.981745871930997 ], [ -3.65095309397772, 47.981720455118818 ], [ -3.650921608895847, 47.981735157153992 ], [ -3.650460126181104, 47.981954060625938 ], [ -3.650352244074111, 47.982002652062278 ], [ -3.649686400810183, 47.981960004092286 ], [ -3.649661826919543, 47.981958602100732 ], [ -3.649630795704294, 47.981961056542602 ], [ -3.648778911903455, 47.982031338308374 ], [ -3.648720525238681, 47.981988213150402 ], [ -3.648671972993435, 47.981952328602532 ], [ -3.648385708134418, 47.981890323997121 ], [ -3.648031209529721, 47.981880445959476 ], [ -3.647876733786541, 47.98184033443664 ], [ -3.647518931609339, 47.981987577543492 ], [ -3.647476775700568, 47.981983531588199 ], [ -3.647117473755765, 47.981983975236275 ], [ -3.646587218684659, 47.981724746980078 ], [ -3.64653448317987, 47.981665492628267 ], [ -3.646475891946852, 47.981559855579277 ], [ -3.645846568762015, 47.980924706756198 ], [ -3.645844215375704, 47.980920064360518 ], [ -3.64584029319822, 47.980923664114826 ], [ -3.645840287515629, 47.980923817206815 ], [ -3.645111568457292, 47.981146337392673 ], [ -3.645059567686007, 47.981152361878429 ], [ -3.644924517990715, 47.98116732373218 ], [ -3.643900977195115, 47.980929177253813 ], [ -3.643533885526869, 47.980476436900432 ], [ -3.643493714301901, 47.980469977818572 ], [ -3.642583202811216, 47.980639885145067 ], [ -3.642308016094201, 47.980687783019349 ], [ -3.641561618107242, 47.980553282652437 ], [ -3.64106760320018, 47.980372885793074 ], [ -3.640854578782265, 47.980175347391295 ], [ -3.640519582146039, 47.980218541001207 ], [ -3.640031655228684, 47.980112258705091 ], [ -3.639697951822507, 47.97998480716727 ], [ -3.639437612131488, 47.979837198658501 ], [ -3.639048429979634, 47.979639557951344 ], [ -3.638603760941205, 47.979507773085217 ], [ -3.638385997745129, 47.979386893535192 ], [ -3.638241653388453, 47.979091582633032 ], [ -3.637724385283179, 47.978925579170962 ], [ -3.637720880214335, 47.978816122516946 ], [ -3.637866315578286, 47.978437051930882 ], [ -3.637487751064715, 47.978056078962226 ], [ -3.637349653553053, 47.978051211820869 ], [ -3.637274265411996, 47.977956118125419 ], [ -3.636761604034561, 47.97785316948665 ], [ -3.636748439639728, 47.977850611874203 ], [ -3.636479276814055, 47.977906433073471 ], [ -3.635561537181179, 47.977812805369069 ], [ -3.635472847534269, 47.977803702344303 ], [ -3.635133677969011, 47.977738641780448 ], [ -3.635109855974348, 47.977734035379626 ], [ -3.634166351586634, 47.97770500412841 ], [ -3.63402109003109, 47.977672110023278 ], [ -3.633597081665139, 47.977189424009424 ], [ -3.633322516377273, 47.97672914328659 ], [ -3.633318489525549, 47.976701640322815 ], [ -3.633313014616727, 47.976662158879734 ], [ -3.633313026020609, 47.976661852697049 ], [ -3.633304126461388, 47.976646509878421 ], [ -3.633234543495209, 47.97653130614853 ], [ -3.633144847303256, 47.976634020941191 ], [ -3.633140890617115, 47.976638538967208 ], [ -3.63313675716193, 47.976647802824417 ], [ -3.633104508604424, 47.976716874118353 ], [ -3.632801524116794, 47.977070463584141 ], [ -3.632173360245889, 47.977356351877717 ], [ -3.631947845216771, 47.977409964066581 ], [ -3.631090995915567, 47.977410817332327 ], [ -3.630765684017911, 47.97705876485773 ], [ -3.630486046175994, 47.976904327802373 ], [ -3.62989565116766, 47.976905228935536 ], [ -3.629545234732817, 47.976871036239089 ], [ -3.628894054419137, 47.976656400889539 ], [ -3.628541143561178, 47.976452100531304 ], [ -3.628075479937194, 47.976172952404639 ], [ -3.627452436421894, 47.97599977343684 ], [ -3.627047946320782, 47.975993462598808 ], [ -3.626592727828286, 47.975976036419638 ], [ -3.626296173552421, 47.975936774268675 ], [ -3.625636620740527, 47.975760722321567 ], [ -3.62554705724373, 47.975758184974026 ], [ -3.624836794679669, 47.975773551514493 ], [ -3.62454490178841, 47.975710938513046 ], [ -3.623978155577448, 47.975704321814064 ], [ -3.623745061973257, 47.975656506099298 ], [ -3.623079747600122, 47.975448924063457 ], [ -3.623029519686251, 47.974900378580301 ], [ -3.623102736917362, 47.974765782426601 ], [ -3.623504992979899, 47.97445982796971 ], [ -3.623506538367574, 47.974147935169881 ], [ -3.623507062309892, 47.974116998328668 ], [ -3.623488204995318, 47.974080928627885 ], [ -3.623312321556147, 47.97373549665069 ], [ -3.623061265913781, 47.973610875750936 ], [ -3.623295476098195, 47.973493407395964 ], [ -3.623205964587773, 47.973134517482464 ], [ -3.623174042923087, 47.973008718098853 ], [ -3.623174088663821, 47.973007493372577 ], [ -3.623173463469418, 47.973007327795415 ], [ -3.623149416256944, 47.972974985455579 ], [ -3.623020139890968, 47.972801757695891 ], [ -3.623019531851604, 47.972801132845902 ], [ -3.622972689863751, 47.972702921251923 ], [ -3.622832118719672, 47.97240951114884 ], [ -3.622693724978694, 47.972345183902192 ], [ -3.622507421697548, 47.971856299402972 ], [ -3.621572265436258, 47.971656085951082 ], [ -3.621558620090305, 47.971649534413672 ], [ -3.620599463872066, 47.97175371660154 ], [ -3.620580566902828, 47.971769428757113 ], [ -3.620528545197562, 47.971759206209086 ], [ -3.619735864372809, 47.97171684753242 ], [ -3.619414559070365, 47.971884062353254 ], [ -3.619200015807972, 47.972235398290053 ], [ -3.619060741876045, 47.972481748603684 ], [ -3.618933693925757, 47.972553075661651 ], [ -3.61877629983575, 47.973030711344236 ], [ -3.618736324637589, 47.973052899851908 ], [ -3.618737325557857, 47.973093671972222 ], [ -3.618337389203205, 47.97340487096038 ], [ -3.61829270536618, 47.973434779479177 ], [ -3.618197416673094, 47.973467208810177 ], [ -3.61801095696386, 47.973438847618738 ], [ -3.617845580517968, 47.973032489917657 ], [ -3.617649701402982, 47.972867743201391 ], [ -3.617470465626345, 47.972477503344038 ], [ -3.61692812484444, 47.9726628535347 ], [ -3.616549960753509, 47.972594534046834 ], [ -3.616311582852413, 47.972637607274237 ], [ -3.615715672595378, 47.972769649163496 ], [ -3.615033773544698, 47.972736208317443 ], [ -3.61451464936779, 47.972503611406424 ], [ -3.614171161134235, 47.972301768038264 ], [ -3.61333427136473, 47.972377697666715 ], [ -3.613329751824782, 47.972380365654772 ], [ -3.613323408360072, 47.972381158997337 ], [ -3.612664566939481, 47.972659324711017 ], [ -3.612055127009904, 47.972731030275199 ], [ -3.611655710221275, 47.972572807506339 ], [ -3.611282086970274, 47.972501350013601 ], [ -3.610998265392828, 47.972409153946813 ], [ -3.610438743121203, 47.972395591350278 ], [ -3.610210725664804, 47.972532776744927 ], [ -3.610219172405374, 47.972644324048886 ], [ -3.610223679552143, 47.972709372200484 ], [ -3.609744386379462, 47.973166206293101 ], [ -3.609729324510466, 47.973180614727411 ], [ -3.609370481569508, 47.973321175421958 ], [ -3.608957557949723, 47.973422206676418 ], [ -3.608955011338873, 47.973422768898132 ], [ -3.608948019638636, 47.97342400882691 ], [ -3.608064895668786, 47.973587548464096 ], [ -3.608005858344792, 47.973612879591272 ], [ -3.60791334666776, 47.973823688874504 ], [ -3.607586870164838, 47.974245866523816 ], [ -3.607567929061595, 47.974431020732695 ], [ -3.60783574130019, 47.974764967085306 ], [ -3.608014339319966, 47.975036624355013 ], [ -3.607990700434378, 47.975094525517321 ], [ -3.607968954292447, 47.975152464292989 ], [ -3.607937108242699, 47.97519350305457 ], [ -3.607830663137294, 47.97525389508877 ], [ -3.607357147470017, 47.975269915935513 ], [ -3.606799569350157, 47.975288247809118 ], [ -3.606650275369633, 47.975396812847592 ], [ -3.606627916923671, 47.975521536531076 ], [ -3.606451889268632, 47.976039698799212 ], [ -3.605979608947713, 47.976342386724426 ], [ -3.605830840982379, 47.976436866824798 ], [ -3.605248202175936, 47.976803083413458 ], [ -3.604647310334931, 47.976814419388802 ], [ -3.604139579286867, 47.976967942304682 ], [ -3.603935415381819, 47.977024243375709 ], [ -3.603750095555535, 47.97698225524293 ], [ -3.60344211312042, 47.97711293943243 ], [ -3.603358700230952, 47.977148355305587 ], [ -3.603368418667125, 47.977192212054845 ], [ -3.603368384174166, 47.977193130597485 ], [ -3.603365774195918, 47.977195376737882 ], [ -3.603232292916157, 47.977303028227439 ], [ -3.603129845231211, 47.977374527999388 ], [ -3.602879593549347, 47.97754833820683 ], [ -3.602921424052709, 47.977813142633778 ], [ -3.602587631506196, 47.978076140555473 ], [ -3.602219191062058, 47.978236107429254 ], [ -3.60234717565568, 47.978711904804982 ], [ -3.602384116103635, 47.978938770548055 ], [ -3.602307651584352, 47.978990870439773 ], [ -3.602283807094004, 47.979054129136387 ], [ -3.602155475652785, 47.979545661047482 ], [ -3.602145695898204, 47.979604297123316 ], [ -3.60223050507262, 47.980103288669 ], [ -3.602240313680028, 47.980161548606432 ], [ -3.602202598543444, 47.980291481875213 ], [ -3.602128001929768, 47.980293827274394 ], [ -3.602078314099052, 47.980322253673819 ], [ -3.601695347174337, 47.980532488386913 ], [ -3.60149415713608, 47.980643846851152 ], [ -3.601330656187639, 47.980609184918933 ], [ -3.60052855890413, 47.980395580498723 ], [ -3.600522324131854, 47.98039346468353 ], [ -3.600519800304967, 47.980393414428306 ], [ -3.60051260662779, 47.980400012210978 ], [ -3.599718077683804, 47.980287517110639 ], [ -3.599628863841912, 47.980258776139777 ], [ -3.59928324317108, 47.980751953709557 ], [ -3.599116559930703, 47.980801948887176 ], [ -3.59896883901887, 47.980901806942668 ], [ -3.59848502209198, 47.981039858212142 ], [ -3.598379229124563, 47.981065787003615 ], [ -3.598345736406614, 47.981150455017357 ], [ -3.598226923462332, 47.981086039632146 ], [ -3.597595999544277, 47.981374669203959 ], [ -3.597680284980606, 47.981534456674211 ], [ -3.597771721953064, 47.981907035579141 ], [ -3.597571357125441, 47.982013044236624 ], [ -3.59755357511296, 47.982133262468238 ], [ -3.597533016896119, 47.982411226884835 ], [ -3.597388303654893, 47.982548525869376 ], [ -3.597401151013247, 47.982794523315576 ], [ -3.597241128076107, 47.983120572579537 ], [ -3.597359224658045, 47.983271228985728 ], [ -3.597170502609771, 47.983520869640543 ], [ -3.596770362879713, 47.983834472727565 ], [ -3.596548442894943, 47.984009759317587 ], [ -3.596290941317914, 47.984325132232655 ], [ -3.596072267578964, 47.984598687784214 ], [ -3.596011486154916, 47.984636543472575 ], [ -3.595993122962619, 47.984788923313303 ], [ -3.595679702535789, 47.984811477346213 ], [ -3.595102432598468, 47.984965582254077 ], [ -3.594880423301947, 47.98536117492678 ], [ -3.594806983692007, 47.985416549673516 ], [ -3.594769245407365, 47.985412579763434 ], [ -3.59473638214787, 47.985413303235688 ], [ -3.594118379387023, 47.985089357302144 ], [ -3.59354394869674, 47.985469798834401 ], [ -3.593423838659588, 47.985490077144561 ], [ -3.593314689150495, 47.98548759319273 ], [ -3.593255642002524, 47.98544581566594 ], [ -3.593149080543356, 47.985408145942117 ], [ -3.593107936267503, 47.985276640614856 ], [ -3.593114793154186, 47.984843052203246 ], [ -3.593103776868966, 47.984766689206822 ], [ -3.592661572240568, 47.984520090803358 ], [ -3.592675775044482, 47.984461543243157 ], [ -3.592950768346645, 47.984168279313693 ], [ -3.592531156805301, 47.983975753350364 ], [ -3.592409481885549, 47.983853212103227 ], [ -3.592351827621915, 47.983707435483709 ], [ -3.592250841360302, 47.983538579291206 ], [ -3.592206386607169, 47.983478248356548 ], [ -3.591880193342578, 47.983169463687517 ], [ -3.591698795795947, 47.982989656747804 ], [ -3.591400984041863, 47.982866203624866 ], [ -3.591113785496638, 47.982712473974644 ], [ -3.590882349681176, 47.982553575703875 ], [ -3.590680278061136, 47.982419776294464 ], [ -3.590398577612764, 47.982237505842903 ], [ -3.5900066838479, 47.981996808100675 ], [ -3.589787586072976, 47.981828962480691 ], [ -3.589613547265226, 47.981705373654137 ], [ -3.589450021745584, 47.98158766323894 ], [ -3.589183886492926, 47.981411370378865 ], [ -3.588890264162792, 47.981411480481 ], [ -3.588483273427093, 47.981320159712453 ], [ -3.588264444245483, 47.981413226695111 ], [ -3.587929425951641, 47.981456171826252 ], [ -3.58771651793644, 47.98149267041687 ], [ -3.587487287179668, 47.981543397126231 ], [ -3.587169942378612, 47.981603240268001 ], [ -3.586599440816672, 47.981444148007355 ], [ -3.586430084525379, 47.981531307443092 ], [ -3.585963914703841, 47.981753329388354 ], [ -3.585653867056316, 47.981803817086657 ], [ -3.585460350299047, 47.981928794067159 ], [ -3.584771161255741, 47.981969861035452 ], [ -3.584508347902441, 47.982374890249204 ], [ -3.584409266136644, 47.982423619821972 ], [ -3.583956097091177, 47.982685730468461 ], [ -3.583646740950808, 47.982751242896413 ], [ -3.583530896638167, 47.98284253434268 ], [ -3.583599653986196, 47.982928019738083 ], [ -3.583648806135887, 47.982930688211425 ], [ -3.583663289566951, 47.982931743955632 ], [ -3.583813531390305, 47.983451359260769 ], [ -3.583820207215469, 47.983475239698265 ], [ -3.583517573043485, 47.983713855859733 ], [ -3.583501301539259, 47.98372670607192 ], [ -3.583403551034581, 47.983807022211806 ], [ -3.583394596878558, 47.983826759853613 ], [ -3.583234387714342, 47.984173170747439 ], [ -3.583170562308769, 47.984207897282502 ], [ -3.5830635247206, 47.984266578650917 ], [ -3.582714625704675, 47.984459378733987 ], [ -3.582464596611831, 47.984742862803799 ], [ -3.581929603431926, 47.984997509964927 ], [ -3.581890425891069, 47.985031656902791 ], [ -3.581757018917951, 47.985102985569512 ], [ -3.581609036076261, 47.985192407150095 ], [ -3.581523207003255, 47.985090799030218 ], [ -3.580981126702704, 47.985048235200424 ], [ -3.580656201053595, 47.984907215877243 ], [ -3.579766396785681, 47.98475886910272 ], [ -3.579733846092792, 47.984751323034416 ], [ -3.579701527132021, 47.984754352818499 ], [ -3.579618348212013, 47.98479987466834 ], [ -3.579121936776508, 47.985152878723795 ], [ -3.578860524067479, 47.985169245196758 ], [ -3.57852688589154, 47.985659563243715 ], [ -3.578590762159725, 47.986007701455847 ], [ -3.579130837735461, 47.986571133083473 ], [ -3.579266755839698, 47.986550414521446 ], [ -3.579932413902775, 47.986264072736617 ], [ -3.580392341962695, 47.986458813817421 ], [ -3.580196601318891, 47.986742462909689 ], [ -3.580179019447087, 47.986973758640104 ], [ -3.580158255830088, 47.987038608761409 ], [ -3.580180850577929, 47.987058977942468 ], [ -3.58029250370756, 47.987379575821862 ], [ -3.580439742179643, 47.987443652836987 ], [ -3.580553005709123, 47.987755090451216 ], [ -3.581129524058915, 47.987855950138453 ], [ -3.581291541285478, 47.987863176355461 ], [ -3.581683645573262, 47.987947933440694 ], [ -3.581916932297926, 47.987974204114479 ], [ -3.582337215188696, 47.988115443953077 ], [ -3.582529651375014, 47.98818670509695 ], [ -3.582939568232821, 47.98821788730163 ], [ -3.583005798199841, 47.988286776215446 ], [ -3.583016717756694, 47.988315337812097 ], [ -3.583177533716506, 47.988471454736001 ], [ -3.583190531358567, 47.98849515529659 ], [ -3.583201184191922, 47.988514059557559 ], [ -3.583397685181045, 47.988895796853541 ], [ -3.583422087349845, 47.988918499879574 ], [ -3.58345945169915, 47.988949122497075 ], [ -3.5835451724195, 47.989087190685666 ], [ -3.583533600864613, 47.989310027485971 ], [ -3.583485031865343, 47.989442345398118 ], [ -3.583717415095329, 47.989693349218484 ], [ -3.583232809868722, 47.990168247188237 ], [ -3.582973654129777, 47.99019140599863 ], [ -3.582940873445078, 47.990373831745202 ], [ -3.582349111709659, 47.990910164563076 ], [ -3.58209487748437, 47.991003589187443 ], [ -3.581677107025351, 47.991347144211417 ], [ -3.581409126592012, 47.991587064620049 ], [ -3.581310581513577, 47.991738298794957 ], [ -3.581216510275272, 47.992222386950615 ], [ -3.58107082607468, 47.992501371048732 ], [ -3.580868935101114, 47.992863953250264 ], [ -3.580604487263075, 47.993160629906825 ], [ -3.580255396936728, 47.993424357620142 ], [ -3.579810248091517, 47.993706537969018 ], [ -3.579689753862284, 47.994037349854011 ], [ -3.579223965981371, 47.994213862712613 ], [ -3.578548079699522, 47.994485291322434 ], [ -3.578390209336557, 47.994752232799669 ], [ -3.578047747998417, 47.994656666468629 ], [ -3.57736306151115, 47.99489344311273 ], [ -3.576586233836238, 47.995061725935045 ], [ -3.576577809087295, 47.995134177143399 ], [ -3.576019475064367, 47.995703335327264 ], [ -3.575829649592378, 47.995713012936378 ], [ -3.575826957385484, 47.995717401975824 ], [ -3.57581670992856, 47.995721179963439 ], [ -3.574869833575112, 47.996310737054756 ], [ -3.574866984855719, 47.996319259532441 ], [ -3.574857339381985, 47.996323815573248 ], [ -3.574678971220495, 47.996631402869909 ], [ -3.574369850877774, 47.997089728639622 ], [ -3.574349185579829, 47.997151822748279 ], [ -3.574346529360293, 47.997272037005089 ], [ -3.574194147025807, 47.99787736676349 ], [ -3.574333351886295, 47.998187338180543 ], [ -3.574280188107953, 47.998574039380799 ], [ -3.574311382936183, 47.998867750094547 ], [ -3.574502068042208, 47.999269299109656 ], [ -3.574451737673422, 47.999597838613653 ], [ -3.574913214542349, 47.999869840862857 ], [ -3.574930368889973, 48.000067362407933 ], [ -3.574936114917438, 48.000165836618535 ], [ -3.575017722497006, 48.000679491097713 ], [ -3.575061571836356, 48.000755748077012 ], [ -3.575076843806326, 48.000802782428835 ], [ -3.575315269786011, 48.001511702329935 ], [ -3.575319658443115, 48.00151255633584 ], [ -3.575322344565465, 48.001525019967545 ], [ -3.575328012313541, 48.001542139583322 ], [ -3.575333075081262, 48.00227610402078 ], [ -3.575318864157953, 48.002367896771261 ], [ -3.575216527739541, 48.002385149576568 ], [ -3.575181267523914, 48.00238229787503 ], [ -3.574662298032897, 48.002394109301974 ], [ -3.574544919499214, 48.002408302439022 ], [ -3.574244643113589, 48.002315566658936 ], [ -3.573872405111185, 48.001954959800358 ], [ -3.57328415506444, 48.001995100278691 ], [ -3.573154249403858, 48.00197319075869 ], [ -3.573088289417988, 48.00201384664858 ], [ -3.572392069712528, 48.001853108762234 ], [ -3.572310326520075, 48.00179355653961 ], [ -3.572117736609374, 48.001742505018854 ], [ -3.572165690273439, 48.001226851809548 ], [ -3.572380526808418, 48.001124069777148 ], [ -3.572239328928678, 48.000966804190938 ], [ -3.571924235182936, 48.000265074624195 ], [ -3.571908111242997, 48.000257243965052 ], [ -3.571073523479151, 48.000448399697149 ], [ -3.570433421041794, 48.000507100875524 ], [ -3.570219237680882, 48.00054263570452 ], [ -3.56961733868377, 48.001026332226346 ], [ -3.56938197404199, 48.001070786543323 ], [ -3.569328201056462, 48.001106476719357 ], [ -3.569197879325782, 48.001162232201878 ], [ -3.568457382798559, 48.001386673113799 ], [ -3.56830875203618, 48.001392267877975 ], [ -3.56808129740512, 48.001411293776826 ], [ -3.567963510351997, 48.001402953014022 ], [ -3.567284573458979, 48.001303059744217 ], [ -3.567227297346139, 48.001281226140264 ], [ -3.567172448968621, 48.001295291847114 ], [ -3.5663758215997, 48.001750553173139 ], [ -3.566275718194529, 48.001775506285625 ], [ -3.566212707365366, 48.001871526967264 ], [ -3.566034948227294, 48.002478334092899 ], [ -3.566037749602756, 48.002720764863355 ], [ -3.565973828968557, 48.003190287516347 ], [ -3.565716499419126, 48.003713529640095 ], [ -3.565684627917745, 48.003787807711433 ], [ -3.565691280618245, 48.003878793587774 ], [ -3.565410916325638, 48.004393146160538 ], [ -3.565368116541261, 48.004439167549535 ], [ -3.56532012841638, 48.004488761640076 ], [ -3.565209748960485, 48.004701187274947 ], [ -3.564999185625702, 48.004990501230694 ], [ -3.564779636399604, 48.005183726270815 ], [ -3.564820510933544, 48.005804120468667 ], [ -3.564835093090244, 48.005869220513915 ], [ -3.564861343341735, 48.005926435076887 ], [ -3.565320019282811, 48.006521980732387 ], [ -3.565366224019551, 48.006569331342618 ], [ -3.565398941377195, 48.006589293079088 ], [ -3.565966604955369, 48.006959360525087 ], [ -3.566103165497856, 48.007005768824513 ], [ -3.566333416968581, 48.007096498106506 ], [ -3.566850298648613, 48.007390164159261 ], [ -3.567025485104732, 48.007550568384957 ], [ -3.567075433507015, 48.007632465548866 ], [ -3.567317229423125, 48.008018350755819 ], [ -3.567018386186583, 48.00837039471044 ], [ -3.566822677033313, 48.008517832617144 ], [ -3.566788378985446, 48.008539511953401 ], [ -3.566769983174128, 48.008541593716188 ], [ -3.566499483242824, 48.008912284930602 ], [ -3.566327947557066, 48.00895526054812 ], [ -3.56611711073299, 48.009018589041446 ], [ -3.565722746838838, 48.009207843392076 ], [ -3.565547180973659, 48.009290418211762 ], [ -3.56541892484326, 48.009391256169437 ], [ -3.565055631469637, 48.00956060371098 ], [ -3.56498383075191, 48.009655068871865 ], [ -3.564817905787166, 48.009982816628394 ], [ -3.564779750447301, 48.01008944861654 ], [ -3.564919824246978, 48.010476050514413 ], [ -3.564917465931049, 48.010488259767797 ], [ -3.564914770578112, 48.010509348321207 ], [ -3.564887199013283, 48.010536831245389 ], [ -3.564711084837158, 48.010583850057785 ], [ -3.564283210182362, 48.010640668997894 ], [ -3.564145065283399, 48.010752338389892 ], [ -3.563794997965811, 48.010905862717948 ], [ -3.563662578984276, 48.011016421235425 ], [ -3.563464792487788, 48.011085218350232 ], [ -3.56340603741112, 48.011085569030044 ], [ -3.563353901946136, 48.011077932758454 ], [ -3.562965719617015, 48.011120685631113 ], [ -3.562807297147972, 48.011067707030392 ], [ -3.562692061586552, 48.011075041653811 ], [ -3.562475888078166, 48.011045874259352 ], [ -3.562212934050445, 48.011017757385488 ], [ -3.56208054971071, 48.01101095795083 ], [ -3.561902905985529, 48.011015045047671 ], [ -3.561761575079187, 48.011010976376312 ], [ -3.561631846337721, 48.011017405954959 ], [ -3.561536362496805, 48.011020234536574 ], [ -3.561342887651091, 48.011025381486547 ], [ -3.56125073698404, 48.011040227228989 ], [ -3.561197900808544, 48.011067660954623 ], [ -3.561069059053545, 48.011067366819347 ], [ -3.561036553394954, 48.01109168575897 ], [ -3.560849983109946, 48.011147836287577 ], [ -3.560819114853965, 48.011178929305231 ], [ -3.560721245625269, 48.011244524896952 ], [ -3.560681186310291, 48.011284778662244 ], [ -3.560588462007477, 48.011364572886976 ], [ -3.560376257624475, 48.011480264817337 ], [ -3.560328899990025, 48.011596209797446 ], [ -3.560238970410536, 48.011652312808124 ], [ -3.560164193624619, 48.01177505996597 ], [ -3.560044131302638, 48.011826266637001 ], [ -3.559924196100491, 48.011940597662459 ], [ -3.559835138824083, 48.011973736786985 ], [ -3.55974201792156, 48.012030694597485 ], [ -3.559684288661879, 48.012053892809391 ], [ -3.559664356220655, 48.012063143752314 ], [ -3.559434290619046, 48.012183377855493 ], [ -3.559356256229208, 48.012225624727137 ], [ -3.559292147965592, 48.012267079434565 ], [ -3.559214490690251, 48.012305854868224 ], [ -3.559213099911374, 48.012298148203051 ], [ -3.559199299911374, 48.012221873484009 ], [ -3.559127999911373, 48.01217431501378 ], [ -3.559046299911373, 48.01222567816145 ], [ -3.559031999911373, 48.012194244277978 ], [ -3.558959799911374, 48.012240081582966 ], [ -3.558911799911375, 48.012159911590551 ], [ -3.558768899911374, 48.012133550607459 ], [ -3.558647799911375, 48.012190077250054 ], [ -3.558528599911374, 48.012218431156775 ], [ -3.558532899911373, 48.012161360991648 ], [ -3.558657499911373, 48.012001202147687 ], [ -3.558607999911374, 48.01191559686432 ], [ -3.558442999911374, 48.011869034831641 ], [ -3.558313999911376, 48.011900106383067 ], [ -3.558092299911376, 48.01194956721644 ], [ -3.557517999911375, 48.01150650307418 ], [ -3.557372899911373, 48.011571726196401 ], [ -3.557266699911372, 48.011682514898986 ], [ -3.557187999911374, 48.011742121567131 ], [ -3.557152799911373, 48.011742665092953 ], [ -3.557090199911375, 48.011681699610172 ], [ -3.556987599911376, 48.011741487453676 ], [ -3.556928199911373, 48.011706701800058 ], [ -3.556904999911374, 48.01158513317057 ], [ -3.557031899911375, 48.01144888930984 ], [ -3.557118399911376, 48.011398069616533 ], [ -3.557194799911374, 48.011294074935513 ], [ -3.557338499911373, 48.01126508686766 ], [ -3.557436099911374, 48.011213361280312 ], [ -3.557532999911373, 48.011132285262441 ], [ -3.557623699911373, 48.011046498669764 ], [ -3.557641999911374, 48.010962976757952 ], [ -3.557748399911374, 48.010820210424086 ], [ -3.557924899911375, 48.010722737956833 ], [ -3.558065799911374, 48.010646372433804 ], [ -3.558211699911376, 48.010515925964533 ], [ -3.558302899911375, 48.010557777543433 ], [ -3.558374299911373, 48.010523897694092 ], [ -3.558484499911374, 48.010577797453429 ], [ -3.558565299911373, 48.010556690489473 ], [ -3.558603199911374, 48.010555603435492 ], [ -3.558618699911374, 48.010496993106379 ], [ -3.558612399911377, 48.010417275801828 ], [ -3.558641499911374, 48.010323879717966 ], [ -3.558682599911374, 48.010237640061121 ], [ -3.558654199911373, 48.010115527582954 ], [ -3.558669799911375, 48.010036716102846 ], [ -3.558711699911375, 48.010007275029814 ], [ -3.558744099911376, 48.009984446873666 ], [ -3.558860199911376, 48.009964064590598 ], [ -3.558976299911374, 48.009943591718844 ], [ -3.559075299911374, 48.009937159975792 ], [ -3.559115999911374, 48.009924930604981 ], [ -3.559112099911375, 48.00976667346383 ], [ -3.559058599911372, 48.009672280802945 ], [ -3.559176799911373, 48.009539659993202 ], [ -3.559118799911372, 48.009356491035916 ], [ -3.559214599911374, 48.009307754676065 ], [ -3.559052399911373, 48.009210281943595 ], [ -3.558841499911374, 48.009170423200487 ], [ -3.558752299911372, 48.00907738925941 ], [ -3.558814499911374, 48.009010535259037 ], [ -3.558685599911374, 48.008921396579368 ], [ -3.558759199911373, 48.008874019002938 ], [ -3.558501199911372, 48.008710326274766 ], [ -3.558323299911375, 48.008580966408985 ], [ -3.558246699911374, 48.008470267676415 ], [ -3.558206699911374, 48.008285286602749 ], [ -3.557936999911373, 48.007521355786992 ], [ -3.557872199911373, 48.007390455642621 ], [ -3.557683199911376, 48.007292439043788 ], [ -3.557605299911375, 48.00699087030543 ], [ -3.557333499911375, 48.006755612152332 ], [ -3.557216499911375, 48.006711223810385 ], [ -3.557176499911373, 48.006760322751674 ], [ -3.556946299911374, 48.006728163851506 ], [ -3.556641499911375, 48.006629422428105 ], [ -3.556473499911374, 48.006519448014764 ], [ -3.556194599911372, 48.006429765404626 ], [ -3.555867599911372, 48.006146857439546 ], [ -3.555601399911374, 48.006054094758113 ], [ -3.555277299911372, 48.005919298959057 ], [ -3.554910499911374, 48.0058110455887 ], [ -3.554349099911374, 48.005582852850239 ], [ -3.554119899911374, 48.00551020075585 ], [ -3.553981999911374, 48.005416803847496 ], [ -3.553961399911374, 48.005336361104931 ], [ -3.553803099911375, 48.005193502737221 ], [ -3.553655299911373, 48.005120760003223 ], [ -3.553788699911371, 48.004981796895876 ], [ -3.553701499911373, 48.004798717025388 ], [ -3.553730099911373, 48.00469037284801 ], [ -3.553690499911372, 48.004549869623304 ], [ -3.553843499911375, 48.004463719659455 ], [ -3.554008499911373, 48.004297760911221 ], [ -3.554223399911375, 48.004165048230298 ], [ -3.554334199911374, 48.003998274092787 ], [ -3.554500599911373, 48.003980428079451 ], [ -3.554568199911372, 48.004005611793538 ], [ -3.554551299911374, 48.004190050758254 ], [ -3.554743799911373, 48.004200740244535 ], [ -3.554963599911374, 48.004077629962389 ], [ -3.555067299911373, 48.003937217171718 ], [ -3.555423899911374, 48.003843276465489 ], [ -3.555489999911373, 48.003495596066557 ], [ -3.555496499911373, 48.002840003227078 ], [ -3.555175799911372, 48.002716711465332 ], [ -3.555144899911373, 48.002584904298182 ], [ -3.555257399911373, 48.002544139188601 ], [ -3.554972899911375, 48.002353449025208 ], [ -3.554593899911375, 48.002363413833471 ], [ -3.554403899911372, 48.002260776299856 ], [ -3.553548199911374, 48.002200081544665 ], [ -3.553054199911372, 48.002143916242936 ], [ -3.552719599911375, 48.002390771760695 ], [ -3.552522999911373, 48.002363413833471 ], [ -3.552525999911373, 48.002175894229964 ], [ -3.552327099911374, 48.002064378918831 ], [ -3.552232999911376, 48.001932209240039 ], [ -3.552096299911375, 48.001828575145012 ], [ -3.551806899911374, 48.001750758971809 ], [ -3.551581399911375, 48.00159277127117 ], [ -3.551273799911375, 48.00133450114317 ], [ -3.551224999911375, 48.001186025206771 ], [ -3.550881799911375, 48.000901846321 ], [ -3.550626799911376, 48.000922047757584 ], [ -3.550395499911372, 48.000730994679948 ], [ -3.550456399911374, 48.000627269771513 ], [ -3.550251499911377, 48.00058215622451 ], [ -3.550240262411158, 48.000585010569189 ], [ -3.551024321233419, 47.995265186697466 ], [ -3.55224716706098, 47.991478820763106 ], [ -3.552299428514626, 47.991317015549356 ], [ -3.552543299942785, 47.991380459841039 ], [ -3.55259611213858, 47.991569050852178 ], [ -3.552522187819882, 47.991686142289453 ], [ -3.552577550502759, 47.991907264733982 ], [ -3.553532032098961, 47.995748887095218 ], [ -3.553835956999837, 47.995396356250055 ], [ -3.553941691284174, 47.995273164296918 ], [ -3.554326715198996, 47.995096158395313 ], [ -3.554453338448488, 47.995038040869559 ], [ -3.55533599612196, 47.995160013419806 ], [ -3.555476090330559, 47.995179383272813 ], [ -3.556662070086175, 47.994831599860746 ], [ -3.557120276540302, 47.993792892345496 ], [ -3.557121012377034, 47.993790149436521 ], [ -3.5571244644954, 47.993782405404176 ], [ -3.557130920424167, 47.993778705274096 ], [ -3.557138673360191, 47.99377411202768 ], [ -3.557204099737798, 47.993797338666653 ], [ -3.558462700114348, 47.994263005995847 ], [ -3.559091569652232, 47.995529058192517 ], [ -3.559473610294682, 47.995712785041292 ], [ -3.560345334812058, 47.996970393112463 ], [ -3.56035371588053, 47.996982511977379 ], [ -3.560341943796735, 47.996993152772674 ], [ -3.558755606478211, 47.998402747894573 ], [ -3.560605288195064, 47.998672091586087 ], [ -3.560612195057211, 47.998673149832058 ], [ -3.560952064875422, 47.99903635016733 ], [ -3.560708809605665, 47.999537806044714 ], [ -3.560802854033233, 47.999655676756859 ], [ -3.561394875566856, 48.000397164174473 ], [ -3.561459542541132, 48.000423897757074 ], [ -3.561569592226653, 48.000469622898805 ], [ -3.56241407535952, 48.000933058526158 ], [ -3.563148168692252, 48.000661324961825 ], [ -3.56348553232538, 47.999810146972109 ], [ -3.56351647336093, 47.99972711785648 ], [ -3.56353472972661, 47.999678764980047 ], [ -3.563620754457987, 47.999592094088499 ], [ -3.563632567184193, 47.999580381438136 ], [ -3.56402050241734, 47.999526285973943 ], [ -3.56480950994161, 47.999321529595235 ], [ -3.565771330217686, 47.999622150578048 ], [ -3.565630624673388, 47.998836432815736 ], [ -3.5660056031868, 47.998557777269838 ], [ -3.56615087582585, 47.998424188816941 ], [ -3.566644877588086, 47.997671602286815 ], [ -3.566792147439129, 47.996919249405892 ], [ -3.566138133555425, 47.996712607128714 ], [ -3.565574993249874, 47.996291460307233 ], [ -3.56500696136614, 47.99646527038999 ], [ -3.563758918979932, 47.996318838314878 ], [ -3.562502069327061, 47.996204853741673 ], [ -3.561848090845979, 47.996147267516989 ], [ -3.56182164475535, 47.996145203378134 ], [ -3.561814159340039, 47.996142754669094 ], [ -3.560282783014352, 47.995674837915246 ], [ -3.559754939628033, 47.995488943817548 ], [ -3.559027897073905, 47.994014240772941 ], [ -3.55885993231741, 47.993914031793508 ], [ -3.558258913238104, 47.992580209848924 ], [ -3.558722442468456, 47.99179945474468 ], [ -3.55866586522214, 47.991211225649806 ], [ -3.559225038277817, 47.990854634613939 ], [ -3.559611010377232, 47.990020532621301 ], [ -3.559683965581548, 47.989679430463795 ], [ -3.560358224462218, 47.988686893222535 ], [ -3.560591656722524, 47.988459942838361 ], [ -3.561586838479934, 47.987712863633192 ], [ -3.56182617104455, 47.987446809671511 ], [ -3.562012360878492, 47.986468347321974 ], [ -3.562371334375939, 47.986094697592648 ], [ -3.561796292557397, 47.985057868981997 ], [ -3.561549938357994, 47.984877183841988 ], [ -3.561504332244763, 47.98464814144873 ], [ -3.561822452657513, 47.984568593778533 ], [ -3.563222845848636, 47.983858310542203 ], [ -3.563717882899847, 47.98327673670245 ], [ -3.565660450938655, 47.983270904363209 ], [ -3.565078685349841, 47.981728524707592 ], [ -3.565121532609124, 47.981381454579846 ], [ -3.564826446435456, 47.980138840949593 ], [ -3.56411807660957, 47.979703739711766 ], [ -3.5638009329633, 47.979042711627599 ], [ -3.564392236490443, 47.978602491359979 ], [ -3.564261536491997, 47.977554231419276 ], [ -3.564220754985784, 47.976998345760862 ], [ -3.563668211493886, 47.976118248825159 ], [ -3.563082787817213, 47.975472506904296 ], [ -3.563004717187015, 47.974335680335628 ], [ -3.562644364363275, 47.973798951222918 ], [ -3.563124613031988, 47.973472632209592 ], [ -3.563816101164135, 47.97283740811325 ], [ -3.564283985627396, 47.973768350860951 ], [ -3.565452425164186, 47.974008324284924 ], [ -3.566365387663446, 47.974708288513654 ], [ -3.566903021832626, 47.975415873528533 ], [ -3.567771567687072, 47.975872413285742 ], [ -3.56883587186538, 47.976445180653798 ], [ -3.569918457358081, 47.97596930850905 ], [ -3.570576556764717, 47.97486473223546 ], [ -3.568904385064234, 47.974754245375635 ], [ -3.568157611800348, 47.974283457960723 ], [ -3.56729971184284, 47.973663050648469 ], [ -3.56656938702661, 47.973291711320854 ], [ -3.566707441636641, 47.972731454871536 ], [ -3.567474268816863, 47.971873592115614 ], [ -3.568806614402795, 47.972636204705466 ], [ -3.569160762126433, 47.972737692331378 ], [ -3.57082670752326, 47.973378297002057 ], [ -3.570825700964458, 47.973838200059674 ], [ -3.570970061533004, 47.973394197199411 ], [ -3.571313351898298, 47.97321570927997 ], [ -3.57245565441665, 47.972595477272748 ], [ -3.572826185715459, 47.971413884452843 ], [ -3.573438437904449, 47.972519441714255 ], [ -3.574529420991481, 47.972804224833325 ], [ -3.575838951560925, 47.973153592608682 ], [ -3.576079395206738, 47.973223371845563 ], [ -3.576497439712746, 47.973121443670749 ], [ -3.576103574389421, 47.972834561586282 ], [ -3.575512115159347, 47.971962915512748 ], [ -3.575875207032973, 47.971427541667893 ], [ -3.576566092801368, 47.970521852986295 ], [ -3.577013693611033, 47.971691507250227 ], [ -3.578001331119775, 47.972822649546757 ], [ -3.57988459055725, 47.972626274952972 ], [ -3.579903367878262, 47.972664033066465 ], [ -3.580116142280005, 47.97395062228729 ], [ -3.581440360394708, 47.974029070485031 ], [ -3.582660016662127, 47.974970414016212 ], [ -3.582885430688876, 47.975254524190447 ], [ -3.583499547590465, 47.976397926165717 ], [ -3.582928707421038, 47.976967766853676 ], [ -3.582429322268576, 47.977233697384904 ], [ -3.582356900749516, 47.97729552201335 ], [ -3.582072977899664, 47.977373490318783 ], [ -3.581746521587184, 47.976989458333406 ], [ -3.581034841328604, 47.976389967881559 ], [ -3.580586715133182, 47.97618489341356 ], [ -3.579372603648894, 47.975731759289332 ], [ -3.578680643191823, 47.976832623050086 ], [ -3.580366805151943, 47.976674271754078 ], [ -3.580902970358852, 47.977958450672986 ], [ -3.580045249172134, 47.978616914691955 ], [ -3.579533180620093, 47.978750214225371 ], [ -3.58005124231212, 47.97900970081281 ], [ -3.580930179033583, 47.979461023357757 ], [ -3.581342645213203, 47.979808170875529 ], [ -3.581357771725328, 47.980360473807494 ], [ -3.581357551954083, 47.980366291225963 ], [ -3.581360017935899, 47.980367872642702 ], [ -3.582048524182505, 47.980862871767016 ], [ -3.582262684630327, 47.980993858631692 ], [ -3.582265196899158, 47.980994215316514 ], [ -3.583206290016493, 47.981204858803622 ], [ -3.583219007481093, 47.9812025087314 ], [ -3.583436391061598, 47.981164572785431 ], [ -3.584121657183, 47.980859305865721 ], [ -3.58442206499877, 47.980277923681072 ], [ -3.584375693727992, 47.980201619104065 ], [ -3.584409820693276, 47.979448070502684 ], [ -3.583265038875429, 47.979347955908182 ], [ -3.582261090004243, 47.979163631712993 ], [ -3.582825672131798, 47.978592747780127 ], [ -3.583454284420784, 47.978432968106375 ], [ -3.584082333730343, 47.978187686414884 ], [ -3.58494213531357, 47.977674025117338 ], [ -3.584990776430694, 47.977690165138753 ], [ -3.584970688086538, 47.977653606948024 ], [ -3.584959052719751, 47.977644028742276 ], [ -3.584122434906487, 47.976573396717825 ], [ -3.585567850368985, 47.976536577058155 ], [ -3.586050024260385, 47.976458736820859 ], [ -3.586466243400333, 47.975819458434856 ], [ -3.585088430390324, 47.975554290239913 ], [ -3.58441469177706, 47.976090517066311 ], [ -3.583871575136184, 47.975123345980947 ], [ -3.584761118347044, 47.974674168233321 ], [ -3.585513882565708, 47.975122179118443 ], [ -3.58654238185301, 47.975207086951954 ], [ -3.587016695554779, 47.974768289024937 ], [ -3.587855571956668, 47.974121828359003 ], [ -3.589081044109883, 47.973821823551589 ], [ -3.589312746916623, 47.97373851210908 ], [ -3.589677515062372, 47.972788266478787 ], [ -3.590119787478394, 47.971724664783039 ], [ -3.590802416475955, 47.971704897214792 ], [ -3.591161068183939, 47.970497450149438 ], [ -3.591181451878625, 47.970442396979024 ], [ -3.591183657295774, 47.970400616106701 ], [ -3.591303778110885, 47.970379573934281 ], [ -3.591251638785358, 47.970456361029633 ], [ -3.592592094304097, 47.97151081524018 ], [ -3.593702216361959, 47.971321850463568 ], [ -3.59469315292992, 47.970927658886254 ], [ -3.595194019033331, 47.970436056278061 ], [ -3.596228448671386, 47.969573458675711 ], [ -3.596264336088751, 47.969274046470204 ], [ -3.596556280444219, 47.968948332310475 ], [ -3.597567115597548, 47.968208740685114 ], [ -3.598332376190211, 47.967804058028179 ], [ -3.599284749258613, 47.967342584351371 ], [ -3.600137951322854, 47.966983003360298 ], [ -3.601806714735122, 47.966710743372985 ], [ -3.601999706388663, 47.966682412470732 ], [ -3.602525716694417, 47.965553350586504 ], [ -3.602696770005915, 47.964579313256692 ], [ -3.60119046222946, 47.964107792033005 ], [ -3.600191650872786, 47.964243709694856 ], [ -3.600511539522107, 47.963543197184009 ], [ -3.600785894024762, 47.963046304969311 ], [ -3.601351219640982, 47.962383005115868 ], [ -3.601719102960549, 47.961547248743003 ], [ -3.603028649421585, 47.96130612902931 ], [ -3.604043254736435, 47.962127575283503 ], [ -3.603993885237311, 47.963190440666779 ], [ -3.604002477960393, 47.963751950811783 ], [ -3.60473343145572, 47.963940072961918 ], [ -3.605036454869139, 47.963570291470646 ], [ -3.606224207942115, 47.962941265013228 ], [ -3.607113874022482, 47.963762201326048 ], [ -3.607532813244954, 47.96437507168902 ], [ -3.60858678172931, 47.9649398925566 ], [ -3.609019451687971, 47.965203727545301 ], [ -3.608709393139363, 47.966216066340536 ], [ -3.608955303097921, 47.966897960918999 ], [ -3.61003873598218, 47.967031323601148 ], [ -3.609573308354368, 47.967775841775094 ], [ -3.609943407309484, 47.968210326521088 ], [ -3.609810369935741, 47.968913035419178 ], [ -3.609496351714198, 47.969357217541443 ], [ -3.609141672483386, 47.969808098439827 ], [ -3.609125669292014, 47.970521252440605 ], [ -3.60944540019549, 47.970800614367718 ], [ -3.609015535283408, 47.970831754150851 ], [ -3.608832588186469, 47.97097933184169 ], [ -3.608203457353817, 47.971458463085881 ], [ -3.60768790523104, 47.97153523715852 ], [ -3.607142248866908, 47.97206106621401 ], [ -3.607343316443074, 47.972356304471276 ], [ -3.607042202664129, 47.972102434304972 ], [ -3.606812549668831, 47.971946503049324 ], [ -3.606497970075159, 47.971614076851466 ], [ -3.606259980602703, 47.97154576526323 ], [ -3.60607494962254, 47.971630944755248 ], [ -3.605154072712203, 47.971909082377024 ], [ -3.604281869174286, 47.972168726865505 ], [ -3.604049576234265, 47.9722345796566 ], [ -3.60328165864209, 47.972928331097037 ], [ -3.603276832099902, 47.973695790014631 ], [ -3.603343654345533, 47.97386671718148 ], [ -3.60317127571228, 47.974337761822923 ], [ -3.602752504618061, 47.974039411755541 ], [ -3.602069329794164, 47.973636368087 ], [ -3.60197650858831, 47.97348529911693 ], [ -3.602175105378575, 47.972753410514386 ], [ -3.601978180440686, 47.972533165784029 ], [ -3.601694154771465, 47.972614685174463 ], [ -3.601621511852044, 47.972750050725764 ], [ -3.601712297256408, 47.973560318832142 ], [ -3.601676296115194, 47.973661483240832 ], [ -3.601295451196951, 47.974488100787127 ], [ -3.601463452408068, 47.975158958530429 ], [ -3.601767312066613, 47.975490874110292 ], [ -3.60226631750756, 47.975670404562749 ], [ -3.602821880688284, 47.976210171179318 ], [ -3.602651591131303, 47.976843961030966 ], [ -3.602722309972384, 47.977129716603457 ], [ -3.602949237764145, 47.976971682227713 ], [ -3.602957050460954, 47.976965403095988 ], [ -3.602956511517343, 47.976962941093873 ], [ -3.603147084227491, 47.976881857879718 ], [ -3.603092032262329, 47.976229335604486 ], [ -3.604037402763476, 47.976006388203913 ], [ -3.604225705061133, 47.975952069622721 ], [ -3.604276545904697, 47.975808762153534 ], [ -3.604621385396651, 47.975217510587356 ], [ -3.605448603918657, 47.975013195139169 ], [ -3.604949243404631, 47.974540279477409 ], [ -3.604925235320869, 47.974355650033232 ], [ -3.605108665863102, 47.974279631917895 ], [ -3.605576163515552, 47.974306088128799 ], [ -3.605858860947385, 47.974596516968063 ], [ -3.606029184877966, 47.974230374278292 ], [ -3.606031016393241, 47.974198390943442 ], [ -3.606433888507093, 47.973624989906241 ], [ -3.606801980018895, 47.973305369413296 ], [ -3.606743515848096, 47.972995653365459 ], [ -3.607592162046624, 47.972791754949284 ], [ -3.607671056413059, 47.972741999517169 ], [ -3.608771407553082, 47.9731162358581 ], [ -3.608787300866714, 47.973113334349492 ], [ -3.608793667376058, 47.973111928801103 ], [ -3.609561986134695, 47.972810672624732 ], [ -3.609594077134781, 47.972779903210537 ], [ -3.609574037373445, 47.972506035373925 ], [ -3.609093217932751, 47.972262540344701 ], [ -3.609043556107431, 47.971768388980365 ], [ -3.609609108881834, 47.97175572453348 ], [ -3.60983009047501, 47.971486184907889 ], [ -3.61028185650529, 47.971022369789878 ], [ -3.611041054246858, 47.971267253132567 ], [ -3.611448890326879, 47.97133540715727 ], [ -3.611567522307433, 47.971421412032129 ], [ -3.612588627892562, 47.971332294649443 ], [ -3.613227809774348, 47.971342835593759 ], [ -3.613556663468655, 47.971345224957318 ], [ -3.614321493323833, 47.971186973161878 ], [ -3.614559962235146, 47.971208862924072 ], [ -3.615280481687998, 47.971323503858869 ], [ -3.615490906016774, 47.97167299932174 ], [ -3.615297310072056, 47.972274009531219 ], [ -3.616107840379715, 47.971890067732858 ], [ -3.616678770383297, 47.971716777195198 ], [ -3.61644098960785, 47.971254595389638 ], [ -3.616369950864298, 47.971145177986003 ], [ -3.616514243392174, 47.971034821215838 ], [ -3.61661481419392, 47.971148041372928 ], [ -3.616616024442559, 47.97114944420467 ], [ -3.617147835891782, 47.971532273377377 ], [ -3.617149074787471, 47.971532910753325 ], [ -3.61772079055491, 47.971237222675683 ], [ -3.61772400804049, 47.971235601204995 ], [ -3.617734165424448, 47.971234117288788 ], [ -3.61856037158921, 47.97112271939379 ], [ -3.618794244650761, 47.971267535381401 ], [ -3.619063443202518, 47.971109247543197 ], [ -3.619391197664816, 47.970634374523712 ], [ -3.619459484010869, 47.97049661825244 ], [ -3.619460149245734, 47.970495712208375 ], [ -3.619460183585267, 47.97049479366531 ], [ -3.619508120203179, 47.970208945683183 ], [ -3.619857089860412, 47.970416249591963 ], [ -3.620691873317686, 47.970936671840036 ], [ -3.620751966252572, 47.970967430310679 ], [ -3.620762760182532, 47.970965805632005 ], [ -3.620765300940337, 47.970965396338642 ], [ -3.620772332363722, 47.970963084329583 ], [ -3.621247409977811, 47.970262545696158 ], [ -3.621969343667054, 47.970018231965398 ], [ -3.622164783536629, 47.969332837475562 ], [ -3.622793470208511, 47.96889716177256 ], [ -3.623355410009953, 47.967645119899842 ], [ -3.624166785042617, 47.9679130427416 ], [ -3.624813734342407, 47.968137723061091 ], [ -3.624865490517148, 47.968188844518238 ], [ -3.625338053262005, 47.969296815532033 ], [ -3.625555099404069, 47.969486638174146 ], [ -3.626133362300972, 47.970164970064232 ], [ -3.626336857671613, 47.970498075663485 ], [ -3.62703341738165, 47.970832044019517 ], [ -3.627053908651485, 47.971298188386299 ], [ -3.626563313180678, 47.971434185276806 ], [ -3.625561402016476, 47.971466154731615 ], [ -3.625307376213272, 47.97157342872255 ], [ -3.624942024980978, 47.972024434428377 ], [ -3.624540918396008, 47.972063226640984 ], [ -3.624098559562582, 47.97231063145388 ], [ -3.623652261633877, 47.972257677701393 ], [ -3.623647862433768, 47.972257131036031 ], [ -3.623329887569357, 47.972656522438953 ], [ -3.623327261018393, 47.972659228129544 ], [ -3.623408691421704, 47.972828751133321 ], [ -3.623409259443228, 47.972830447617511 ], [ -3.62344775107945, 47.972881766648456 ], [ -3.623448364839203, 47.972882238406243 ], [ -3.623448938578879, 47.972883781799581 ], [ -3.623498890717094, 47.973084701453999 ], [ -3.6235057449988, 47.973087135153705 ], [ -3.624369495821019, 47.973390870573681 ], [ -3.6239989658991, 47.973980268917714 ], [ -3.624038958754424, 47.974059041052115 ], [ -3.624038307757234, 47.974127203946225 ], [ -3.624273104342761, 47.97433224031748 ], [ -3.624881572791646, 47.974066672122476 ], [ -3.624846358206899, 47.973826058129859 ], [ -3.625133861358762, 47.973955380801897 ], [ -3.625249858106542, 47.974078553113728 ], [ -3.625118903667534, 47.974170030081467 ], [ -3.624953891779092, 47.974818648997569 ], [ -3.625295245337761, 47.975078494003583 ], [ -3.625514105588195, 47.975067808734266 ], [ -3.626221774999665, 47.975392501285029 ], [ -3.626349145501318, 47.974804878126818 ], [ -3.62637948388527, 47.974668666883915 ], [ -3.626554026216074, 47.974711951101966 ], [ -3.62661203774391, 47.974832443994472 ], [ -3.626710773163524, 47.975367545980845 ], [ -3.62738425745999, 47.975187057430929 ], [ -3.628390288834506, 47.975350340522823 ], [ -3.628409096767256, 47.975353929491462 ], [ -3.62847752533159, 47.97536447400995 ], [ -3.629425179170141, 47.975383198893496 ], [ -3.630113280822925, 47.974878197088785 ], [ -3.630120348441061, 47.974824102532793 ], [ -3.630246294828653, 47.974748303142633 ], [ -3.63030815353987, 47.97486733873761 ], [ -3.630236100723263, 47.974920149702371 ], [ -3.630145821031304, 47.975648229711766 ], [ -3.630832629921918, 47.975669148531651 ], [ -3.631293847547931, 47.976203286225044 ], [ -3.631302444383377, 47.976226742973765 ], [ -3.63139402307382, 47.976378537912154 ], [ -3.63192278479746, 47.976574354677879 ], [ -3.632281036293753, 47.976364337333294 ], [ -3.632324270006913, 47.976271583235516 ], [ -3.632364507938287, 47.976225343969944 ], [ -3.632954463511867, 47.975778449985995 ], [ -3.633463735562339, 47.975666857184081 ], [ -3.633397835036262, 47.975317171229889 ], [ -3.634533113869869, 47.975010950583879 ], [ -3.634527106703358, 47.97500271227095 ], [ -3.634567067298923, 47.974929962866298 ], [ -3.634543839617993, 47.975011162192075 ], [ -3.634539945761255, 47.975013996241003 ], [ -3.634651577112672, 47.975763526441682 ], [ -3.63403024916061, 47.975934039816238 ], [ -3.634024519463324, 47.97593530559439 ], [ -3.633945362946187, 47.976348466417221 ], [ -3.633944623693533, 47.976351362703056 ], [ -3.634036206599811, 47.976503156338921 ], [ -3.634036797630134, 47.976504240427687 ], [ -3.634037314550098, 47.976507314703923 ], [ -3.634092754619087, 47.976900610451906 ], [ -3.634094618930893, 47.976901413256016 ], [ -3.634824026593126, 47.977169049734513 ], [ -3.634824037992336, 47.977168743551701 ], [ -3.634974162325438, 47.977054044444429 ], [ -3.634908432406533, 47.977208402938501 ], [ -3.635799301045493, 47.977379178392951 ], [ -3.636030775419447, 47.977402893794689 ], [ -3.636873257554977, 47.977228154443395 ], [ -3.636914614841403, 47.97723663002489 ], [ -3.637137789640227, 47.977194915594183 ], [ -3.637543847967346, 47.97681975777536 ], [ -3.638143808964639, 47.976816263069708 ], [ -3.638402036686098, 47.976680864518258 ], [ -3.63899410897407, 47.976549899333534 ], [ -3.639259814988904, 47.976518978691004 ], [ -3.639510755800718, 47.976766291048378 ], [ -3.639929214871816, 47.97702532935152 ], [ -3.639895420434297, 47.9777644843399 ], [ -3.639796746325021, 47.977922025586679 ], [ -3.639686603754601, 47.978472921360094 ], [ -3.639696414427145, 47.978701541491446 ], [ -3.639901931982061, 47.978744197496141 ], [ -3.640286789964905, 47.979244941530112 ], [ -3.640349264321638, 47.979279876918071 ], [ -3.640420937799658, 47.979271177181388 ], [ -3.641176170235606, 47.979218641241673 ], [ -3.641665001656544, 47.979198545230005 ], [ -3.642280970036773, 47.97907049091566 ], [ -3.642983103200077, 47.979342460235486 ], [ -3.643088489625979, 47.979701039588164 ], [ -3.643491385398178, 47.979410681159294 ], [ -3.644041006583879, 47.979164880469114 ], [ -3.643415209318612, 47.979047621245783 ], [ -3.642975371896294, 47.978734702102386 ], [ -3.64300518182321, 47.978306165305369 ], [ -3.643666377227712, 47.978235222476272 ], [ -3.64419080955765, 47.97814044429083 ], [ -3.644711529022717, 47.977652471178416 ], [ -3.643508789007484, 47.977208108245193 ], [ -3.642906919511232, 47.977636876111077 ], [ -3.642777228685397, 47.977949616451582 ], [ -3.642472219482069, 47.978222596361761 ], [ -3.642039010471519, 47.9783432186928 ], [ -3.641831758269598, 47.978330252442376 ], [ -3.641012335572616, 47.978377237093099 ], [ -3.640479015851091, 47.978439198898215 ], [ -3.640409266592174, 47.978005484115556 ], [ -3.640399037677513, 47.977686159281802 ], [ -3.640433313514275, 47.977290649630092 ], [ -3.640325317391583, 47.976968633156346 ], [ -3.640932136747892, 47.976457854025853 ], [ -3.641207229554956, 47.976497129513092 ], [ -3.64207899846178, 47.976451328141692 ], [ -3.642663006254447, 47.976503270813794 ], [ -3.642908573646887, 47.976079594241966 ], [ -3.64296314082236, 47.975766447879707 ], [ -3.643406228611952, 47.975566505571081 ], [ -3.643726994096551, 47.975906035803391 ], [ -3.643805875339736, 47.976179217903578 ], [ -3.64399369037374, 47.976834488336436 ], [ -3.644800742159096, 47.977494434952646 ], [ -3.645107159433318, 47.977574460131848 ], [ -3.646003648617504, 47.977781452563946 ], [ -3.646836388545187, 47.978294207079955 ], [ -3.647163697994241, 47.978764236226411 ], [ -3.647176451842852, 47.979373471253993 ], [ -3.648106535378257, 47.979475403190889 ], [ -3.648822313288182, 47.979890710314365 ], [ -3.648420150735667, 47.980263824531704 ], [ -3.648111387846462, 47.980723342150768 ], [ -3.648753317693969, 47.980865721232334 ], [ -3.649423320902289, 47.980932200997799 ], [ -3.649468711888681, 47.980491406731062 ], [ -3.649551970239364, 47.980255423697869 ], [ -3.650400060900711, 47.980235927813027 ], [ -3.649873360475256, 47.979676500010257 ], [ -3.649697040242674, 47.979254943650048 ], [ -3.650364945299339, 47.978900835331743 ], [ -3.651209961139339, 47.979321735559253 ], [ -3.65082071187549, 47.979670442510852 ], [ -3.650506938537933, 47.980248444917351 ], [ -3.650932220077867, 47.980460864713208 ], [ -3.650469258749694, 47.980276966710221 ], [ -3.649834903213394, 47.980594506393828 ], [ -3.64951203906414, 47.980974696207525 ], [ -3.649479019581053, 47.980996721620826 ], [ -3.649052645375653, 47.981375643097564 ], [ -3.649437385198477, 47.981659735137043 ], [ -3.649589385950204, 47.981647401058765 ], [ -3.649707815510215, 47.981654936629894 ], [ -3.650456592744164, 47.981316970408727 ], [ -3.650557510686128, 47.98126885497301 ], [ -3.651383538674324, 47.981350801460877 ], [ -3.651447994007399, 47.981349462663772 ], [ -3.651550006514422, 47.981271799891545 ], [ -3.651400726822344, 47.980665552909855 ], [ -3.651407365555912, 47.980656797464448 ], [ -3.65177790881682, 47.980063208986351 ], [ -3.652565294284275, 47.97968815161839 ], [ -3.652354467000037, 47.979515948669544 ], [ -3.652591520012938, 47.978963248126647 ], [ -3.65170227152537, 47.978611346586646 ], [ -3.651434255372706, 47.978551236992217 ], [ -3.650512749407741, 47.978456537589494 ], [ -3.650465190717341, 47.977899934584542 ], [ -3.650658011261786, 47.977637913981496 ], [ -3.651321880962122, 47.977000450487765 ], [ -3.651432767414762, 47.976836555598936 ], [ -3.65237616276722, 47.976169647283584 ], [ -3.652736990833847, 47.975633165717468 ], [ -3.653607400801243, 47.975913453091735 ], [ -3.654196121517455, 47.976997581750112 ], [ -3.652812651138339, 47.976999538631631 ], [ -3.651888163648885, 47.977224216291262 ], [ -3.651906606964419, 47.977817015768451 ], [ -3.651832740090606, 47.978430217430557 ], [ -3.652899614075193, 47.978640368171867 ], [ -3.653518442499414, 47.978093628142318 ], [ -3.654503091461674, 47.977369760643214 ], [ -3.655248649154504, 47.978311266997821 ], [ -3.65508001390622, 47.978994769457742 ], [ -3.654315135187878, 47.978779526529635 ], [ -3.653040647295727, 47.978923958252992 ], [ -3.652864351756118, 47.979626306062571 ], [ -3.653731041161292, 47.979854583622981 ], [ -3.654789921476923, 47.980025346239401 ], [ -3.655044983696745, 47.979872703633788 ], [ -3.65496997543422, 47.980107931463138 ], [ -3.654932918405818, 47.980153778342455 ], [ -3.654868732091747, 47.980164928635944 ], [ -3.654712102164103, 47.98018299790624 ], [ -3.653865485944971, 47.980333225059411 ], [ -3.653963819680387, 47.980576450131707 ], [ -3.654089643327201, 47.980640047270171 ], [ -3.654473589874177, 47.98094586782824 ], [ -3.654779180316469, 47.980929342288761 ], [ -3.654878706964646, 47.980918732105891 ], [ -3.655533021786348, 47.980846232717994 ], [ -3.65564034279225, 47.98084680565556 ], [ -3.65625816600823, 47.980463657479021 ], [ -3.6563799056635, 47.980398788488799 ], [ -3.65656238608381, 47.980364678728947 ], [ -3.656733272212201, 47.980114937509114 ], [ -3.656617637183471, 47.979332405488805 ], [ -3.656398133737249, 47.97929209844348 ], [ -3.656592075878217, 47.979152962794529 ], [ -3.65685618368584, 47.979148183193772 ], [ -3.656712208576689, 47.979302087170794 ], [ -3.65748201138527, 47.979674603162366 ], [ -3.657936850298717, 47.980163658350932 ], [ -3.658102784784222, 47.980269557022581 ], [ -3.658179931224284, 47.980300637341102 ], [ -3.658963976637964, 47.980954247930285 ], [ -3.659011290386406, 47.980972487038301 ], [ -3.659025162847057, 47.980990070850567 ], [ -3.659829439420613, 47.981352987775239 ], [ -3.660379794154468, 47.981615941496642 ], [ -3.660466159612681, 47.981875934037973 ], [ -3.660563947674194, 47.98225396369152 ], [ -3.660470512511509, 47.982748819042612 ], [ -3.660513449846846, 47.982834228340124 ], [ -3.660517578061321, 47.982842122573075 ], [ -3.660538725763032, 47.982850809770412 ], [ -3.661161865666695, 47.982955701956953 ], [ -3.661495305812214, 47.983347538069225 ], [ -3.661635254488765, 47.983422130800349 ], [ -3.661736242922135, 47.98340618337771 ], [ -3.662542897638763, 47.983397922959071 ], [ -3.662704948612569, 47.983472487918036 ], [ -3.662882857966917, 47.983476736373859 ], [ -3.663382641223996, 47.98329731215938 ], [ -3.663498484912962, 47.982759537503938 ], [ -3.664166942592438, 47.983056504130388 ], [ -3.664942962567994, 47.983552898416676 ], [ -3.664945435633603, 47.983554325626201 ], [ -3.664946010090487, 47.98355586889744 ], [ -3.664944054953229, 47.983557515886687 ], [ -3.664783234667138, 47.984253283514263 ], [ -3.664624786367882, 47.984576966534007 ], [ -3.664482502959503, 47.984839071557388 ], [ -3.664599637319329, 47.985189594658678 ], [ -3.664755524670345, 47.985345694642191 ], [ -3.665076464819546, 47.98563202891593 ], [ -3.665118630127715, 47.985670082168298 ], [ -3.665119841251432, 47.98567148469057 ], [ -3.66529424342942, 47.985873447822783 ], [ -3.66566778286644, 47.986086353018763 ], [ -3.665671951197034, 47.986093175496677 ], [ -3.665863525485704, 47.986411602188724 ], [ -3.665964662616692, 47.986545641516358 ], [ -3.666149443252039, 47.986620494704695 ], [ -3.666566696273225, 47.986778333611767 ], [ -3.66657542300244, 47.986781415113072 ], [ -3.666900427530527, 47.986872338000239 ], [ -3.666902303601477, 47.986872834290395 ], [ -3.666907982664112, 47.986872945323483 ], [ -3.667503992247336, 47.986875404904922 ], [ -3.667632395705747, 47.986886647495794 ], [ -3.667806339037168, 47.986895869277745 ], [ -3.668440331294437, 47.986793051472262 ], [ -3.668784924711751, 47.986712459584751 ], [ -3.669325532939227, 47.986590501951198 ], [ -3.669538410271155, 47.98655421538075 ], [ -3.6700260267569, 47.986465078371367 ], [ -3.670356460221043, 47.986374555191375 ], [ -3.6708775677813, 47.986216209421897 ], [ -3.671393381989624, 47.986081505373491 ], [ -3.671984282572229, 47.985759825894448 ], [ -3.672259809212024, 47.985668380611301 ], [ -3.673068602452758, 47.98546539431652 ], [ -3.673328749410997, 47.985448563667148 ], [ -3.673601231611408, 47.98519971734801 ], [ -3.673110346257911, 47.985000777763091 ], [ -3.672611615352553, 47.984792031899332 ], [ -3.672565840204661, 47.984303492640151 ], [ -3.673247278877902, 47.984266236791058 ], [ -3.673715602998668, 47.9844604460516 ], [ -3.674124904196046, 47.984611371562877 ], [ -3.674460112549819, 47.984871003608191 ], [ -3.674432754249682, 47.985082349767552 ], [ -3.674995996268607, 47.985408477097181 ], [ -3.675458670132369, 47.985430524502732 ], [ -3.675235538318277, 47.98545390190101 ], [ -3.674826767479439, 47.985528504292262 ], [ -3.674631015460042, 47.985579991679359 ], [ -3.674194992224233, 47.985657278275141 ], [ -3.67395574625509, 47.985689531916691 ], [ -3.673726360473152, 47.985694094685357 ], [ -3.673505367522511, 47.985745088333388 ], [ -3.672770584701354, 47.985978783089365 ], [ -3.671818994702778, 47.986269676547678 ], [ -3.670989691019285, 47.98654916514478 ], [ -3.670291258664118, 47.98677283600442 ], [ -3.669947711259945, 47.986893590408926 ], [ -3.669413153846426, 47.987005556690008 ], [ -3.668575260039493, 47.987243655223722 ], [ -3.667783397122565, 47.987312287513319 ], [ -3.667105268464649, 47.987259198340951 ], [ -3.666931020945956, 47.987189760980527 ], [ -3.666828697348624, 47.987122036106456 ], [ -3.666674985370205, 47.987060813382101 ], [ -3.666302803612236, 47.987050471848008 ], [ -3.666096232294285, 47.987052713671901 ], [ -3.665905325101054, 47.987041166878797 ], [ -3.665725220893553, 47.986959357542389 ], [ -3.665532288161367, 47.986831642465134 ], [ -3.665376477873185, 47.986707564154855 ], [ -3.665269682294466, 47.986641282964712 ], [ -3.665186010024204, 47.986564423366929 ], [ -3.665141162654451, 47.986479284178756 ], [ -3.665058276367266, 47.986381144609254 ], [ -3.664522328845864, 47.985846703921155 ], [ -3.664193209272179, 47.985474108239998 ], [ -3.663939865621432, 47.985204109049903 ], [ -3.663788110705438, 47.985038743811344 ], [ -3.663641868889695, 47.984895088025951 ], [ -3.663570226943326, 47.984783226327835 ], [ -3.663487123116517, 47.98469105674171 ], [ -3.663301974917476, 47.984745956976923 ], [ -3.663070045720551, 47.984819398259162 ], [ -3.663128337648439, 47.984950762125138 ], [ -3.663266766091545, 47.98508369437485 ], [ -3.66332745476544, 47.985201469980822 ], [ -3.663486569484375, 47.985389806973487 ], [ -3.663596446706539, 47.985560634307348 ], [ -3.663679080603525, 47.985716833734386 ], [ -3.66381524000304, 47.985894150198504 ], [ -3.663903077531991, 47.98602915606979 ], [ -3.664039868774478, 47.986206484738858 ], [ -3.664209934071762, 47.986389060459501 ], [ -3.664503570993316, 47.986696616507913 ], [ -3.664612713034856, 47.986870339751832 ], [ -3.66513008247178, 47.987292425071814 ], [ -3.665686420375714, 47.988061664396881 ], [ -3.665755920085596, 47.988129054390811 ], [ -3.665862203315279, 47.988209266811594 ], [ -3.666048973860903, 47.988401359772752 ], [ -3.666195958924294, 47.988627758183 ], [ -3.66648117386558, 47.988941427781853 ], [ -3.666567802821081, 47.989058024364411 ], [ -3.666634305255636, 47.989189547753625 ], [ -3.666705959582884, 47.989301255376944 ], [ -3.666824508276377, 47.989562487376858 ], [ -3.667109122450362, 47.990012342365262 ], [ -3.667403072513479, 47.990431738704899 ], [ -3.667521810729245, 47.99051678975249 ], [ -3.667905056099811, 47.990689740749048 ], [ -3.668021810725893, 47.990725880717562 ], [ -3.668772842835461, 47.990908928597733 ], [ -3.669262338475684, 47.990992030659243 ], [ -3.669377309498149, 47.991008065228414 ], [ -3.669863098416239, 47.991020466370514 ], [ -3.670070876762218, 47.991037087795007 ], [ -3.670717102160433, 47.991031325170809 ], [ -3.670843709743398, 47.99102292029572 ], [ -3.670984948537244, 47.991028742589648 ], [ -3.671150114815657, 47.991053569660053 ], [ -3.671635509187847, 47.991076682679974 ], [ -3.671916340380514, 47.991115870450642 ], [ -3.672392223755157, 47.991157180217968 ], [ -3.67254867378043, 47.991195777407114 ], [ -3.672807139246325, 47.991327828223021 ], [ -3.673116979597275, 47.991436675181106 ], [ -3.673294045902643, 47.991481342623771 ], [ -3.673920590710791, 47.991735630740976 ], [ -3.674659869579857, 47.991998244123607 ], [ -3.675082259764254, 47.99208614961185 ], [ -3.675686722436803, 47.992237201304619 ], [ -3.676086487192068, 47.992322211952043 ], [ -3.676155167458953, 47.992532214496819 ], [ -3.676447289841585, 47.992625083508713 ], [ -3.676099842999732, 47.992628419928508 ], [ -3.675892921954085, 47.9926398583371 ], [ -3.675762199526795, 47.992657072271783 ], [ -3.675651326675366, 47.992684018657769 ], [ -3.675553423884129, 47.992718878118438 ], [ -3.675487828379081, 47.992750997163128 ], [ -3.675160237992138, 47.992678117289572 ], [ -3.674702591243159, 47.992587226174706 ], [ -3.674434463461094, 47.992425880862825 ], [ -3.674164068684983, 47.992360396390254 ], [ -3.673718177600084, 47.992104731859897 ], [ -3.673481021877748, 47.992165521947584 ], [ -3.673158943719427, 47.99213165976775 ], [ -3.673058377456507, 47.992393054123639 ], [ -3.672622890430312, 47.992866226645532 ], [ -3.671923556301726, 47.992633493584719 ], [ -3.672125374921473, 47.992143658095486 ], [ -3.672229239668886, 47.991878498531463 ], [ -3.671920712676155, 47.991751138070711 ], [ -3.671072601976449, 47.991460343730168 ], [ -3.671068224222957, 47.991459185816467 ], [ -3.671065035175284, 47.991460042763109 ], [ -3.671062505383266, 47.991460146565274 ], [ -3.670034385900678, 47.991786919871743 ], [ -3.669988968025703, 47.991785573089388 ], [ -3.669552972575032, 47.99182700040771 ], [ -3.669077464109421, 47.991998031073152 ], [ -3.668957586328442, 47.991892429465409 ], [ -3.668231020315552, 47.992158594425547 ], [ -3.667750275539377, 47.99236873961803 ], [ -3.667420879354224, 47.992054054970779 ], [ -3.667788773869799, 47.991787470853723 ], [ -3.667872278499004, 47.991441177224303 ], [ -3.667555125562433, 47.991154155653177 ], [ -3.667318588771193, 47.99109545100211 ], [ -3.666907276707958, 47.991049875190484 ], [ -3.666532726475956, 47.990709793601297 ], [ -3.66594022474486, 47.99086826389852 ], [ -3.665618390861131, 47.990827958669769 ], [ -3.664948509516353, 47.990824508078504 ], [ -3.66473056935753, 47.990399087546862 ], [ -3.664564879416102, 47.989909730600772 ], [ -3.664594396570482, 47.989691839505056 ], [ -3.664619337563068, 47.989614959541811 ], [ -3.664506719895363, 47.988800010638187 ], [ -3.664480842225052, 47.988714169913564 ], [ -3.664150930750704, 47.988123396383457 ], [ -3.664201428949233, 47.987610999029727 ], [ -3.664054947621545, 47.987371126947082 ], [ -3.663933769055082, 47.987301039851815 ], [ -3.66364808023398, 47.987086020128004 ], [ -3.662732118937835, 47.987163539354398 ], [ -3.662492237061814, 47.987178607054943 ], [ -3.662118866094147, 47.986619458370612 ], [ -3.661994125854386, 47.986133199251398 ], [ -3.662039030701621, 47.986045833127221 ], [ -3.661985866266541, 47.985587786012076 ], [ -3.661691887586883, 47.985375205394291 ], [ -3.661389914579182, 47.985344779994207 ], [ -3.660571342579279, 47.985333345433148 ], [ -3.660438083518286, 47.985333952659232 ], [ -3.659756423369772, 47.984898677259039 ], [ -3.65982801953024, 47.984448129320327 ], [ -3.659585187866617, 47.984201616854548 ], [ -3.659474327376238, 47.984125907198376 ], [ -3.659096559887558, 47.984010803458645 ], [ -3.658625603650028, 47.984434834572667 ], [ -3.658661348440438, 47.984595173190627 ], [ -3.658467435934617, 47.984596735225594 ], [ -3.658259225832998, 47.984592195107723 ], [ -3.657610440356153, 47.984395174726316 ], [ -3.657253264396466, 47.984286752166042 ], [ -3.657248660031029, 47.983933374376562 ], [ -3.65721279148691, 47.98345222475875 ], [ -3.657505966438087, 47.983071745924462 ], [ -3.657693207285532, 47.982380025585002 ], [ -3.656816686717059, 47.982109443279171 ], [ -3.656716540911047, 47.982085571604628 ], [ -3.656065437077836, 47.982019948768269 ], [ -3.655721476772529, 47.982015347900202 ], [ -3.655710625532344, 47.982018505553754 ], [ -3.655702332191795, 47.982020794153499 ], [ -3.655628542276089, 47.982120767637241 ], [ -3.655440142718006, 47.982638730501307 ], [ -3.656002966065957, 47.983110605332641 ], [ -3.656018406258501, 47.983119947142626 ], [ -3.656023633717465, 47.983149311543059 ], [ -3.655973961846626, 47.983143588110934 ], [ -3.655225083599956, 47.983023955679087 ], [ -3.654645897226737, 47.983318081871303 ], [ -3.65451860520785, 47.984180725687679 ], [ -3.654601173432079, 47.98423596686456 ], [ -3.655074170280418, 47.985155735416555 ], [ -3.655285865006757, 47.985202631687685 ], [ -3.655829399356472, 47.986042430791386 ], [ -3.655837646188254, 47.986177871463525 ], [ -3.656905623918508, 47.985968241278783 ], [ -3.657699918043905, 47.986038659161579 ], [ -3.657918631810484, 47.986134868345914 ], [ -3.65885699038452, 47.986527228160654 ], [ -3.658888899774479, 47.98653520720012 ], [ -3.658921381076381, 47.986527723865166 ], [ -3.659851006787525, 47.986422148618601 ], [ -3.660627815036523, 47.986214146638972 ], [ -3.660708292696973, 47.98589905091012 ], [ -3.66104554392644, 47.986119681141886 ], [ -3.661551400843768, 47.986186425283648 ], [ -3.661113802788553, 47.986374263455147 ], [ -3.66139560059906, 47.986984782832366 ], [ -3.661803221854172, 47.987232221395232 ], [ -3.661173846291871, 47.987363602918904 ], [ -3.660862557824712, 47.987311699014811 ], [ -3.660017238631973, 47.987220532163718 ], [ -3.659448191935067, 47.987684162925277 ], [ -3.659116889344279, 47.988224609461597 ], [ -3.657681132895675, 47.988543173104105 ], [ -3.657671004898865, 47.988560899439662 ], [ -3.657639915144723, 47.988564886162848 ], [ -3.657606712594041, 47.988540641952241 ], [ -3.656116426742005, 47.988011979534377 ], [ -3.655908902444057, 47.987357559484067 ], [ -3.655773176508314, 47.986230688048948 ], [ -3.655658296438027, 47.986195342994563 ], [ -3.654926108454868, 47.985317371846108 ], [ -3.654004572620015, 47.985375128097957 ], [ -3.653749301988416, 47.985106761813753 ], [ -3.652879966886848, 47.984863418848022 ], [ -3.651636102862432, 47.984724557217319 ], [ -3.652192514340114, 47.984023083625345 ], [ -3.652875280241143, 47.983541178493851 ], [ -3.653522556514452, 47.983812643121368 ], [ -3.654245551544934, 47.984051579870027 ], [ -3.653868853843738, 47.983515635768711 ], [ -3.653660193178231, 47.983591513511158 ], [ -3.652875297256335, 47.983540719216677 ], [ -3.652259327945864, 47.983106092122213 ], [ -3.652228358831719, 47.983106862986091 ], [ -3.652203847016902, 47.983103777316444 ], [ -3.652012369931975, 47.983176007237091 ], [ -3.651742442394985, 47.983746447273575 ], [ -3.651417550289064, 47.98394275662352 ], [ -3.651279288657643, 47.984589472618126 ], [ -3.650435581799631, 47.984200158371934 ], [ -3.649575330331858, 47.984308274456311 ], [ -3.648668094505423, 47.98415088020117 ], [ -3.648337490728639, 47.984126458470286 ], [ -3.648164565393201, 47.984260177468627 ], [ -3.647836456907377, 47.985121629043775 ], [ -3.646688129624085, 47.984569428963653 ], [ -3.645941806840094, 47.984210810851337 ], [ -3.645938060695637, 47.98420966475409 ], [ -3.645936918056529, 47.984206425000323 ], [ -3.645941334966302, 47.984206511860776 ], [ -3.646666928967886, 47.983864580403051 ], [ -3.646264016882373, 47.98333852244582 ], [ -3.646367265810428, 47.98273432495138 ], [ -3.646213941549747, 47.982578106156595 ], [ -3.646115650758397, 47.98253833196371 ], [ -3.645358926028846, 47.982188239522415 ], [ -3.645294276612625, 47.982160770065192 ], [ -3.644373100745667, 47.982056395079383 ], [ -3.645210409318686, 47.982361809141821 ], [ -3.645450899247288, 47.982772376419476 ], [ -3.645496497939149, 47.983193971171445 ], [ -3.644946011012989, 47.983530609895254 ], [ -3.644144988138463, 47.983353067888444 ], [ -3.643835494860668, 47.982675332125055 ], [ -3.644193966508226, 47.982136213557609 ], [ -3.643653143249062, 47.98260372133285 ], [ -3.643456517208019, 47.982610423067314 ], [ -3.643447089542175, 47.98283023840338 ], [ -3.643524051158783, 47.983359234188484 ], [ -3.643414090148928, 47.983769648641172 ], [ -3.643658230595846, 47.984234831052021 ], [ -3.642962634884611, 47.984108843385698 ], [ -3.642946062278258, 47.98390904554519 ], [ -3.642688175945926, 47.983406056627999 ], [ -3.64253325021672, 47.983140109049387 ], [ -3.642282087585547, 47.982847141452524 ], [ -3.641825931940766, 47.982786071870933 ], [ -3.641631538289601, 47.983191452479943 ], [ -3.641496209503772, 47.983468691735027 ], [ -3.641002810535695, 47.984052795263764 ], [ -3.640645801260955, 47.983413797718029 ], [ -3.640819625503307, 47.983052288908425 ], [ -3.640895701590586, 47.982602448014902 ], [ -3.64119735897427, 47.982301214313949 ], [ -3.641369324565992, 47.981649806762988 ], [ -3.640614309642331, 47.981763936193261 ], [ -3.639875875500731, 47.981856634229885 ], [ -3.639962998689701, 47.981194670804371 ], [ -3.639729297389595, 47.981060762975432 ], [ -3.639670203762276, 47.98103677145069 ], [ -3.638917575789623, 47.98062836215216 ], [ -3.638897398372004, 47.980593646887115 ], [ -3.638826197374166, 47.980572633802737 ], [ -3.638626498929512, 47.98059413055752 ], [ -3.63779709220516, 47.981027744740203 ], [ -3.637183103925896, 47.980745696422971 ], [ -3.636798031007896, 47.980284927411503 ], [ -3.63614706277577, 47.980844002598403 ], [ -3.636738631853334, 47.981236378936032 ], [ -3.637207381144251, 47.981349032868494 ], [ -3.637418880617416, 47.981808064947117 ], [ -3.63676598191595, 47.981977659888159 ], [ -3.635990681801184, 47.982229407579553 ], [ -3.635249883851601, 47.981995256200165 ], [ -3.635185381973571, 47.982761077286369 ], [ -3.636017523362055, 47.983323508307819 ], [ -3.636126816441839, 47.98342386736654 ], [ -3.636143637641403, 47.983480884619411 ], [ -3.636117071728493, 47.983634790632379 ], [ -3.636006201896655, 47.983491962900302 ], [ -3.634650164734099, 47.983263294466184 ], [ -3.634233773672893, 47.983321417383962 ], [ -3.633104247459801, 47.9830468019899 ], [ -3.632341957105306, 47.982813287120791 ], [ -3.632148608064026, 47.982257475400715 ], [ -3.631732370718094, 47.981820133040884 ], [ -3.631187728270613, 47.981575283319671 ], [ -3.630411375696882, 47.98121125902037 ], [ -3.630310378840528, 47.980685305800364 ], [ -3.631260725659825, 47.980429837982555 ], [ -3.631615169604532, 47.980881588115423 ], [ -3.63236490509633, 47.98128215727337 ], [ -3.632984941587236, 47.981096455690221 ], [ -3.633812397565289, 47.980766696574193 ], [ -3.634380352432286, 47.981131650771388 ], [ -3.634890816984793, 47.98129400573653 ], [ -3.635694637701398, 47.98078482967523 ], [ -3.63550014277277, 47.98022547594401 ], [ -3.634876601499019, 47.980149444044599 ], [ -3.634511827497695, 47.980195256694941 ], [ -3.634665235628967, 47.979924660663471 ], [ -3.634602926016292, 47.979410504386408 ], [ -3.63402273874497, 47.979492971727339 ], [ -3.63339471362749, 47.979113655481697 ], [ -3.633259173112002, 47.979057052804677 ], [ -3.632264669786425, 47.979108510139639 ], [ -3.632985339055527, 47.979628002083388 ], [ -3.633259600827138, 47.979774515795171 ], [ -3.633428942693353, 47.980262901797218 ], [ -3.632749522193116, 47.980076678632258 ], [ -3.63223999863986, 47.979923222049692 ], [ -3.632262100346629, 47.979109685049991 ], [ -3.632261515023957, 47.979108447862941 ], [ -3.631377043314175, 47.978935177245148 ], [ -3.630920276264964, 47.978670919651236 ], [ -3.630585719782265, 47.978702307174444 ], [ -3.63047333085415, 47.978702232349789 ], [ -3.629585191926363, 47.97876297649556 ], [ -3.628796380718126, 47.978530607905526 ], [ -3.628666836351594, 47.978499552168856 ], [ -3.628162146889332, 47.978081442939001 ], [ -3.627952282486055, 47.97790157015487 ], [ -3.627405172802416, 47.978028333509826 ], [ -3.627243697692981, 47.978463918255173 ], [ -3.626393782143146, 47.978329454466234 ], [ -3.626773651030023, 47.977845179670197 ], [ -3.62635210484481, 47.977483556236024 ], [ -3.626133968558957, 47.977305509433705 ], [ -3.625454480465509, 47.977291152693212 ], [ -3.625719715822412, 47.977814381533463 ], [ -3.625891929771205, 47.97837698248901 ], [ -3.62505866145804, 47.978236407132826 ], [ -3.624855320183855, 47.977814290675084 ], [ -3.625110509782041, 47.977371828972579 ], [ -3.6249238521439, 47.977094820631336 ], [ -3.62449987590554, 47.976933842253004 ], [ -3.624482186793048, 47.976934105124641 ], [ -3.624426136243475, 47.976930238586448 ], [ -3.624364980518166, 47.977012371771679 ], [ -3.624272869418726, 47.977636082152301 ], [ -3.623716187147612, 47.978120530362617 ], [ -3.623696512411123, 47.97820777389434 ], [ -3.623624290714784, 47.978383295754369 ], [ -3.6234924482752, 47.97821093653809 ], [ -3.622582726808532, 47.977716926803126 ], [ -3.622206759586704, 47.977707493145758 ], [ -3.621422691696559, 47.977788182920392 ], [ -3.62135214651845, 47.97697250537739 ], [ -3.621554354215867, 47.976444430689241 ], [ -3.621389674247566, 47.976204776000472 ], [ -3.621360564282242, 47.97549685589938 ], [ -3.621347401340693, 47.975443586628927 ], [ -3.621284757992119, 47.975345827635678 ], [ -3.620979204749215, 47.975327827271755 ], [ -3.620737269533519, 47.975719375431638 ], [ -3.620674236772239, 47.975936136724883 ], [ -3.620842637938509, 47.976430950802083 ], [ -3.620822368777028, 47.976871930865016 ], [ -3.620363024576741, 47.977387099021541 ], [ -3.62097061989962, 47.977703242211803 ], [ -3.620150404285854, 47.977855676460095 ], [ -3.619781353479868, 47.978184803319934 ], [ -3.619142684292671, 47.97864907658294 ], [ -3.618201108121596, 47.978264414497403 ], [ -3.617625155002665, 47.977912732918384 ], [ -3.616754475844092, 47.97809739740616 ], [ -3.616237804134661, 47.978388966641361 ], [ -3.615891861690822, 47.978100210839997 ], [ -3.614404757551156, 47.977918124662892 ], [ -3.614011132429654, 47.978751255586488 ], [ -3.613941364001055, 47.978877644042853 ], [ -3.612693517585186, 47.979185490021081 ], [ -3.612195691703735, 47.979125204870257 ], [ -3.612301337829598, 47.979473850845423 ], [ -3.612170881701815, 47.979854886030935 ], [ -3.6120962823366, 47.980447226882305 ], [ -3.611625914004132, 47.980783060076206 ], [ -3.611115450673946, 47.980604859944378 ], [ -3.611000836103355, 47.980310269488484 ], [ -3.610430525086861, 47.979858940602867 ], [ -3.609873053068445, 47.979890613225706 ], [ -3.608956860729666, 47.980092569141334 ], [ -3.609321290485099, 47.980763645412154 ], [ -3.609495967445062, 47.981089764686288 ], [ -3.609172598256934, 47.981344402313496 ], [ -3.608710510847718, 47.981273787082429 ], [ -3.607560223751328, 47.980999520544572 ], [ -3.606830027598464, 47.981595529023579 ], [ -3.606352812677196, 47.981877591556653 ], [ -3.606108783673938, 47.981464754992416 ], [ -3.605478836307029, 47.981155930890282 ], [ -3.605038525832902, 47.981262231645715 ], [ -3.60457467741358, 47.98123860492916 ], [ -3.603981676421614, 47.981509932071489 ], [ -3.60382921700573, 47.981736093914407 ], [ -3.603119249656077, 47.98177589657999 ], [ -3.602858209526981, 47.981749100304924 ], [ -3.602528072152615, 47.981914426665782 ], [ -3.60230142640168, 47.98211505774772 ], [ -3.601411299224149, 47.982076044476173 ], [ -3.601370251811352, 47.982076146565603 ], [ -3.60135482494472, 47.982100199084741 ], [ -3.601332482217039, 47.982106648530959 ], [ -3.600882387769113, 47.982221017900798 ], [ -3.600797347089549, 47.982249199742796 ], [ -3.600397914471502, 47.982645248702639 ], [ -3.600083556224109, 47.982709769607013 ], [ -3.59947071301404, 47.983138795614863 ], [ -3.599342699671357, 47.983319019845979 ], [ -3.599315743374056, 47.983380990709549 ], [ -3.598782810347614, 47.983800575565326 ], [ -3.598781430120533, 47.98387086934919 ], [ -3.598537728206237, 47.98434003197859 ], [ -3.598520664127922, 47.984374010041691 ], [ -3.598523387276378, 47.984385554701632 ], [ -3.598531214805423, 47.984446073590448 ], [ -3.59913470027458, 47.985022044680306 ], [ -3.598570097674606, 47.98549431410018 ], [ -3.598368472473134, 47.985667249619468 ], [ -3.597911470400466, 47.986015113176137 ], [ -3.597475058899695, 47.986084092237974 ], [ -3.597530496683428, 47.98662478711185 ], [ -3.596712129266806, 47.986305436697208 ], [ -3.596347663383045, 47.986576852946413 ], [ -3.596283811811527, 47.986578797454925 ], [ -3.596249278059872, 47.986657469585623 ], [ -3.596123985555548, 47.986832230895345 ], [ -3.596066453564751, 47.987706654612623 ], [ -3.595423461425032, 47.987727387490182 ], [ -3.595011379135917, 47.988508640188229 ], [ -3.595008607311854, 47.988515172766725 ], [ -3.595002181976235, 47.988518108757987 ], [ -3.594544507372023, 47.989285735580509 ], [ -3.594603718507837, 47.989390330389796 ], [ -3.594611728067642, 47.989546606927959 ], [ -3.595431442422972, 47.990132725014504 ], [ -3.59583945782752, 47.990432870032123 ], [ -3.596603770266757, 47.990393870679554 ], [ -3.597556475076761, 47.99036612934708 ], [ -3.598229013783318, 47.990819536628521 ], [ -3.597546363631855, 47.991104993049163 ], [ -3.597095090927925, 47.991350168922665 ], [ -3.596143604029819, 47.9916305690152 ], [ -3.596173701875678, 47.992223616596206 ], [ -3.596582423943643, 47.992773806356368 ], [ -3.596997204349569, 47.993314157588998 ], [ -3.597830996134958, 47.993661544111106 ], [ -3.599406949425979, 47.994559930143183 ], [ -3.598364773219595, 47.995639038525582 ], [ -3.596844688188525, 47.995840398436059 ], [ -3.595981220711244, 47.995106489406609 ], [ -3.595593196051631, 47.99414044934872 ], [ -3.595953035318604, 47.993539700931052 ], [ -3.595104043062836, 47.99329434439997 ], [ -3.594249737338891, 47.99285476576874 ], [ -3.593729574644897, 47.992966802691726 ], [ -3.592927258293774, 47.992287261581922 ], [ -3.592245193815616, 47.992036795663736 ], [ -3.591758264558802, 47.992238962517533 ], [ -3.590778482637828, 47.992146786201459 ], [ -3.59064588101237, 47.992112884990149 ], [ -3.590878157051876, 47.991177602154778 ], [ -3.590562226328269, 47.990797012582078 ], [ -3.589985621081016, 47.990965823807002 ], [ -3.59012462124688, 47.991449819725133 ], [ -3.590417186033548, 47.992098514091865 ], [ -3.590306412473401, 47.992222697606209 ], [ -3.59044885155315, 47.992313941377859 ], [ -3.590360663134877, 47.993279831335371 ], [ -3.590255745700772, 47.993533437932655 ], [ -3.590124145380025, 47.994076071707184 ], [ -3.590351849127443, 47.994736800672229 ], [ -3.590530910035536, 47.994828315920159 ], [ -3.590363666412266, 47.994976191749089 ], [ -3.590127865771206, 47.994999367518631 ], [ -3.589427583820847, 47.99531554435589 ], [ -3.589030486393142, 47.995479511724739 ], [ -3.589382790783877, 47.995666105441089 ], [ -3.589587524879592, 47.996266013762792 ], [ -3.589516121782132, 47.996702605337077 ], [ -3.589719465058848, 47.997071450472774 ], [ -3.589330995756279, 47.997358156273776 ], [ -3.588939908535749, 47.997864966944292 ], [ -3.588786040175056, 47.998411599277389 ], [ -3.588019011346675, 47.998403632212046 ], [ -3.587041676112162, 47.998479400420919 ], [ -3.586675323526489, 47.999317780919185 ], [ -3.586749477634878, 47.999511690488632 ], [ -3.586436273551746, 47.999594138139301 ], [ -3.585700885164026, 48.000220151044815 ], [ -3.585800209485778, 48.000751159736964 ], [ -3.586641414949078, 48.00152205625028 ], [ -3.585327008220133, 48.001960155597459 ], [ -3.584447236047016, 48.001876381048604 ], [ -3.583687324668125, 48.00206387780797 ], [ -3.58312394109777, 48.002582859377839 ], [ -3.582917794359366, 48.00285711318763 ], [ -3.582953282198427, 48.003121492525565 ], [ -3.58391612288504, 48.003631625396139 ], [ -3.58324821221381, 48.004175481982699 ], [ -3.582950399568511, 48.004418486834282 ], [ -3.582510247797774, 48.004617431048374 ], [ -3.581920372954018, 48.004884160381806 ], [ -3.5814156849523, 48.005019149051051 ], [ -3.581295234829308, 48.005365285337462 ], [ -3.580793051224303, 48.006152526322808 ], [ -3.580490975131972, 48.006574848222769 ], [ -3.580041590385202, 48.007335107636678 ], [ -3.579635173807055, 48.007743849208751 ], [ -3.57708472024125, 48.009263609333146 ], [ -3.577078321963933, 48.00926577926792 ], [ -3.577071923686332, 48.009267949202396 ], [ -3.577074963548847, 48.00927107425639 ], [ -3.5761359951236, 48.010132439497241 ], [ -3.576076457857241, 48.010186860875393 ], [ -3.576063950465886, 48.010200245734936 ], [ -3.575863675305237, 48.010418536858168 ], [ -3.581121231470731, 48.010755320362151 ], [ -3.583230570719019, 48.011348453984596 ], [ -3.575064402853103, 48.010492297475508 ], [ -3.568155497310937, 48.01494364830576 ], [ -3.568920963300912, 48.014396590241304 ], [ -3.57045902709936, 48.013296939910944 ], [ -3.571517839431971, 48.012358796685774 ], [ -3.571702901105655, 48.012025604975733 ], [ -3.571735657804531, 48.01184455739542 ], [ -3.571232907773337, 48.011210300910435 ], [ -3.57120275407002, 48.011172619533255 ], [ -3.571740331229695, 48.010587579457123 ], [ -3.571952369434347, 48.010475854896356 ], [ -3.571987575516657, 48.010463538494179 ], [ -3.572598475253829, 48.010243682755657 ], [ -3.571206589931247, 48.009654558702195 ], [ -3.571133234840858, 48.009623517657118 ], [ -3.570570576569386, 48.009970426788158 ], [ -3.570500371977238, 48.010006247388432 ], [ -3.570471574649114, 48.010032787258154 ], [ -3.569901108592089, 48.010352266780998 ], [ -3.569837220746541, 48.010388060729156 ], [ -3.569723713169958, 48.010449823242894 ], [ -3.569422513753271, 48.0106141442661 ], [ -3.569117706369147, 48.010773642944486 ], [ -3.569072551996042, 48.010848421180313 ], [ -3.568500449910124, 48.010927633529661 ], [ -3.568417134865156, 48.01095935992295 ], [ -3.568392785424286, 48.010968523087783 ], [ -3.5683879220038, 48.010963522769202 ], [ -3.568356784180855, 48.01093516684 ], [ -3.568255512549453, 48.010857448416473 ], [ -3.568115704863911, 48.010963112196478 ], [ -3.567700511923326, 48.011451627836607 ], [ -3.567586581361817, 48.011707648571573 ], [ -3.567137228940929, 48.012313907086252 ], [ -3.567004178779091, 48.012441155045778 ], [ -3.566670622584649, 48.012708850367545 ], [ -3.566468994669655, 48.013078627877022 ], [ -3.566074291469536, 48.013309702668508 ], [ -3.56577782073555, 48.013648617560236 ], [ -3.565381156952946, 48.013964529051279 ], [ -3.565234968046661, 48.014321324481401 ], [ -3.565227327879919, 48.014339555947188 ], [ -3.565218884415116, 48.014345667804463 ], [ -3.564408547509972, 48.014909427943536 ], [ -3.564216094757466, 48.015003919153983 ], [ -3.564155821339253, 48.015077473256426 ], [ -3.5638424863186, 48.015228059666711 ], [ -3.563194610095158, 48.015864096397721 ], [ -3.562594399911374, 48.014888493048133 ] ], [ [ -3.617822772990784, 47.975549795594617 ], [ -3.617845094466076, 47.975611366499606 ], [ -3.617789645505384, 47.976317305386289 ], [ -3.617680393604336, 47.976452870730157 ], [ -3.618075688313009, 47.976688213513469 ], [ -3.617886372888409, 47.976314013503554 ], [ -3.617980028278043, 47.975633191284885 ], [ -3.618025494378634, 47.975531751901428 ], [ -3.617899431242106, 47.975559741140529 ], [ -3.617822772990784, 47.975549795594617 ] ], [ [ -3.611981985057584, 47.975829515610627 ], [ -3.611703711109517, 47.976263075449623 ], [ -3.612190774448916, 47.976542843777622 ], [ -3.613056150288692, 47.976482804234536 ], [ -3.613069738403298, 47.976490887320679 ], [ -3.613429227006771, 47.976501851154694 ], [ -3.613066491763702, 47.97647642166946 ], [ -3.612707485647586, 47.975963722041087 ], [ -3.612491183391266, 47.975670025715644 ], [ -3.611981985057584, 47.975829515610627 ] ], [ [ -3.611005976447367, 47.975303644164327 ], [ -3.611066087531758, 47.975131716705093 ], [ -3.610831492467509, 47.975157852490938 ], [ -3.610770401658902, 47.975170580979849 ], [ -3.610740776571094, 47.975202931650401 ], [ -3.610108112874933, 47.975624242331762 ], [ -3.609444177069174, 47.975599564181522 ], [ -3.609284229067624, 47.975689228718963 ], [ -3.609234166843455, 47.975727760963906 ], [ -3.609175782417313, 47.975752492659879 ], [ -3.609205959783521, 47.975907522367621 ], [ -3.609564416683401, 47.976030159402001 ], [ -3.610084706745331, 47.975894949470842 ], [ -3.610733695990314, 47.976065791997087 ], [ -3.610567104673433, 47.97680445345614 ], [ -3.609641378509354, 47.976857307686174 ], [ -3.6094835502468, 47.97697459141915 ], [ -3.609293973893867, 47.977096606506919 ], [ -3.609350516808798, 47.977356798803427 ], [ -3.609689758476306, 47.977200527806843 ], [ -3.610601551002124, 47.977047813575197 ], [ -3.611059672140158, 47.977341717861592 ], [ -3.61114405399583, 47.976909671132461 ], [ -3.611108453799045, 47.97661281985441 ], [ -3.610922171729557, 47.976107835745836 ], [ -3.610855035808276, 47.976012281848384 ], [ -3.611005976447367, 47.975303644164327 ] ], [ [ -3.619453178661516, 47.975461530458631 ], [ -3.619510775522285, 47.975592895069695 ], [ -3.619448256005088, 47.97616739808312 ], [ -3.619159077786932, 47.976623273595777 ], [ -3.618393148440476, 47.97697885188586 ], [ -3.619109395093101, 47.977462308623288 ], [ -3.620030070038013, 47.977358749423161 ], [ -3.619738863553767, 47.976804816181001 ], [ -3.619889082702171, 47.976316465674927 ], [ -3.62014306206627, 47.975991341215405 ], [ -3.619916040311553, 47.975629112626933 ], [ -3.619725142699714, 47.975465998820624 ], [ -3.619619434427402, 47.975473097048166 ], [ -3.619453178661516, 47.975461530458631 ] ], [ [ -3.615264630625461, 47.976875158672925 ], [ -3.614258716586594, 47.97657392215622 ], [ -3.614573024414977, 47.977538757705261 ], [ -3.615718575124988, 47.977382228878469 ], [ -3.616175187005001, 47.97678888336732 ], [ -3.616279564168719, 47.976614921093429 ], [ -3.616184411064391, 47.976559259665635 ], [ -3.616165309641856, 47.976529772084248 ], [ -3.616140962550619, 47.976556100090306 ], [ -3.615264630625461, 47.976875158672925 ] ], [ [ -3.595644410544914, 47.976856354201544 ], [ -3.595747087825695, 47.976778888081341 ], [ -3.595924918386857, 47.976751333117008 ], [ -3.595931709941392, 47.976570839798228 ], [ -3.595654693239222, 47.976515984431828 ], [ -3.595575064457467, 47.976685679890906 ], [ -3.595595292269276, 47.976768967157369 ], [ -3.595644410544914, 47.976856354201544 ] ], [ [ -3.641181722117978, 47.977998942314301 ], [ -3.641829965411353, 47.97802166488745 ], [ -3.642292346909789, 47.977574680780762 ], [ -3.641820673610426, 47.977184223911493 ], [ -3.641335059212437, 47.977338896280642 ], [ -3.640922004810669, 47.977562865651564 ], [ -3.641181722117978, 47.977998942314301 ] ], [ [ -3.61057585973736, 47.978609377970827 ], [ -3.610797081469557, 47.978569647944767 ], [ -3.610687424781288, 47.978395574804821 ], [ -3.610510363223891, 47.97848689240449 ], [ -3.609810919672049, 47.978482499840908 ], [ -3.610480506906684, 47.978575924246002 ], [ -3.61057585973736, 47.978609377970827 ] ], [ [ -3.645214855749626, 47.980439188842084 ], [ -3.645256112521662, 47.980399401370178 ], [ -3.645275568446098, 47.980130451906334 ], [ -3.645013333858528, 47.980322773230327 ], [ -3.644929905148812, 47.980478012708772 ], [ -3.645177810908032, 47.980450563259168 ], [ -3.645214855749626, 47.980439188842084 ] ], [ [ -3.593282748025198, 47.980466870737956 ], [ -3.59341310542791, 47.980643819218059 ], [ -3.593528524360711, 47.980462888275994 ], [ -3.593467380794455, 47.980359480473567 ], [ -3.593360686441593, 47.980325485120517 ], [ -3.593297368101942, 47.980380448200293 ], [ -3.593282748025198, 47.980466870737956 ] ], [ [ -3.659224380022082, 47.98314985293004 ], [ -3.659240884331346, 47.983164577436639 ], [ -3.659382137728488, 47.983272136222666 ], [ -3.659338593995562, 47.983117773181675 ], [ -3.659251298907154, 47.98305370896874 ], [ -3.658927707853079, 47.982617785852725 ], [ -3.659224380022082, 47.98314985293004 ] ], [ [ -3.594953701927488, 47.98265947780969 ], [ -3.594969545340531, 47.982657955293575 ], [ -3.59501094738788, 47.98266521555523 ], [ -3.594989969768287, 47.982635381778863 ], [ -3.594962912948114, 47.982632850543197 ], [ -3.594940425619092, 47.982643126480781 ], [ -3.594953701927488, 47.98265947780969 ] ], [ [ -3.589778720266906, 47.984174976436407 ], [ -3.590109722048358, 47.984305835996238 ], [ -3.590274293741143, 47.984228382683483 ], [ -3.590261873076609, 47.984105570127099 ], [ -3.590181732509854, 47.984053871669033 ], [ -3.589786692430675, 47.983795951549752 ], [ -3.589778720266906, 47.984174976436407 ] ], [ [ -3.593772912765019, 47.986281607105383 ], [ -3.592754215877396, 47.986486496059698 ], [ -3.59275297118531, 47.986486011606814 ], [ -3.59190447548945, 47.986028153224524 ], [ -3.591894581473699, 47.986022593558857 ], [ -3.5918692356331, 47.986008145981899 ], [ -3.591720037745027, 47.985962423808061 ], [ -3.591807921102858, 47.986060084649409 ], [ -3.591847109888619, 47.986209936002339 ], [ -3.592713511793912, 47.986510962829001 ], [ -3.592742625799101, 47.986559497155042 ], [ -3.593407269939065, 47.987036818022986 ], [ -3.593458444793884, 47.9871870613607 ], [ -3.59366554616177, 47.987120564900152 ], [ -3.593532473349472, 47.986998716204525 ], [ -3.59394734269279, 47.986378388783351 ], [ -3.593847433444938, 47.986281408345789 ], [ -3.593825429360809, 47.986278824541884 ], [ -3.593797533053187, 47.986281791811123 ], [ -3.593772912765019, 47.986281607105383 ] ], [ [ -3.592104289040915, 47.990379358155138 ], [ -3.592162850870315, 47.990450848372717 ], [ -3.592218575812331, 47.99048030350734 ], [ -3.593505140495144, 47.991497675462156 ], [ -3.592367580118306, 47.990380475633401 ], [ -3.592326427221349, 47.990316227148142 ], [ -3.592225686578121, 47.990291542372034 ], [ -3.59206353863927, 47.990254141641401 ], [ -3.592104289040915, 47.990379358155138 ] ], [ [ -3.573253612454592, 47.978252060074581 ], [ -3.574389728203734, 47.978680689849355 ], [ -3.573873975119054, 47.978027034807894 ], [ -3.573413747136537, 47.977941660062029 ], [ -3.573127942668493, 47.977735533478395 ], [ -3.57249573725499, 47.977956488441777 ], [ -3.571198621433135, 47.978444769885655 ], [ -3.570375306651279, 47.97895986747811 ], [ -3.570868830870741, 47.979533113183848 ], [ -3.571818761048622, 47.980076296537405 ], [ -3.571787764880276, 47.979244225663962 ], [ -3.573253612454592, 47.978252060074581 ] ], [ [ -3.567733619117034, 47.980087267081274 ], [ -3.567756971052988, 47.979804458100105 ], [ -3.567335490708118, 47.979329937090029 ], [ -3.567119275651836, 47.979819835630579 ], [ -3.566107461009894, 47.980026553560734 ], [ -3.566464872635309, 47.9807751015599 ], [ -3.567400035554886, 47.980891485318097 ], [ -3.567658741029092, 47.980280181354118 ], [ -3.567733619117034, 47.980087267081274 ] ], [ [ -3.573586909637102, 47.981673706311369 ], [ -3.573341315614775, 47.981539320900026 ], [ -3.573491880532485, 47.981732010170475 ], [ -3.573604497386861, 47.981759548063977 ], [ -3.573664927878164, 47.981697792476268 ], [ -3.573586909637102, 47.981673706311369 ] ], [ [ -3.576808558296656, 47.981038300184153 ], [ -3.576802546971967, 47.981247305788344 ], [ -3.57697854728178, 47.981986374594669 ], [ -3.576688770303149, 47.982151851640992 ], [ -3.576641718866558, 47.982227205253665 ], [ -3.576394803763957, 47.983179181431609 ], [ -3.576112802494344, 47.983623035848979 ], [ -3.576733090718272, 47.983651094855631 ], [ -3.577015943300427, 47.983451773456395 ], [ -3.577879752031462, 47.983385430886401 ], [ -3.578229484668625, 47.983287644334851 ], [ -3.578179249898572, 47.98318000661618 ], [ -3.578361963480092, 47.982472637864959 ], [ -3.578808258571054, 47.983077548683866 ], [ -3.578872247771214, 47.983155433330779 ], [ -3.579426541389737, 47.983542808373954 ], [ -3.579431168588561, 47.983687680701564 ], [ -3.579621630017436, 47.983660547165968 ], [ -3.580179767400641, 47.98404661803059 ], [ -3.580351962600737, 47.984135248146785 ], [ -3.58092301247585, 47.984447117131097 ], [ -3.581048909284958, 47.984507702329125 ], [ -3.581359171217862, 47.984652410810369 ], [ -3.581721029658216, 47.984634833798467 ], [ -3.582074100150381, 47.984465406310747 ], [ -3.582387162478262, 47.984151470461526 ], [ -3.582326748258323, 47.983828375921107 ], [ -3.582259439264865, 47.983487218338112 ], [ -3.581974271594702, 47.983430494155328 ], [ -3.581449162596267, 47.983256514098699 ], [ -3.58126232526972, 47.983254612905654 ], [ -3.581171457316147, 47.98318614948721 ], [ -3.58119418123617, 47.983102800710739 ], [ -3.581283938984547, 47.983033509789223 ], [ -3.581538276185, 47.982485527241721 ], [ -3.581918231005965, 47.98210567401658 ], [ -3.581656864955085, 47.981736579359236 ], [ -3.581593982646732, 47.981244909076437 ], [ -3.580944362061708, 47.980890563479647 ], [ -3.579829700616217, 47.980694817511207 ], [ -3.579633460418969, 47.980607697070155 ], [ -3.579095995904039, 47.980543924099095 ], [ -3.578222372669699, 47.980736929581809 ], [ -3.576980747232337, 47.980943239495218 ], [ -3.576837079861515, 47.980952004025497 ], [ -3.576323038868446, 47.980085433919811 ], [ -3.576045621979178, 47.97984087215535 ], [ -3.574979391150127, 47.979116741104065 ], [ -3.574551572175201, 47.979843244224639 ], [ -3.574843073730262, 47.980115974204111 ], [ -3.575258731830237, 47.980728705662685 ], [ -3.575441881676656, 47.981195059531601 ], [ -3.576808558296656, 47.981038300184153 ] ], [ [ -3.585973031411563, 47.983185219037978 ], [ -3.586403690228567, 47.982984089006635 ], [ -3.586191696553306, 47.982644790559192 ], [ -3.585848295426038, 47.982742412123045 ], [ -3.585799232592096, 47.98277084678503 ], [ -3.585735729342699, 47.982830553126377 ], [ -3.584877435131444, 47.983219540677069 ], [ -3.584833321331802, 47.983250678560665 ], [ -3.584677813836078, 47.983439229317113 ], [ -3.58505087569335, 47.983442552715374 ], [ -3.585298656382534, 47.983352213056037 ], [ -3.585973031411563, 47.983185219037978 ] ], [ [ -3.583378584386773, 47.983598622394965 ], [ -3.583411121600149, 47.983573075082404 ], [ -3.58339552370227, 47.983517915355577 ], [ -3.583186965915688, 47.983505929642291 ], [ -3.58303626718573, 47.983617206339744 ], [ -3.582981392310746, 47.983899845790717 ], [ -3.583165811632783, 47.98379858928115 ], [ -3.583184362566165, 47.983758820462512 ], [ -3.583378584386773, 47.983598622394965 ] ], [ [ -3.568861412489837, 47.984150275746813 ], [ -3.568978905922644, 47.983732696763568 ], [ -3.568757183768438, 47.983135182223251 ], [ -3.567630645690107, 47.982586443003242 ], [ -3.565947081366006, 47.983355413692664 ], [ -3.567722958105907, 47.98411530517609 ], [ -3.568350830193536, 47.984842778683415 ], [ -3.568861412489837, 47.984150275746813 ] ], [ [ -3.573291801151234, 47.985048587313216 ], [ -3.574242883295438, 47.985529732675715 ], [ -3.574855764082685, 47.985486867940764 ], [ -3.575128254477907, 47.985211197831418 ], [ -3.575087933862628, 47.984875021021708 ], [ -3.574999934508853, 47.984246949762039 ], [ -3.575157221839263, 47.983861725680626 ], [ -3.574653516085862, 47.983739785658926 ], [ -3.574284245199985, 47.983436080029009 ], [ -3.573411374894355, 47.983124570886389 ], [ -3.572633633834263, 47.982852348448915 ], [ -3.571571106194223, 47.98308044762399 ], [ -3.571892695812663, 47.984042601661258 ], [ -3.572336585077164, 47.984443410143015 ], [ -3.571780230123871, 47.985228000034681 ], [ -3.571682814572234, 47.985415867822056 ], [ -3.571733409753508, 47.985497163268647 ], [ -3.571813675122927, 47.985545348694046 ], [ -3.571916233320156, 47.985505121735102 ], [ -3.573291801151234, 47.985048587313216 ] ], [ [ -3.582842370101882, 47.98570841846032 ], [ -3.583103654252719, 47.985879414719136 ], [ -3.583217440011315, 47.985976525567906 ], [ -3.583553522471418, 47.986223628840079 ], [ -3.583570114173204, 47.98623575758964 ], [ -3.583722245910171, 47.986320765848589 ], [ -3.583723478995229, 47.986321556543118 ], [ -3.583724098427817, 47.986321875345183 ], [ -3.583864872551995, 47.986406656307267 ], [ -3.584223068795418, 47.986235335375099 ], [ -3.58489555188822, 47.986436920433277 ], [ -3.584593475699468, 47.986894787779676 ], [ -3.584727616696908, 47.986971315507574 ], [ -3.58472886135543, 47.986971800014672 ], [ -3.584730094456825, 47.986972590702734 ], [ -3.584920467294451, 47.987098502628712 ], [ -3.584937105540094, 47.987109406535794 ], [ -3.585438286294265, 47.987432886748365 ], [ -3.585506750090987, 47.987476080761411 ], [ -3.585658404644381, 47.98755709450009 ], [ -3.585743650165223, 47.987590665520699 ], [ -3.585953868171835, 47.987475213947903 ], [ -3.586240834462621, 47.987133172483666 ], [ -3.586366475651916, 47.986966391178157 ], [ -3.586428306271495, 47.986884129758806 ], [ -3.586617945698001, 47.986343272871494 ], [ -3.58661800345376, 47.986341741966385 ], [ -3.586593731122295, 47.986282119352353 ], [ -3.586521429782915, 47.986106325921568 ], [ -3.586639532969415, 47.985486517228324 ], [ -3.587389757198141, 47.985652724284122 ], [ -3.587467085276633, 47.985594825594134 ], [ -3.587507763027725, 47.98558782491466 ], [ -3.588033695455189, 47.985204747451178 ], [ -3.587451484769581, 47.985539666163007 ], [ -3.586640318250371, 47.985264844014296 ], [ -3.586497343219231, 47.984501932139324 ], [ -3.587116000727468, 47.983954022940509 ], [ -3.58724041045267, 47.983987150289124 ], [ -3.587263598193716, 47.983841148948642 ], [ -3.587111257421208, 47.983929108813669 ], [ -3.587095767472935, 47.983937991603796 ], [ -3.586189994612196, 47.984112467775589 ], [ -3.585969006813593, 47.984245782299297 ], [ -3.585411167743001, 47.984453561181823 ], [ -3.586027427198547, 47.98467224955165 ], [ -3.58646111235677, 47.985261415419899 ], [ -3.585762035546949, 47.985296160736254 ], [ -3.585442312590759, 47.98508401323879 ], [ -3.585117300806392, 47.984560291863886 ], [ -3.584349138139257, 47.984852874748057 ], [ -3.584146016607496, 47.984897531877181 ], [ -3.584114172674728, 47.984904708492678 ], [ -3.583531093009173, 47.985228873236935 ], [ -3.583528499702157, 47.985230659833519 ], [ -3.583009991454518, 47.98533304675658 ], [ -3.582818317503983, 47.985592879517213 ], [ -3.582816997713238, 47.98559438517195 ], [ -3.582829454663767, 47.98569927411053 ], [ -3.582829425756437, 47.985700039562275 ], [ -3.582842370101882, 47.98570841846032 ] ], [ [ -3.589415868076188, 47.986882383626153 ], [ -3.589131863663458, 47.986844691459183 ], [ -3.588974606526396, 47.986945730547049 ], [ -3.588852323414477, 47.98702356797159 ], [ -3.588832172631311, 47.987239798651601 ], [ -3.589337245332593, 47.987359888292659 ], [ -3.589420025472604, 47.987090367056936 ], [ -3.589415868076188, 47.986882383626153 ] ], [ [ -3.569903777458862, 48.00233373299929 ], [ -3.56977160163582, 48.002321734007154 ], [ -3.569562757303626, 48.002432906667934 ], [ -3.569743429428239, 48.002781710246651 ], [ -3.570159721698315, 48.002579559602182 ], [ -3.569978252389788, 48.002335074780831 ], [ -3.569903777458862, 48.00233373299929 ] ], [ [ -3.567260683160641, 48.00502996830653 ], [ -3.567335574231443, 48.005003742079211 ], [ -3.567367369072529, 48.004881508139832 ], [ -3.567443682688717, 48.004551346322032 ], [ -3.56747137341955, 48.0044707024514 ], [ -3.567450340743815, 48.004342504747044 ], [ -3.567418984764835, 48.00405353802384 ], [ -3.567621863848459, 48.003850016759728 ], [ -3.56786426930762, 48.003653417493069 ], [ -3.568453612931092, 48.003568119716533 ], [ -3.568639530714264, 48.003478702909959 ], [ -3.568792186095459, 48.003317070081749 ], [ -3.569058174529514, 48.002948124769873 ], [ -3.569320999118309, 48.002779204693553 ], [ -3.569326108155092, 48.002494494463505 ], [ -3.569150685368022, 48.002507059203623 ], [ -3.56907243807832, 48.002538580967624 ], [ -3.568990832115381, 48.002575397525533 ], [ -3.568637909321145, 48.002821869423045 ], [ -3.568588493114049, 48.002875878622632 ], [ -3.568143020373013, 48.003197860978446 ], [ -3.567780313151049, 48.00345240809834 ], [ -3.567733321853727, 48.003509070333962 ], [ -3.567420357075054, 48.003734280797502 ], [ -3.567406858207604, 48.003757144001213 ], [ -3.567399590898618, 48.003765577650668 ], [ -3.567091625032528, 48.004008813327047 ], [ -3.567081080202551, 48.00402039848575 ], [ -3.567035966008399, 48.00406085826404 ], [ -3.566854521520261, 48.004198777035057 ], [ -3.566744399331375, 48.00437122143957 ], [ -3.566699801705351, 48.004448001758092 ], [ -3.566676464253079, 48.004480472549702 ], [ -3.566645311185871, 48.004802195748709 ], [ -3.566630573001788, 48.004824421182235 ], [ -3.566588892253641, 48.005057378814953 ], [ -3.566573807410482, 48.005122035836948 ], [ -3.5666183509397, 48.005263115894934 ], [ -3.567073148462971, 48.005095297767326 ], [ -3.567260683160641, 48.00502996830653 ] ], [ [ -3.575210503435364, 48.009953176591537 ], [ -3.575483912767016, 48.009654998657865 ], [ -3.57548653584044, 48.009652446697686 ], [ -3.575498973708501, 48.009640898980251 ], [ -3.575695286606981, 48.009460524457424 ], [ -3.575694672848063, 48.009460052533697 ], [ -3.575358063841064, 48.009125135153297 ], [ -3.574807203472737, 48.009394463663668 ], [ -3.574185253787789, 48.009923125088164 ], [ -3.574156408425159, 48.010017688834182 ], [ -3.574204413986331, 48.010067677822605 ], [ -3.574339426802408, 48.010071763529353 ], [ -3.575210503435364, 48.009953176591537 ] ] ], [ [ [ -3.596000295681832, 47.92171729612987 ], [ -3.596091826147777, 47.92160363862817 ], [ -3.596153005113786, 47.921487047095397 ], [ -3.596148898463589, 47.921428442229711 ], [ -3.596147870261692, 47.921405441504703 ], [ -3.596056674732127, 47.921313386713223 ], [ -3.595995709865674, 47.921261090759856 ], [ -3.595991299911375, 47.921223567588264 ], [ -3.596046415706659, 47.921093178497578 ], [ -3.596240923199847, 47.921280293676119 ], [ -3.596357731180914, 47.921412844822214 ], [ -3.596455630041981, 47.921494462266452 ], [ -3.596534274208273, 47.921534331230731 ], [ -3.596620548115619, 47.921539116007466 ], [ -3.596719723945996, 47.921519645837776 ], [ -3.596787088244732, 47.921473496926851 ], [ -3.596808192748389, 47.921415701297619 ], [ -3.596793699759469, 47.92134800362912 ], [ -3.596591711306458, 47.921181581559438 ], [ -3.596233762488705, 47.920849808088519 ], [ -3.596138922308449, 47.920734577188689 ], [ -3.596151559038493, 47.920595816890298 ], [ -3.59620897722185, 47.920619511611534 ], [ -3.596443238668907, 47.920817064893157 ], [ -3.596564575506043, 47.920946642192433 ], [ -3.596689240796652, 47.921054837602625 ], [ -3.59679184395299, 47.921112036460158 ], [ -3.596900982538924, 47.921129686438604 ], [ -3.596930288247624, 47.921122304422468 ], [ -3.597047349886554, 47.921097062736436 ], [ -3.597198519246665, 47.921037418038324 ], [ -3.597577413023994, 47.920812107451013 ], [ -3.597771884410145, 47.920674886654822 ], [ -3.598126586162974, 47.920354414258753 ], [ -3.598516462456913, 47.919887109660436 ], [ -3.59852117558049, 47.91987923715098 ], [ -3.600118794342826, 47.918523076134392 ], [ -3.600239857166897, 47.919247985034559 ], [ -3.600212006913198, 47.92034220586919 ], [ -3.59964140371347, 47.921454566776319 ], [ -3.598375253955069, 47.920739617424871 ], [ -3.595828826791001, 47.921977713182365 ], [ -3.596000295681832, 47.92171729612987 ] ] ], [ [ [ -3.640973542035604, 47.924566722482226 ], [ -3.640133959581404, 47.925796768514857 ], [ -3.63831417352074, 47.925587012434193 ], [ -3.63651140589206, 47.924410879445944 ], [ -3.63859266158612, 47.923714573863862 ], [ -3.639973257344951, 47.923888708811418 ], [ -3.640973542035604, 47.924566722482226 ] ] ], [ [ [ -3.630780594064505, 47.931376680728576 ], [ -3.63077695237023, 47.930576593253221 ], [ -3.630788515942571, 47.929724105366688 ], [ -3.631517790368278, 47.929189287902872 ], [ -3.632504944328158, 47.928152159956994 ], [ -3.634338238162603, 47.928610424631472 ], [ -3.635204305397499, 47.929096618499685 ], [ -3.636004585906933, 47.929892507785723 ], [ -3.63528669038349, 47.930461271482045 ], [ -3.634457942591376, 47.931176449576739 ], [ -3.633469709067119, 47.931682880054112 ], [ -3.63257876276254, 47.9321356148305 ], [ -3.63114811976061, 47.93321745209991 ], [ -3.630830706204314, 47.931928888110363 ], [ -3.630780594064505, 47.931376680728576 ] ] ], [ [ [ -3.629785782391095, 47.964000100291926 ], [ -3.629864773618119, 47.964014989569819 ], [ -3.63030931656701, 47.964368172315204 ], [ -3.630982075949119, 47.96500116756232 ], [ -3.630364522248085, 47.965902060988071 ], [ -3.629443262814612, 47.965922927541612 ], [ -3.629170613977616, 47.965598877400254 ], [ -3.629136022757077, 47.965358277551374 ], [ -3.629734806612018, 47.964046586142288 ], [ -3.629734897414355, 47.9640102787871 ], [ -3.629785782391095, 47.964000100291926 ] ] ], [ [ [ -3.654098010425543, 47.972059759464869 ], [ -3.655085101750859, 47.971182890262057 ], [ -3.655985275738967, 47.972073957425735 ], [ -3.65633949599858, 47.972806932994729 ], [ -3.655601125632966, 47.973343675352069 ], [ -3.654634972370414, 47.973756907259315 ], [ -3.654099103119972, 47.974144414084265 ], [ -3.653458221522883, 47.973940639418402 ], [ -3.653230972929735, 47.973445010133133 ], [ -3.653590185777111, 47.972934693814537 ], [ -3.654098010425543, 47.972059759464869 ] ] ], [ [ [ -3.628022556766516, 47.974663307134861 ], [ -3.627997294565693, 47.974511135982993 ], [ -3.628141002242392, 47.974416232164245 ], [ -3.628329673584893, 47.974503916652296 ], [ -3.628334992246983, 47.974615247784328 ], [ -3.628363858223135, 47.97517868940291 ], [ -3.628022556766516, 47.974663307134861 ] ] ], [ [ [ -3.645884261271257, 47.974788879582945 ], [ -3.64605603139736, 47.974719945817597 ], [ -3.646371022543489, 47.974721850667862 ], [ -3.646290938870367, 47.974974286965292 ], [ -3.646769168137711, 47.97593692226468 ], [ -3.646612149781043, 47.976459016167539 ], [ -3.64611451178488, 47.976903938210953 ], [ -3.645539039292048, 47.976417842521755 ], [ -3.645599474288964, 47.975963404130695 ], [ -3.6459322761117, 47.974941188832119 ], [ -3.645884261271257, 47.974788879582945 ] ] ], [ [ [ -3.632324438021031, 47.975572210977404 ], [ -3.632141024667947, 47.975970290628283 ], [ -3.631426006058935, 47.976096355042216 ], [ -3.631488812302172, 47.975529208828661 ], [ -3.63168511982856, 47.975124030668837 ], [ -3.632434516930531, 47.975244382985238 ], [ -3.632324438021031, 47.975572210977404 ] ] ], [ [ [ -3.663013491944796, 47.981188444097583 ], [ -3.662746002164936, 47.981438444830786 ], [ -3.66256226006808, 47.981130739528624 ], [ -3.662640850009967, 47.980900634676601 ], [ -3.662960441877332, 47.980744341967736 ], [ -3.663267246094937, 47.980934190910901 ], [ -3.663013491944796, 47.981188444097583 ] ] ], [ [ [ -3.638692546501153, 47.981874225817364 ], [ -3.637973294256835, 47.981807655652403 ], [ -3.638151950024698, 47.98129947523239 ], [ -3.638778567377635, 47.981055360183916 ], [ -3.639268111617217, 47.981271065271756 ], [ -3.639349815442624, 47.981858680283182 ], [ -3.638692546501153, 47.981874225817364 ] ] ], [ [ [ -3.671643019823776, 47.9818953542309 ], [ -3.671981512216255, 47.981859832689139 ], [ -3.672316109280582, 47.982444093907816 ], [ -3.672274715977778, 47.982487867874696 ], [ -3.672266805746031, 47.98249690562551 ], [ -3.672265549428535, 47.982496727895295 ], [ -3.671406305329028, 47.982424491283027 ], [ -3.671263344006325, 47.982602785551208 ], [ -3.670912197527676, 47.982159299075306 ], [ -3.671643019823776, 47.9818953542309 ] ] ], [ [ [ -3.661888225748356, 47.982864674233454 ], [ -3.661800934873963, 47.982800458140062 ], [ -3.661822395942371, 47.982715237650069 ], [ -3.662116218468404, 47.982572995903666 ], [ -3.661984533455322, 47.982838676825708 ], [ -3.661888225748356, 47.982864674233454 ] ] ], [ [ [ -3.638127329547793, 47.982589427795688 ], [ -3.63902199760094, 47.982880220692138 ], [ -3.639285222433539, 47.982695740219938 ], [ -3.639499793047512, 47.982936667811416 ], [ -3.639563853913905, 47.983217680500431 ], [ -3.639226087015473, 47.983606752366526 ], [ -3.638797299856821, 47.983183273942373 ], [ -3.63785723868097, 47.983060263043868 ], [ -3.637439785184939, 47.982841532297456 ], [ -3.637522777665472, 47.982545645793209 ], [ -3.637820722065926, 47.982242658981164 ], [ -3.638127329547793, 47.982589427795688 ] ] ], [ [ [ -3.676997586660949, 47.9852056050606 ], [ -3.677263349367666, 47.985259198595372 ], [ -3.676680690268264, 47.985306055632179 ], [ -3.676251661723934, 47.985364945830142 ], [ -3.676021949944481, 47.985378390856283 ], [ -3.676119614689151, 47.985298331841307 ], [ -3.676673468626676, 47.985073352537 ], [ -3.676997586660949, 47.9852056050606 ] ] ], [ [ [ -3.658439092008658, 47.985806794948502 ], [ -3.658842441749636, 47.985691370154754 ], [ -3.658925872615629, 47.985672169284229 ], [ -3.659054913819979, 47.985785617221069 ], [ -3.658889315321402, 47.986421538188139 ], [ -3.658439092008658, 47.985806794948502 ] ] ], [ [ [ -3.675646863777075, 47.986682035003696 ], [ -3.674840588596821, 47.986696488716021 ], [ -3.674818254903268, 47.986719952726887 ], [ -3.674649018914474, 47.987251636909875 ], [ -3.673848723070162, 47.987240771293372 ], [ -3.672990503626485, 47.987105289766944 ], [ -3.672949795827263, 47.987815971550049 ], [ -3.67294966045373, 47.987819645788605 ], [ -3.672947620757501, 47.987823589264636 ], [ -3.672936746866827, 47.987827360311272 ], [ -3.672315156132532, 47.98833044983401 ], [ -3.671409533626139, 47.988418631899833 ], [ -3.671333442698649, 47.988461421886583 ], [ -3.671254180711407, 47.98848745074396 ], [ -3.671206107945353, 47.988438252909717 ], [ -3.670301570269411, 47.988291436620329 ], [ -3.669787524575704, 47.98863468252749 ], [ -3.669495943949034, 47.989126897680251 ], [ -3.670111337566818, 47.989443181742573 ], [ -3.670200737326675, 47.98948476093021 ], [ -3.670087586734251, 47.990190044888806 ], [ -3.670074328961932, 47.990275579940985 ], [ -3.67019515918086, 47.990286825944835 ], [ -3.67022698604727, 47.99029709943791 ], [ -3.670253760241386, 47.990290268633515 ], [ -3.670296925455863, 47.990267058786614 ], [ -3.670376734575726, 47.990174857018587 ], [ -3.670245585205961, 47.989484411307274 ], [ -3.671110086724823, 47.989347172579414 ], [ -3.671562380167691, 47.989325823337893 ], [ -3.671965214591132, 47.989241459976299 ], [ -3.672346831767567, 47.989355846086553 ], [ -3.67225575892594, 47.9896338177861 ], [ -3.672577459640145, 47.989969025604822 ], [ -3.672756243974349, 47.990463992301656 ], [ -3.672830333706175, 47.990595508247878 ], [ -3.673022902693013, 47.990664991122642 ], [ -3.673644342539755, 47.990920559402184 ], [ -3.673821090616813, 47.991025275923377 ], [ -3.674570504351372, 47.991115427071264 ], [ -3.674620193070129, 47.991103680546388 ], [ -3.674668202062033, 47.991120397095656 ], [ -3.674888402879122, 47.991228411520424 ], [ -3.675298634550917, 47.991440633833463 ], [ -3.675409555928871, 47.99146378619831 ], [ -3.675995472205076, 47.9916725393051 ], [ -3.676497264936824, 47.991953647572018 ], [ -3.676947980116705, 47.992095569079098 ], [ -3.676985324236676, 47.992127550650068 ], [ -3.676957704723292, 47.992225981664774 ], [ -3.676840736286618, 47.992281305763115 ], [ -3.676722967829219, 47.992289733909431 ], [ -3.676632824541657, 47.992268213101184 ], [ -3.67651709040307, 47.99222137430101 ], [ -3.676420270860442, 47.992158205052476 ], [ -3.676336410410115, 47.992086096232384 ], [ -3.676224457241973, 47.992039484174853 ], [ -3.675606427196979, 47.99191390783686 ], [ -3.675248808587136, 47.991850553878947 ], [ -3.674929345980766, 47.991779976944358 ], [ -3.674655189836615, 47.991679489394727 ], [ -3.674378942355851, 47.991635799153386 ], [ -3.674257530199894, 47.991606006936308 ], [ -3.674171107678169, 47.991552078346729 ], [ -3.674085356292594, 47.991479931586156 ], [ -3.673977760120812, 47.991435088394866 ], [ -3.673698173537362, 47.991362070084662 ], [ -3.673399111149112, 47.991252055616101 ], [ -3.673232947667741, 47.99120285174223 ], [ -3.672882444548974, 47.991117877098503 ], [ -3.672717543624894, 47.99106869739694 ], [ -3.672293686880632, 47.990917944309572 ], [ -3.671933320403808, 47.990826493945292 ], [ -3.671765788170843, 47.990797331680014 ], [ -3.671387444983893, 47.990782437463722 ], [ -3.67061327061597, 47.990833043464974 ], [ -3.67023787256123, 47.990841031755394 ], [ -3.669656050241095, 47.99081281400187 ], [ -3.668679840388906, 47.99069109406534 ], [ -3.6683350377449, 47.990622921290907 ], [ -3.66801809290819, 47.990535682263157 ], [ -3.667809050772375, 47.990433546140736 ], [ -3.667576716210587, 47.99022677597236 ], [ -3.667405428449524, 47.990025641769265 ], [ -3.667109970709471, 47.989595798157708 ], [ -3.666828386502461, 47.989115208533875 ], [ -3.66672232331162, 47.988909220793047 ], [ -3.666646883136788, 47.988797439167101 ], [ -3.666365894958288, 47.988471902613369 ], [ -3.665992305925206, 47.988106100656935 ], [ -3.665836521561462, 47.98792993400437 ], [ -3.665529194519622, 47.987360134199719 ], [ -3.665609813601937, 47.987297365487933 ], [ -3.66574362552404, 47.987264745747424 ], [ -3.665838553858245, 47.987259095311771 ], [ -3.665970557187307, 47.987275465173553 ], [ -3.666179247853234, 47.987369783157192 ], [ -3.666192950969409, 47.98746044121674 ], [ -3.666201078642743, 47.987531073788304 ], [ -3.666326065900555, 47.987617779825683 ], [ -3.666452522568346, 47.987664681584405 ], [ -3.666632176370331, 47.987656091295122 ], [ -3.667054419104858, 47.98761041912249 ], [ -3.668069885053515, 47.987642831728593 ], [ -3.668778374917046, 47.987609031405796 ], [ -3.669322709335091, 47.987523149263922 ], [ -3.670042526501156, 47.987353367581179 ], [ -3.670539312628012, 47.987186887317094 ], [ -3.67076456822157, 47.987071788124936 ], [ -3.670922110288193, 47.987012051523138 ], [ -3.671272099346459, 47.986939220554277 ], [ -3.671500585575594, 47.986856356294268 ], [ -3.671856370274692, 47.986797578913595 ], [ -3.672620133773436, 47.986634467176472 ], [ -3.672994677954573, 47.986580649927078 ], [ -3.67320324265668, 47.986575681655808 ], [ -3.673391615802938, 47.986553160321307 ], [ -3.673538489748511, 47.986508686876078 ], [ -3.673686478348154, 47.986485377119337 ], [ -3.674216202995016, 47.986452970032047 ], [ -3.674692506946014, 47.986379380001452 ], [ -3.675503664396187, 47.986352306350653 ], [ -3.675917119448223, 47.986322069451305 ], [ -3.676287992934362, 47.98626495673355 ], [ -3.676676827022276, 47.986217385675062 ], [ -3.676864685953639, 47.986208792289915 ], [ -3.677061914123812, 47.986220144585801 ], [ -3.677181089354595, 47.98619044857827 ], [ -3.677468398799512, 47.986156216853729 ], [ -3.677639333108366, 47.986144228689398 ], [ -3.677784604409666, 47.986091754121915 ], [ -3.678307141091451, 47.985962830519128 ], [ -3.678658112860936, 47.98591451740846 ], [ -3.678942412054491, 47.985859082735089 ], [ -3.678819030004449, 47.985934505595679 ], [ -3.678155082404972, 47.986113989193186 ], [ -3.67793529649526, 47.986166543681918 ], [ -3.677433615643556, 47.986432223638829 ], [ -3.676853654229843, 47.986371278944659 ], [ -3.676537081036493, 47.986411373648195 ], [ -3.675878320598079, 47.986586967102582 ], [ -3.675646863777075, 47.986682035003696 ] ], [ [ -3.668405335307086, 47.989299389969972 ], [ -3.669224110570669, 47.989169233027141 ], [ -3.669200080126313, 47.988622286441839 ], [ -3.668653326242648, 47.988533928666058 ], [ -3.668134067921653, 47.988504783602721 ], [ -3.667741147114982, 47.988611393677687 ], [ -3.667500261471436, 47.98872204736702 ], [ -3.667540860902302, 47.988836824463775 ], [ -3.667673080045915, 47.989035662780694 ], [ -3.667946282355807, 47.989178732828634 ], [ -3.668405335307086, 47.989299389969972 ] ] ], [ [ [ -3.678053690513766, 47.989865338749382 ], [ -3.678022814899392, 47.9898291937957 ], [ -3.677984181252862, 47.989815112112154 ], [ -3.677991894090497, 47.989777114808618 ], [ -3.678038049191787, 47.989775563143084 ], [ -3.678060806264155, 47.989843569359451 ], [ -3.678053690513766, 47.989865338749382 ] ] ], [ [ [ -3.676849412256159, 47.992611781759763 ], [ -3.676613357311572, 47.992402499454272 ], [ -3.676684332803601, 47.992412922304183 ], [ -3.676893743531538, 47.992453927172306 ], [ -3.676849412256159, 47.992611781759763 ] ] ], [ [ [ -3.598476358276627, 47.944932705017251 ], [ -3.59818504480112, 47.94499185684991 ], [ -3.597961178243715, 47.944851963261414 ], [ -3.597771913535212, 47.944530447714328 ], [ -3.598245653802932, 47.944521353195626 ], [ -3.59891661093721, 47.944555101232268 ], [ -3.598476358276627, 47.944932705017251 ] ] ], [ [ [ -3.606987781044511, 47.947616966477213 ], [ -3.606987092883987, 47.947618484822115 ], [ -3.606983950635593, 47.94761811593709 ], [ -3.606979076908832, 47.947613422945423 ], [ -3.60698658844918, 47.947615104330424 ], [ -3.606988463463594, 47.947615601220974 ], [ -3.606987781044511, 47.947616966477213 ] ] ], [ [ [ -3.60916206308951, 47.951817193056968 ], [ -3.608771831945452, 47.951433171759348 ], [ -3.609370880117838, 47.951483682959108 ], [ -3.610172589211883, 47.951600725107127 ], [ -3.60957903989313, 47.952043486220745 ], [ -3.60916206308951, 47.951817193056968 ] ] ], [ [ [ -3.597316972130908, 47.957435192694803 ], [ -3.5972194873855, 47.95729122952622 ], [ -3.59722013392188, 47.957223679568528 ], [ -3.597275576746884, 47.957142667600294 ], [ -3.598381502038067, 47.956103621759681 ], [ -3.59858715815121, 47.955821842163473 ], [ -3.599113344587567, 47.955628106672947 ], [ -3.599765543434729, 47.956011853048835 ], [ -3.60097801550379, 47.956605307322661 ], [ -3.601857473583008, 47.956989435285209 ], [ -3.602866388917169, 47.957473420022382 ], [ -3.603163930023142, 47.958073159140625 ], [ -3.603272961318073, 47.958363811476886 ], [ -3.602953707200033, 47.959754521776077 ], [ -3.602823810733599, 47.959733705138987 ], [ -3.601058200668922, 47.95931033590881 ], [ -3.600625739355289, 47.959143004489619 ], [ -3.599213197068008, 47.959202499614946 ], [ -3.598098758819783, 47.958502825460286 ], [ -3.597316972130908, 47.957435192694803 ] ] ], [ [ [ -3.614510316407249, 47.961842376874785 ], [ -3.614123895106251, 47.961911464789154 ], [ -3.61392960926554, 47.962210799405355 ], [ -3.613053637730259, 47.963231522814837 ], [ -3.611821977095854, 47.963449594450708 ], [ -3.610342161349011, 47.963382366399514 ], [ -3.609658943041087, 47.964110147802742 ], [ -3.609222721944201, 47.963334849636126 ], [ -3.609596078535148, 47.962907168696674 ], [ -3.609309986863704, 47.961865827893462 ], [ -3.609722762868942, 47.961245280916927 ], [ -3.610341269508135, 47.960693931319483 ], [ -3.610927659013064, 47.960275075917238 ], [ -3.612002841777764, 47.959885227646254 ], [ -3.612597478292722, 47.959566113268394 ], [ -3.61229974253984, 47.958902500544298 ], [ -3.611113386767321, 47.958283442856398 ], [ -3.611195344445303, 47.957646059307251 ], [ -3.610412251420177, 47.957923737512644 ], [ -3.608538458603379, 47.957456160331802 ], [ -3.60847957573356, 47.95744395947969 ], [ -3.608456350566168, 47.957440433841597 ], [ -3.608467631081708, 47.957425797298455 ], [ -3.608085185572952, 47.955941315930289 ], [ -3.60765245766859, 47.955495012640128 ], [ -3.608387053163332, 47.954389085377272 ], [ -3.610186696090073, 47.954913408910627 ], [ -3.610264931471409, 47.954931355770512 ], [ -3.610271451422752, 47.954942669117528 ], [ -3.610271250637527, 47.954948027240221 ], [ -3.611415186810414, 47.956057877065945 ], [ -3.611779509569273, 47.956797269643616 ], [ -3.61263772832699, 47.956350562223705 ], [ -3.613372935424462, 47.955699028289416 ], [ -3.613546848436446, 47.955184806640986 ], [ -3.613887567940115, 47.954076250297476 ], [ -3.613730010312305, 47.953614127321615 ], [ -3.614341169837193, 47.953510127492635 ], [ -3.614981480380625, 47.953706675361559 ], [ -3.616538560560588, 47.95455642955497 ], [ -3.616954463934734, 47.954761542457277 ], [ -3.61700479706455, 47.955002303104123 ], [ -3.616902901746748, 47.955127441176799 ], [ -3.616809491970632, 47.95522823498554 ], [ -3.616201862982876, 47.956587505893324 ], [ -3.616737828530599, 47.957802157689059 ], [ -3.617676388172692, 47.958498383373296 ], [ -3.618225006878915, 47.958885831545459 ], [ -3.618479467655982, 47.960370205260318 ], [ -3.618573005167701, 47.9606544126882 ], [ -3.618531558152709, 47.960716098216835 ], [ -3.618491313168074, 47.960745634868985 ], [ -3.616861438484788, 47.961484398175884 ], [ -3.616627612461465, 47.961524650457065 ], [ -3.615752705100833, 47.961657439486771 ], [ -3.614510316407249, 47.961842376874785 ] ] ], [ [ [ -3.593660800100366, 47.96370155116584 ], [ -3.593649753000815, 47.96349190052895 ], [ -3.593679006914826, 47.963368848401288 ], [ -3.593825846178604, 47.963208002863695 ], [ -3.595242920744869, 47.962308313274519 ], [ -3.595245536273154, 47.962305914173839 ], [ -3.596549316910033, 47.961581059640622 ], [ -3.597207606573319, 47.961232928082865 ], [ -3.598110757032833, 47.961592114530831 ], [ -3.597522834465523, 47.962184327118564 ], [ -3.596876285499849, 47.962337665310585 ], [ -3.595247869529183, 47.962311016445341 ], [ -3.594425692344796, 47.963423578389211 ], [ -3.594773809101729, 47.963970261013287 ], [ -3.594009308402384, 47.963935859655166 ], [ -3.593660800100366, 47.96370155116584 ] ] ], [ [ [ -3.614088776224509, 47.96549711161245 ], [ -3.613379178818839, 47.965614632682218 ], [ -3.612458954741247, 47.965405476156377 ], [ -3.612709468634602, 47.964734513844391 ], [ -3.613522872890579, 47.964424180469081 ], [ -3.614436295205218, 47.964882305984773 ], [ -3.614088776224509, 47.96549711161245 ] ] ], [ [ [ -3.602736255561536, 47.975480744538018 ], [ -3.603265264772765, 47.974878146503542 ], [ -3.60383223939804, 47.975248539350417 ], [ -3.603823341109224, 47.975704146314584 ], [ -3.603106992767313, 47.975948655762252 ], [ -3.602736255561536, 47.975480744538018 ] ] ], [ [ [ -3.617355100473071, 47.979899345200849 ], [ -3.61727023824008, 47.979517869006997 ], [ -3.617651811544705, 47.979360737174545 ], [ -3.618117633872934, 47.979483340372084 ], [ -3.617829908602145, 47.979764896769225 ], [ -3.617355100473071, 47.979899345200849 ] ] ], [ [ [ -3.615357133760408, 47.980308009123377 ], [ -3.614256698158739, 47.980978820598907 ], [ -3.613887958847865, 47.980236429008158 ], [ -3.613366686554995, 47.97965555199238 ], [ -3.613997422173175, 47.978931918221093 ], [ -3.614799312041088, 47.979471938571038 ], [ -3.615382213622264, 47.979604224795835 ], [ -3.615357133760408, 47.980308009123377 ] ] ], [ [ [ -3.627674054898112, 47.980434511459308 ], [ -3.627050882450734, 47.980010226976859 ], [ -3.626483554074711, 47.980492328690914 ], [ -3.62572941530456, 47.980295103462979 ], [ -3.625338573532907, 47.980227164567211 ], [ -3.625319102593902, 47.980122906929836 ], [ -3.625371697999222, 47.980016397710983 ], [ -3.62565289488095, 47.979553919770908 ], [ -3.626319390644221, 47.979460009582667 ], [ -3.627080367574035, 47.979659972088243 ], [ -3.627232465133013, 47.979645053870868 ], [ -3.627327898655834, 47.979710366904698 ], [ -3.62820429033284, 47.980167997574384 ], [ -3.62832503474944, 47.980214966161398 ], [ -3.62837128329637, 47.980312398782573 ], [ -3.628789713604541, 47.981079794217422 ], [ -3.628838613665768, 47.981377057542218 ], [ -3.62979174313395, 47.98202954062296 ], [ -3.630273795275842, 47.982259523151029 ], [ -3.630233851728982, 47.982636536124801 ], [ -3.629689042156097, 47.982734856379864 ], [ -3.629431035402156, 47.982440203333383 ], [ -3.628298663328771, 47.981582252966277 ], [ -3.627645662777952, 47.981601826839778 ], [ -3.627239226079147, 47.980970098220254 ], [ -3.627674054898112, 47.980434511459308 ] ] ], [ [ [ -3.603019658324615, 47.986646915671216 ], [ -3.603595809340723, 47.986673852512169 ], [ -3.604360787210324, 47.986431225022415 ], [ -3.604209020640603, 47.987109663989415 ], [ -3.603756350775765, 47.987191203798986 ], [ -3.603049865976609, 47.987490300056095 ], [ -3.602116230044401, 47.987633199569927 ], [ -3.602151982025716, 47.98690005668125 ], [ -3.603019658324615, 47.986646915671216 ] ] ], [ [ [ -3.596944209122908, 47.989200441275116 ], [ -3.596157813232268, 47.989574828820054 ], [ -3.595117470376684, 47.989280308623435 ], [ -3.595031637683025, 47.988524058324742 ], [ -3.596288259916096, 47.98867581286629 ], [ -3.597167388391184, 47.988538750380457 ], [ -3.596944209122908, 47.989200441275116 ] ] ], [ [ [ -3.594130366763803, 47.93893302034634 ], [ -3.593925466954028, 47.938742483835981 ], [ -3.594218758872365, 47.938848377908613 ], [ -3.594257031486895, 47.938938305550622 ], [ -3.594174641163995, 47.938997636136691 ], [ -3.594130366763803, 47.93893302034634 ] ] ], [ [ [ -3.588890759442139, 47.939594862975355 ], [ -3.589275808676299, 47.939526874938153 ], [ -3.589040598326697, 47.939755656125058 ], [ -3.588888962146795, 47.939877026717838 ], [ -3.588768152207009, 47.939766604480354 ], [ -3.588798212595542, 47.939672372635215 ], [ -3.588890759442139, 47.939594862975355 ] ] ], [ [ [ -3.593457970451341, 47.941638337373334 ], [ -3.59202937744598, 47.941745097890589 ], [ -3.591784655420038, 47.941187302453841 ], [ -3.591913460560447, 47.940800585880822 ], [ -3.5924972745704, 47.940415599748803 ], [ -3.593609224941952, 47.940587933641311 ], [ -3.593457970451341, 47.941638337373334 ] ] ], [ [ [ -3.577907675189316, 47.956497106271414 ], [ -3.578016329155558, 47.956294755905489 ], [ -3.578337023618316, 47.956294594241285 ], [ -3.578481980838697, 47.956517959666627 ], [ -3.578480830913243, 47.956949206688918 ], [ -3.578845864122106, 47.957830397685029 ], [ -3.578532240752538, 47.958745638593157 ], [ -3.57830790924349, 47.959235840937936 ], [ -3.578269221198582, 47.95932407753682 ], [ -3.578095526346707, 47.959576908208092 ], [ -3.576144955900263, 47.960207469631456 ], [ -3.576028819640092, 47.960256924401875 ], [ -3.575153997158759, 47.961504087459019 ], [ -3.574942733773011, 47.961631606818074 ], [ -3.574851788818413, 47.961482399996768 ], [ -3.574890440797162, 47.961378536351972 ], [ -3.575915747699735, 47.960175297409435 ], [ -3.575927728657064, 47.96012559292754 ], [ -3.575996924793384, 47.960015294129263 ], [ -3.577654018561149, 47.959065396882522 ], [ -3.576459399108696, 47.958253062113641 ], [ -3.57680867907832, 47.957246769893132 ], [ -3.577907675189316, 47.956497106271414 ] ] ], [ [ [ -3.572143420643871, 47.966218628773404 ], [ -3.571764055812105, 47.967150315666927 ], [ -3.571794476576167, 47.967597366139103 ], [ -3.5712077562033, 47.96806925834521 ], [ -3.57110447402102, 47.967395686552692 ], [ -3.571046559657014, 47.967257864911332 ], [ -3.570877805469376, 47.965996049934432 ], [ -3.569809387869939, 47.965101328278223 ], [ -3.569775064725016, 47.964924146736536 ], [ -3.569666006682064, 47.964603290031775 ], [ -3.569669580583223, 47.963425981121901 ], [ -3.569548702425041, 47.963150542211807 ], [ -3.569732050435142, 47.962693690288305 ], [ -3.570199090827914, 47.963063866749906 ], [ -3.570978796897345, 47.963346557849135 ], [ -3.572034966444139, 47.963847596088144 ], [ -3.572027463183533, 47.964729293346721 ], [ -3.571959303078275, 47.965545580641418 ], [ -3.572143420643871, 47.966218628773404 ] ] ], [ [ [ -3.59472922683025, 47.967201370707002 ], [ -3.593933749895008, 47.967251226910733 ], [ -3.594287300811095, 47.966714557507999 ], [ -3.594652026634549, 47.966501525023205 ], [ -3.595195058940423, 47.966650393161302 ], [ -3.595245714100707, 47.967149777388457 ], [ -3.59472922683025, 47.967201370707002 ] ] ], [ [ [ -3.591135473884653, 47.968327866877146 ], [ -3.591224225813887, 47.96803334108607 ], [ -3.591373401465388, 47.967777250347112 ], [ -3.59209271866529, 47.967905747057088 ], [ -3.591906123487607, 47.968551916394532 ], [ -3.591135473884653, 47.968327866877146 ] ] ], [ [ [ -3.579099243465195, 47.98224534022016 ], [ -3.578851719772793, 47.982261984674352 ], [ -3.578977239679826, 47.982065177823856 ], [ -3.578398880672968, 47.98149623002702 ], [ -3.57960671433084, 47.980797443068468 ], [ -3.580500055213689, 47.98146951933596 ], [ -3.579995833243397, 47.981896060492403 ], [ -3.579177268193503, 47.982169074283803 ], [ -3.579158038671017, 47.982210054756578 ], [ -3.579099243465195, 47.98224534022016 ] ] ], [ [ [ -3.580889441992645, 47.98561969696641 ], [ -3.580867167669964, 47.985256612328257 ], [ -3.581535002695455, 47.985363588641746 ], [ -3.581546685028173, 47.98553909016961 ], [ -3.581513140926097, 47.985607974358913 ], [ -3.581481031103357, 47.98563889214843 ], [ -3.581249315107824, 47.985855330693937 ], [ -3.580889441992645, 47.98561969696641 ] ] ], [ [ [ -3.580806071550867, 47.98607136489538 ], [ -3.581080689345468, 47.986006387196269 ], [ -3.580874985920554, 47.986186116934292 ], [ -3.580869868573409, 47.986187852970332 ], [ -3.580483504596371, 47.98640257376212 ], [ -3.580581163280546, 47.986157713763021 ], [ -3.580806071550867, 47.98607136489538 ] ] ] ] } },
{ "type": "Feature", "properties": { "HAUTEUR": "1m>h>2m" }, "geometry": { "type": "MultiPolygon", "coordinates": [ [ [ [ -3.610859699911373, 47.90627813799486 ], [ -3.611280699911374, 47.906391303429089 ], [ -3.611644599911374, 47.90634926279008 ], [ -3.611555399911374, 47.906200580245972 ], [ -3.611944299911374, 47.906258748558656 ], [ -3.612343899911373, 47.906216707909621 ], [ -3.612878999911374, 47.906303960373805 ], [ -3.613089499911374, 47.906307222147895 ], [ -3.613010999911376, 47.906187623751833 ], [ -3.613692499911373, 47.906358957506683 ], [ -3.613995699911373, 47.906533462376586 ], [ -3.614694999911374, 47.906856740204503 ], [ -3.615322899911376, 47.907234924285426 ], [ -3.615726099911374, 47.907845961939543 ], [ -3.616029399911374, 47.907897606550307 ], [ -3.616072199911374, 47.907845961939543 ], [ -3.616685799911374, 47.908117413208238 ], [ -3.617016999911375, 47.908363495084714 ], [ -3.617331799911373, 47.908445673360113 ], [ -3.617723999911374, 47.908557116867364 ], [ -3.617766474402984, 47.908561163648031 ], [ -3.617910680622314, 47.908548445297839 ], [ -3.618139380622315, 47.908525923262481 ], [ -3.618283580622313, 47.908462160877953 ], [ -3.618641980622314, 47.908358359319578 ], [ -3.619108980622316, 47.908195700175881 ], [ -3.619387780622314, 47.908107613993643 ], [ -3.619616580622314, 47.908039947790094 ], [ -3.619731980622316, 47.907964373849794 ], [ -3.619793680622315, 47.907885396579836 ], [ -3.619879480622314, 47.907596013453364 ], [ -3.619927780622314, 47.907522341374325 ], [ -3.620035080622314, 47.907439660481373 ], [ -3.620335780622316, 47.907290714756819 ], [ -3.620466880622315, 47.907200626617133 ], [ -3.620853080622314, 47.906948980414278 ], [ -3.621125380622316, 47.906772908151218 ], [ -3.621240680622316, 47.906718955365733 ], [ -3.621413680622315, 47.906698335191706 ], [ -3.621541480622315, 47.906718554974013 ], [ -3.621740980622314, 47.906716352819501 ], [ -3.621800880622314, 47.906705942634566 ], [ -3.621968880622314, 47.906692129119911 ], [ -3.622037380622316, 47.90671725370089 ], [ -3.622149980622314, 47.906792627443856 ], [ -3.622263980622314, 47.90687981274295 ], [ -3.622400780622316, 47.906993023504604 ], [ -3.622598980622314, 47.907090218597226 ], [ -3.622820480622316, 47.907216742384342 ], [ -3.622954580622316, 47.907278803102798 ], [ -3.623075280622314, 47.907404626204745 ], [ -3.623222880622313, 47.907487106901776 ], [ -3.623671780622316, 47.907723638318735 ], [ -3.623892080622316, 47.907841353488905 ], [ -3.624195180622314, 47.907915926449711 ], [ -3.624558180622314, 47.908002310966815 ], [ -3.624931380622314, 47.908062369727354 ], [ -3.625338680622316, 47.908120326431295 ], [ -3.625497280622314, 47.908187191851461 ], [ -3.625812480622315, 47.908260663735376 ], [ -3.626129080622314, 47.908180985779538 ], [ -3.626324780622314, 47.908140846507813 ], [ -3.626503780622315, 47.908096302927056 ], [ -3.626838480622313, 47.908043451217779 ], [ -3.627116080622315, 47.907893404414558 ], [ -3.627782580622315, 47.907700215402251 ], [ -3.628584580622316, 47.907416337662937 ], [ -3.628738264171479, 47.907354985607398 ], [ -3.629446836590998, 47.908420069268161 ], [ -3.629292332921188, 47.909450805549255 ], [ -3.629278402238305, 47.909756929397034 ], [ -3.629352770525155, 47.910538185937952 ], [ -3.629462910238851, 47.911019878384892 ], [ -3.629556284624921, 47.911341911693015 ], [ -3.629707509894805, 47.91202495480276 ], [ -3.629845387209087, 47.912490496776329 ], [ -3.629871476175341, 47.912535440405264 ], [ -3.630483041979087, 47.913226202977214 ], [ -3.630947837021155, 47.91372409556493 ], [ -3.631349981402226, 47.914176167990249 ], [ -3.631607461688912, 47.914429438898637 ], [ -3.631781393998538, 47.914554056225967 ], [ -3.632189095649899, 47.91473844322752 ], [ -3.632334377872048, 47.914852995694574 ], [ -3.632501722141622, 47.914934279835322 ], [ -3.632623814526801, 47.914976829688399 ], [ -3.632732519050614, 47.915056955414627 ], [ -3.632858352979596, 47.915117656592329 ], [ -3.6329501415328, 47.915194537305098 ], [ -3.63297515147274, 47.915539730988158 ], [ -3.633391068753025, 47.916012140172569 ], [ -3.633752453263121, 47.916356162569457 ], [ -3.633856507102314, 47.91644263020379 ], [ -3.633970539693665, 47.916498348406193 ], [ -3.634104613090569, 47.916507276616628 ], [ -3.634261099369015, 47.916490450013569 ], [ -3.634410182086254, 47.916435177145473 ], [ -3.634668416142972, 47.916397225590515 ], [ -3.634773362881921, 47.916425800752521 ], [ -3.634845677762441, 47.916534314900446 ], [ -3.63486642153364, 47.916553414742083 ], [ -3.63489430365919, 47.916821605352155 ], [ -3.634965436282624, 47.917284141201293 ], [ -3.635059113836916, 47.917598671296872 ], [ -3.635229536345261, 47.917817893659276 ], [ -3.635644950847244, 47.918236514694897 ], [ -3.635776565626716, 47.918260713128547 ], [ -3.636261641957005, 47.918282540618989 ], [ -3.636356977583735, 47.918332066818579 ], [ -3.636413645451414, 47.918437207661029 ], [ -3.63646198651905, 47.91873230540439 ], [ -3.636560007426624, 47.91915079012 ], [ -3.636666657760754, 47.919506939463545 ], [ -3.636805919134611, 47.9198346241038 ], [ -3.636978298093757, 47.920052351501354 ], [ -3.637219912617813, 47.920240957613416 ], [ -3.637467764847124, 47.92036365720044 ], [ -3.637721495722992, 47.920430094759809 ], [ -3.637946440264202, 47.920439127043849 ], [ -3.638047503017377, 47.920436524078525 ], [ -3.638182094374347, 47.92043167143656 ], [ -3.638232501742735, 47.920501605480965 ], [ -3.638294919365714, 47.921080247429742 ], [ -3.638319075019028, 47.921160387808897 ], [ -3.638376991817608, 47.921249007117055 ], [ -3.638951208123762, 47.921810164147431 ], [ -3.639299083036166, 47.922077309310978 ], [ -3.639963314845942, 47.922491939927468 ], [ -3.640328474181736, 47.922684662123856 ], [ -3.640521247605416, 47.922812400061119 ], [ -3.640735797189806, 47.922931528095688 ], [ -3.640893418356034, 47.923037278123047 ], [ -3.641071037491204, 47.923131319234813 ], [ -3.641291760273193, 47.923186224183254 ], [ -3.641565784579588, 47.923182277704242 ], [ -3.641713767217591, 47.923445633279854 ], [ -3.641842796424174, 47.923590651258351 ], [ -3.641992108386384, 47.923699300650114 ], [ -3.642381274656737, 47.923823551543364 ], [ -3.642522963926792, 47.92391657714245 ], [ -3.642590697206204, 47.924012895273975 ], [ -3.642637894760455, 47.924050439671078 ], [ -3.642984845379261, 47.924274969936704 ], [ -3.643418360547436, 47.924496608063706 ], [ -3.643669202844706, 47.924590250023911 ], [ -3.643867302107205, 47.924693730444929 ], [ -3.643891406949878, 47.924707380236967 ], [ -3.646351508064001, 47.926930321431996 ], [ -3.646350701407759, 47.926935054768975 ], [ -3.647077216567904, 47.92895611744521 ], [ -3.647261404164112, 47.929094709809988 ], [ -3.647265128628999, 47.929215504944651 ], [ -3.647286095948395, 47.92933081761673 ], [ -3.647373595070972, 47.929472020735986 ], [ -3.646880280622313, 47.929615260309014 ], [ -3.646459680622316, 47.929734376890408 ], [ -3.646413586549178, 47.929748653649163 ], [ -3.646289926450094, 47.929560172217847 ], [ -3.645823003629125, 47.929778947601463 ], [ -3.645819586286446, 47.929932633885109 ], [ -3.645790380622315, 47.929941679781741 ], [ -3.645156880622316, 47.930115750148268 ], [ -3.644508380622315, 47.930301131585658 ], [ -3.644207980622314, 47.930364693795717 ], [ -3.643926280622316, 47.93045628343706 ], [ -3.643551580622316, 47.930534159656808 ], [ -3.643283597009943, 47.930552515982683 ], [ -3.642978551891333, 47.930359504919323 ], [ -3.642849857309428, 47.929984233686596 ], [ -3.641705893305423, 47.92846615891709 ], [ -3.641656675543356, 47.928296056038448 ], [ -3.641390246541971, 47.9282310591623 ], [ -3.638840865272691, 47.927919762750378 ], [ -3.638520512158536, 47.927947304105828 ], [ -3.638441634602307, 47.928099868654783 ], [ -3.638563186151022, 47.928191427957344 ], [ -3.639105412233859, 47.930055845107361 ], [ -3.637976658198436, 47.930846014053031 ], [ -3.637962183235354, 47.930866786097219 ], [ -3.637531980622314, 47.930434762373778 ], [ -3.637362180622314, 47.930317547652507 ], [ -3.637221080622314, 47.930221853994645 ], [ -3.637060680622314, 47.930144378167171 ], [ -3.636823180622313, 47.930029565797639 ], [ -3.636297580622315, 47.929782123620988 ], [ -3.636185480622315, 47.929912050783216 ], [ -3.635924088775965, 47.930217995920202 ], [ -3.635921299911373, 47.930261808255338 ], [ -3.635819399911373, 47.930369532744791 ], [ -3.635827399911375, 47.930588696296709 ], [ -3.635709399911374, 47.930852797774925 ], [ -3.635618199911373, 47.931046774115082 ], [ -3.635647699911373, 47.931226435466336 ], [ -3.635628899911374, 47.931343129242777 ], [ -3.635596799911374, 47.931522790498136 ], [ -3.635679899911374, 47.931693391626261 ], [ -3.635701399911374, 47.931819145371684 ], [ -3.635771099911375, 47.931986212983659 ], [ -3.635864999911374, 47.932079622239385 ], [ -3.635902499911376, 47.932160437993993 ], [ -3.635835499911374, 47.932264628691676 ], [ -3.635768399911377, 47.932347256431079 ], [ -3.635701399911374, 47.932442477637409 ], [ -3.635599399911376, 47.932501730406479 ], [ -3.635494799911372, 47.932561073769762 ], [ -3.635459999911375, 47.932623950547757 ], [ -3.635521699911373, 47.93274245604082 ], [ -3.635526163071627, 47.932772902316152 ], [ -3.635300538549747, 47.93280291386651 ], [ -3.634570757492637, 47.933012031882697 ], [ -3.633976396688622, 47.93377090129222 ], [ -3.633823712667493, 47.934396930918325 ], [ -3.633758966941822, 47.93544109740003 ], [ -3.633352366274248, 47.935919790539856 ], [ -3.632940868890909, 47.937445210768999 ], [ -3.632972529711388, 47.937527185816748 ], [ -3.633051243360512, 47.937837134292892 ], [ -3.632702743306552, 47.937670464072937 ], [ -3.632580306667382, 47.937517755847736 ], [ -3.632613206663483, 47.937363059351682 ], [ -3.63226048049991, 47.935954148687912 ], [ -3.631382267019807, 47.935453912449674 ], [ -3.630479407783419, 47.935513748433735 ], [ -3.628941318412702, 47.935530997086701 ], [ -3.628622825972298, 47.935338561555312 ], [ -3.627849113723261, 47.935387762391557 ], [ -3.626600925644565, 47.935585526281528 ], [ -3.625376372431339, 47.935504922850086 ], [ -3.624060353938687, 47.93476358139776 ], [ -3.623719218045744, 47.934451038714272 ], [ -3.623477496937669, 47.934214306608894 ], [ -3.622196508299161, 47.93322867608741 ], [ -3.621087508892615, 47.932572915926698 ], [ -3.620011940072143, 47.93222206940969 ], [ -3.619668420315511, 47.931585450997915 ], [ -3.619743213127359, 47.930799937959421 ], [ -3.620167116722558, 47.929606014806225 ], [ -3.620825134104694, 47.928868520138522 ], [ -3.621999703677752, 47.928595343138582 ], [ -3.622721817903224, 47.928168884428189 ], [ -3.624197583243421, 47.92836432489328 ], [ -3.625987669881697, 47.927780664311655 ], [ -3.627014484548267, 47.927051977417122 ], [ -3.627986193590228, 47.927885610006044 ], [ -3.629838347967336, 47.928480641532317 ], [ -3.631763914348562, 47.927545709329024 ], [ -3.632062232780357, 47.927279517374998 ], [ -3.633976175989487, 47.925773968186675 ], [ -3.633992072265168, 47.92577075839074 ], [ -3.634005531572577, 47.925765202476214 ], [ -3.63412161268057, 47.925681395342522 ], [ -3.636023253492947, 47.924267351356434 ], [ -3.634164566199359, 47.922899510482836 ], [ -3.633648344740726, 47.922594867903513 ], [ -3.632032379762038, 47.922082212505131 ], [ -3.631183460661192, 47.921849276276134 ], [ -3.630504228965943, 47.921736734480177 ], [ -3.630676099856525, 47.921103889672693 ], [ -3.631454057681612, 47.918599423303874 ], [ -3.628737379372151, 47.917925116839797 ], [ -3.62609512201299, 47.917844974103005 ], [ -3.62550587367315, 47.917232616153115 ], [ -3.62369719573545, 47.915834098824533 ], [ -3.622243469839436, 47.914985842437744 ], [ -3.621614063960746, 47.913472932089505 ], [ -3.620968549345844, 47.912763541753634 ], [ -3.619861282754851, 47.911037553976087 ], [ -3.618213739263173, 47.910684549417667 ], [ -3.616150493267668, 47.911121914566493 ], [ -3.614902396623628, 47.912387398994582 ], [ -3.613005268846554, 47.911352248794913 ], [ -3.611744855690378, 47.911243414553553 ], [ -3.610873895314778, 47.911130973540764 ], [ -3.61100589682634, 47.911801549709594 ], [ -3.611344775097938, 47.912137510045127 ], [ -3.613796422045521, 47.914137053586444 ], [ -3.613459011032856, 47.915599240633 ], [ -3.616235230409853, 47.917596157222093 ], [ -3.616266227243988, 47.917644723951 ], [ -3.616276591708538, 47.917654428007708 ], [ -3.616270515958279, 47.917665031509372 ], [ -3.616255904427533, 47.91766765243932 ], [ -3.616241670759229, 47.917660169627538 ], [ -3.612760174194715, 47.916905493423911 ], [ -3.612015598868026, 47.916854244150457 ], [ -3.609729810318336, 47.917045983504465 ], [ -3.60766236132377, 47.916260939025221 ], [ -3.606154584898236, 47.916167523952723 ], [ -3.60555218428481, 47.917288918395627 ], [ -3.606793624386685, 47.917653261834289 ], [ -3.608680158405046, 47.918484356613874 ], [ -3.608699107235692, 47.92080756575524 ], [ -3.606224873036369, 47.921814837249954 ], [ -3.605596480889395, 47.921929033060792 ], [ -3.6040107801996, 47.923909928910007 ], [ -3.603553129390451, 47.924047892389197 ], [ -3.603596446037332, 47.924457495979908 ], [ -3.603696250414985, 47.925043486508187 ], [ -3.604451402811355, 47.924713507386755 ], [ -3.607085722543842, 47.925750694648542 ], [ -3.608517995181309, 47.926801792337528 ], [ -3.609783836202783, 47.928236405099184 ], [ -3.610722363608969, 47.928671914483758 ], [ -3.612754399551485, 47.929955350335121 ], [ -3.612843848079908, 47.930111553474347 ], [ -3.612902268645013, 47.930186250134042 ], [ -3.61378963832935, 47.93224236617111 ], [ -3.616160328774906, 47.932607761337209 ], [ -3.616655600861794, 47.932713183055867 ], [ -3.616862444596248, 47.933071947063894 ], [ -3.617784144917628, 47.934651655209166 ], [ -3.618158715206853, 47.935031668020898 ], [ -3.617880230138411, 47.935390307034595 ], [ -3.617756018836861, 47.937176321259798 ], [ -3.617808570441766, 47.937340676319153 ], [ -3.61760684805851, 47.937401634229133 ], [ -3.617787846625802, 47.938857116921824 ], [ -3.617276627646398, 47.940189948725106 ], [ -3.615307781479554, 47.939909450918591 ], [ -3.615622877759864, 47.938336649344492 ], [ -3.617299291946838, 47.937372861862642 ], [ -3.616409287774131, 47.93680138657443 ], [ -3.615937701249528, 47.935994770071716 ], [ -3.61578777603708, 47.934688049163725 ], [ -3.615488393814506, 47.933934945086136 ], [ -3.614381060338097, 47.933724687162339 ], [ -3.613270500546692, 47.93366817297067 ], [ -3.612943919816195, 47.932934134500186 ], [ -3.611319795820473, 47.93282282956406 ], [ -3.610919326972913, 47.932747619048413 ], [ -3.609946949730034, 47.931749034665074 ], [ -3.608293539637171, 47.93167879162749 ], [ -3.607354219054896, 47.93101145972166 ], [ -3.606758903055656, 47.930056970923872 ], [ -3.608211563208065, 47.929218888323561 ], [ -3.606043506493054, 47.928467981890648 ], [ -3.604902434417957, 47.927628408698567 ], [ -3.602837839223336, 47.927031345434798 ], [ -3.602087910020437, 47.926767766496113 ], [ -3.600610970554361, 47.925949972887324 ], [ -3.599580111352245, 47.924883219138124 ], [ -3.599467939839032, 47.924509469980421 ], [ -3.599138626128675, 47.9246746457531 ], [ -3.59893084862185, 47.924813135145456 ], [ -3.597909414723686, 47.926031561776682 ], [ -3.597228667131009, 47.927084119273744 ], [ -3.595643992791814, 47.927906766650608 ], [ -3.594242651806868, 47.928552588097432 ], [ -3.593676337130112, 47.928692649144566 ], [ -3.592914832531396, 47.92939075697123 ], [ -3.592290340662471, 47.929952796713891 ], [ -3.591959028368602, 47.930069662089679 ], [ -3.590902178393186, 47.931470578179784 ], [ -3.590582087746108, 47.931892537974434 ], [ -3.589514240503372, 47.933098508054101 ], [ -3.589778249222725, 47.933277514602153 ], [ -3.589396556974331, 47.933290570418208 ], [ -3.588659754029291, 47.934353012894562 ], [ -3.588806149500634, 47.934688694506605 ], [ -3.589380358482383, 47.935362003973353 ], [ -3.589834587715577, 47.935852901634547 ], [ -3.590255799382085, 47.936097861279535 ], [ -3.590916386047086, 47.936975118946677 ], [ -3.592576372597585, 47.937644056858389 ], [ -3.593330199475304, 47.937151697615647 ], [ -3.594340650813205, 47.936732938012881 ], [ -3.594388791644458, 47.936359318573196 ], [ -3.594167769485752, 47.93622836289542 ], [ -3.593927662721455, 47.936185270702467 ], [ -3.592375772362656, 47.935713376796912 ], [ -3.59221652439606, 47.935098459855439 ], [ -3.591690113245379, 47.934228023412658 ], [ -3.593213748273056, 47.934292913413699 ], [ -3.594250380164894, 47.934083339530702 ], [ -3.595274516787691, 47.934306460318865 ], [ -3.596313620405276, 47.934685527381106 ], [ -3.596904737517781, 47.935279790821355 ], [ -3.597741413801602, 47.935772319205384 ], [ -3.599105518791272, 47.936136247703899 ], [ -3.599615728829523, 47.936264074137043 ], [ -3.600249713996707, 47.936726048039517 ], [ -3.599468727904618, 47.936833662020746 ], [ -3.598758150528637, 47.936999054490798 ], [ -3.597810277179299, 47.937147151240254 ], [ -3.597285812789192, 47.937750883658552 ], [ -3.597495344545573, 47.93837231399867 ], [ -3.597557599357712, 47.938965989280376 ], [ -3.598174276408369, 47.939099465797611 ], [ -3.59933025969305, 47.939829840486084 ], [ -3.59991440085959, 47.940342298635898 ], [ -3.600968296390289, 47.940850630078543 ], [ -3.601546594880641, 47.941283760896511 ], [ -3.602092039637677, 47.941180026782831 ], [ -3.602813265190175, 47.94089977759451 ], [ -3.603565166107315, 47.940289831787396 ], [ -3.604269857646999, 47.939995766329275 ], [ -3.605118583684062, 47.939883197912991 ], [ -3.605940476212043, 47.939156669870357 ], [ -3.60708144497518, 47.938538516387368 ], [ -3.608510260282646, 47.938642910982296 ], [ -3.609114149365682, 47.938477965099253 ], [ -3.609711744634676, 47.938699880798481 ], [ -3.611133341373196, 47.938710658276221 ], [ -3.611687883698746, 47.93841388930862 ], [ -3.613100654465466, 47.93815453449379 ], [ -3.61391853217946, 47.938595598578345 ], [ -3.614613395642449, 47.939726691099409 ], [ -3.614837321407936, 47.940084571655916 ], [ -3.614964450856446, 47.940364236736727 ], [ -3.615362971535491, 47.940323731823995 ], [ -3.617239193093967, 47.9403977143524 ], [ -3.618218714015899, 47.941564005473623 ], [ -3.618334514757193, 47.94278854738775 ], [ -3.618266954610335, 47.943059295138767 ], [ -3.618590905304004, 47.94334224654277 ], [ -3.619187331894609, 47.943208372453569 ], [ -3.620670282094828, 47.943200528026907 ], [ -3.621338611711848, 47.94352415405821 ], [ -3.622097102133103, 47.943985759715261 ], [ -3.622355595487384, 47.944669716889308 ], [ -3.622899650899129, 47.945329912741187 ], [ -3.623047358459379, 47.946529958916798 ], [ -3.623554648835249, 47.946653676990024 ], [ -3.624906857434887, 47.946852330531215 ], [ -3.626040427913527, 47.947446660351204 ], [ -3.626872993469534, 47.947362166710434 ], [ -3.627194698923799, 47.947486340905471 ], [ -3.628708670819322, 47.94800253574148 ], [ -3.629976902887211, 47.948287276621954 ], [ -3.630788588390766, 47.947407999882486 ], [ -3.631154680933479, 47.948543411641893 ], [ -3.632592832451946, 47.949164245530881 ], [ -3.633237882980497, 47.948453866871873 ], [ -3.634459839759284, 47.94791343635795 ], [ -3.63514908870939, 47.948779452961517 ], [ -3.636203788226302, 47.949595684740231 ], [ -3.636742659310113, 47.949736688031763 ], [ -3.637193098714594, 47.950558154587185 ], [ -3.63743840219494, 47.950989046583416 ], [ -3.637587707024422, 47.951234662599475 ], [ -3.638235394060817, 47.952337005317219 ], [ -3.638445914292296, 47.952718951746348 ], [ -3.638963135304305, 47.953867285542458 ], [ -3.639767152744551, 47.953923575623122 ], [ -3.64084731224659, 47.953785373255201 ], [ -3.641014698019132, 47.953663657543544 ], [ -3.641110351040612, 47.953501768612895 ], [ -3.641716277837031, 47.952382305565607 ], [ -3.642004185984076, 47.951802897063374 ], [ -3.641482294509446, 47.95074563644134 ], [ -3.641256959949145, 47.950626296650171 ], [ -3.641300057879721, 47.950434723934563 ], [ -3.641534440051739, 47.950514409371536 ], [ -3.642777801025098, 47.949635003227115 ], [ -3.643342457139019, 47.949421832569641 ], [ -3.644786715766237, 47.948996168944092 ], [ -3.645096127825356, 47.948686968334641 ], [ -3.645968574660221, 47.94873523320986 ], [ -3.646367930146456, 47.948840400687359 ], [ -3.646317999911374, 47.948919849225703 ], [ -3.646518699911375, 47.949274358618254 ], [ -3.646533099911374, 47.949483911342135 ], [ -3.646626599911376, 47.949700893002699 ], [ -3.646546199911373, 47.949879823535831 ], [ -3.646437599911372, 47.950128604829395 ], [ -3.646690399911373, 47.950488277514886 ], [ -3.646851199911374, 47.950577063179736 ], [ -3.647106999911373, 47.950644920785422 ], [ -3.647166899911376, 47.95076813350623 ], [ -3.647300599911373, 47.950739685865763 ], [ -3.647434699911373, 47.95079712473067 ], [ -3.647519199911375, 47.950796218754931 ], [ -3.647886599911375, 47.950866250675375 ], [ -3.648039499911374, 47.950919250247054 ], [ -3.648083799911372, 47.950904845235762 ], [ -3.648276899911373, 47.950928219404837 ], [ -3.648409199911373, 47.951006767477445 ], [ -3.648687299911375, 47.95106375332707 ], [ -3.648895999911372, 47.9511423013805 ], [ -3.648926299911373, 47.951174554095871 ], [ -3.649119099911375, 47.951430944996972 ], [ -3.649143299911374, 47.951453866156562 ], [ -3.649193899911376, 47.951490105142128 ], [ -3.649208799911374, 47.951520455290726 ], [ -3.649207099911373, 47.951587678599047 ], [ -3.649218399911375, 47.951674289749782 ], [ -3.649256399911374, 47.951745499325924 ], [ -3.649411999911374, 47.95208913523107 ], [ -3.649460299911374, 47.952203016104988 ], [ -3.649457499911374, 47.952377868952695 ], [ -3.649444399911373, 47.952583887211389 ], [ -3.649421399911374, 47.952768524442504 ], [ -3.649356499911375, 47.952932958431276 ], [ -3.649224399911374, 47.953130460347943 ], [ -3.649107999911374, 47.95335613791076 ], [ -3.649082599911376, 47.953583808518495 ], [ -3.649130299911374, 47.95398017077445 ], [ -3.649135199911373, 47.954009433622353 ], [ -3.649179499911372, 47.954108184398052 ], [ -3.649190199911374, 47.954005809740352 ], [ -3.649263899911373, 47.953844184578628 ], [ -3.649289399911374, 47.953778682888164 ], [ -3.649296099911373, 47.953751775552476 ], [ -3.649367199911373, 47.95356324297201 ], [ -3.649436999911372, 47.953438400122806 ], [ -3.649463799911373, 47.953344179085981 ], [ -3.649467799911372, 47.953228305308158 ], [ -3.649494599911371, 47.953148398591956 ], [ -3.649579099911373, 47.952994020957966 ], [ -3.649651499911374, 47.952872801870249 ], [ -3.649685099911373, 47.952799236910224 ], [ -3.649714599911374, 47.952714800269227 ], [ -3.649737399911373, 47.952575642858619 ], [ -3.649769499911375, 47.952493742907947 ], [ -3.649973999911373, 47.952437844372731 ], [ -3.650162099911375, 47.952306115873668 ], [ -3.650255599911374, 47.952285006695881 ], [ -3.650350199911372, 47.952400065294697 ], [ -3.650405599911374, 47.952507785488855 ], [ -3.650462799911375, 47.95270519695945 ], [ -3.650513199911374, 47.953267443287423 ], [ -3.650599799911372, 47.953612890193085 ], [ -3.650742999911373, 47.953802056936262 ], [ -3.651048099911375, 47.953978540027471 ], [ -3.651319399911372, 47.953880242214083 ], [ -3.651609499911376, 47.953822260085595 ], [ -3.651715299911374, 47.953826608745445 ], [ -3.651835599911375, 47.953885134455888 ], [ -3.651928599911373, 47.953865021905926 ], [ -3.652046099911375, 47.953963863304359 ], [ -3.652114499911372, 47.954059080803525 ], [ -3.652128199911374, 47.954104832307785 ], [ -3.652335999911374, 47.95421463590263 ], [ -3.652480999911373, 47.954348266485866 ], [ -3.652620399911372, 47.954458160629557 ], [ -3.652671499911373, 47.954488148228066 ], [ -3.652756099911375, 47.954530185221415 ], [ -3.652821299911376, 47.954573852956827 ], [ -3.652911099911374, 47.954642344252775 ], [ -3.653024399911375, 47.954702047637447 ], [ -3.653084099911374, 47.954740641931252 ], [ -3.653153199911373, 47.954811579323447 ], [ -3.653263099911373, 47.954906706080358 ], [ -3.653474299911375, 47.955085363145521 ], [ -3.653627199911373, 47.955243817056292 ], [ -3.653752599911374, 47.955341208660002 ], [ -3.653867999911373, 47.955405351213848 ], [ -3.653997399911375, 47.955466866452738 ], [ -3.654142899911372, 47.955541880608187 ], [ -3.654237399911374, 47.9555952421208 ], [ -3.654335999911374, 47.955631209045762 ], [ -3.654433199911375, 47.955670256258898 ], [ -3.654500999911376, 47.955712836743409 ], [ -3.654567299911374, 47.955773445980626 ], [ -3.654637099911374, 47.955860056478521 ], [ -3.654713499911375, 47.955965601679992 ], [ -3.654856999911376, 47.956092618282106 ], [ -3.654932099911374, 47.95615993163365 ], [ -3.654960399911372, 47.956208672655649 ], [ -3.655042299911376, 47.956230868844543 ], [ -3.655042399911375, 47.956205048787965 ], [ -3.655079799911374, 47.956141902890224 ], [ -3.655130499911374, 47.956138369618827 ], [ -3.655358799911372, 47.956122877582466 ], [ -3.655439099911372, 47.956129400545201 ], [ -3.655536099911375, 47.956153227477877 ], [ -3.655961399911374, 47.956333424285404 ], [ -3.656465699911374, 47.956525308001112 ], [ -3.657121299911374, 47.956689831474115 ], [ -3.657575399911374, 47.956749444042082 ], [ -3.658200499911374, 47.9570552980895 ], [ -3.658402199911374, 47.957219821405509 ], [ -3.658486699911375, 47.957271733212636 ], [ -3.658749599911373, 47.957334607192408 ], [ -3.658838099911373, 47.95730588809878 ], [ -3.659023699911373, 47.957285232093604 ], [ -3.659430399911376, 47.957361604950982 ], [ -3.659683099911374, 47.957521326563004 ], [ -3.659889899911372, 47.95765839901587 ], [ -3.660217699911376, 47.957859432512443 ], [ -3.660589099911375, 47.957976301884415 ], [ -3.660877499911376, 47.958071699888407 ], [ -3.661064899911375, 47.95813357721746 ], [ -3.661218599911374, 47.958174798567555 ], [ -3.661296899911374, 47.958170087556283 ], [ -3.661426399911376, 47.958153327227343 ], [ -3.661562599911375, 47.958164470581231 ], [ -3.662022099911373, 47.958340318111716 ], [ -3.662365999911374, 47.95847883990357 ], [ -3.662547499911374, 47.958544703424934 ], [ -3.662996399911373, 47.958803446426352 ], [ -3.663130999911375, 47.95894595433748 ], [ -3.663243499911373, 47.959102142241299 ], [ -3.663300699911373, 47.959188571027688 ], [ -3.663438299911375, 47.959317670604925 ], [ -3.663678599911373, 47.959439160074417 ], [ -3.663882099911374, 47.959483008616147 ], [ -3.664073099911377, 47.959536007365507 ], [ -3.664221199911372, 47.959600330627154 ], [ -3.664322299911372, 47.959669908456704 ], [ -3.664467099911374, 47.959704244387616 ], [ -3.664620799911374, 47.959707052867351 ], [ -3.664754699911374, 47.959721095265863 ], [ -3.664888599911374, 47.959788136389285 ], [ -3.664974299911373, 47.959871937782218 ], [ -3.665133499911375, 47.960031024499798 ], [ -3.665453799911374, 47.960175887593103 ], [ -3.665477713029524, 47.960198829570338 ], [ -3.665403461398, 47.960835221183487 ], [ -3.665409297209143, 47.961019177592433 ], [ -3.665456616602438, 47.961344891340005 ], [ -3.665490940631045, 47.96149248346768 ], [ -3.665550662394611, 47.961636129610653 ], [ -3.665566643750882, 47.961716260453827 ], [ -3.665644924983837, 47.961716259863309 ], [ -3.665675138995925, 47.961804176023662 ], [ -3.665821295882545, 47.962069010474181 ], [ -3.66592329093671, 47.962213330254357 ], [ -3.666030297417308, 47.962324503188498 ], [ -3.666093453500865, 47.962443550846316 ], [ -3.666140559724178, 47.9625869500627 ], [ -3.666217084455849, 47.962737205971408 ], [ -3.666334983904058, 47.962912477015479 ], [ -3.666612861102969, 47.963251892085026 ], [ -3.666726645093572, 47.963367640034548 ], [ -3.666764003153479, 47.963398857827784 ], [ -3.667021472231256, 47.964103259969534 ], [ -3.667041035602246, 47.964257457361882 ], [ -3.667081434430682, 47.964411602586111 ], [ -3.667169765525925, 47.964532827438035 ], [ -3.66733712989513, 47.964650848357877 ], [ -3.667571300015397, 47.965045785811796 ], [ -3.667467474833093, 47.965241846085291 ], [ -3.667449492007947, 47.96538703645669 ], [ -3.667454118212273, 47.965655230580211 ], [ -3.667518543886039, 47.965791308100052 ], [ -3.667608317571289, 47.965924817152867 ], [ -3.66773021096979, 47.966163131580345 ], [ -3.667821041995807, 47.966439139200887 ], [ -3.667838620002229, 47.966698547695373 ], [ -3.668042400131874, 47.966993309214914 ], [ -3.668028742772927, 47.967089712801666 ], [ -3.667979460001717, 47.967159222371095 ], [ -3.66802006393574, 47.967256533522246 ], [ -3.668080215557878, 47.967337374557701 ], [ -3.668166420399257, 47.967345187815667 ], [ -3.668274546441702, 47.967374877848428 ], [ -3.668340300306689, 47.967423655847242 ], [ -3.66833311164856, 47.967498737606689 ], [ -3.668284804218607, 47.967558921000204 ], [ -3.668217959869749, 47.967608171075 ], [ -3.668199543518515, 47.967696668356538 ], [ -3.668189949518731, 47.967956771391215 ], [ -3.668200012555801, 47.968608230879667 ], [ -3.668254746201578, 47.968938685701318 ], [ -3.668323213576788, 47.969204910826193 ], [ -3.668452907883537, 47.969454408043532 ], [ -3.668490923729644, 47.969724634002603 ], [ -3.668557990042583, 47.969857698879892 ], [ -3.668656449286595, 47.969927032329778 ], [ -3.668787362602113, 47.969972334444876 ], [ -3.668888330222418, 47.970025017737925 ], [ -3.668917030979986, 47.970154115426766 ], [ -3.669019153304276, 47.970415176422364 ], [ -3.669093519238059, 47.97057289615644 ], [ -3.669179103312114, 47.970700347818692 ], [ -3.66923745712955, 47.970830024962297 ], [ -3.669322544832502, 47.970970948674378 ], [ -3.669443859720908, 47.971105379741189 ], [ -3.669735858848929, 47.971302435128209 ], [ -3.670177751610783, 47.971646581969196 ], [ -3.67029534068414, 47.97176224899178 ], [ -3.670610797683686, 47.972162294847976 ], [ -3.670720084438811, 47.972280557069112 ], [ -3.670848959108038, 47.97238127714698 ], [ -3.670972602665639, 47.972452633294211 ], [ -3.671090245119959, 47.972464123197383 ], [ -3.671208677538405, 47.97245418011326 ], [ -3.671373012732011, 47.972380788416174 ], [ -3.671443464366086, 47.972422150144979 ], [ -3.671458638180877, 47.972455844608902 ], [ -3.671416458828828, 47.972521051113048 ], [ -3.671418167036019, 47.972594621640397 ], [ -3.671436986975506, 47.97270069886568 ], [ -3.671489475883453, 47.972818310996004 ], [ -3.671705708169328, 47.973187002331812 ], [ -3.672124150712087, 47.973705337377467 ], [ -3.672318349496428, 47.97396957333703 ], [ -3.672430660406366, 47.974074411781061 ], [ -3.672999382332396, 47.974506974583178 ], [ -3.673145697758108, 47.974597156124887 ], [ -3.67326620873731, 47.97465083127949 ], [ -3.673896934254754, 47.975714417163061 ], [ -3.674983772746036, 47.977269028793458 ], [ -3.674849870355165, 47.978041928234134 ], [ -3.674817049239373, 47.978298821613805 ], [ -3.674826776507654, 47.978617673024701 ], [ -3.67485223622259, 47.978783628680802 ], [ -3.674907170998911, 47.978937903169097 ], [ -3.674980223717417, 47.979080274892553 ], [ -3.675076229328301, 47.979148025023136 ], [ -3.675184606910014, 47.979188439960637 ], [ -3.675288826187931, 47.979273202512061 ], [ -3.675439636373503, 47.979292996654806 ], [ -3.675579912738655, 47.979255900190708 ], [ -3.675699519772944, 47.979197105287071 ], [ -3.675727451021443, 47.979193054005222 ], [ -3.675835790365634, 47.979165905407783 ], [ -3.675818103457342, 47.979406241924522 ], [ -3.675851257267016, 47.979826357699523 ], [ -3.675881862762914, 47.979972650464219 ], [ -3.675924969503768, 47.980105245599233 ], [ -3.675996289663931, 47.980226134763384 ], [ -3.676081012618298, 47.980325990107673 ], [ -3.676193560259418, 47.980424702827833 ], [ -3.676315488529366, 47.980474420319069 ], [ -3.67654544220885, 47.980471244484534 ], [ -3.676681054943618, 47.980492273255066 ], [ -3.676790905186104, 47.980492730021354 ], [ -3.676874728150545, 47.980445492776781 ], [ -3.676970218243618, 47.980424374250489 ], [ -3.67703385570878, 47.980462383706467 ], [ -3.677050649534618, 47.980520774995711 ], [ -3.676955491496077, 47.980704448192171 ], [ -3.676950387271422, 47.980791674260303 ], [ -3.676974155124424, 47.981175297899625 ], [ -3.677002419114773, 47.9813166423761 ], [ -3.677063014945246, 47.981437322047483 ], [ -3.67725296637781, 47.981663322798838 ], [ -3.677326413209119, 47.981777971619707 ], [ -3.67745296421275, 47.982062485237307 ], [ -3.677583498731819, 47.982290238178152 ], [ -3.677671193908624, 47.982360889005676 ], [ -3.677972267217118, 47.982415629542828 ], [ -3.677992291920116, 47.98267799678213 ], [ -3.678018433942771, 47.982825581112479 ], [ -3.678074108176039, 47.982959952815861 ], [ -3.678158953893484, 47.983056592365998 ], [ -3.678352330188242, 47.983241140795272 ], [ -3.678449367421664, 47.983298185068207 ], [ -3.678727914963125, 47.9833817470697 ], [ -3.678895002044832, 47.983371214909141 ], [ -3.678921506220454, 47.983217149673706 ], [ -3.678990035157371, 47.983190908556622 ], [ -3.6790775903531, 47.983213909882338 ], [ -3.679128983433628, 47.983293044794067 ], [ -3.679025460481585, 47.983480999135665 ], [ -3.679059766673429, 47.983578338665311 ], [ -3.679143881918608, 47.983694879903211 ], [ -3.679212471126753, 47.983838695103003 ], [ -3.679356983197426, 47.984029950485322 ], [ -3.679443933628592, 47.984172438131807 ], [ -3.67962764787476, 47.984396629733027 ], [ -3.679716501893639, 47.984487371749765 ], [ -3.679856273722822, 47.984532838399147 ], [ -3.680025519183087, 47.984480829226868 ], [ -3.680119693381895, 47.984615797131667 ], [ -3.679945912559435, 47.984670935305232 ], [ -3.679776622158406, 47.98474132789562 ], [ -3.679698876042781, 47.984794966300399 ], [ -3.67967926114894, 47.984881909847985 ], [ -3.679583971273156, 47.984948994682725 ], [ -3.67942459509457, 47.984990165157242 ], [ -3.679263770603216, 47.985019204240984 ], [ -3.679172738180405, 47.985022026570618 ], [ -3.67828418356312, 47.985093568543206 ], [ -3.677978826745733, 47.985155026231098 ], [ -3.67751957379862, 47.985228803727324 ], [ -3.677278555286311, 47.985257809807607 ], [ -3.677263349367666, 47.985259198595372 ], [ -3.676997586660949, 47.9852056050606 ], [ -3.676673468626676, 47.985073352537 ], [ -3.676119614689151, 47.985298331841307 ], [ -3.676021949944481, 47.985378390856283 ], [ -3.675878296244092, 47.985386926270792 ], [ -3.675458670132369, 47.985430524502732 ], [ -3.674995996268607, 47.985408477097181 ], [ -3.674432754249682, 47.985082349767552 ], [ -3.674460112549819, 47.984871003608191 ], [ -3.674124904196046, 47.984611371562877 ], [ -3.673715602998668, 47.9844604460516 ], [ -3.673247278877902, 47.984266236791058 ], [ -3.672565840204661, 47.984303492640151 ], [ -3.672611615352553, 47.984792031899332 ], [ -3.673110346257911, 47.985000777763091 ], [ -3.673601231611408, 47.98519971734801 ], [ -3.673328749410997, 47.985448563667148 ], [ -3.673068602452758, 47.98546539431652 ], [ -3.672259809212024, 47.985668380611301 ], [ -3.671984282572229, 47.985759825894448 ], [ -3.671393381989624, 47.986081505373491 ], [ -3.6708775677813, 47.986216209421897 ], [ -3.670356460221043, 47.986374555191375 ], [ -3.6700260267569, 47.986465078371367 ], [ -3.669538410271155, 47.98655421538075 ], [ -3.669325532939227, 47.986590501951198 ], [ -3.668784924711751, 47.986712459584751 ], [ -3.668440331294437, 47.986793051472262 ], [ -3.667806339037168, 47.986895869277745 ], [ -3.667632395705747, 47.986886647495794 ], [ -3.667503992247336, 47.986875404904922 ], [ -3.666907982664112, 47.986872945323483 ], [ -3.666902303601477, 47.986872834290395 ], [ -3.666900427530527, 47.986872338000239 ], [ -3.66657542300244, 47.986781415113072 ], [ -3.666566696273225, 47.986778333611767 ], [ -3.666149443252039, 47.986620494704695 ], [ -3.665964662616692, 47.986545641516358 ], [ -3.665863525485704, 47.986411602188724 ], [ -3.665671951197034, 47.986093175496677 ], [ -3.66566778286644, 47.986086353018763 ], [ -3.66529424342942, 47.985873447822783 ], [ -3.665119841251432, 47.98567148469057 ], [ -3.665118630127715, 47.985670082168298 ], [ -3.665076464819546, 47.98563202891593 ], [ -3.664755524670345, 47.985345694642191 ], [ -3.664599637319329, 47.985189594658678 ], [ -3.664482502959503, 47.984839071557388 ], [ -3.664624786367882, 47.984576966534007 ], [ -3.664783234667138, 47.984253283514263 ], [ -3.664944054953229, 47.983557515886687 ], [ -3.664946010090487, 47.98355586889744 ], [ -3.664945435633603, 47.983554325626201 ], [ -3.664942962567994, 47.983552898416676 ], [ -3.664166942592438, 47.983056504130388 ], [ -3.663498484912962, 47.982759537503938 ], [ -3.663382641223996, 47.98329731215938 ], [ -3.662882857966917, 47.983476736373859 ], [ -3.662704948612569, 47.983472487918036 ], [ -3.662542897638763, 47.983397922959071 ], [ -3.661736242922135, 47.98340618337771 ], [ -3.661635254488765, 47.983422130800349 ], [ -3.661495305812214, 47.983347538069225 ], [ -3.661161865666695, 47.982955701956953 ], [ -3.660538725763032, 47.982850809770412 ], [ -3.660517578061321, 47.982842122573075 ], [ -3.660513449846846, 47.982834228340124 ], [ -3.660470512511509, 47.982748819042612 ], [ -3.660563947674194, 47.98225396369152 ], [ -3.660466159612681, 47.981875934037973 ], [ -3.660379794154468, 47.981615941496642 ], [ -3.659829439420613, 47.981352987775239 ], [ -3.659025162847057, 47.980990070850567 ], [ -3.659011290386406, 47.980972487038301 ], [ -3.658963976637964, 47.980954247930285 ], [ -3.658179931224284, 47.980300637341102 ], [ -3.658102784784222, 47.980269557022581 ], [ -3.657936850298717, 47.980163658350932 ], [ -3.65748201138527, 47.979674603162366 ], [ -3.656712208576689, 47.979302087170794 ], [ -3.65685618368584, 47.979148183193772 ], [ -3.656592075878217, 47.979152962794529 ], [ -3.656398133737249, 47.97929209844348 ], [ -3.656617637183471, 47.979332405488805 ], [ -3.656733272212201, 47.980114937509114 ], [ -3.65656238608381, 47.980364678728947 ], [ -3.6563799056635, 47.980398788488799 ], [ -3.65625816600823, 47.980463657479021 ], [ -3.65564034279225, 47.98084680565556 ], [ -3.655533021786348, 47.980846232717994 ], [ -3.654878706964646, 47.980918732105891 ], [ -3.654779180316469, 47.980929342288761 ], [ -3.654473589874177, 47.98094586782824 ], [ -3.654089643327201, 47.980640047270171 ], [ -3.653963819680387, 47.980576450131707 ], [ -3.653865485944971, 47.980333225059411 ], [ -3.654712102164103, 47.98018299790624 ], [ -3.654868732091747, 47.980164928635944 ], [ -3.654932918405818, 47.980153778342455 ], [ -3.65496997543422, 47.980107931463138 ], [ -3.655044983696745, 47.979872703633788 ], [ -3.654789921476923, 47.980025346239401 ], [ -3.653731041161292, 47.979854583622981 ], [ -3.652864351756118, 47.979626306062571 ], [ -3.653040647295727, 47.978923958252992 ], [ -3.654315135187878, 47.978779526529635 ], [ -3.65508001390622, 47.978994769457742 ], [ -3.655248649154504, 47.978311266997821 ], [ -3.654503091461674, 47.977369760643214 ], [ -3.653518442499414, 47.978093628142318 ], [ -3.652899614075193, 47.978640368171867 ], [ -3.651832740090606, 47.978430217430557 ], [ -3.651906606964419, 47.977817015768451 ], [ -3.651888163648885, 47.977224216291262 ], [ -3.652812651138339, 47.976999538631631 ], [ -3.654196121517455, 47.976997581750112 ], [ -3.653607400801243, 47.975913453091735 ], [ -3.652736990833847, 47.975633165717468 ], [ -3.65237616276722, 47.976169647283584 ], [ -3.651432767414762, 47.976836555598936 ], [ -3.651321880962122, 47.977000450487765 ], [ -3.650658011261786, 47.977637913981496 ], [ -3.650465190717341, 47.977899934584542 ], [ -3.650512749407741, 47.978456537589494 ], [ -3.651434255372706, 47.978551236992217 ], [ -3.65170227152537, 47.978611346586646 ], [ -3.652591520012938, 47.978963248126647 ], [ -3.652354467000037, 47.979515948669544 ], [ -3.652565294284275, 47.97968815161839 ], [ -3.65177790881682, 47.980063208986351 ], [ -3.651407365555912, 47.980656797464448 ], [ -3.651400726822344, 47.980665552909855 ], [ -3.651550006514422, 47.981271799891545 ], [ -3.651447994007399, 47.981349462663772 ], [ -3.651383538674324, 47.981350801460877 ], [ -3.650557510686128, 47.98126885497301 ], [ -3.650456592744164, 47.981316970408727 ], [ -3.649707815510215, 47.981654936629894 ], [ -3.649589385950204, 47.981647401058765 ], [ -3.649437385198477, 47.981659735137043 ], [ -3.649052645375653, 47.981375643097564 ], [ -3.649479019581053, 47.980996721620826 ], [ -3.64951203906414, 47.980974696207525 ], [ -3.649834903213394, 47.980594506393828 ], [ -3.650469258749694, 47.980276966710221 ], [ -3.650932220077867, 47.980460864713208 ], [ -3.650506938537933, 47.980248444917351 ], [ -3.65082071187549, 47.979670442510852 ], [ -3.651209961139339, 47.979321735559253 ], [ -3.650364945299339, 47.978900835331743 ], [ -3.649697040242674, 47.979254943650048 ], [ -3.649873360475256, 47.979676500010257 ], [ -3.650400060900711, 47.980235927813027 ], [ -3.649551970239364, 47.980255423697869 ], [ -3.649468711888681, 47.980491406731062 ], [ -3.649423320902289, 47.980932200997799 ], [ -3.648753317693969, 47.980865721232334 ], [ -3.648111387846462, 47.980723342150768 ], [ -3.648420150735667, 47.980263824531704 ], [ -3.648822313288182, 47.979890710314365 ], [ -3.648106535378257, 47.979475403190889 ], [ -3.647176451842852, 47.979373471253993 ], [ -3.647163697994241, 47.978764236226411 ], [ -3.646836388545187, 47.978294207079955 ], [ -3.646003648617504, 47.977781452563946 ], [ -3.645107159433318, 47.977574460131848 ], [ -3.644800742159096, 47.977494434952646 ], [ -3.64399369037374, 47.976834488336436 ], [ -3.643805875339736, 47.976179217903578 ], [ -3.643726994096551, 47.975906035803391 ], [ -3.643406228611952, 47.975566505571081 ], [ -3.64296314082236, 47.975766447879707 ], [ -3.642908573646887, 47.976079594241966 ], [ -3.642663006254447, 47.976503270813794 ], [ -3.64207899846178, 47.976451328141692 ], [ -3.641207229554956, 47.976497129513092 ], [ -3.640932136747892, 47.976457854025853 ], [ -3.640325317391583, 47.976968633156346 ], [ -3.640433313514275, 47.977290649630092 ], [ -3.640399037677513, 47.977686159281802 ], [ -3.640409266592174, 47.978005484115556 ], [ -3.640479015851091, 47.978439198898215 ], [ -3.641012335572616, 47.978377237093099 ], [ -3.641831758269598, 47.978330252442376 ], [ -3.642039010471519, 47.9783432186928 ], [ -3.642472219482069, 47.978222596361761 ], [ -3.642777228685397, 47.977949616451582 ], [ -3.642906919511232, 47.977636876111077 ], [ -3.643508789007484, 47.977208108245193 ], [ -3.644711529022717, 47.977652471178416 ], [ -3.64419080955765, 47.97814044429083 ], [ -3.643666377227712, 47.978235222476272 ], [ -3.64300518182321, 47.978306165305369 ], [ -3.642975371896294, 47.978734702102386 ], [ -3.643415209318612, 47.979047621245783 ], [ -3.644041006583879, 47.979164880469114 ], [ -3.643491385398178, 47.979410681159294 ], [ -3.643088489625979, 47.979701039588164 ], [ -3.642983103200077, 47.979342460235486 ], [ -3.642280970036773, 47.97907049091566 ], [ -3.641665001656544, 47.979198545230005 ], [ -3.641176170235606, 47.979218641241673 ], [ -3.640420937799658, 47.979271177181388 ], [ -3.640349264321638, 47.979279876918071 ], [ -3.640286789964905, 47.979244941530112 ], [ -3.639901931982061, 47.978744197496141 ], [ -3.639696414427145, 47.978701541491446 ], [ -3.639686603754601, 47.978472921360094 ], [ -3.639796746325021, 47.977922025586679 ], [ -3.639895420434297, 47.9777644843399 ], [ -3.639929214871816, 47.97702532935152 ], [ -3.639510755800718, 47.976766291048378 ], [ -3.639259814988904, 47.976518978691004 ], [ -3.63899410897407, 47.976549899333534 ], [ -3.638402036686098, 47.976680864518258 ], [ -3.638143808964639, 47.976816263069708 ], [ -3.637543847967346, 47.97681975777536 ], [ -3.637137789640227, 47.977194915594183 ], [ -3.636914614841403, 47.97723663002489 ], [ -3.636873257554977, 47.977228154443395 ], [ -3.636030775419447, 47.977402893794689 ], [ -3.635799301045493, 47.977379178392951 ], [ -3.634908432406533, 47.977208402938501 ], [ -3.634974162325438, 47.977054044444429 ], [ -3.634824037992336, 47.977168743551701 ], [ -3.634824026593126, 47.977169049734513 ], [ -3.634094618930893, 47.976901413256016 ], [ -3.634092754619087, 47.976900610451906 ], [ -3.634037314550098, 47.976507314703923 ], [ -3.634036797630134, 47.976504240427687 ], [ -3.634036206599811, 47.976503156338921 ], [ -3.633944623693533, 47.976351362703056 ], [ -3.633945362946187, 47.976348466417221 ], [ -3.634024519463324, 47.97593530559439 ], [ -3.63403024916061, 47.975934039816238 ], [ -3.634651577112672, 47.975763526441682 ], [ -3.634539945761255, 47.975013996241003 ], [ -3.634543839617993, 47.975011162192075 ], [ -3.634567067298923, 47.974929962866298 ], [ -3.634527106703358, 47.97500271227095 ], [ -3.634533113869869, 47.975010950583879 ], [ -3.633397835036262, 47.975317171229889 ], [ -3.633463735562339, 47.975666857184081 ], [ -3.632954463511867, 47.975778449985995 ], [ -3.632364507938287, 47.976225343969944 ], [ -3.632324270006913, 47.976271583235516 ], [ -3.632281036293753, 47.976364337333294 ], [ -3.63192278479746, 47.976574354677879 ], [ -3.63139402307382, 47.976378537912154 ], [ -3.631302444383377, 47.976226742973765 ], [ -3.631293847547931, 47.976203286225044 ], [ -3.630832629921918, 47.975669148531651 ], [ -3.630145821031304, 47.975648229711766 ], [ -3.630236100723263, 47.974920149702371 ], [ -3.63030815353987, 47.97486733873761 ], [ -3.630246294828653, 47.974748303142633 ], [ -3.630120348441061, 47.974824102532793 ], [ -3.630113280822925, 47.974878197088785 ], [ -3.629425179170141, 47.975383198893496 ], [ -3.62847752533159, 47.97536447400995 ], [ -3.628409096767256, 47.975353929491462 ], [ -3.628390288834506, 47.975350340522823 ], [ -3.62738425745999, 47.975187057430929 ], [ -3.626710773163524, 47.975367545980845 ], [ -3.62661203774391, 47.974832443994472 ], [ -3.626554026216074, 47.974711951101966 ], [ -3.62637948388527, 47.974668666883915 ], [ -3.626349145501318, 47.974804878126818 ], [ -3.626221774999665, 47.975392501285029 ], [ -3.625514105588195, 47.975067808734266 ], [ -3.625295245337761, 47.975078494003583 ], [ -3.624953891779092, 47.974818648997569 ], [ -3.625118903667534, 47.974170030081467 ], [ -3.625249858106542, 47.974078553113728 ], [ -3.625133861358762, 47.973955380801897 ], [ -3.624846358206899, 47.973826058129859 ], [ -3.624881572791646, 47.974066672122476 ], [ -3.624273104342761, 47.97433224031748 ], [ -3.624038307757234, 47.974127203946225 ], [ -3.624038958754424, 47.974059041052115 ], [ -3.6239989658991, 47.973980268917714 ], [ -3.624369495821019, 47.973390870573681 ], [ -3.6235057449988, 47.973087135153705 ], [ -3.623498890717094, 47.973084701453999 ], [ -3.623448938578879, 47.972883781799581 ], [ -3.623448364839203, 47.972882238406243 ], [ -3.62344775107945, 47.972881766648456 ], [ -3.623409259443228, 47.972830447617511 ], [ -3.623408691421704, 47.972828751133321 ], [ -3.623327261018393, 47.972659228129544 ], [ -3.623329887569357, 47.972656522438953 ], [ -3.623647862433768, 47.972257131036031 ], [ -3.623652261633877, 47.972257677701393 ], [ -3.624098559562582, 47.97231063145388 ], [ -3.624540918396008, 47.972063226640984 ], [ -3.624942024980978, 47.972024434428377 ], [ -3.625307376213272, 47.97157342872255 ], [ -3.625561402016476, 47.971466154731615 ], [ -3.626563313180678, 47.971434185276806 ], [ -3.627053908651485, 47.971298188386299 ], [ -3.62703341738165, 47.970832044019517 ], [ -3.626336857671613, 47.970498075663485 ], [ -3.626133362300972, 47.970164970064232 ], [ -3.625555099404069, 47.969486638174146 ], [ -3.625338053262005, 47.969296815532033 ], [ -3.624865490517148, 47.968188844518238 ], [ -3.624813734342407, 47.968137723061091 ], [ -3.624166785042617, 47.9679130427416 ], [ -3.623355410009953, 47.967645119899842 ], [ -3.622793470208511, 47.96889716177256 ], [ -3.622164783536629, 47.969332837475562 ], [ -3.621969343667054, 47.970018231965398 ], [ -3.621247409977811, 47.970262545696158 ], [ -3.620772332363722, 47.970963084329583 ], [ -3.620765300940337, 47.970965396338642 ], [ -3.620762760182532, 47.970965805632005 ], [ -3.620751966252572, 47.970967430310679 ], [ -3.620691873317686, 47.970936671840036 ], [ -3.619857089860412, 47.970416249591963 ], [ -3.619508120203179, 47.970208945683183 ], [ -3.619460183585267, 47.97049479366531 ], [ -3.619460149245734, 47.970495712208375 ], [ -3.619459484010869, 47.97049661825244 ], [ -3.619391197664816, 47.970634374523712 ], [ -3.619063443202518, 47.971109247543197 ], [ -3.618794244650761, 47.971267535381401 ], [ -3.61856037158921, 47.97112271939379 ], [ -3.617734165424448, 47.971234117288788 ], [ -3.61772400804049, 47.971235601204995 ], [ -3.61772079055491, 47.971237222675683 ], [ -3.617149074787471, 47.971532910753325 ], [ -3.617147835891782, 47.971532273377377 ], [ -3.616616024442559, 47.97114944420467 ], [ -3.61661481419392, 47.971148041372928 ], [ -3.616514243392174, 47.971034821215838 ], [ -3.616369950864298, 47.971145177986003 ], [ -3.61644098960785, 47.971254595389638 ], [ -3.616678770383297, 47.971716777195198 ], [ -3.616107840379715, 47.971890067732858 ], [ -3.615297310072056, 47.972274009531219 ], [ -3.615490906016774, 47.97167299932174 ], [ -3.615280481687998, 47.971323503858869 ], [ -3.614559962235146, 47.971208862924072 ], [ -3.614321493323833, 47.971186973161878 ], [ -3.613556663468655, 47.971345224957318 ], [ -3.613227809774348, 47.971342835593759 ], [ -3.612588627892562, 47.971332294649443 ], [ -3.611567522307433, 47.971421412032129 ], [ -3.611448890326879, 47.97133540715727 ], [ -3.611041054246858, 47.971267253132567 ], [ -3.61028185650529, 47.971022369789878 ], [ -3.60983009047501, 47.971486184907889 ], [ -3.609609108881834, 47.97175572453348 ], [ -3.609043556107431, 47.971768388980365 ], [ -3.609093217932751, 47.972262540344701 ], [ -3.609574037373445, 47.972506035373925 ], [ -3.609594077134781, 47.972779903210537 ], [ -3.609561986134695, 47.972810672624732 ], [ -3.608793667376058, 47.973111928801103 ], [ -3.608787300866714, 47.973113334349492 ], [ -3.608771407553082, 47.9731162358581 ], [ -3.607671056413059, 47.972741999517169 ], [ -3.607592162046624, 47.972791754949284 ], [ -3.606743515848096, 47.972995653365459 ], [ -3.606801980018895, 47.973305369413296 ], [ -3.606433888507093, 47.973624989906241 ], [ -3.606031016393241, 47.974198390943442 ], [ -3.606029184877966, 47.974230374278292 ], [ -3.605858860947385, 47.974596516968063 ], [ -3.605576163515552, 47.974306088128799 ], [ -3.605108665863102, 47.974279631917895 ], [ -3.604925235320869, 47.974355650033232 ], [ -3.604949243404631, 47.974540279477409 ], [ -3.605448603918657, 47.975013195139169 ], [ -3.604621385396651, 47.975217510587356 ], [ -3.604276545904697, 47.975808762153534 ], [ -3.604225705061133, 47.975952069622721 ], [ -3.604037402763476, 47.976006388203913 ], [ -3.603092032262329, 47.976229335604486 ], [ -3.603147084227491, 47.976881857879718 ], [ -3.602956511517343, 47.976962941093873 ], [ -3.602957050460954, 47.976965403095988 ], [ -3.602949237764145, 47.976971682227713 ], [ -3.602722309972384, 47.977129716603457 ], [ -3.602651591131303, 47.976843961030966 ], [ -3.602821880688284, 47.976210171179318 ], [ -3.60226631750756, 47.975670404562749 ], [ -3.601767312066613, 47.975490874110292 ], [ -3.601463452408068, 47.975158958530429 ], [ -3.601295451196951, 47.974488100787127 ], [ -3.601676296115194, 47.973661483240832 ], [ -3.601712297256408, 47.973560318832142 ], [ -3.601621511852044, 47.972750050725764 ], [ -3.601694154771465, 47.972614685174463 ], [ -3.601978180440686, 47.972533165784029 ], [ -3.602175105378575, 47.972753410514386 ], [ -3.60197650858831, 47.97348529911693 ], [ -3.602069329794164, 47.973636368087 ], [ -3.602752504618061, 47.974039411755541 ], [ -3.60317127571228, 47.974337761822923 ], [ -3.603343654345533, 47.97386671718148 ], [ -3.603276832099902, 47.973695790014631 ], [ -3.60328165864209, 47.972928331097037 ], [ -3.604049576234265, 47.9722345796566 ], [ -3.604281869174286, 47.972168726865505 ], [ -3.605154072712203, 47.971909082377024 ], [ -3.60607494962254, 47.971630944755248 ], [ -3.606259980602703, 47.97154576526323 ], [ -3.606497970075159, 47.971614076851466 ], [ -3.606812549668831, 47.971946503049324 ], [ -3.607042202664129, 47.972102434304972 ], [ -3.607343316443074, 47.972356304471276 ], [ -3.607142248866908, 47.97206106621401 ], [ -3.60768790523104, 47.97153523715852 ], [ -3.608203457353817, 47.971458463085881 ], [ -3.608832588186469, 47.97097933184169 ], [ -3.609015535283408, 47.970831754150851 ], [ -3.60944540019549, 47.970800614367718 ], [ -3.609125669292014, 47.970521252440605 ], [ -3.609141672483386, 47.969808098439827 ], [ -3.609496351714198, 47.969357217541443 ], [ -3.609810369935741, 47.968913035419178 ], [ -3.609943407309484, 47.968210326521088 ], [ -3.609573308354368, 47.967775841775094 ], [ -3.61003873598218, 47.967031323601148 ], [ -3.608955303097921, 47.966897960918999 ], [ -3.608709393139363, 47.966216066340536 ], [ -3.609019451687971, 47.965203727545301 ], [ -3.60858678172931, 47.9649398925566 ], [ -3.607532813244954, 47.96437507168902 ], [ -3.607113874022482, 47.963762201326048 ], [ -3.606224207942115, 47.962941265013228 ], [ -3.605036454869139, 47.963570291470646 ], [ -3.60473343145572, 47.963940072961918 ], [ -3.604002477960393, 47.963751950811783 ], [ -3.603993885237311, 47.963190440666779 ], [ -3.604043254736435, 47.962127575283503 ], [ -3.603028649421585, 47.96130612902931 ], [ -3.601719102960549, 47.961547248743003 ], [ -3.601351219640982, 47.962383005115868 ], [ -3.600785894024762, 47.963046304969311 ], [ -3.600511539522107, 47.963543197184009 ], [ -3.600191650872786, 47.964243709694856 ], [ -3.60119046222946, 47.964107792033005 ], [ -3.602696770005915, 47.964579313256692 ], [ -3.602525716694417, 47.965553350586504 ], [ -3.601999706388663, 47.966682412470732 ], [ -3.601806714735122, 47.966710743372985 ], [ -3.600137951322854, 47.966983003360298 ], [ -3.599284749258613, 47.967342584351371 ], [ -3.598332376190211, 47.967804058028179 ], [ -3.597567115597548, 47.968208740685114 ], [ -3.596556280444219, 47.968948332310475 ], [ -3.596264336088751, 47.969274046470204 ], [ -3.596228448671386, 47.969573458675711 ], [ -3.595194019033331, 47.970436056278061 ], [ -3.59469315292992, 47.970927658886254 ], [ -3.593702216361959, 47.971321850463568 ], [ -3.592592094304097, 47.97151081524018 ], [ -3.591251638785358, 47.970456361029633 ], [ -3.591303778110885, 47.970379573934281 ], [ -3.591183657295774, 47.970400616106701 ], [ -3.591181451878625, 47.970442396979024 ], [ -3.591161068183939, 47.970497450149438 ], [ -3.590802416475955, 47.971704897214792 ], [ -3.590119787478394, 47.971724664783039 ], [ -3.589677515062372, 47.972788266478787 ], [ -3.589312746916623, 47.97373851210908 ], [ -3.589081044109883, 47.973821823551589 ], [ -3.587855571956668, 47.974121828359003 ], [ -3.587016695554779, 47.974768289024937 ], [ -3.58654238185301, 47.975207086951954 ], [ -3.585513882565708, 47.975122179118443 ], [ -3.584761118347044, 47.974674168233321 ], [ -3.583871575136184, 47.975123345980947 ], [ -3.58441469177706, 47.976090517066311 ], [ -3.585088430390324, 47.975554290239913 ], [ -3.586466243400333, 47.975819458434856 ], [ -3.586050024260385, 47.976458736820859 ], [ -3.585567850368985, 47.976536577058155 ], [ -3.584122434906487, 47.976573396717825 ], [ -3.584959052719751, 47.977644028742276 ], [ -3.584970688086538, 47.977653606948024 ], [ -3.584990776430694, 47.977690165138753 ], [ -3.58494213531357, 47.977674025117338 ], [ -3.584082333730343, 47.978187686414884 ], [ -3.583454284420784, 47.978432968106375 ], [ -3.582825672131798, 47.978592747780127 ], [ -3.582261090004243, 47.979163631712993 ], [ -3.583265038875429, 47.979347955908182 ], [ -3.584409820693276, 47.979448070502684 ], [ -3.584375693727992, 47.980201619104065 ], [ -3.58442206499877, 47.980277923681072 ], [ -3.584121657183, 47.980859305865721 ], [ -3.583436391061598, 47.981164572785431 ], [ -3.583219007481093, 47.9812025087314 ], [ -3.583206290016493, 47.981204858803622 ], [ -3.582265196899158, 47.980994215316514 ], [ -3.582262684630327, 47.980993858631692 ], [ -3.582048524182505, 47.980862871767016 ], [ -3.581360017935899, 47.980367872642702 ], [ -3.581357551954083, 47.980366291225963 ], [ -3.581357771725328, 47.980360473807494 ], [ -3.581342645213203, 47.979808170875529 ], [ -3.580930179033583, 47.979461023357757 ], [ -3.58005124231212, 47.97900970081281 ], [ -3.579533180620093, 47.978750214225371 ], [ -3.580045249172134, 47.978616914691955 ], [ -3.580902970358852, 47.977958450672986 ], [ -3.580366805151943, 47.976674271754078 ], [ -3.578680643191823, 47.976832623050086 ], [ -3.579372603648894, 47.975731759289332 ], [ -3.580586715133182, 47.97618489341356 ], [ -3.581034841328604, 47.976389967881559 ], [ -3.581746521587184, 47.976989458333406 ], [ -3.582072977899664, 47.977373490318783 ], [ -3.582356900749516, 47.97729552201335 ], [ -3.582429322268576, 47.977233697384904 ], [ -3.582928707421038, 47.976967766853676 ], [ -3.583499547590465, 47.976397926165717 ], [ -3.582885430688876, 47.975254524190447 ], [ -3.582660016662127, 47.974970414016212 ], [ -3.581440360394708, 47.974029070485031 ], [ -3.580116142280005, 47.97395062228729 ], [ -3.579903367878262, 47.972664033066465 ], [ -3.57988459055725, 47.972626274952972 ], [ -3.578001331119775, 47.972822649546757 ], [ -3.577013693611033, 47.971691507250227 ], [ -3.576566092801368, 47.970521852986295 ], [ -3.575875207032973, 47.971427541667893 ], [ -3.575512115159347, 47.971962915512748 ], [ -3.576103574389421, 47.972834561586282 ], [ -3.576497439712746, 47.973121443670749 ], [ -3.576079395206738, 47.973223371845563 ], [ -3.575838951560925, 47.973153592608682 ], [ -3.574529420991481, 47.972804224833325 ], [ -3.573438437904449, 47.972519441714255 ], [ -3.572826185715459, 47.971413884452843 ], [ -3.57245565441665, 47.972595477272748 ], [ -3.571313351898298, 47.97321570927997 ], [ -3.570970061533004, 47.973394197199411 ], [ -3.570825700964458, 47.973838200059674 ], [ -3.57082670752326, 47.973378297002057 ], [ -3.569160762126433, 47.972737692331378 ], [ -3.568806614402795, 47.972636204705466 ], [ -3.567474268816863, 47.971873592115614 ], [ -3.566707441636641, 47.972731454871536 ], [ -3.56656938702661, 47.973291711320854 ], [ -3.56729971184284, 47.973663050648469 ], [ -3.568157611800348, 47.974283457960723 ], [ -3.568904385064234, 47.974754245375635 ], [ -3.570576556764717, 47.97486473223546 ], [ -3.569918457358081, 47.97596930850905 ], [ -3.56883587186538, 47.976445180653798 ], [ -3.567771567687072, 47.975872413285742 ], [ -3.566903021832626, 47.975415873528533 ], [ -3.566365387663446, 47.974708288513654 ], [ -3.565452425164186, 47.974008324284924 ], [ -3.564283985627396, 47.973768350860951 ], [ -3.563816101164135, 47.97283740811325 ], [ -3.563124613031988, 47.973472632209592 ], [ -3.562644364363275, 47.973798951222918 ], [ -3.563004717187015, 47.974335680335628 ], [ -3.563082787817213, 47.975472506904296 ], [ -3.563668211493886, 47.976118248825159 ], [ -3.564220754985784, 47.976998345760862 ], [ -3.564261536491997, 47.977554231419276 ], [ -3.564392236490443, 47.978602491359979 ], [ -3.5638009329633, 47.979042711627599 ], [ -3.56411807660957, 47.979703739711766 ], [ -3.564826446435456, 47.980138840949593 ], [ -3.565121532609124, 47.981381454579846 ], [ -3.565078685349841, 47.981728524707592 ], [ -3.565660450938655, 47.983270904363209 ], [ -3.563717882899847, 47.98327673670245 ], [ -3.563222845848636, 47.983858310542203 ], [ -3.561822452657513, 47.984568593778533 ], [ -3.561504332244763, 47.98464814144873 ], [ -3.561549938357994, 47.984877183841988 ], [ -3.561796292557397, 47.985057868981997 ], [ -3.562371334375939, 47.986094697592648 ], [ -3.562012360878492, 47.986468347321974 ], [ -3.56182617104455, 47.987446809671511 ], [ -3.561586838479934, 47.987712863633192 ], [ -3.560591656722524, 47.988459942838361 ], [ -3.560358224462218, 47.988686893222535 ], [ -3.559683965581548, 47.989679430463795 ], [ -3.559611010377232, 47.990020532621301 ], [ -3.559225038277817, 47.990854634613939 ], [ -3.55866586522214, 47.991211225649806 ], [ -3.558722442468456, 47.99179945474468 ], [ -3.558258913238104, 47.992580209848924 ], [ -3.55885993231741, 47.993914031793508 ], [ -3.559027897073905, 47.994014240772941 ], [ -3.559754939628033, 47.995488943817548 ], [ -3.560282783014352, 47.995674837915246 ], [ -3.561814159340039, 47.996142754669094 ], [ -3.56182164475535, 47.996145203378134 ], [ -3.561848090845979, 47.996147267516989 ], [ -3.562502069327061, 47.996204853741673 ], [ -3.563758918979932, 47.996318838314878 ], [ -3.56500696136614, 47.99646527038999 ], [ -3.565574993249874, 47.996291460307233 ], [ -3.566138133555425, 47.996712607128714 ], [ -3.566792147439129, 47.996919249405892 ], [ -3.566644877588086, 47.997671602286815 ], [ -3.56615087582585, 47.998424188816941 ], [ -3.5660056031868, 47.998557777269838 ], [ -3.565630624673388, 47.998836432815736 ], [ -3.565771330217686, 47.999622150578048 ], [ -3.56480950994161, 47.999321529595235 ], [ -3.56402050241734, 47.999526285973943 ], [ -3.563632567184193, 47.999580381438136 ], [ -3.563620754457987, 47.999592094088499 ], [ -3.56353472972661, 47.999678764980047 ], [ -3.56351647336093, 47.99972711785648 ], [ -3.56348553232538, 47.999810146972109 ], [ -3.563148168692252, 48.000661324961825 ], [ -3.56241407535952, 48.000933058526158 ], [ -3.561569592226653, 48.000469622898805 ], [ -3.561459542541132, 48.000423897757074 ], [ -3.561394875566856, 48.000397164174473 ], [ -3.560802854033233, 47.999655676756859 ], [ -3.560708809605665, 47.999537806044714 ], [ -3.560952064875422, 47.99903635016733 ], [ -3.560612195057211, 47.998673149832058 ], [ -3.560605288195064, 47.998672091586087 ], [ -3.558755606478211, 47.998402747894573 ], [ -3.560341943796735, 47.996993152772674 ], [ -3.56035371588053, 47.996982511977379 ], [ -3.560345334812058, 47.996970393112463 ], [ -3.559473610294682, 47.995712785041292 ], [ -3.559091569652232, 47.995529058192517 ], [ -3.558462700114348, 47.994263005995847 ], [ -3.557204099737798, 47.993797338666653 ], [ -3.557138673360191, 47.99377411202768 ], [ -3.557130920424167, 47.993778705274096 ], [ -3.5571244644954, 47.993782405404176 ], [ -3.557121012377034, 47.993790149436521 ], [ -3.557120276540302, 47.993792892345496 ], [ -3.556662070086175, 47.994831599860746 ], [ -3.555476090330559, 47.995179383272813 ], [ -3.55533599612196, 47.995160013419806 ], [ -3.554453338448488, 47.995038040869559 ], [ -3.554326715198996, 47.995096158395313 ], [ -3.553941691284174, 47.995273164296918 ], [ -3.553835956999837, 47.995396356250055 ], [ -3.553532032098961, 47.995748887095218 ], [ -3.552577550502759, 47.991907264733982 ], [ -3.552522187819882, 47.991686142289453 ], [ -3.55259611213858, 47.991569050852178 ], [ -3.552543299942785, 47.991380459841039 ], [ -3.552299428514626, 47.991317015549356 ], [ -3.55224716706098, 47.991478820763106 ], [ -3.551024321233419, 47.995265186697466 ], [ -3.551575524621267, 47.991521192034824 ], [ -3.551925564498652, 47.990438490127531 ], [ -3.553555054702889, 47.990864025968662 ], [ -3.553908027896433, 47.992125911072321 ], [ -3.553415957381945, 47.99290883720208 ], [ -3.553783986373705, 47.994389194571326 ], [ -3.553933308742218, 47.994215863460511 ], [ -3.554119713216255, 47.994130148503217 ], [ -3.555418872205992, 47.99430969700137 ], [ -3.555631312839388, 47.994087384627917 ], [ -3.556002085562072, 47.993122755613399 ], [ -3.556823481626199, 47.992663290705906 ], [ -3.556706170167622, 47.991961995674416 ], [ -3.556712025354967, 47.991077495173897 ], [ -3.556892090274884, 47.990527279066043 ], [ -3.556798129704961, 47.989527548083899 ], [ -3.556912618597383, 47.989190501046608 ], [ -3.557355562337489, 47.988137240243859 ], [ -3.556044575751525, 47.987075453323925 ], [ -3.557889639776666, 47.987327575168152 ], [ -3.558853374721225, 47.987457905967688 ], [ -3.559832499898374, 47.987399331049929 ], [ -3.560133258524636, 47.987095601291259 ], [ -3.560192307384871, 47.986771378659952 ], [ -3.559741392014966, 47.98632382349237 ], [ -3.558923381064206, 47.985832105879979 ], [ -3.558940162580515, 47.985124781791015 ], [ -3.558712953499254, 47.984407335543011 ], [ -3.55792696561264, 47.984020592127578 ], [ -3.557301448322951, 47.983416000954989 ], [ -3.556159358064644, 47.982381212029111 ], [ -3.557929808194874, 47.982783199228209 ], [ -3.55955037990308, 47.982327412253341 ], [ -3.559767894130836, 47.982086967530265 ], [ -3.56112810937574, 47.981486354264064 ], [ -3.561571266551432, 47.980990610643047 ], [ -3.561948778473411, 47.980344475528454 ], [ -3.561763968475379, 47.98002331329711 ], [ -3.561367361346488, 47.978562170588262 ], [ -3.561420290396816, 47.978531828493104 ], [ -3.561397064770106, 47.97851159748167 ], [ -3.561372914414128, 47.978449216144298 ], [ -3.561277622067542, 47.978364720217897 ], [ -3.559563728317205, 47.974748106211223 ], [ -3.559571682594509, 47.974588625679559 ], [ -3.560177208376377, 47.973690773612773 ], [ -3.559443994679328, 47.972764741897592 ], [ -3.559443708172641, 47.971625803582185 ], [ -3.560255882655707, 47.971237692936285 ], [ -3.5611046165263, 47.9715990313709 ], [ -3.562244382988464, 47.972160946606223 ], [ -3.563054502940055, 47.971577291835857 ], [ -3.563281804356123, 47.970512641834034 ], [ -3.561906230447747, 47.969859426775159 ], [ -3.561398353858799, 47.9696667377913 ], [ -3.561082988061992, 47.969093223007576 ], [ -3.561747312476061, 47.967909291957028 ], [ -3.561666068786181, 47.967770997581937 ], [ -3.561134787888874, 47.966599006845428 ], [ -3.560719140070971, 47.965590974456063 ], [ -3.560610794168892, 47.965268747217422 ], [ -3.560417402856464, 47.964991535413489 ], [ -3.559582391698312, 47.963905042545932 ], [ -3.560335896224273, 47.962849309698569 ], [ -3.560676134330846, 47.96258452670962 ], [ -3.56079458457016, 47.962142003365173 ], [ -3.560248584236006, 47.961142531112642 ], [ -3.559924024896668, 47.96089500433537 ], [ -3.560058472776013, 47.959699034884935 ], [ -3.560115648436212, 47.959307368418678 ], [ -3.559761368970289, 47.959044688509024 ], [ -3.559158716278263, 47.958822507549939 ], [ -3.55828812937352, 47.959188749929865 ], [ -3.558887913976247, 47.959635934256113 ], [ -3.559392146703419, 47.961003027573852 ], [ -3.557652970772683, 47.961631985537096 ], [ -3.555369616926303, 47.961828336447269 ], [ -3.555244531885638, 47.961780772234235 ], [ -3.553729262256208, 47.960738601133272 ], [ -3.553272083341718, 47.960476130956579 ], [ -3.553366912802517, 47.960074501087973 ], [ -3.553677049272801, 47.958809306563055 ], [ -3.553901466494056, 47.958701686823517 ], [ -3.555492401809795, 47.957952881476302 ], [ -3.555480646590916, 47.95733247036712 ], [ -3.554960682315021, 47.957044685504258 ], [ -3.554095627293644, 47.957248928393085 ], [ -3.553560380438867, 47.958474344789067 ], [ -3.552505834719728, 47.957370675784261 ], [ -3.551391898475983, 47.957064766873131 ], [ -3.551131764325467, 47.956518855381205 ], [ -3.550300110479795, 47.956923381042813 ], [ -3.549158806664622, 47.956756169474033 ], [ -3.548453982557869, 47.956466164558208 ], [ -3.547687415520099, 47.956040548520292 ], [ -3.547602778652398, 47.955130791421539 ], [ -3.548076720915996, 47.953494637356613 ], [ -3.546915448373952, 47.952858813257436 ], [ -3.547158861228496, 47.95246318299499 ], [ -3.547290399911375, 47.95243114017201 ], [ -3.547400099911374, 47.952244962674001 ], [ -3.547345999911373, 47.952117492205033 ], [ -3.547196999911375, 47.952061050047746 ], [ -3.547151399911375, 47.952023180346686 ], [ -3.546971199911374, 47.951843978711977 ], [ -3.546845099911372, 47.951662602681054 ], [ -3.546769199911375, 47.951409292201049 ], [ -3.546791499911374, 47.951208346966993 ], [ -3.546880099911372, 47.951068192606066 ], [ -3.546875779151033, 47.951036449548909 ], [ -3.546933390856926, 47.951013668802233 ], [ -3.547132602793196, 47.950921175392452 ], [ -3.547520919254858, 47.950670105643795 ], [ -3.547636122479268, 47.95057897837377 ], [ -3.547635991570379, 47.950516161738094 ], [ -3.547548652226053, 47.950439326661908 ], [ -3.54748442867062, 47.95035223427675 ], [ -3.547465661695001, 47.950298080174974 ], [ -3.54748118831141, 47.950221944686206 ], [ -3.547716278523826, 47.950065829638788 ], [ -3.548252588761123, 47.949807177497192 ], [ -3.548415966616123, 47.949710741613131 ], [ -3.548389660922671, 47.94968876154735 ], [ -3.548566606626218, 47.949617265591357 ], [ -3.548912196640886, 47.949443617776211 ], [ -3.54914496203718, 47.949248999701936 ], [ -3.550097759629489, 47.948595672291987 ], [ -3.550895404548717, 47.948087816745399 ], [ -3.551205007376082, 47.947963842746148 ], [ -3.551275554636294, 47.947934625884912 ], [ -3.551357634606291, 47.947884346353504 ], [ -3.551383245099654, 47.947825113525028 ], [ -3.551467228799321, 47.947774565967961 ], [ -3.551599445270693, 47.947783516044936 ], [ -3.551728074143008, 47.947770638572067 ], [ -3.551874892663685, 47.947727640418705 ], [ -3.551973429654798, 47.947676160724029 ], [ -3.552425724151959, 47.947103417637024 ], [ -3.552843841563044, 47.946897827950849 ], [ -3.552807646726776, 47.946986415831304 ], [ -3.552619756465488, 47.947229590192535 ], [ -3.552520920235658, 47.947388460517203 ], [ -3.552521315037919, 47.947494179588261 ], [ -3.552625400112409, 47.947578857113086 ], [ -3.552774977168268, 47.947629215464545 ], [ -3.552940681010899, 47.947637308226774 ], [ -3.553121703224597, 47.947640960559511 ], [ -3.553320522769015, 47.947608202692479 ], [ -3.553732951346567, 47.94745259403102 ], [ -3.553875383212008, 47.947358948360971 ], [ -3.553990325152812, 47.94720806244959 ], [ -3.55428728379818, 47.947034649796962 ], [ -3.554407122751538, 47.9469209379034 ], [ -3.554642491685255, 47.946657423984774 ], [ -3.554915352448096, 47.946287729254479 ], [ -3.554973356969943, 47.946140137560661 ], [ -3.554919327978967, 47.946067041970082 ], [ -3.55492244337856, 47.945935349072371 ], [ -3.554924423119015, 47.945883299526287 ], [ -3.554949425367138, 47.945839987290441 ], [ -3.554989332154106, 47.945803103789203 ], [ -3.555056950168149, 47.945767851524778 ], [ -3.555132282530241, 47.945679133291833 ], [ -3.555133303359716, 47.945668889188795 ], [ -3.56471546240409, 47.936740116587572 ], [ -3.564722527533513, 47.936736888227031 ], [ -3.5648080303626, 47.936712410306058 ], [ -3.564912054854087, 47.936682176754104 ], [ -3.566870856722684, 47.935840799609736 ], [ -3.566860855048092, 47.935821601333174 ], [ -3.56732338673834, 47.935624381254087 ], [ -3.567541607642732, 47.935578516924082 ], [ -3.567677963958918, 47.93552778968369 ], [ -3.568521337676378, 47.935156981517338 ], [ -3.56850308078352, 47.935122450338341 ], [ -3.568614058729309, 47.935075195748098 ], [ -3.568646797646136, 47.935110630729369 ], [ -3.569951828577241, 47.934548549335545 ], [ -3.569962449536745, 47.934501422917805 ], [ -3.570262022295593, 47.934373847079755 ], [ -3.570400947704075, 47.934355188961248 ], [ -3.570635304316039, 47.934266441896483 ], [ -3.57154848570827, 47.933884919465541 ], [ -3.571515670801677, 47.933851475143769 ], [ -3.571692623143221, 47.933778579723068 ], [ -3.57170898895239, 47.933813072580747 ], [ -3.572326970109212, 47.933543585650625 ], [ -3.572346562816652, 47.933509508291863 ], [ -3.572933822133372, 47.933267898462759 ], [ -3.572962714379923, 47.933304940657365 ], [ -3.57375436332421, 47.932965703757247 ], [ -3.574368214348557, 47.932688314086434 ], [ -3.574342660311546, 47.932646436613766 ], [ -3.574554421862736, 47.93255416739521 ], [ -3.57458462213219, 47.93259000993605 ], [ -3.575772660317796, 47.932099079486107 ], [ -3.577242273600314, 47.931187883535614 ], [ -3.577197342612464, 47.931141021949131 ], [ -3.577339438951302, 47.93105501315695 ], [ -3.577386319743287, 47.931100381768474 ], [ -3.580430626691463, 47.929200394999853 ], [ -3.580823411395789, 47.928943375571535 ], [ -3.5811885581339, 47.928732988199286 ], [ -3.581204039882433, 47.928724106112284 ], [ -3.581547170500099, 47.928495046081096 ], [ -3.582114054225332, 47.928137312441145 ], [ -3.582225680622314, 47.928162438425574 ], [ -3.582563480622313, 47.92833470702395 ], [ -3.582926780622315, 47.928427798131906 ], [ -3.583382580622315, 47.92853190001626 ], [ -3.583527480622315, 47.928553521176866 ], [ -3.584046180622314, 47.928676041087158 ], [ -3.584498880622315, 47.928804066385815 ], [ -3.584803180622314, 47.928778541404441 ], [ -3.588952080622315, 47.928359631417379 ], [ -3.591653855476548, 47.928074349559793 ], [ -3.591887499911374, 47.927983915123619 ], [ -3.592301099911372, 47.927739835176226 ], [ -3.592667899911373, 47.927553468195335 ], [ -3.592809299911374, 47.927481621306569 ], [ -3.593840299911373, 47.926396306328336 ], [ -3.594510699911374, 47.925856955003461 ], [ -3.594648299911376, 47.925634527922774 ], [ -3.594960299911373, 47.925406392844806 ], [ -3.595150599911373, 47.924748352179954 ], [ -3.595123199911375, 47.924501280948213 ], [ -3.595014899911374, 47.923525044990818 ], [ -3.595130299911375, 47.923124402693105 ], [ -3.595108799911373, 47.923043585622871 ], [ -3.595270099911375, 47.922770329612128 ], [ -3.595489699911373, 47.922596192256584 ], [ -3.595472899911373, 47.922518274379499 ], [ -3.595828826791001, 47.921977713182365 ], [ -3.598375253955069, 47.920739617424871 ], [ -3.59964140371347, 47.921454566776319 ], [ -3.600212006913198, 47.92034220586919 ], [ -3.600239857166897, 47.919247985034559 ], [ -3.600118794342826, 47.918523076134392 ], [ -3.604545779302619, 47.914764057502552 ], [ -3.605285158053727, 47.909923386911998 ], [ -3.605643028103124, 47.909617673091816 ], [ -3.605365716573953, 47.911560711194781 ], [ -3.606400447911107, 47.910401808770914 ], [ -3.608017879527865, 47.909705205058216 ], [ -3.608949163568297, 47.908779855035704 ], [ -3.609770419301684, 47.907641510751617 ], [ -3.610820667690572, 47.906285773637258 ], [ -3.610859699911373, 47.90627813799486 ] ], [ [ -3.63651140589206, 47.924410879445944 ], [ -3.63831417352074, 47.925587012434193 ], [ -3.640133959581404, 47.925796768514857 ], [ -3.640973542035604, 47.924566722482226 ], [ -3.639973257344951, 47.923888708811418 ], [ -3.63859266158612, 47.923714573863862 ], [ -3.63651140589206, 47.924410879445944 ] ], [ [ -3.634338238162603, 47.928610424631472 ], [ -3.632504944328158, 47.928152159956994 ], [ -3.631517790368278, 47.929189287902872 ], [ -3.630788515942571, 47.929724105366688 ], [ -3.63077695237023, 47.930576593253221 ], [ -3.630780594064505, 47.931376680728576 ], [ -3.630830706204314, 47.931928888110363 ], [ -3.63114811976061, 47.93321745209991 ], [ -3.63257876276254, 47.9321356148305 ], [ -3.633469709067119, 47.931682880054112 ], [ -3.634457942591376, 47.931176449576739 ], [ -3.63528669038349, 47.930461271482045 ], [ -3.636004585906933, 47.929892507785723 ], [ -3.635204305397499, 47.929096618499685 ], [ -3.634338238162603, 47.928610424631472 ] ], [ [ -3.629785782391095, 47.964000100291926 ], [ -3.629734897414355, 47.9640102787871 ], [ -3.629734806612018, 47.964046586142288 ], [ -3.629136022757077, 47.965358277551374 ], [ -3.629170613977616, 47.965598877400254 ], [ -3.629443262814612, 47.965922927541612 ], [ -3.630364522248085, 47.965902060988071 ], [ -3.630982075949119, 47.96500116756232 ], [ -3.63030931656701, 47.964368172315204 ], [ -3.629864773618119, 47.964014989569819 ], [ -3.629785782391095, 47.964000100291926 ] ], [ [ -3.654098010425543, 47.972059759464869 ], [ -3.653590185777111, 47.972934693814537 ], [ -3.653230972929735, 47.973445010133133 ], [ -3.653458221522883, 47.973940639418402 ], [ -3.654099103119972, 47.974144414084265 ], [ -3.654634972370414, 47.973756907259315 ], [ -3.655601125632966, 47.973343675352069 ], [ -3.65633949599858, 47.972806932994729 ], [ -3.655985275738967, 47.972073957425735 ], [ -3.655085101750859, 47.971182890262057 ], [ -3.654098010425543, 47.972059759464869 ] ], [ [ -3.623550734168241, 47.972846116439598 ], [ -3.623558051510024, 47.972836149783234 ], [ -3.623541710712785, 47.972834141172527 ], [ -3.623538407515884, 47.972838059107474 ], [ -3.623539606450672, 47.972839768076369 ], [ -3.623539583582632, 47.972840380439521 ], [ -3.623540145889483, 47.972842230014109 ], [ -3.623550734168241, 47.972846116439598 ] ], [ [ -3.628363858223135, 47.97517868940291 ], [ -3.628334992246983, 47.974615247784328 ], [ -3.628329673584893, 47.974503916652296 ], [ -3.628141002242392, 47.974416232164245 ], [ -3.627997294565693, 47.974511135982993 ], [ -3.628022556766516, 47.974663307134861 ], [ -3.628363858223135, 47.97517868940291 ] ], [ [ -3.646371022543489, 47.974721850667862 ], [ -3.64605603139736, 47.974719945817597 ], [ -3.645884261271257, 47.974788879582945 ], [ -3.6459322761117, 47.974941188832119 ], [ -3.645599474288964, 47.975963404130695 ], [ -3.645539039292048, 47.976417842521755 ], [ -3.64611451178488, 47.976903938210953 ], [ -3.646612149781043, 47.976459016167539 ], [ -3.646769168137711, 47.97593692226468 ], [ -3.646290938870367, 47.974974286965292 ], [ -3.646371022543489, 47.974721850667862 ] ], [ [ -3.631426006058935, 47.976096355042216 ], [ -3.632141024667947, 47.975970290628283 ], [ -3.632324438021031, 47.975572210977404 ], [ -3.632434516930531, 47.975244382985238 ], [ -3.63168511982856, 47.975124030668837 ], [ -3.631488812302172, 47.975529208828661 ], [ -3.631426006058935, 47.976096355042216 ] ], [ [ -3.634278054315118, 47.976451702376437 ], [ -3.634278537039875, 47.976455695200059 ], [ -3.634285386125442, 47.97645828159439 ], [ -3.634292537332378, 47.97645275414672 ], [ -3.634292947760832, 47.976441731569196 ], [ -3.634277634295008, 47.976446025547929 ], [ -3.634276849448087, 47.976450146565995 ], [ -3.634278054315118, 47.976451702376437 ] ], [ [ -3.66256226006808, 47.981130739528624 ], [ -3.662746002164936, 47.981438444830786 ], [ -3.663013491944796, 47.981188444097583 ], [ -3.663267246094937, 47.980934190910901 ], [ -3.662960441877332, 47.980744341967736 ], [ -3.662640850009967, 47.980900634676601 ], [ -3.66256226006808, 47.981130739528624 ] ], [ [ -3.671643019823776, 47.9818953542309 ], [ -3.670912197527676, 47.982159299075306 ], [ -3.671263344006325, 47.982602785551208 ], [ -3.671406305329028, 47.982424491283027 ], [ -3.672265549428535, 47.982496727895295 ], [ -3.672266805746031, 47.98249690562551 ], [ -3.672274715977778, 47.982487867874696 ], [ -3.672316109280582, 47.982444093907816 ], [ -3.671981512216255, 47.981859832689139 ], [ -3.671643019823776, 47.9818953542309 ] ], [ [ -3.665860637416686, 47.982521405760593 ], [ -3.665733105906482, 47.982572226212156 ], [ -3.665866790411758, 47.982611303201907 ], [ -3.666371255626486, 47.982800876114155 ], [ -3.665920103731881, 47.982552596616557 ], [ -3.665860637416686, 47.982521405760593 ] ], [ [ -3.661888225748356, 47.982864674233454 ], [ -3.661984533455322, 47.982838676825708 ], [ -3.662116218468404, 47.982572995903666 ], [ -3.661822395942371, 47.982715237650069 ], [ -3.661800934873963, 47.982800458140062 ], [ -3.661888225748356, 47.982864674233454 ] ], [ [ -3.672166094698265, 47.982985189215441 ], [ -3.672157914491255, 47.982984416696397 ], [ -3.672155272088993, 47.982987582371933 ], [ -3.672162544879339, 47.982995844126066 ], [ -3.673119658336385, 47.983222577651986 ], [ -3.673135331421254, 47.983225641218866 ], [ -3.673150441202682, 47.983226855352882 ], [ -3.673178830542378, 47.983210403918051 ], [ -3.673072622896952, 47.983059570752545 ], [ -3.672273880182865, 47.982870399592372 ], [ -3.672166094698265, 47.982985189215441 ] ], [ [ -3.666684855507009, 47.983576854674794 ], [ -3.666698394534356, 47.983620629138244 ], [ -3.666977039161338, 47.983821105062646 ], [ -3.666863234160933, 47.983568392592858 ], [ -3.666746412047843, 47.983243462337143 ], [ -3.666684855507009, 47.983576854674794 ] ], [ [ -3.675692069708931, 47.984819506766414 ], [ -3.675689720200095, 47.984831870391858 ], [ -3.675706830331504, 47.984830212468367 ], [ -3.675715292524068, 47.984823330172503 ], [ -3.675708233468665, 47.984809251011697 ], [ -3.675692069708931, 47.984819506766414 ] ], [ [ -3.6684464296544, 47.98498445153075 ], [ -3.667796049907956, 47.98489850861462 ], [ -3.667442811737882, 47.984717258178989 ], [ -3.666933738317058, 47.984464018792082 ], [ -3.666631250894401, 47.984618661539713 ], [ -3.666448621047566, 47.984690926113075 ], [ -3.666274912956791, 47.985188657587855 ], [ -3.665513630523545, 47.985387181490239 ], [ -3.665365646238078, 47.985512977883474 ], [ -3.665429212629674, 47.98556998728138 ], [ -3.665431037798385, 47.985571861422315 ], [ -3.666016077686235, 47.985905490452197 ], [ -3.666022628753674, 47.985916189605277 ], [ -3.667022054587484, 47.985886553634387 ], [ -3.666902200222434, 47.986567650932514 ], [ -3.666917771949725, 47.986573470705522 ], [ -3.666921524080352, 47.986574463285308 ], [ -3.666931625810871, 47.986574507583214 ], [ -3.666973567713131, 47.98655020222445 ], [ -3.667088669471321, 47.985895209764621 ], [ -3.66810209921933, 47.985759824998254 ], [ -3.668137695022594, 47.985753473360177 ], [ -3.668307036099811, 47.985733342909256 ], [ -3.668614309627481, 47.985294905057671 ], [ -3.668522728094281, 47.985192767131338 ], [ -3.6684464296544, 47.98498445153075 ] ], [ [ -3.594257031486895, 47.938938305550622 ], [ -3.594218758872365, 47.938848377908613 ], [ -3.593925466954028, 47.938742483835981 ], [ -3.594130366763803, 47.93893302034634 ], [ -3.594174641163995, 47.938997636136691 ], [ -3.594257031486895, 47.938938305550622 ] ], [ [ -3.588888962146795, 47.939877026717838 ], [ -3.589040598326697, 47.939755656125058 ], [ -3.589275808676299, 47.939526874938153 ], [ -3.588890759442139, 47.939594862975355 ], [ -3.588798212595542, 47.939672372635215 ], [ -3.588768152207009, 47.939766604480354 ], [ -3.588888962146795, 47.939877026717838 ] ], [ [ -3.59202937744598, 47.941745097890589 ], [ -3.593457970451341, 47.941638337373334 ], [ -3.593609224941952, 47.940587933641311 ], [ -3.5924972745704, 47.940415599748803 ], [ -3.591913460560447, 47.940800585880822 ], [ -3.591784655420038, 47.941187302453841 ], [ -3.59202937744598, 47.941745097890589 ] ], [ [ -3.598476358276627, 47.944932705017251 ], [ -3.59891661093721, 47.944555101232268 ], [ -3.598245653802932, 47.944521353195626 ], [ -3.597771913535212, 47.944530447714328 ], [ -3.597961178243715, 47.944851963261414 ], [ -3.59818504480112, 47.94499185684991 ], [ -3.598476358276627, 47.944932705017251 ] ], [ [ -3.606987781044511, 47.947616966477213 ], [ -3.606988463463594, 47.947615601220974 ], [ -3.60698658844918, 47.947615104330424 ], [ -3.606979076908832, 47.947613422945423 ], [ -3.606983950635593, 47.94761811593709 ], [ -3.606987092883987, 47.947618484822115 ], [ -3.606987781044511, 47.947616966477213 ] ], [ [ -3.610172589211883, 47.951600725107127 ], [ -3.609370880117838, 47.951483682959108 ], [ -3.608771831945452, 47.951433171759348 ], [ -3.60916206308951, 47.951817193056968 ], [ -3.60957903989313, 47.952043486220745 ], [ -3.610172589211883, 47.951600725107127 ] ], [ [ -3.597316972130908, 47.957435192694803 ], [ -3.598098758819783, 47.958502825460286 ], [ -3.599213197068008, 47.959202499614946 ], [ -3.600625739355289, 47.959143004489619 ], [ -3.601058200668922, 47.95931033590881 ], [ -3.602823810733599, 47.959733705138987 ], [ -3.602953707200033, 47.959754521776077 ], [ -3.603272961318073, 47.958363811476886 ], [ -3.603163930023142, 47.958073159140625 ], [ -3.602866388917169, 47.957473420022382 ], [ -3.601857473583008, 47.956989435285209 ], [ -3.60097801550379, 47.956605307322661 ], [ -3.599765543434729, 47.956011853048835 ], [ -3.599113344587567, 47.955628106672947 ], [ -3.59858715815121, 47.955821842163473 ], [ -3.598381502038067, 47.956103621759681 ], [ -3.597275576746884, 47.957142667600294 ], [ -3.59722013392188, 47.957223679568528 ], [ -3.5972194873855, 47.95729122952622 ], [ -3.597316972130908, 47.957435192694803 ] ], [ [ -3.608467631081708, 47.957425797298455 ], [ -3.608456350566168, 47.957440433841597 ], [ -3.60847957573356, 47.95744395947969 ], [ -3.608538458603379, 47.957456160331802 ], [ -3.610412251420177, 47.957923737512644 ], [ -3.611195344445303, 47.957646059307251 ], [ -3.611113386767321, 47.958283442856398 ], [ -3.61229974253984, 47.958902500544298 ], [ -3.612597478292722, 47.959566113268394 ], [ -3.612002841777764, 47.959885227646254 ], [ -3.610927659013064, 47.960275075917238 ], [ -3.610341269508135, 47.960693931319483 ], [ -3.609722762868942, 47.961245280916927 ], [ -3.609309986863704, 47.961865827893462 ], [ -3.609596078535148, 47.962907168696674 ], [ -3.609222721944201, 47.963334849636126 ], [ -3.609658943041087, 47.964110147802742 ], [ -3.610342161349011, 47.963382366399514 ], [ -3.611821977095854, 47.963449594450708 ], [ -3.613053637730259, 47.963231522814837 ], [ -3.61392960926554, 47.962210799405355 ], [ -3.614123895106251, 47.961911464789154 ], [ -3.614510316407249, 47.961842376874785 ], [ -3.615752705100833, 47.961657439486771 ], [ -3.616627612461465, 47.961524650457065 ], [ -3.616861438484788, 47.961484398175884 ], [ -3.618491313168074, 47.960745634868985 ], [ -3.618531558152709, 47.960716098216835 ], [ -3.618573005167701, 47.9606544126882 ], [ -3.618479467655982, 47.960370205260318 ], [ -3.618225006878915, 47.958885831545459 ], [ -3.617676388172692, 47.958498383373296 ], [ -3.616737828530599, 47.957802157689059 ], [ -3.616201862982876, 47.956587505893324 ], [ -3.616809491970632, 47.95522823498554 ], [ -3.616902901746748, 47.955127441176799 ], [ -3.61700479706455, 47.955002303104123 ], [ -3.616954463934734, 47.954761542457277 ], [ -3.616538560560588, 47.95455642955497 ], [ -3.614981480380625, 47.953706675361559 ], [ -3.614341169837193, 47.953510127492635 ], [ -3.613730010312305, 47.953614127321615 ], [ -3.613887567940115, 47.954076250297476 ], [ -3.613546848436446, 47.955184806640986 ], [ -3.613372935424462, 47.955699028289416 ], [ -3.61263772832699, 47.956350562223705 ], [ -3.611779509569273, 47.956797269643616 ], [ -3.611415186810414, 47.956057877065945 ], [ -3.610271250637527, 47.954948027240221 ], [ -3.610271451422752, 47.954942669117528 ], [ -3.610264931471409, 47.954931355770512 ], [ -3.610186696090073, 47.954913408910627 ], [ -3.608387053163332, 47.954389085377272 ], [ -3.60765245766859, 47.955495012640128 ], [ -3.608085185572952, 47.955941315930289 ], [ -3.608467631081708, 47.957425797298455 ] ], [ [ -3.575153997158759, 47.961504087459019 ], [ -3.576028819640092, 47.960256924401875 ], [ -3.576144955900263, 47.960207469631456 ], [ -3.578095526346707, 47.959576908208092 ], [ -3.578269221198582, 47.95932407753682 ], [ -3.57830790924349, 47.959235840937936 ], [ -3.578532240752538, 47.958745638593157 ], [ -3.578845864122106, 47.957830397685029 ], [ -3.578480830913243, 47.956949206688918 ], [ -3.578481980838697, 47.956517959666627 ], [ -3.578337023618316, 47.956294594241285 ], [ -3.578016329155558, 47.956294755905489 ], [ -3.577907675189316, 47.956497106271414 ], [ -3.57680867907832, 47.957246769893132 ], [ -3.576459399108696, 47.958253062113641 ], [ -3.577654018561149, 47.959065396882522 ], [ -3.575996924793384, 47.960015294129263 ], [ -3.575927728657064, 47.96012559292754 ], [ -3.575915747699735, 47.960175297409435 ], [ -3.574890440797162, 47.961378536351972 ], [ -3.574851788818413, 47.961482399996768 ], [ -3.574942733773011, 47.961631606818074 ], [ -3.575153997158759, 47.961504087459019 ] ], [ [ -3.594773809101729, 47.963970261013287 ], [ -3.594425692344796, 47.963423578389211 ], [ -3.595247869529183, 47.962311016445341 ], [ -3.596876285499849, 47.962337665310585 ], [ -3.597522834465523, 47.962184327118564 ], [ -3.598110757032833, 47.961592114530831 ], [ -3.597207606573319, 47.961232928082865 ], [ -3.596549316910033, 47.961581059640622 ], [ -3.595245536273154, 47.962305914173839 ], [ -3.595242920744869, 47.962308313274519 ], [ -3.593825846178604, 47.963208002863695 ], [ -3.593679006914826, 47.963368848401288 ], [ -3.593649753000815, 47.96349190052895 ], [ -3.593660800100366, 47.96370155116584 ], [ -3.594009308402384, 47.963935859655166 ], [ -3.594773809101729, 47.963970261013287 ] ], [ [ -3.614088776224509, 47.96549711161245 ], [ -3.614436295205218, 47.964882305984773 ], [ -3.613522872890579, 47.964424180469081 ], [ -3.612709468634602, 47.964734513844391 ], [ -3.612458954741247, 47.965405476156377 ], [ -3.613379178818839, 47.965614632682218 ], [ -3.614088776224509, 47.96549711161245 ] ], [ [ -3.569666006682064, 47.964603290031775 ], [ -3.569775064725016, 47.964924146736536 ], [ -3.569809387869939, 47.965101328278223 ], [ -3.570877805469376, 47.965996049934432 ], [ -3.571046559657014, 47.967257864911332 ], [ -3.57110447402102, 47.967395686552692 ], [ -3.5712077562033, 47.96806925834521 ], [ -3.571794476576167, 47.967597366139103 ], [ -3.571764055812105, 47.967150315666927 ], [ -3.572143420643871, 47.966218628773404 ], [ -3.571959303078275, 47.965545580641418 ], [ -3.572027463183533, 47.964729293346721 ], [ -3.572034966444139, 47.963847596088144 ], [ -3.570978796897345, 47.963346557849135 ], [ -3.570199090827914, 47.963063866749906 ], [ -3.569732050435142, 47.962693690288305 ], [ -3.569548702425041, 47.963150542211807 ], [ -3.569669580583223, 47.963425981121901 ], [ -3.569666006682064, 47.964603290031775 ] ], [ [ -3.59472922683025, 47.967201370707002 ], [ -3.595245714100707, 47.967149777388457 ], [ -3.595195058940423, 47.966650393161302 ], [ -3.594652026634549, 47.966501525023205 ], [ -3.594287300811095, 47.966714557507999 ], [ -3.593933749895008, 47.967251226910733 ], [ -3.59472922683025, 47.967201370707002 ] ], [ [ -3.59209271866529, 47.967905747057088 ], [ -3.591373401465388, 47.967777250347112 ], [ -3.591224225813887, 47.96803334108607 ], [ -3.591135473884653, 47.968327866877146 ], [ -3.591906123487607, 47.968551916394532 ], [ -3.59209271866529, 47.967905747057088 ] ], [ [ -3.61750164143187, 47.970985760769551 ], [ -3.617517511235227, 47.97098347087406 ], [ -3.618152609748913, 47.970242142097973 ], [ -3.618157386696148, 47.970232584923863 ], [ -3.618158934746869, 47.970224955408156 ], [ -3.618153328910624, 47.970189147794429 ], [ -3.618122577667954, 47.970217953493957 ], [ -3.618110643327057, 47.970233190564286 ], [ -3.617478194126602, 47.970971201225922 ], [ -3.617490313895548, 47.970984770213605 ], [ -3.617495854546993, 47.970988556937016 ], [ -3.61750164143187, 47.970985760769551 ] ], [ [ -3.60383223939804, 47.975248539350417 ], [ -3.603265264772765, 47.974878146503542 ], [ -3.602736255561536, 47.975480744538018 ], [ -3.603106992767313, 47.975948655762252 ], [ -3.603823341109224, 47.975704146314584 ], [ -3.60383223939804, 47.975248539350417 ] ], [ [ -3.5820970941643, 47.980245658710857 ], [ -3.582838977795983, 47.980698365777187 ], [ -3.58284773603093, 47.980700532686498 ], [ -3.582897314839836, 47.98069187269526 ], [ -3.582871003000862, 47.980636192202184 ], [ -3.582177877933924, 47.980213263690203 ], [ -3.58208971285695, 47.980223755786369 ], [ -3.582090338710555, 47.980240620937167 ], [ -3.5820970941643, 47.980245658710857 ] ], [ [ -3.561345874061946, 47.997065446455579 ], [ -3.562250184909097, 47.998031381339146 ], [ -3.56160210273057, 47.99936442451984 ], [ -3.561852917937559, 47.9996780306668 ], [ -3.562443579488543, 47.999923401025356 ], [ -3.56263337152994, 47.999415964954665 ], [ -3.563540190535995, 47.99850362015313 ], [ -3.562502358969899, 47.998092987511939 ], [ -3.562311031113779, 47.997975765359712 ], [ -3.561441902585527, 47.997047921309772 ], [ -3.561357561665756, 47.997040402400145 ], [ -3.561331967402686, 47.997032533452781 ], [ -3.561343358499972, 47.997048543022231 ], [ -3.561327029522845, 47.997062769165964 ], [ -3.561345874061946, 47.997065446455579 ] ] ], [ [ [ -3.643122099911374, 47.941905988826065 ], [ -3.643408999911372, 47.942405551623864 ], [ -3.643543099911374, 47.942570169879339 ], [ -3.644380099911373, 47.942825115171516 ], [ -3.644585616454578, 47.942913833241505 ], [ -3.643652110660395, 47.94354713183867 ], [ -3.642711600917289, 47.943667262178636 ], [ -3.641571708497771, 47.943870325907724 ], [ -3.640711911484826, 47.944213258964965 ], [ -3.639604061971585, 47.944420006117682 ], [ -3.63816984995022, 47.944237155451674 ], [ -3.637821162347529, 47.943056296884222 ], [ -3.63728924401231, 47.943034777572791 ], [ -3.63598854900244, 47.94328457944107 ], [ -3.635661959169136, 47.943410502641711 ], [ -3.634162029981445, 47.94324715935619 ], [ -3.633746633398414, 47.943147498728308 ], [ -3.631915800703857, 47.942751479166247 ], [ -3.631731995990136, 47.942738044123388 ], [ -3.631599014849099, 47.942664944847806 ], [ -3.629420013806683, 47.94224593698415 ], [ -3.628859436987657, 47.942214481574496 ], [ -3.628661902105549, 47.941841360713454 ], [ -3.628829181285, 47.941468403822427 ], [ -3.629508369894862, 47.941263974889708 ], [ -3.631259754841995, 47.941267172477964 ], [ -3.631504296183046, 47.941547765760831 ], [ -3.632085331807644, 47.942368605759398 ], [ -3.633938619970072, 47.942347745680195 ], [ -3.635013541692377, 47.941736543861154 ], [ -3.635703482803858, 47.940462498558261 ], [ -3.635663269581688, 47.940355842974697 ], [ -3.635861865729603, 47.940124290494111 ], [ -3.63584546982316, 47.940412292116974 ], [ -3.635874795019251, 47.940472312818429 ], [ -3.636702731026546, 47.941698170334945 ], [ -3.637820355074097, 47.942738540972783 ], [ -3.637901940781871, 47.942802043033581 ], [ -3.639716078008229, 47.94293462675347 ], [ -3.640812280154889, 47.942701146079472 ], [ -3.641673089453012, 47.941888823981614 ], [ -3.641935023397117, 47.941685016404008 ], [ -3.642839731200726, 47.941608126945582 ], [ -3.643122099911374, 47.941905988826065 ] ] ], [ [ [ -3.678100999911376, 47.991284701458454 ], [ -3.677864599911373, 47.99133742540112 ], [ -3.677713099911375, 47.991345578587683 ], [ -3.677609999911374, 47.991369856964738 ], [ -3.677573699911375, 47.991418504306608 ], [ -3.677555499911373, 47.991479381421165 ], [ -3.677580299911374, 47.991569881762167 ], [ -3.677639499911375, 47.991736206674773 ], [ -3.677722399911374, 47.991894650131826 ], [ -3.677781599911374, 47.992029268150738 ], [ -3.677842339912424, 47.992103784230672 ], [ -3.677775355065663, 47.992109552776455 ], [ -3.677266228114388, 47.99211341679603 ], [ -3.677157936804603, 47.992138882350005 ], [ -3.677048969310524, 47.992182719082152 ], [ -3.676957704723292, 47.992225981664774 ], [ -3.676985324236676, 47.992127550650068 ], [ -3.676947980116705, 47.992095569079098 ], [ -3.676497264936824, 47.991953647572018 ], [ -3.675995472205076, 47.9916725393051 ], [ -3.675409555928871, 47.99146378619831 ], [ -3.675298634550917, 47.991440633833463 ], [ -3.674888402879122, 47.991228411520424 ], [ -3.674668202062033, 47.991120397095656 ], [ -3.674620193070129, 47.991103680546388 ], [ -3.674570504351372, 47.991115427071264 ], [ -3.673821090616813, 47.991025275923377 ], [ -3.673644342539755, 47.990920559402184 ], [ -3.673022902693013, 47.990664991122642 ], [ -3.672830333706175, 47.990595508247878 ], [ -3.672756243974349, 47.990463992301656 ], [ -3.672577459640145, 47.989969025604822 ], [ -3.67225575892594, 47.9896338177861 ], [ -3.672346831767567, 47.989355846086553 ], [ -3.671965214591132, 47.989241459976299 ], [ -3.671562380167691, 47.989325823337893 ], [ -3.671110086724823, 47.989347172579414 ], [ -3.670245585205961, 47.989484411307274 ], [ -3.670376734575726, 47.990174857018587 ], [ -3.670296925455863, 47.990267058786614 ], [ -3.670253760241386, 47.990290268633515 ], [ -3.67022698604727, 47.99029709943791 ], [ -3.67019515918086, 47.990286825944835 ], [ -3.670074328961932, 47.990275579940985 ], [ -3.670087586734251, 47.990190044888806 ], [ -3.670200737326675, 47.98948476093021 ], [ -3.670111337566818, 47.989443181742573 ], [ -3.669495943949034, 47.989126897680251 ], [ -3.669787524575704, 47.98863468252749 ], [ -3.670301570269411, 47.988291436620329 ], [ -3.671206107945353, 47.988438252909717 ], [ -3.671254180711407, 47.98848745074396 ], [ -3.671333442698649, 47.988461421886583 ], [ -3.671409533626139, 47.988418631899833 ], [ -3.672315156132532, 47.98833044983401 ], [ -3.672936746866827, 47.987827360311272 ], [ -3.672947620757501, 47.987823589264636 ], [ -3.67294966045373, 47.987819645788605 ], [ -3.672949795827263, 47.987815971550049 ], [ -3.672990503626485, 47.987105289766944 ], [ -3.673848723070162, 47.987240771293372 ], [ -3.674649018914474, 47.987251636909875 ], [ -3.674818254903268, 47.986719952726887 ], [ -3.674840588596821, 47.986696488716021 ], [ -3.675646863777075, 47.986682035003696 ], [ -3.675878320598079, 47.986586967102582 ], [ -3.676537081036493, 47.986411373648195 ], [ -3.676853654229843, 47.986371278944659 ], [ -3.677433615643556, 47.986432223638829 ], [ -3.67793529649526, 47.986166543681918 ], [ -3.678155082404972, 47.986113989193186 ], [ -3.678819030004449, 47.985934505595679 ], [ -3.678942412054491, 47.985859082735089 ], [ -3.679215899438812, 47.985805735011738 ], [ -3.679480028895461, 47.985766452448956 ], [ -3.68003798259563, 47.98565307477584 ], [ -3.680495076306453, 47.985534973279343 ], [ -3.680690069698456, 47.985469676695089 ], [ -3.68069186138775, 47.985472469245224 ], [ -3.680654502925262, 47.985629847098309 ], [ -3.680255991874407, 47.985786165278753 ], [ -3.679835477469618, 47.985888279713905 ], [ -3.6792739107234, 47.985996837124162 ], [ -3.679208183495469, 47.986187213489302 ], [ -3.679145831441673, 47.986680691340183 ], [ -3.679163308472766, 47.987235627184049 ], [ -3.679152324780519, 47.987362571779101 ], [ -3.679074917546691, 47.987578611980425 ], [ -3.678991801019428, 47.988001365231042 ], [ -3.678899260090998, 47.988233962897937 ], [ -3.678613449157218, 47.988622125663639 ], [ -3.678469174506454, 47.988870567397157 ], [ -3.678338263247648, 47.989116205430861 ], [ -3.678177204470762, 47.989494695929722 ], [ -3.678060806264155, 47.989843569359451 ], [ -3.678038049191787, 47.989775563143084 ], [ -3.677991894090497, 47.989777114808618 ], [ -3.677984181252862, 47.989815112112154 ], [ -3.678022814899392, 47.9898291937957 ], [ -3.678053690513766, 47.989865338749382 ], [ -3.678013942516263, 47.989984522266283 ], [ -3.677985969929657, 47.990109757020818 ], [ -3.677962138471603, 47.990242579457984 ], [ -3.677963809249806, 47.990591915733731 ], [ -3.677984849518432, 47.990826727023617 ], [ -3.678066412957375, 47.991064249973988 ], [ -3.678176367801153, 47.991264543478422 ], [ -3.678100999911376, 47.991284701458454 ] ] ], [ [ [ -3.672043999911375, 47.994224098922253 ], [ -3.671848899911375, 47.993627379031871 ], [ -3.671611899911372, 47.99325441745119 ], [ -3.671294899911373, 47.993212292797367 ], [ -3.670817399911373, 47.993301071633944 ], [ -3.669911299911374, 47.993599386539124 ], [ -3.669325899911374, 47.993739258398215 ], [ -3.669060999911373, 47.993823145260549 ], [ -3.668773799911373, 47.99381399561419 ], [ -3.668606299911374, 47.993752665802553 ], [ -3.668453399911373, 47.993610257410253 ], [ -3.668367099911374, 47.993442574199292 ], [ -3.668196799911372, 47.993328973551094 ], [ -3.668000599911374, 47.993310311879391 ], [ -3.667806499911373, 47.993310311879391 ], [ -3.667611399911373, 47.993375627727595 ], [ -3.667360499911372, 47.993468845478262 ], [ -3.666984099911372, 47.993543492139985 ], [ -3.666677399911373, 47.993543492139985 ], [ -3.666231399911374, 47.993543492139985 ], [ -3.665771399911373, 47.993636709862471 ], [ -3.665227699911373, 47.993674033183318 ], [ -3.664645799911372, 47.993748589226946 ], [ -3.664271499911377, 47.993710812958227 ], [ -3.664083999911374, 47.99369052066892 ], [ -3.663602799911374, 47.993473646780807 ], [ -3.663474799911375, 47.993269999042766 ], [ -3.663463599911374, 47.993112914837951 ], [ -3.663373199911372, 47.99303962697865 ], [ -3.663330799911374, 47.993045424782437 ], [ -3.663239999911374, 47.993075500888736 ], [ -3.663027499911373, 47.993187742728821 ], [ -3.662814999911373, 47.993269999042766 ], [ -3.662636099911373, 47.993352255344512 ], [ -3.662524299911377, 47.993412135750361 ], [ -3.662255899911374, 47.993471925559149 ], [ -3.662021099911372, 47.993524286931844 ], [ -3.661830999911374, 47.993606543195988 ], [ -3.661775099911376, 47.993688890038491 ], [ -3.661652099911374, 47.993771146278263 ], [ -3.661484399911373, 47.99391328285769 ], [ -3.661401650932874, 47.993968589099282 ], [ -3.660053157008331, 47.993934172805922 ], [ -3.659823409331338, 47.99389673368286 ], [ -3.659672730054973, 47.99385578743356 ], [ -3.657928950842259, 47.993331673006438 ], [ -3.657470841408053, 47.993168264262465 ], [ -3.656384085150335, 47.992450033429733 ], [ -3.656145717803715, 47.991826721148868 ], [ -3.655443075770423, 47.990865834008432 ], [ -3.655358049293789, 47.990740377482609 ], [ -3.655139424337641, 47.99059039233714 ], [ -3.653886193369203, 47.990190916300506 ], [ -3.652459685475728, 47.990360860734611 ], [ -3.651051824803544, 47.990879393629953 ], [ -3.651306324292153, 47.9922420871806 ], [ -3.651249727171542, 47.992627510423986 ], [ -3.650906856474055, 47.992728786899846 ], [ -3.650562950458438, 47.992926101571257 ], [ -3.648964803560591, 47.992955071674231 ], [ -3.648539063416897, 47.992906873361918 ], [ -3.647498883598703, 47.992739201747796 ], [ -3.646456727152505, 47.992471749235506 ], [ -3.646359848377947, 47.992478730333346 ], [ -3.646214696377513, 47.992391154281776 ], [ -3.644987150837582, 47.991487313570744 ], [ -3.643804800064036, 47.991254470160811 ], [ -3.642997172217581, 47.991100080928788 ], [ -3.641924501949084, 47.990974788532881 ], [ -3.640162009412085, 47.990635053602134 ], [ -3.639868703543391, 47.990575042148734 ], [ -3.639070371691717, 47.99040871549785 ], [ -3.638119266107295, 47.990410963910819 ], [ -3.637556807692073, 47.990218944253741 ], [ -3.636147328295278, 47.990100154897348 ], [ -3.635154350381884, 47.990396021771645 ], [ -3.633875032205266, 47.990800831476406 ], [ -3.63310215538945, 47.990866779894404 ], [ -3.632849067374034, 47.99147322577619 ], [ -3.632201848366855, 47.991962963774085 ], [ -3.631103168675714, 47.992772717593368 ], [ -3.630755711105623, 47.992996430515149 ], [ -3.63021397172304, 47.993705336588363 ], [ -3.629721208450018, 47.992998981066151 ], [ -3.628433783065234, 47.99262071659173 ], [ -3.626740792814716, 47.992669528728271 ], [ -3.626593808945882, 47.992682250038186 ], [ -3.625340040548898, 47.993584964621476 ], [ -3.6245072569067, 47.994273544806887 ], [ -3.623812401092203, 47.99443077662616 ], [ -3.623617433152967, 47.9950686965377 ], [ -3.623022989330438, 47.995682166127608 ], [ -3.622523613804927, 47.995965212902519 ], [ -3.621275982898357, 47.996498798849785 ], [ -3.620667056381725, 47.99702602665252 ], [ -3.619720735819431, 47.997472725825247 ], [ -3.619801779660573, 47.998480585635093 ], [ -3.619346272755227, 47.998957839027469 ], [ -3.619286208692122, 47.999145398822805 ], [ -3.618215723400466, 47.999702850949788 ], [ -3.617880377775506, 47.999888326671154 ], [ -3.61691836091141, 48.000027677207683 ], [ -3.615992203627108, 48.000676837016499 ], [ -3.615628061967674, 48.000737181552623 ], [ -3.615230981334106, 48.00091821138939 ], [ -3.613984442470486, 48.001031988309862 ], [ -3.613206666914908, 48.001681320410938 ], [ -3.612811098258358, 48.001855481002664 ], [ -3.612371529168881, 48.002024018263427 ], [ -3.611139648241725, 48.002234893567831 ], [ -3.610423964714765, 48.0026760144289 ], [ -3.609792340212429, 48.003587000453336 ], [ -3.60960492314228, 48.003902713942722 ], [ -3.60946879139917, 48.003962365508912 ], [ -3.609259670963647, 48.003930482067531 ], [ -3.608406642878763, 48.004008373403394 ], [ -3.607265754697675, 48.004031974504684 ], [ -3.606684091890875, 48.004081851066914 ], [ -3.605370798738916, 48.004037667252931 ], [ -3.604057093516042, 48.003701760661386 ], [ -3.603026910027342, 48.003855158311978 ], [ -3.60185573385753, 48.003945227916958 ], [ -3.600256056750072, 48.004210913962837 ], [ -3.599977027139545, 48.004241055679785 ], [ -3.599823730993081, 48.004185913126705 ], [ -3.598028396903408, 48.003524307281282 ], [ -3.597174365649396, 48.003444017518021 ], [ -3.595981827648575, 48.003363258308525 ], [ -3.595408807905958, 48.003317670640371 ], [ -3.59450444886139, 48.003651555557099 ], [ -3.593722373078688, 48.003874348862567 ], [ -3.592854408761336, 48.005002257307623 ], [ -3.592268612584637, 48.003669467010397 ], [ -3.59161419863015, 48.003504427428368 ], [ -3.591071261881535, 48.003263934610459 ], [ -3.590220655308393, 48.002908674503502 ], [ -3.589159334148738, 48.003183938948013 ], [ -3.588025357058529, 48.003308982128132 ], [ -3.587560784952264, 48.003486001187071 ], [ -3.586695093676315, 48.003380150685516 ], [ -3.58598040126707, 48.00322277240393 ], [ -3.586020863745907, 48.003539647267147 ], [ -3.585456027678701, 48.004632674304418 ], [ -3.58386433856488, 48.004333963905211 ], [ -3.583374295895799, 48.004733533110866 ], [ -3.582650757057534, 48.005061019182207 ], [ -3.582136985717996, 48.005503315185393 ], [ -3.581434996037632, 48.006413569166071 ], [ -3.581479403664953, 48.006675829613897 ], [ -3.58067428093515, 48.007757601798502 ], [ -3.580704544507927, 48.007909423317656 ], [ -3.580801057658281, 48.00861457751472 ], [ -3.581290933296434, 48.009273215086282 ], [ -3.576347715526737, 48.01029601807106 ], [ -3.576273099962073, 48.010364998542499 ], [ -3.576257292009414, 48.010382147475141 ], [ -3.584102055205828, 48.010884503246487 ], [ -3.587249535246068, 48.011769676055067 ], [ -3.583230570719019, 48.011348453984596 ], [ -3.581121231470731, 48.010755320362151 ], [ -3.575863675305237, 48.010418536858168 ], [ -3.576063950465886, 48.010200245734936 ], [ -3.576076457857241, 48.010186860875393 ], [ -3.5761359951236, 48.010132439497241 ], [ -3.577074963548847, 48.00927107425639 ], [ -3.577071923686332, 48.009267949202396 ], [ -3.577078321963933, 48.00926577926792 ], [ -3.57708472024125, 48.009263609333146 ], [ -3.579635173807055, 48.007743849208751 ], [ -3.580041590385202, 48.007335107636678 ], [ -3.580490975131972, 48.006574848222769 ], [ -3.580793051224303, 48.006152526322808 ], [ -3.581295234829308, 48.005365285337462 ], [ -3.5814156849523, 48.005019149051051 ], [ -3.581920372954018, 48.004884160381806 ], [ -3.582510247797774, 48.004617431048374 ], [ -3.582950399568511, 48.004418486834282 ], [ -3.58324821221381, 48.004175481982699 ], [ -3.58391612288504, 48.003631625396139 ], [ -3.582953282198427, 48.003121492525565 ], [ -3.582917794359366, 48.00285711318763 ], [ -3.58312394109777, 48.002582859377839 ], [ -3.583687324668125, 48.00206387780797 ], [ -3.584447236047016, 48.001876381048604 ], [ -3.585327008220133, 48.001960155597459 ], [ -3.586641414949078, 48.00152205625028 ], [ -3.585800209485778, 48.000751159736964 ], [ -3.585700885164026, 48.000220151044815 ], [ -3.586436273551746, 47.999594138139301 ], [ -3.586749477634878, 47.999511690488632 ], [ -3.586675323526489, 47.999317780919185 ], [ -3.587041676112162, 47.998479400420919 ], [ -3.588019011346675, 47.998403632212046 ], [ -3.588786040175056, 47.998411599277389 ], [ -3.588939908535749, 47.997864966944292 ], [ -3.589330995756279, 47.997358156273776 ], [ -3.589719465058848, 47.997071450472774 ], [ -3.589516121782132, 47.996702605337077 ], [ -3.589587524879592, 47.996266013762792 ], [ -3.589382790783877, 47.995666105441089 ], [ -3.589030486393142, 47.995479511724739 ], [ -3.589427583820847, 47.99531554435589 ], [ -3.590127865771206, 47.994999367518631 ], [ -3.590363666412266, 47.994976191749089 ], [ -3.590530910035536, 47.994828315920159 ], [ -3.590351849127443, 47.994736800672229 ], [ -3.590124145380025, 47.994076071707184 ], [ -3.590255745700772, 47.993533437932655 ], [ -3.590360663134877, 47.993279831335371 ], [ -3.59044885155315, 47.992313941377859 ], [ -3.590306412473401, 47.992222697606209 ], [ -3.590417186033548, 47.992098514091865 ], [ -3.59012462124688, 47.991449819725133 ], [ -3.589985621081016, 47.990965823807002 ], [ -3.590562226328269, 47.990797012582078 ], [ -3.590878157051876, 47.991177602154778 ], [ -3.59064588101237, 47.992112884990149 ], [ -3.590778482637828, 47.992146786201459 ], [ -3.591758264558802, 47.992238962517533 ], [ -3.592245193815616, 47.992036795663736 ], [ -3.592927258293774, 47.992287261581922 ], [ -3.593729574644897, 47.992966802691726 ], [ -3.594249737338891, 47.99285476576874 ], [ -3.595104043062836, 47.99329434439997 ], [ -3.595953035318604, 47.993539700931052 ], [ -3.595593196051631, 47.99414044934872 ], [ -3.595981220711244, 47.995106489406609 ], [ -3.596844688188525, 47.995840398436059 ], [ -3.598364773219595, 47.995639038525582 ], [ -3.599406949425979, 47.994559930143183 ], [ -3.597830996134958, 47.993661544111106 ], [ -3.596997204349569, 47.993314157588998 ], [ -3.596582423943643, 47.992773806356368 ], [ -3.596173701875678, 47.992223616596206 ], [ -3.596143604029819, 47.9916305690152 ], [ -3.597095090927925, 47.991350168922665 ], [ -3.597546363631855, 47.991104993049163 ], [ -3.598229013783318, 47.990819536628521 ], [ -3.597556475076761, 47.99036612934708 ], [ -3.596603770266757, 47.990393870679554 ], [ -3.59583945782752, 47.990432870032123 ], [ -3.595431442422972, 47.990132725014504 ], [ -3.594611728067642, 47.989546606927959 ], [ -3.594603718507837, 47.989390330389796 ], [ -3.594544507372023, 47.989285735580509 ], [ -3.595002181976235, 47.988518108757987 ], [ -3.595008607311854, 47.988515172766725 ], [ -3.595011379135917, 47.988508640188229 ], [ -3.595423461425032, 47.987727387490182 ], [ -3.596066453564751, 47.987706654612623 ], [ -3.596123985555548, 47.986832230895345 ], [ -3.596249278059872, 47.986657469585623 ], [ -3.596283811811527, 47.986578797454925 ], [ -3.596347663383045, 47.986576852946413 ], [ -3.596712129266806, 47.986305436697208 ], [ -3.597530496683428, 47.98662478711185 ], [ -3.597475058899695, 47.986084092237974 ], [ -3.597911470400466, 47.986015113176137 ], [ -3.598368472473134, 47.985667249619468 ], [ -3.598570097674606, 47.98549431410018 ], [ -3.59913470027458, 47.985022044680306 ], [ -3.598531214805423, 47.984446073590448 ], [ -3.598523387276378, 47.984385554701632 ], [ -3.598520664127922, 47.984374010041691 ], [ -3.598537728206237, 47.98434003197859 ], [ -3.598781430120533, 47.98387086934919 ], [ -3.598782810347614, 47.983800575565326 ], [ -3.599315743374056, 47.983380990709549 ], [ -3.599342699671357, 47.983319019845979 ], [ -3.59947071301404, 47.983138795614863 ], [ -3.600083556224109, 47.982709769607013 ], [ -3.600397914471502, 47.982645248702639 ], [ -3.600797347089549, 47.982249199742796 ], [ -3.600882387769113, 47.982221017900798 ], [ -3.601332482217039, 47.982106648530959 ], [ -3.60135482494472, 47.982100199084741 ], [ -3.601370251811352, 47.982076146565603 ], [ -3.601411299224149, 47.982076044476173 ], [ -3.60230142640168, 47.98211505774772 ], [ -3.602528072152615, 47.981914426665782 ], [ -3.602858209526981, 47.981749100304924 ], [ -3.603119249656077, 47.98177589657999 ], [ -3.60382921700573, 47.981736093914407 ], [ -3.603981676421614, 47.981509932071489 ], [ -3.60457467741358, 47.98123860492916 ], [ -3.605038525832902, 47.981262231645715 ], [ -3.605478836307029, 47.981155930890282 ], [ -3.606108783673938, 47.981464754992416 ], [ -3.606352812677196, 47.981877591556653 ], [ -3.606830027598464, 47.981595529023579 ], [ -3.607560223751328, 47.980999520544572 ], [ -3.608710510847718, 47.981273787082429 ], [ -3.609172598256934, 47.981344402313496 ], [ -3.609495967445062, 47.981089764686288 ], [ -3.609321290485099, 47.980763645412154 ], [ -3.608956860729666, 47.980092569141334 ], [ -3.609873053068445, 47.979890613225706 ], [ -3.610430525086861, 47.979858940602867 ], [ -3.611000836103355, 47.980310269488484 ], [ -3.611115450673946, 47.980604859944378 ], [ -3.611625914004132, 47.980783060076206 ], [ -3.6120962823366, 47.980447226882305 ], [ -3.612170881701815, 47.979854886030935 ], [ -3.612301337829598, 47.979473850845423 ], [ -3.612195691703735, 47.979125204870257 ], [ -3.612693517585186, 47.979185490021081 ], [ -3.613941364001055, 47.978877644042853 ], [ -3.614011132429654, 47.978751255586488 ], [ -3.614404757551156, 47.977918124662892 ], [ -3.615891861690822, 47.978100210839997 ], [ -3.616237804134661, 47.978388966641361 ], [ -3.616754475844092, 47.97809739740616 ], [ -3.617625155002665, 47.977912732918384 ], [ -3.618201108121596, 47.978264414497403 ], [ -3.619142684292671, 47.97864907658294 ], [ -3.619781353479868, 47.978184803319934 ], [ -3.620150404285854, 47.977855676460095 ], [ -3.62097061989962, 47.977703242211803 ], [ -3.620363024576741, 47.977387099021541 ], [ -3.620822368777028, 47.976871930865016 ], [ -3.620842637938509, 47.976430950802083 ], [ -3.620674236772239, 47.975936136724883 ], [ -3.620737269533519, 47.975719375431638 ], [ -3.620979204749215, 47.975327827271755 ], [ -3.621284757992119, 47.975345827635678 ], [ -3.621347401340693, 47.975443586628927 ], [ -3.621360564282242, 47.97549685589938 ], [ -3.621389674247566, 47.976204776000472 ], [ -3.621554354215867, 47.976444430689241 ], [ -3.62135214651845, 47.97697250537739 ], [ -3.621422691696559, 47.977788182920392 ], [ -3.622206759586704, 47.977707493145758 ], [ -3.622582726808532, 47.977716926803126 ], [ -3.6234924482752, 47.97821093653809 ], [ -3.623624290714784, 47.978383295754369 ], [ -3.623696512411123, 47.97820777389434 ], [ -3.623716187147612, 47.978120530362617 ], [ -3.624272869418726, 47.977636082152301 ], [ -3.624364980518166, 47.977012371771679 ], [ -3.624426136243475, 47.976930238586448 ], [ -3.624482186793048, 47.976934105124641 ], [ -3.62449987590554, 47.976933842253004 ], [ -3.6249238521439, 47.977094820631336 ], [ -3.625110509782041, 47.977371828972579 ], [ -3.624855320183855, 47.977814290675084 ], [ -3.62505866145804, 47.978236407132826 ], [ -3.625891929771205, 47.97837698248901 ], [ -3.625719715822412, 47.977814381533463 ], [ -3.625454480465509, 47.977291152693212 ], [ -3.626133968558957, 47.977305509433705 ], [ -3.62635210484481, 47.977483556236024 ], [ -3.626773651030023, 47.977845179670197 ], [ -3.626393782143146, 47.978329454466234 ], [ -3.627243697692981, 47.978463918255173 ], [ -3.627405172802416, 47.978028333509826 ], [ -3.627952282486055, 47.97790157015487 ], [ -3.628162146889332, 47.978081442939001 ], [ -3.628666836351594, 47.978499552168856 ], [ -3.628796380718126, 47.978530607905526 ], [ -3.629585191926363, 47.97876297649556 ], [ -3.63047333085415, 47.978702232349789 ], [ -3.630585719782265, 47.978702307174444 ], [ -3.630920276264964, 47.978670919651236 ], [ -3.631377043314175, 47.978935177245148 ], [ -3.632261515023957, 47.979108447862941 ], [ -3.632262100346629, 47.979109685049991 ], [ -3.63223999863986, 47.979923222049692 ], [ -3.632749522193116, 47.980076678632258 ], [ -3.633428942693353, 47.980262901797218 ], [ -3.633259600827138, 47.979774515795171 ], [ -3.632985339055527, 47.979628002083388 ], [ -3.632264669786425, 47.979108510139639 ], [ -3.633259173112002, 47.979057052804677 ], [ -3.63339471362749, 47.979113655481697 ], [ -3.63402273874497, 47.979492971727339 ], [ -3.634602926016292, 47.979410504386408 ], [ -3.634665235628967, 47.979924660663471 ], [ -3.634511827497695, 47.980195256694941 ], [ -3.634876601499019, 47.980149444044599 ], [ -3.63550014277277, 47.98022547594401 ], [ -3.635694637701398, 47.98078482967523 ], [ -3.634890816984793, 47.98129400573653 ], [ -3.634380352432286, 47.981131650771388 ], [ -3.633812397565289, 47.980766696574193 ], [ -3.632984941587236, 47.981096455690221 ], [ -3.63236490509633, 47.98128215727337 ], [ -3.631615169604532, 47.980881588115423 ], [ -3.631260725659825, 47.980429837982555 ], [ -3.630310378840528, 47.980685305800364 ], [ -3.630411375696882, 47.98121125902037 ], [ -3.631187728270613, 47.981575283319671 ], [ -3.631732370718094, 47.981820133040884 ], [ -3.632148608064026, 47.982257475400715 ], [ -3.632341957105306, 47.982813287120791 ], [ -3.633104247459801, 47.9830468019899 ], [ -3.634233773672893, 47.983321417383962 ], [ -3.634650164734099, 47.983263294466184 ], [ -3.636006201896655, 47.983491962900302 ], [ -3.636117071728493, 47.983634790632379 ], [ -3.636143637641403, 47.983480884619411 ], [ -3.636126816441839, 47.98342386736654 ], [ -3.636017523362055, 47.983323508307819 ], [ -3.635185381973571, 47.982761077286369 ], [ -3.635249883851601, 47.981995256200165 ], [ -3.635990681801184, 47.982229407579553 ], [ -3.63676598191595, 47.981977659888159 ], [ -3.637418880617416, 47.981808064947117 ], [ -3.637207381144251, 47.981349032868494 ], [ -3.636738631853334, 47.981236378936032 ], [ -3.63614706277577, 47.980844002598403 ], [ -3.636798031007896, 47.980284927411503 ], [ -3.637183103925896, 47.980745696422971 ], [ -3.63779709220516, 47.981027744740203 ], [ -3.638626498929512, 47.98059413055752 ], [ -3.638826197374166, 47.980572633802737 ], [ -3.638897398372004, 47.980593646887115 ], [ -3.638917575789623, 47.98062836215216 ], [ -3.639670203762276, 47.98103677145069 ], [ -3.639729297389595, 47.981060762975432 ], [ -3.639962998689701, 47.981194670804371 ], [ -3.639875875500731, 47.981856634229885 ], [ -3.640614309642331, 47.981763936193261 ], [ -3.641369324565992, 47.981649806762988 ], [ -3.64119735897427, 47.982301214313949 ], [ -3.640895701590586, 47.982602448014902 ], [ -3.640819625503307, 47.983052288908425 ], [ -3.640645801260955, 47.983413797718029 ], [ -3.641002810535695, 47.984052795263764 ], [ -3.641496209503772, 47.983468691735027 ], [ -3.641631538289601, 47.983191452479943 ], [ -3.641825931940766, 47.982786071870933 ], [ -3.642282087585547, 47.982847141452524 ], [ -3.64253325021672, 47.983140109049387 ], [ -3.642688175945926, 47.983406056627999 ], [ -3.642946062278258, 47.98390904554519 ], [ -3.642962634884611, 47.984108843385698 ], [ -3.643658230595846, 47.984234831052021 ], [ -3.643414090148928, 47.983769648641172 ], [ -3.643524051158783, 47.983359234188484 ], [ -3.643447089542175, 47.98283023840338 ], [ -3.643456517208019, 47.982610423067314 ], [ -3.643653143249062, 47.98260372133285 ], [ -3.644193966508226, 47.982136213557609 ], [ -3.643835494860668, 47.982675332125055 ], [ -3.644144988138463, 47.983353067888444 ], [ -3.644946011012989, 47.983530609895254 ], [ -3.645496497939149, 47.983193971171445 ], [ -3.645450899247288, 47.982772376419476 ], [ -3.645210409318686, 47.982361809141821 ], [ -3.644373100745667, 47.982056395079383 ], [ -3.645294276612625, 47.982160770065192 ], [ -3.645358926028846, 47.982188239522415 ], [ -3.646115650758397, 47.98253833196371 ], [ -3.646213941549747, 47.982578106156595 ], [ -3.646367265810428, 47.98273432495138 ], [ -3.646264016882373, 47.98333852244582 ], [ -3.646666928967886, 47.983864580403051 ], [ -3.645941334966302, 47.984206511860776 ], [ -3.645936918056529, 47.984206425000323 ], [ -3.645938060695637, 47.98420966475409 ], [ -3.645941806840094, 47.984210810851337 ], [ -3.646688129624085, 47.984569428963653 ], [ -3.647836456907377, 47.985121629043775 ], [ -3.648164565393201, 47.984260177468627 ], [ -3.648337490728639, 47.984126458470286 ], [ -3.648668094505423, 47.98415088020117 ], [ -3.649575330331858, 47.984308274456311 ], [ -3.650435581799631, 47.984200158371934 ], [ -3.651279288657643, 47.984589472618126 ], [ -3.651417550289064, 47.98394275662352 ], [ -3.651742442394985, 47.983746447273575 ], [ -3.652012369931975, 47.983176007237091 ], [ -3.652203847016902, 47.983103777316444 ], [ -3.652228358831719, 47.983106862986091 ], [ -3.652259327945864, 47.983106092122213 ], [ -3.652875297256335, 47.983540719216677 ], [ -3.653660193178231, 47.983591513511158 ], [ -3.653868853843738, 47.983515635768711 ], [ -3.654245551544934, 47.984051579870027 ], [ -3.653522556514452, 47.983812643121368 ], [ -3.652875280241143, 47.983541178493851 ], [ -3.652192514340114, 47.984023083625345 ], [ -3.651636102862432, 47.984724557217319 ], [ -3.652879966886848, 47.984863418848022 ], [ -3.653749301988416, 47.985106761813753 ], [ -3.654004572620015, 47.985375128097957 ], [ -3.654926108454868, 47.985317371846108 ], [ -3.655658296438027, 47.986195342994563 ], [ -3.655773176508314, 47.986230688048948 ], [ -3.655908902444057, 47.987357559484067 ], [ -3.656116426742005, 47.988011979534377 ], [ -3.657606712594041, 47.988540641952241 ], [ -3.657639915144723, 47.988564886162848 ], [ -3.657671004898865, 47.988560899439662 ], [ -3.657681132895675, 47.988543173104105 ], [ -3.659116889344279, 47.988224609461597 ], [ -3.659448191935067, 47.987684162925277 ], [ -3.660017238631973, 47.987220532163718 ], [ -3.660862557824712, 47.987311699014811 ], [ -3.661173846291871, 47.987363602918904 ], [ -3.661803221854172, 47.987232221395232 ], [ -3.66139560059906, 47.986984782832366 ], [ -3.661113802788553, 47.986374263455147 ], [ -3.661551400843768, 47.986186425283648 ], [ -3.66104554392644, 47.986119681141886 ], [ -3.660708292696973, 47.98589905091012 ], [ -3.660627815036523, 47.986214146638972 ], [ -3.659851006787525, 47.986422148618601 ], [ -3.658921381076381, 47.986527723865166 ], [ -3.658888899774479, 47.98653520720012 ], [ -3.65885699038452, 47.986527228160654 ], [ -3.657918631810484, 47.986134868345914 ], [ -3.657699918043905, 47.986038659161579 ], [ -3.656905623918508, 47.985968241278783 ], [ -3.655837646188254, 47.986177871463525 ], [ -3.655829399356472, 47.986042430791386 ], [ -3.655285865006757, 47.985202631687685 ], [ -3.655074170280418, 47.985155735416555 ], [ -3.654601173432079, 47.98423596686456 ], [ -3.65451860520785, 47.984180725687679 ], [ -3.654645897226737, 47.983318081871303 ], [ -3.655225083599956, 47.983023955679087 ], [ -3.655973961846626, 47.983143588110934 ], [ -3.656023633717465, 47.983149311543059 ], [ -3.656018406258501, 47.983119947142626 ], [ -3.656002966065957, 47.983110605332641 ], [ -3.655440142718006, 47.982638730501307 ], [ -3.655628542276089, 47.982120767637241 ], [ -3.655702332191795, 47.982020794153499 ], [ -3.655710625532344, 47.982018505553754 ], [ -3.655721476772529, 47.982015347900202 ], [ -3.656065437077836, 47.982019948768269 ], [ -3.656716540911047, 47.982085571604628 ], [ -3.656816686717059, 47.982109443279171 ], [ -3.657693207285532, 47.982380025585002 ], [ -3.657505966438087, 47.983071745924462 ], [ -3.65721279148691, 47.98345222475875 ], [ -3.657248660031029, 47.983933374376562 ], [ -3.657253264396466, 47.984286752166042 ], [ -3.657610440356153, 47.984395174726316 ], [ -3.658259225832998, 47.984592195107723 ], [ -3.658467435934617, 47.984596735225594 ], [ -3.658661348440438, 47.984595173190627 ], [ -3.658625603650028, 47.984434834572667 ], [ -3.659096559887558, 47.984010803458645 ], [ -3.659474327376238, 47.984125907198376 ], [ -3.659585187866617, 47.984201616854548 ], [ -3.65982801953024, 47.984448129320327 ], [ -3.659756423369772, 47.984898677259039 ], [ -3.660438083518286, 47.985333952659232 ], [ -3.660571342579279, 47.985333345433148 ], [ -3.661389914579182, 47.985344779994207 ], [ -3.661691887586883, 47.985375205394291 ], [ -3.661985866266541, 47.985587786012076 ], [ -3.662039030701621, 47.986045833127221 ], [ -3.661994125854386, 47.986133199251398 ], [ -3.662118866094147, 47.986619458370612 ], [ -3.662492237061814, 47.987178607054943 ], [ -3.662732118937835, 47.987163539354398 ], [ -3.66364808023398, 47.987086020128004 ], [ -3.663933769055082, 47.987301039851815 ], [ -3.664054947621545, 47.987371126947082 ], [ -3.664201428949233, 47.987610999029727 ], [ -3.664150930750704, 47.988123396383457 ], [ -3.664480842225052, 47.988714169913564 ], [ -3.664506719895363, 47.988800010638187 ], [ -3.664619337563068, 47.989614959541811 ], [ -3.664594396570482, 47.989691839505056 ], [ -3.664564879416102, 47.989909730600772 ], [ -3.66473056935753, 47.990399087546862 ], [ -3.664948509516353, 47.990824508078504 ], [ -3.665618390861131, 47.990827958669769 ], [ -3.66594022474486, 47.99086826389852 ], [ -3.666532726475956, 47.990709793601297 ], [ -3.666907276707958, 47.991049875190484 ], [ -3.667318588771193, 47.99109545100211 ], [ -3.667555125562433, 47.991154155653177 ], [ -3.667872278499004, 47.991441177224303 ], [ -3.667788773869799, 47.991787470853723 ], [ -3.667420879354224, 47.992054054970779 ], [ -3.667750275539377, 47.99236873961803 ], [ -3.668231020315552, 47.992158594425547 ], [ -3.668957586328442, 47.991892429465409 ], [ -3.669077464109421, 47.991998031073152 ], [ -3.669552972575032, 47.99182700040771 ], [ -3.669988968025703, 47.991785573089388 ], [ -3.670034385900678, 47.991786919871743 ], [ -3.671062505383266, 47.991460146565274 ], [ -3.671065035175284, 47.991460042763109 ], [ -3.671068224222957, 47.991459185816467 ], [ -3.671072601976449, 47.991460343730168 ], [ -3.671920712676155, 47.991751138070711 ], [ -3.672229239668886, 47.991878498531463 ], [ -3.672125374921473, 47.992143658095486 ], [ -3.671923556301726, 47.992633493584719 ], [ -3.672622890430312, 47.992866226645532 ], [ -3.673058377456507, 47.992393054123639 ], [ -3.673158943719427, 47.99213165976775 ], [ -3.673481021877748, 47.992165521947584 ], [ -3.673718177600084, 47.992104731859897 ], [ -3.674164068684983, 47.992360396390254 ], [ -3.674434463461094, 47.992425880862825 ], [ -3.674702591243159, 47.992587226174706 ], [ -3.675160237992138, 47.992678117289572 ], [ -3.675487828379081, 47.992750997163128 ], [ -3.675304530344238, 47.992841182701355 ], [ -3.675093240753551, 47.992919791411524 ], [ -3.674844595385745, 47.992983882862049 ], [ -3.674636049199555, 47.99305656964043 ], [ -3.674409060865827, 47.99314988529872 ], [ -3.674181953167898, 47.993263574450637 ], [ -3.673930148294815, 47.993413397133239 ], [ -3.67364320500639, 47.993608494941938 ], [ -3.673369872340235, 47.993828370552606 ], [ -3.673054088603315, 47.994052013420088 ], [ -3.672344180078449, 47.994637183929953 ], [ -3.672197474427817, 47.99477007307474 ], [ -3.672043999911375, 47.994224098922253 ] ], [ [ -3.617355100473071, 47.979899345200849 ], [ -3.617829908602145, 47.979764896769225 ], [ -3.618117633872934, 47.979483340372084 ], [ -3.617651811544705, 47.979360737174545 ], [ -3.61727023824008, 47.979517869006997 ], [ -3.617355100473071, 47.979899345200849 ] ], [ [ -3.613997422173175, 47.978931918221093 ], [ -3.613366686554995, 47.97965555199238 ], [ -3.613887958847865, 47.980236429008158 ], [ -3.614256698158739, 47.980978820598907 ], [ -3.615357133760408, 47.980308009123377 ], [ -3.615382213622264, 47.979604224795835 ], [ -3.614799312041088, 47.979471938571038 ], [ -3.613997422173175, 47.978931918221093 ] ], [ [ -3.62820429033284, 47.980167997574384 ], [ -3.627327898655834, 47.979710366904698 ], [ -3.627232465133013, 47.979645053870868 ], [ -3.627080367574035, 47.979659972088243 ], [ -3.626319390644221, 47.979460009582667 ], [ -3.62565289488095, 47.979553919770908 ], [ -3.625371697999222, 47.980016397710983 ], [ -3.625319102593902, 47.980122906929836 ], [ -3.625338573532907, 47.980227164567211 ], [ -3.62572941530456, 47.980295103462979 ], [ -3.626483554074711, 47.980492328690914 ], [ -3.627050882450734, 47.980010226976859 ], [ -3.627674054898112, 47.980434511459308 ], [ -3.627239226079147, 47.980970098220254 ], [ -3.627645662777952, 47.981601826839778 ], [ -3.628298663328771, 47.981582252966277 ], [ -3.629431035402156, 47.982440203333383 ], [ -3.629689042156097, 47.982734856379864 ], [ -3.630233851728982, 47.982636536124801 ], [ -3.630273795275842, 47.982259523151029 ], [ -3.62979174313395, 47.98202954062296 ], [ -3.628838613665768, 47.981377057542218 ], [ -3.628789713604541, 47.981079794217422 ], [ -3.62837128329637, 47.980312398782573 ], [ -3.62832503474944, 47.980214966161398 ], [ -3.62820429033284, 47.980167997574384 ] ], [ [ -3.639349815442624, 47.981858680283182 ], [ -3.639268111617217, 47.981271065271756 ], [ -3.638778567377635, 47.981055360183916 ], [ -3.638151950024698, 47.98129947523239 ], [ -3.637973294256835, 47.981807655652403 ], [ -3.638692546501153, 47.981874225817364 ], [ -3.639349815442624, 47.981858680283182 ] ], [ [ -3.637522777665472, 47.982545645793209 ], [ -3.637439785184939, 47.982841532297456 ], [ -3.63785723868097, 47.983060263043868 ], [ -3.638797299856821, 47.983183273942373 ], [ -3.639226087015473, 47.983606752366526 ], [ -3.639563853913905, 47.983217680500431 ], [ -3.639499793047512, 47.982936667811416 ], [ -3.639285222433539, 47.982695740219938 ], [ -3.63902199760094, 47.982880220692138 ], [ -3.638127329547793, 47.982589427795688 ], [ -3.637820722065926, 47.982242658981164 ], [ -3.637522777665472, 47.982545645793209 ] ], [ [ -3.658925872615629, 47.985672169284229 ], [ -3.658842441749636, 47.985691370154754 ], [ -3.658439092008658, 47.985806794948502 ], [ -3.658889315321402, 47.986421538188139 ], [ -3.659054913819979, 47.985785617221069 ], [ -3.658925872615629, 47.985672169284229 ] ], [ [ -3.603595809340723, 47.986673852512169 ], [ -3.603019658324615, 47.986646915671216 ], [ -3.602151982025716, 47.98690005668125 ], [ -3.602116230044401, 47.987633199569927 ], [ -3.603049865976609, 47.987490300056095 ], [ -3.603756350775765, 47.987191203798986 ], [ -3.604209020640603, 47.987109663989415 ], [ -3.604360787210324, 47.986431225022415 ], [ -3.603595809340723, 47.986673852512169 ] ], [ [ -3.596288259916096, 47.98867581286629 ], [ -3.595031637683025, 47.988524058324742 ], [ -3.595117470376684, 47.989280308623435 ], [ -3.596157813232268, 47.989574828820054 ], [ -3.596944209122908, 47.989200441275116 ], [ -3.597167388391184, 47.988538750380457 ], [ -3.596288259916096, 47.98867581286629 ] ], [ [ -3.59331489068705, 47.997756799211103 ], [ -3.592327336857224, 47.997601202716041 ], [ -3.592710643172718, 47.998189043562675 ], [ -3.59332913586867, 47.998183457010356 ], [ -3.594704832992776, 47.998060904905785 ], [ -3.593611091793171, 47.997572118755613 ], [ -3.59331489068705, 47.997756799211103 ] ] ], [ [ [ -3.563616999911376, 48.016600405881256 ], [ -3.563457399911373, 48.016234344319969 ], [ -3.563226499911376, 48.015915931258839 ], [ -3.563194610095158, 48.015864096397721 ], [ -3.5638424863186, 48.015228059666711 ], [ -3.564155821339253, 48.015077473256426 ], [ -3.564216094757466, 48.015003919153983 ], [ -3.564408547509972, 48.014909427943536 ], [ -3.565218884415116, 48.014345667804463 ], [ -3.565227327879919, 48.014339555947188 ], [ -3.565234968046661, 48.014321324481401 ], [ -3.565381156952946, 48.013964529051279 ], [ -3.56577782073555, 48.013648617560236 ], [ -3.566074291469536, 48.013309702668508 ], [ -3.566468994669655, 48.013078627877022 ], [ -3.566670622584649, 48.012708850367545 ], [ -3.567004178779091, 48.012441155045778 ], [ -3.567137228940929, 48.012313907086252 ], [ -3.567586581361817, 48.011707648571573 ], [ -3.567700511923326, 48.011451627836607 ], [ -3.568115704863911, 48.010963112196478 ], [ -3.568255512549453, 48.010857448416473 ], [ -3.568356784180855, 48.01093516684 ], [ -3.5683879220038, 48.010963522769202 ], [ -3.568392785424286, 48.010968523087783 ], [ -3.568417134865156, 48.01095935992295 ], [ -3.568500449910124, 48.010927633529661 ], [ -3.569072551996042, 48.010848421180313 ], [ -3.569117706369147, 48.010773642944486 ], [ -3.569422513753271, 48.0106141442661 ], [ -3.569723713169958, 48.010449823242894 ], [ -3.569837220746541, 48.010388060729156 ], [ -3.569901108592089, 48.010352266780998 ], [ -3.570471574649114, 48.010032787258154 ], [ -3.570500371977238, 48.010006247388432 ], [ -3.570570576569386, 48.009970426788158 ], [ -3.571133234840858, 48.009623517657118 ], [ -3.571206589931247, 48.009654558702195 ], [ -3.572598475253829, 48.010243682755657 ], [ -3.571987575516657, 48.010463538494179 ], [ -3.571952369434347, 48.010475854896356 ], [ -3.571740331229695, 48.010587579457123 ], [ -3.57120275407002, 48.011172619533255 ], [ -3.571232907773337, 48.011210300910435 ], [ -3.571735657804531, 48.01184455739542 ], [ -3.571702901105655, 48.012025604975733 ], [ -3.571517839431971, 48.012358796685774 ], [ -3.57045902709936, 48.013296939910944 ], [ -3.568920963300912, 48.014396590241304 ], [ -3.568155497310937, 48.01494364830576 ], [ -3.564754904899017, 48.017133623733372 ], [ -3.56589698146853, 48.016317604699609 ], [ -3.568336347233374, 48.014155652420996 ], [ -3.56876276821539, 48.01338790822345 ], [ -3.568839230976185, 48.012970572137434 ], [ -3.568730116457973, 48.012833098498916 ], [ -3.57069404076339, 48.010695892999635 ], [ -3.57146933976051, 48.010288136447059 ], [ -3.571596122194547, 48.010242726061847 ], [ -3.571308918485423, 48.010121138400152 ], [ -3.571184096765834, 48.010198148767472 ], [ -3.570401256470729, 48.010554887707528 ], [ -3.570235401726546, 48.010647926834324 ], [ -3.569941950441252, 48.010807807980441 ], [ -3.568964799328282, 48.011341426360545 ], [ -3.568648238255993, 48.011461007488208 ], [ -3.568580513998115, 48.011398057980969 ], [ -3.568253432295784, 48.011678448957127 ], [ -3.568137665665835, 48.012349320912492 ], [ -3.568110334935192, 48.012403773809964 ], [ -3.567752481488158, 48.012979084849647 ], [ -3.567335385620232, 48.013301024666575 ], [ -3.5669984506158, 48.013474582953194 ], [ -3.566411199707808, 48.013902646754971 ], [ -3.565887985596433, 48.014623857593946 ], [ -3.565868529164693, 48.014670501631969 ], [ -3.565845816451826, 48.014686438556225 ], [ -3.565112918080943, 48.01534015912533 ], [ -3.564652205718023, 48.015745634893534 ], [ -3.564175497026654, 48.016222949330015 ], [ -3.563786600290995, 48.016816321762391 ], [ -3.563722797770453, 48.016882301637025 ], [ -3.563616999911376, 48.016600405881256 ] ] ], [ [ [ -3.621900981211406, 47.926000154225775 ], [ -3.622056872631922, 47.926591227129052 ], [ -3.622134205269698, 47.927528510431372 ], [ -3.620831653242186, 47.927156627053165 ], [ -3.620345818923641, 47.926022198919199 ], [ -3.621900981211406, 47.926000154225775 ] ] ], [ [ [ -3.620543170879885, 47.938966878233657 ], [ -3.621018903296788, 47.939410476707039 ], [ -3.620641479693833, 47.939984554144118 ], [ -3.620098336170548, 47.939605189331871 ], [ -3.6201348231193, 47.939253701205345 ], [ -3.620543170879885, 47.938966878233657 ] ] ], [ [ [ -3.618075688313009, 47.976688213513469 ], [ -3.617680393604336, 47.976452870730157 ], [ -3.617789645505384, 47.976317305386289 ], [ -3.617845094466076, 47.975611366499606 ], [ -3.617822772990784, 47.975549795594617 ], [ -3.617899431242106, 47.975559741140529 ], [ -3.618025494378634, 47.975531751901428 ], [ -3.617980028278043, 47.975633191284885 ], [ -3.617886372888409, 47.976314013503554 ], [ -3.618075688313009, 47.976688213513469 ] ] ], [ [ [ -3.612190774448916, 47.976542843777622 ], [ -3.611703711109517, 47.976263075449623 ], [ -3.611981985057584, 47.975829515610627 ], [ -3.612491183391266, 47.975670025715644 ], [ -3.612707485647586, 47.975963722041087 ], [ -3.613066491763702, 47.97647642166946 ], [ -3.613429227006771, 47.976501851154694 ], [ -3.613069738403298, 47.976490887320679 ], [ -3.613056150288692, 47.976482804234536 ], [ -3.612190774448916, 47.976542843777622 ] ] ], [ [ [ -3.610770401658902, 47.975170580979849 ], [ -3.610831492467509, 47.975157852490938 ], [ -3.611066087531758, 47.975131716705093 ], [ -3.611005976447367, 47.975303644164327 ], [ -3.610855035808276, 47.976012281848384 ], [ -3.610922171729557, 47.976107835745836 ], [ -3.611108453799045, 47.97661281985441 ], [ -3.61114405399583, 47.976909671132461 ], [ -3.611059672140158, 47.977341717861592 ], [ -3.610601551002124, 47.977047813575197 ], [ -3.609689758476306, 47.977200527806843 ], [ -3.609350516808798, 47.977356798803427 ], [ -3.609293973893867, 47.977096606506919 ], [ -3.6094835502468, 47.97697459141915 ], [ -3.609641378509354, 47.976857307686174 ], [ -3.610567104673433, 47.97680445345614 ], [ -3.610733695990314, 47.976065791997087 ], [ -3.610084706745331, 47.975894949470842 ], [ -3.609564416683401, 47.976030159402001 ], [ -3.609205959783521, 47.975907522367621 ], [ -3.609175782417313, 47.975752492659879 ], [ -3.609234166843455, 47.975727760963906 ], [ -3.609284229067624, 47.975689228718963 ], [ -3.609444177069174, 47.975599564181522 ], [ -3.610108112874933, 47.975624242331762 ], [ -3.610740776571094, 47.975202931650401 ], [ -3.610770401658902, 47.975170580979849 ] ] ], [ [ [ -3.619725142699714, 47.975465998820624 ], [ -3.619916040311553, 47.975629112626933 ], [ -3.62014306206627, 47.975991341215405 ], [ -3.619889082702171, 47.976316465674927 ], [ -3.619738863553767, 47.976804816181001 ], [ -3.620030070038013, 47.977358749423161 ], [ -3.619109395093101, 47.977462308623288 ], [ -3.618393148440476, 47.97697885188586 ], [ -3.619159077786932, 47.976623273595777 ], [ -3.619448256005088, 47.97616739808312 ], [ -3.619510775522285, 47.975592895069695 ], [ -3.619453178661516, 47.975461530458631 ], [ -3.619619434427402, 47.975473097048166 ], [ -3.619725142699714, 47.975465998820624 ] ] ], [ [ [ -3.616175187005001, 47.97678888336732 ], [ -3.615718575124988, 47.977382228878469 ], [ -3.614573024414977, 47.977538757705261 ], [ -3.614258716586594, 47.97657392215622 ], [ -3.615264630625461, 47.976875158672925 ], [ -3.616140962550619, 47.976556100090306 ], [ -3.616165309641856, 47.976529772084248 ], [ -3.616184411064391, 47.976559259665635 ], [ -3.616279564168719, 47.976614921093429 ], [ -3.616175187005001, 47.97678888336732 ] ] ], [ [ [ -3.641829965411353, 47.97802166488745 ], [ -3.641181722117978, 47.977998942314301 ], [ -3.640922004810669, 47.977562865651564 ], [ -3.641335059212437, 47.977338896280642 ], [ -3.641820673610426, 47.977184223911493 ], [ -3.642292346909789, 47.977574680780762 ], [ -3.641829965411353, 47.97802166488745 ] ] ], [ [ [ -3.610510363223891, 47.97848689240449 ], [ -3.610687424781288, 47.978395574804821 ], [ -3.610797081469557, 47.978569647944767 ], [ -3.61057585973736, 47.978609377970827 ], [ -3.610480506906684, 47.978575924246002 ], [ -3.609810919672049, 47.978482499840908 ], [ -3.610510363223891, 47.97848689240449 ] ] ], [ [ [ -3.645275568446098, 47.980130451906334 ], [ -3.645256112521662, 47.980399401370178 ], [ -3.645214855749626, 47.980439188842084 ], [ -3.645177810908032, 47.980450563259168 ], [ -3.644929905148812, 47.980478012708772 ], [ -3.645013333858528, 47.980322773230327 ], [ -3.645275568446098, 47.980130451906334 ] ] ], [ [ [ -3.667741147114982, 47.988611393677687 ], [ -3.668134067921653, 47.988504783602721 ], [ -3.668653326242648, 47.988533928666058 ], [ -3.669200080126313, 47.988622286441839 ], [ -3.669224110570669, 47.989169233027141 ], [ -3.668405335307086, 47.989299389969972 ], [ -3.667946282355807, 47.989178732828634 ], [ -3.667673080045915, 47.989035662780694 ], [ -3.667540860902302, 47.988836824463775 ], [ -3.667500261471436, 47.98872204736702 ], [ -3.667741147114982, 47.988611393677687 ] ] ], [ [ [ -3.676447289841585, 47.992625083508713 ], [ -3.676155167458953, 47.992532214496819 ], [ -3.676086487192068, 47.992322211952043 ], [ -3.676115306655293, 47.992328442475653 ], [ -3.676613357311572, 47.992402499454272 ], [ -3.676849412256159, 47.992611781759763 ], [ -3.676893743531538, 47.992453927172306 ], [ -3.676972753630506, 47.992469102659967 ], [ -3.677000091302685, 47.992532755485044 ], [ -3.677038838557439, 47.992560934313559 ], [ -3.677281960039873, 47.992646871757202 ], [ -3.677327699629629, 47.992673808000248 ], [ -3.677338100716492, 47.992717214156173 ], [ -3.677125105826792, 47.992825053787612 ], [ -3.677077512512766, 47.992831326527792 ], [ -3.676909857193762, 47.99270243108144 ], [ -3.676829055253808, 47.992667304171377 ], [ -3.676754067955252, 47.992645772505881 ], [ -3.676573634141838, 47.992623870103117 ], [ -3.676447289841585, 47.992625083508713 ] ] ], [ [ [ -3.595575064457467, 47.976685679890906 ], [ -3.595654693239222, 47.976515984431828 ], [ -3.595931709941392, 47.976570839798228 ], [ -3.595924918386857, 47.976751333117008 ], [ -3.595747087825695, 47.976778888081341 ], [ -3.595644410544914, 47.976856354201544 ], [ -3.595595292269276, 47.976768967157369 ], [ -3.595575064457467, 47.976685679890906 ] ] ], [ [ [ -3.574389728203734, 47.978680689849355 ], [ -3.573253612454592, 47.978252060074581 ], [ -3.571787764880276, 47.979244225663962 ], [ -3.571818761048622, 47.980076296537405 ], [ -3.570868830870741, 47.979533113183848 ], [ -3.570375306651279, 47.97895986747811 ], [ -3.571198621433135, 47.978444769885655 ], [ -3.57249573725499, 47.977956488441777 ], [ -3.573127942668493, 47.977735533478395 ], [ -3.573413747136537, 47.977941660062029 ], [ -3.573873975119054, 47.978027034807894 ], [ -3.574389728203734, 47.978680689849355 ] ] ], [ [ [ -3.593360686441593, 47.980325485120517 ], [ -3.593467380794455, 47.980359480473567 ], [ -3.593528524360711, 47.980462888275994 ], [ -3.59341310542791, 47.980643819218059 ], [ -3.593282748025198, 47.980466870737956 ], [ -3.593297368101942, 47.980380448200293 ], [ -3.593360686441593, 47.980325485120517 ] ] ], [ [ [ -3.573664927878164, 47.981697792476268 ], [ -3.573604497386861, 47.981759548063977 ], [ -3.573491880532485, 47.981732010170475 ], [ -3.573341315614775, 47.981539320900026 ], [ -3.573586909637102, 47.981673706311369 ], [ -3.573664927878164, 47.981697792476268 ] ] ], [ [ [ -3.579095995904039, 47.980543924099095 ], [ -3.579633460418969, 47.980607697070155 ], [ -3.579829700616217, 47.980694817511207 ], [ -3.580944362061708, 47.980890563479647 ], [ -3.581593982646732, 47.981244909076437 ], [ -3.581656864955085, 47.981736579359236 ], [ -3.581918231005965, 47.98210567401658 ], [ -3.581538276185, 47.982485527241721 ], [ -3.581283938984547, 47.983033509789223 ], [ -3.58119418123617, 47.983102800710739 ], [ -3.581171457316147, 47.98318614948721 ], [ -3.58126232526972, 47.983254612905654 ], [ -3.581449162596267, 47.983256514098699 ], [ -3.581974271594702, 47.983430494155328 ], [ -3.582259439264865, 47.983487218338112 ], [ -3.582326748258323, 47.983828375921107 ], [ -3.582387162478262, 47.984151470461526 ], [ -3.582074100150381, 47.984465406310747 ], [ -3.581721029658216, 47.984634833798467 ], [ -3.581359171217862, 47.984652410810369 ], [ -3.581048909284958, 47.984507702329125 ], [ -3.58092301247585, 47.984447117131097 ], [ -3.580351962600737, 47.984135248146785 ], [ -3.580179767400641, 47.98404661803059 ], [ -3.579621630017436, 47.983660547165968 ], [ -3.579431168588561, 47.983687680701564 ], [ -3.579426541389737, 47.983542808373954 ], [ -3.578872247771214, 47.983155433330779 ], [ -3.578808258571054, 47.983077548683866 ], [ -3.578361963480092, 47.982472637864959 ], [ -3.578179249898572, 47.98318000661618 ], [ -3.578229484668625, 47.983287644334851 ], [ -3.577879752031462, 47.983385430886401 ], [ -3.577015943300427, 47.983451773456395 ], [ -3.576733090718272, 47.983651094855631 ], [ -3.576112802494344, 47.983623035848979 ], [ -3.576394803763957, 47.983179181431609 ], [ -3.576641718866558, 47.982227205253665 ], [ -3.576688770303149, 47.982151851640992 ], [ -3.57697854728178, 47.981986374594669 ], [ -3.576802546971967, 47.981247305788344 ], [ -3.576808558296656, 47.981038300184153 ], [ -3.575441881676656, 47.981195059531601 ], [ -3.575258731830237, 47.980728705662685 ], [ -3.574843073730262, 47.980115974204111 ], [ -3.574551572175201, 47.979843244224639 ], [ -3.574979391150127, 47.979116741104065 ], [ -3.576045621979178, 47.97984087215535 ], [ -3.576323038868446, 47.980085433919811 ], [ -3.576837079861515, 47.980952004025497 ], [ -3.576980747232337, 47.980943239495218 ], [ -3.578222372669699, 47.980736929581809 ], [ -3.579095995904039, 47.980543924099095 ] ], [ [ -3.578398880672968, 47.98149623002702 ], [ -3.578977239679826, 47.982065177823856 ], [ -3.578851719772793, 47.982261984674352 ], [ -3.579099243465195, 47.98224534022016 ], [ -3.579158038671017, 47.982210054756578 ], [ -3.579177268193503, 47.982169074283803 ], [ -3.579995833243397, 47.981896060492403 ], [ -3.580500055213689, 47.98146951933596 ], [ -3.57960671433084, 47.980797443068468 ], [ -3.578398880672968, 47.98149623002702 ] ] ], [ [ [ -3.594940425619092, 47.982643126480781 ], [ -3.594962912948114, 47.982632850543197 ], [ -3.594989969768287, 47.982635381778863 ], [ -3.59501094738788, 47.98266521555523 ], [ -3.594969545340531, 47.982657955293575 ], [ -3.594953701927488, 47.98265947780969 ], [ -3.594940425619092, 47.982643126480781 ] ] ], [ [ [ -3.586403690228567, 47.982984089006635 ], [ -3.585973031411563, 47.983185219037978 ], [ -3.585298656382534, 47.983352213056037 ], [ -3.58505087569335, 47.983442552715374 ], [ -3.584677813836078, 47.983439229317113 ], [ -3.584833321331802, 47.983250678560665 ], [ -3.584877435131444, 47.983219540677069 ], [ -3.585735729342699, 47.982830553126377 ], [ -3.585799232592096, 47.98277084678503 ], [ -3.585848295426038, 47.982742412123045 ], [ -3.586191696553306, 47.982644790559192 ], [ -3.586403690228567, 47.982984089006635 ] ] ], [ [ [ -3.582981392310746, 47.983899845790717 ], [ -3.58303626718573, 47.983617206339744 ], [ -3.583186965915688, 47.983505929642291 ], [ -3.58339552370227, 47.983517915355577 ], [ -3.583411121600149, 47.983573075082404 ], [ -3.583378584386773, 47.983598622394965 ], [ -3.583184362566165, 47.983758820462512 ], [ -3.583165811632783, 47.98379858928115 ], [ -3.582981392310746, 47.983899845790717 ] ] ], [ [ [ -3.590181732509854, 47.984053871669033 ], [ -3.590261873076609, 47.984105570127099 ], [ -3.590274293741143, 47.984228382683483 ], [ -3.590109722048358, 47.984305835996238 ], [ -3.589778720266906, 47.984174976436407 ], [ -3.589786692430675, 47.983795951549752 ], [ -3.590181732509854, 47.984053871669033 ] ] ], [ [ [ -3.573411374894355, 47.983124570886389 ], [ -3.574284245199985, 47.983436080029009 ], [ -3.574653516085862, 47.983739785658926 ], [ -3.575157221839263, 47.983861725680626 ], [ -3.574999934508853, 47.984246949762039 ], [ -3.575087933862628, 47.984875021021708 ], [ -3.575128254477907, 47.985211197831418 ], [ -3.574855764082685, 47.985486867940764 ], [ -3.574242883295438, 47.985529732675715 ], [ -3.573291801151234, 47.985048587313216 ], [ -3.571916233320156, 47.985505121735102 ], [ -3.571813675122927, 47.985545348694046 ], [ -3.571733409753508, 47.985497163268647 ], [ -3.571682814572234, 47.985415867822056 ], [ -3.571780230123871, 47.985228000034681 ], [ -3.572336585077164, 47.984443410143015 ], [ -3.571892695812663, 47.984042601661258 ], [ -3.571571106194223, 47.98308044762399 ], [ -3.572633633834263, 47.982852348448915 ], [ -3.573411374894355, 47.983124570886389 ] ] ], [ [ [ -3.585442312590759, 47.98508401323879 ], [ -3.585762035546949, 47.985296160736254 ], [ -3.58646111235677, 47.985261415419899 ], [ -3.586027427198547, 47.98467224955165 ], [ -3.585411167743001, 47.984453561181823 ], [ -3.585969006813593, 47.984245782299297 ], [ -3.586189994612196, 47.984112467775589 ], [ -3.587095767472935, 47.983937991603796 ], [ -3.587111257421208, 47.983929108813669 ], [ -3.587263598193716, 47.983841148948642 ], [ -3.58724041045267, 47.983987150289124 ], [ -3.587116000727468, 47.983954022940509 ], [ -3.586497343219231, 47.984501932139324 ], [ -3.586640318250371, 47.985264844014296 ], [ -3.587451484769581, 47.985539666163007 ], [ -3.588033695455189, 47.985204747451178 ], [ -3.587507763027725, 47.98558782491466 ], [ -3.587467085276633, 47.985594825594134 ], [ -3.587389757198141, 47.985652724284122 ], [ -3.586639532969415, 47.985486517228324 ], [ -3.586521429782915, 47.986106325921568 ], [ -3.586593731122295, 47.986282119352353 ], [ -3.58661800345376, 47.986341741966385 ], [ -3.586617945698001, 47.986343272871494 ], [ -3.586428306271495, 47.986884129758806 ], [ -3.586366475651916, 47.986966391178157 ], [ -3.586240834462621, 47.987133172483666 ], [ -3.585953868171835, 47.987475213947903 ], [ -3.585743650165223, 47.987590665520699 ], [ -3.585658404644381, 47.98755709450009 ], [ -3.585506750090987, 47.987476080761411 ], [ -3.585438286294265, 47.987432886748365 ], [ -3.584937105540094, 47.987109406535794 ], [ -3.584920467294451, 47.987098502628712 ], [ -3.584730094456825, 47.986972590702734 ], [ -3.58472886135543, 47.986971800014672 ], [ -3.584727616696908, 47.986971315507574 ], [ -3.584593475699468, 47.986894787779676 ], [ -3.58489555188822, 47.986436920433277 ], [ -3.584223068795418, 47.986235335375099 ], [ -3.583864872551995, 47.986406656307267 ], [ -3.583724098427817, 47.986321875345183 ], [ -3.583723478995229, 47.986321556543118 ], [ -3.583722245910171, 47.986320765848589 ], [ -3.583570114173204, 47.98623575758964 ], [ -3.583553522471418, 47.986223628840079 ], [ -3.583217440011315, 47.985976525567906 ], [ -3.583103654252719, 47.985879414719136 ], [ -3.582842370101882, 47.98570841846032 ], [ -3.582829425756437, 47.985700039562275 ], [ -3.582829454663767, 47.98569927411053 ], [ -3.582816997713238, 47.98559438517195 ], [ -3.582818317503983, 47.985592879517213 ], [ -3.583009991454518, 47.98533304675658 ], [ -3.583528499702157, 47.985230659833519 ], [ -3.583531093009173, 47.985228873236935 ], [ -3.584114172674728, 47.984904708492678 ], [ -3.584146016607496, 47.984897531877181 ], [ -3.584349138139257, 47.984852874748057 ], [ -3.585117300806392, 47.984560291863886 ], [ -3.585442312590759, 47.98508401323879 ] ], [ [ -3.58428371228106, 47.986034009867808 ], [ -3.58522158102071, 47.986314746329597 ], [ -3.584799664792874, 47.986952992632212 ], [ -3.58480089211615, 47.986953936410231 ], [ -3.584802744658017, 47.986955045896352 ], [ -3.584826167816901, 47.986970222049052 ], [ -3.585112148199755, 47.986972263368813 ], [ -3.585394107984966, 47.986545400243543 ], [ -3.585960057277183, 47.986691995329139 ], [ -3.586077056442321, 47.986536685152686 ], [ -3.586078520606386, 47.986531352211372 ], [ -3.585998733387264, 47.986336411364803 ], [ -3.585368377431862, 47.98617305488645 ], [ -3.585075606586336, 47.985731943049018 ], [ -3.584845295565718, 47.985643687391061 ], [ -3.584070266634918, 47.985415385008736 ], [ -3.583926994125954, 47.985446990777149 ], [ -3.583921182307267, 47.985450398270743 ], [ -3.582900065118877, 47.985652120503488 ], [ -3.582898073870719, 47.985654685167276 ], [ -3.582898033401225, 47.985655756799702 ], [ -3.582916529453514, 47.985667617296528 ], [ -3.583891209010707, 47.985474924543382 ], [ -3.584232254203986, 47.986025473646265 ], [ -3.583757016005594, 47.986252825022106 ], [ -3.583781590998853, 47.986270935262922 ], [ -3.583783455076242, 47.986271738578097 ], [ -3.583784688161173, 47.986272529272242 ], [ -3.58428371228106, 47.986034009867808 ] ] ], [ [ [ -3.593797533053187, 47.986281791811123 ], [ -3.593825429360809, 47.986278824541884 ], [ -3.593847433444938, 47.986281408345789 ], [ -3.59394734269279, 47.986378388783351 ], [ -3.593532473349472, 47.986998716204525 ], [ -3.59366554616177, 47.987120564900152 ], [ -3.593458444793884, 47.9871870613607 ], [ -3.593407269939065, 47.987036818022986 ], [ -3.592742625799101, 47.986559497155042 ], [ -3.592713511793912, 47.986510962829001 ], [ -3.591847109888619, 47.986209936002339 ], [ -3.591807921102858, 47.986060084649409 ], [ -3.591720037745027, 47.985962423808061 ], [ -3.5918692356331, 47.986008145981899 ], [ -3.591894581473699, 47.986022593558857 ], [ -3.59190447548945, 47.986028153224524 ], [ -3.59275297118531, 47.986486011606814 ], [ -3.592754215877396, 47.986486496059698 ], [ -3.593772912765019, 47.986281607105383 ], [ -3.593797533053187, 47.986281791811123 ] ] ], [ [ [ -3.593059099668511, 48.007247605974825 ], [ -3.59297085303614, 48.007293186644759 ], [ -3.592876516327331, 48.007232166857918 ], [ -3.590950573926251, 48.006985681863938 ], [ -3.589942293089692, 48.006673848435625 ], [ -3.590107403388245, 48.005912947611094 ], [ -3.590920733527242, 48.005632420867414 ], [ -3.592646207994204, 48.00533163534466 ], [ -3.592846783972713, 48.006042993428181 ], [ -3.593154019474383, 48.007108702058758 ], [ -3.593089074777496, 48.007206378367258 ], [ -3.593059099668511, 48.007247605974825 ] ] ], [ [ [ -3.566464872635309, 47.9807751015599 ], [ -3.566107461009894, 47.980026553560734 ], [ -3.567119275651836, 47.979819835630579 ], [ -3.567335490708118, 47.979329937090029 ], [ -3.567756971052988, 47.979804458100105 ], [ -3.567733619117034, 47.980087267081274 ], [ -3.567658741029092, 47.980280181354118 ], [ -3.567400035554886, 47.980891485318097 ], [ -3.566464872635309, 47.9807751015599 ] ] ], [ [ [ -3.554611050722754, 47.981352321744041 ], [ -3.555966290382025, 47.982294129952564 ], [ -3.554229710530559, 47.981815590432674 ], [ -3.553848279251948, 47.981650709224454 ], [ -3.554234788969541, 47.981499627489868 ], [ -3.554611050722754, 47.981352321744041 ] ] ], [ [ [ -3.565947081366006, 47.983355413692664 ], [ -3.567630645690107, 47.982586443003242 ], [ -3.568757183768438, 47.983135182223251 ], [ -3.568978905922644, 47.983732696763568 ], [ -3.568861412489837, 47.984150275746813 ], [ -3.568350830193536, 47.984842778683415 ], [ -3.567722958105907, 47.98411530517609 ], [ -3.565947081366006, 47.983355413692664 ] ] ], [ [ [ -3.569562757303626, 48.002432906667934 ], [ -3.56977160163582, 48.002321734007154 ], [ -3.569903777458862, 48.00233373299929 ], [ -3.569978252389788, 48.002335074780831 ], [ -3.570159721698315, 48.002579559602182 ], [ -3.569743429428239, 48.002781710246651 ], [ -3.569562757303626, 48.002432906667934 ] ] ], [ [ [ -3.567035966008399, 48.00406085826404 ], [ -3.567081080202551, 48.00402039848575 ], [ -3.567091625032528, 48.004008813327047 ], [ -3.567399590898618, 48.003765577650668 ], [ -3.567406858207604, 48.003757144001213 ], [ -3.567420357075054, 48.003734280797502 ], [ -3.567733321853727, 48.003509070333962 ], [ -3.567780313151049, 48.00345240809834 ], [ -3.568143020373013, 48.003197860978446 ], [ -3.568588493114049, 48.002875878622632 ], [ -3.568637909321145, 48.002821869423045 ], [ -3.568990832115381, 48.002575397525533 ], [ -3.56907243807832, 48.002538580967624 ], [ -3.569150685368022, 48.002507059203623 ], [ -3.569326108155092, 48.002494494463505 ], [ -3.569320999118309, 48.002779204693553 ], [ -3.569058174529514, 48.002948124769873 ], [ -3.568792186095459, 48.003317070081749 ], [ -3.568639530714264, 48.003478702909959 ], [ -3.568453612931092, 48.003568119716533 ], [ -3.56786426930762, 48.003653417493069 ], [ -3.567621863848459, 48.003850016759728 ], [ -3.567418984764835, 48.00405353802384 ], [ -3.567450340743815, 48.004342504747044 ], [ -3.56747137341955, 48.0044707024514 ], [ -3.567443682688717, 48.004551346322032 ], [ -3.567367369072529, 48.004881508139832 ], [ -3.567335574231443, 48.005003742079211 ], [ -3.567260683160641, 48.00502996830653 ], [ -3.567073148462971, 48.005095297767326 ], [ -3.5666183509397, 48.005263115894934 ], [ -3.566573807410482, 48.005122035836948 ], [ -3.566588892253641, 48.005057378814953 ], [ -3.566630573001788, 48.004824421182235 ], [ -3.566645311185871, 48.004802195748709 ], [ -3.566676464253079, 48.004480472549702 ], [ -3.566699801705351, 48.004448001758092 ], [ -3.566744399331375, 48.00437122143957 ], [ -3.566854521520261, 48.004198777035057 ], [ -3.567035966008399, 48.00406085826404 ] ] ] ] } },
{ "type": "Feature", "properties": { "HAUTEUR": "10m>h>20m" }, "geometry": { "type": "MultiPolygon", "coordinates": [ [ [ [ -3.622700235540003, 47.97321888166482 ], [ -3.622699905803776, 47.973193902890671 ], [ -3.622714923813831, 47.973214423073415 ], [ -3.622716747933806, 47.973216297626692 ], [ -3.622716736497167, 47.973216603808254 ], [ -3.622717315945585, 47.973217994113242 ], [ -3.62271782105589, 47.973221374598495 ], [ -3.622715876851057, 47.973222714951817 ], [ -3.622704297396061, 47.973228460709507 ], [ -3.622700235540003, 47.97321888166482 ] ] ], [ [ [ -3.619024605340976, 47.973363794453959 ], [ -3.619024283528905, 47.973355515056554 ], [ -3.619032662853953, 47.973350931752279 ], [ -3.619329918815172, 47.973185385782756 ], [ -3.619103121054168, 47.973459111007401 ], [ -3.619026562898674, 47.973463415904632 ], [ -3.619024605340976, 47.973363794453959 ] ] ] ] } },
{ "type": "Feature", "properties": { "HAUTEUR": "5m>h>10m" }, "geometry": { "type": "MultiPolygon", "coordinates": [ [ [ [ -3.559440699911373, 48.012742208176562 ], [ -3.559359299911375, 48.012611399849121 ], [ -3.559250699911374, 48.012506499519979 ], [ -3.559214490690251, 48.012305854868224 ], [ -3.559292147965592, 48.012267079434565 ], [ -3.559356256229208, 48.012225624727137 ], [ -3.559434290619046, 48.012183377855493 ], [ -3.559664356220655, 48.012063143752314 ], [ -3.559684288661879, 48.012053892809391 ], [ -3.55974201792156, 48.012030694597485 ], [ -3.559835138824083, 48.011973736786985 ], [ -3.559924196100491, 48.011940597662459 ], [ -3.560044131302638, 48.011826266637001 ], [ -3.560164193624619, 48.01177505996597 ], [ -3.560238970410536, 48.011652312808124 ], [ -3.560328899990025, 48.011596209797446 ], [ -3.560376257624475, 48.011480264817337 ], [ -3.560588462007477, 48.011364572886976 ], [ -3.560681186310291, 48.011284778662244 ], [ -3.560721245625269, 48.011244524896952 ], [ -3.560819114853965, 48.011178929305231 ], [ -3.560849983109946, 48.011147836287577 ], [ -3.561036553394954, 48.01109168575897 ], [ -3.561069059053545, 48.011067366819347 ], [ -3.561197900808544, 48.011067660954623 ], [ -3.56125073698404, 48.011040227228989 ], [ -3.561342887651091, 48.011025381486547 ], [ -3.561536362496805, 48.011020234536574 ], [ -3.561631846337721, 48.011017405954959 ], [ -3.561761575079187, 48.011010976376312 ], [ -3.561902905985529, 48.011015045047671 ], [ -3.56208054971071, 48.01101095795083 ], [ -3.562212934050445, 48.011017757385488 ], [ -3.562475888078166, 48.011045874259352 ], [ -3.562692061586552, 48.011075041653811 ], [ -3.562807297147972, 48.011067707030392 ], [ -3.562965719617015, 48.011120685631113 ], [ -3.563353901946136, 48.011077932758454 ], [ -3.56340603741112, 48.011085569030044 ], [ -3.563464792487788, 48.011085218350232 ], [ -3.563662578984276, 48.011016421235425 ], [ -3.563794997965811, 48.010905862717948 ], [ -3.564145065283399, 48.010752338389892 ], [ -3.564283210182362, 48.010640668997894 ], [ -3.564711084837158, 48.010583850057785 ], [ -3.564887199013283, 48.010536831245389 ], [ -3.564914770578112, 48.010509348321207 ], [ -3.564917465931049, 48.010488259767797 ], [ -3.564919824246978, 48.010476050514413 ], [ -3.564779750447301, 48.01008944861654 ], [ -3.564817905787166, 48.009982816628394 ], [ -3.56498383075191, 48.009655068871865 ], [ -3.565055631469637, 48.00956060371098 ], [ -3.56541892484326, 48.009391256169437 ], [ -3.565547180973659, 48.009290418211762 ], [ -3.565722746838838, 48.009207843392076 ], [ -3.56611711073299, 48.009018589041446 ], [ -3.566327947557066, 48.00895526054812 ], [ -3.566499483242824, 48.008912284930602 ], [ -3.566769983174128, 48.008541593716188 ], [ -3.566788378985446, 48.008539511953401 ], [ -3.566822677033313, 48.008517832617144 ], [ -3.567018386186583, 48.00837039471044 ], [ -3.567317229423125, 48.008018350755819 ], [ -3.567075433507015, 48.007632465548866 ], [ -3.567025485104732, 48.007550568384957 ], [ -3.566850298648613, 48.007390164159261 ], [ -3.566333416968581, 48.007096498106506 ], [ -3.566103165497856, 48.007005768824513 ], [ -3.565966604955369, 48.006959360525087 ], [ -3.565398941377195, 48.006589293079088 ], [ -3.565366224019551, 48.006569331342618 ], [ -3.565320019282811, 48.006521980732387 ], [ -3.564861343341735, 48.005926435076887 ], [ -3.564835093090244, 48.005869220513915 ], [ -3.564820510933544, 48.005804120468667 ], [ -3.564779636399604, 48.005183726270815 ], [ -3.564999185625702, 48.004990501230694 ], [ -3.565209748960485, 48.004701187274947 ], [ -3.56532012841638, 48.004488761640076 ], [ -3.565368116541261, 48.004439167549535 ], [ -3.565410916325638, 48.004393146160538 ], [ -3.565691280618245, 48.003878793587774 ], [ -3.565684627917745, 48.003787807711433 ], [ -3.565716499419126, 48.003713529640095 ], [ -3.565973828968557, 48.003190287516347 ], [ -3.566037749602756, 48.002720764863355 ], [ -3.566034948227294, 48.002478334092899 ], [ -3.566212707365366, 48.001871526967264 ], [ -3.566275718194529, 48.001775506285625 ], [ -3.5663758215997, 48.001750553173139 ], [ -3.567172448968621, 48.001295291847114 ], [ -3.567227297346139, 48.001281226140264 ], [ -3.567284573458979, 48.001303059744217 ], [ -3.567963510351997, 48.001402953014022 ], [ -3.56808129740512, 48.001411293776826 ], [ -3.56830875203618, 48.001392267877975 ], [ -3.568457382798559, 48.001386673113799 ], [ -3.569197879325782, 48.001162232201878 ], [ -3.569328201056462, 48.001106476719357 ], [ -3.56938197404199, 48.001070786543323 ], [ -3.56961733868377, 48.001026332226346 ], [ -3.570219237680882, 48.00054263570452 ], [ -3.570433421041794, 48.000507100875524 ], [ -3.571073523479151, 48.000448399697149 ], [ -3.571908111242997, 48.000257243965052 ], [ -3.571924235182936, 48.000265074624195 ], [ -3.572239328928678, 48.000966804190938 ], [ -3.572380526808418, 48.001124069777148 ], [ -3.572165690273439, 48.001226851809548 ], [ -3.572117736609374, 48.001742505018854 ], [ -3.572310326520075, 48.00179355653961 ], [ -3.572392069712528, 48.001853108762234 ], [ -3.573088289417988, 48.00201384664858 ], [ -3.573154249403858, 48.00197319075869 ], [ -3.57328415506444, 48.001995100278691 ], [ -3.573872405111185, 48.001954959800358 ], [ -3.574244643113589, 48.002315566658936 ], [ -3.574544919499214, 48.002408302439022 ], [ -3.574662298032897, 48.002394109301974 ], [ -3.575181267523914, 48.00238229787503 ], [ -3.575216527739541, 48.002385149576568 ], [ -3.575318864157953, 48.002367896771261 ], [ -3.575333075081262, 48.00227610402078 ], [ -3.575328012313541, 48.001542139583322 ], [ -3.575322344565465, 48.001525019967545 ], [ -3.575319658443115, 48.00151255633584 ], [ -3.575315269786011, 48.001511702329935 ], [ -3.575076843806326, 48.000802782428835 ], [ -3.575061571836356, 48.000755748077012 ], [ -3.575017722497006, 48.000679491097713 ], [ -3.574936114917438, 48.000165836618535 ], [ -3.574930368889973, 48.000067362407933 ], [ -3.574913214542349, 47.999869840862857 ], [ -3.574451737673422, 47.999597838613653 ], [ -3.574502068042208, 47.999269299109656 ], [ -3.574311382936183, 47.998867750094547 ], [ -3.574280188107953, 47.998574039380799 ], [ -3.574333351886295, 47.998187338180543 ], [ -3.574194147025807, 47.99787736676349 ], [ -3.574346529360293, 47.997272037005089 ], [ -3.574349185579829, 47.997151822748279 ], [ -3.574369850877774, 47.997089728639622 ], [ -3.574678971220495, 47.996631402869909 ], [ -3.574857339381985, 47.996323815573248 ], [ -3.574866984855719, 47.996319259532441 ], [ -3.574869833575112, 47.996310737054756 ], [ -3.57581670992856, 47.995721179963439 ], [ -3.575826957385484, 47.995717401975824 ], [ -3.575829649592378, 47.995713012936378 ], [ -3.576019475064367, 47.995703335327264 ], [ -3.576577809087295, 47.995134177143399 ], [ -3.576586233836238, 47.995061725935045 ], [ -3.57736306151115, 47.99489344311273 ], [ -3.578047747998417, 47.994656666468629 ], [ -3.578390209336557, 47.994752232799669 ], [ -3.578548079699522, 47.994485291322434 ], [ -3.579223965981371, 47.994213862712613 ], [ -3.579689753862284, 47.994037349854011 ], [ -3.579810248091517, 47.993706537969018 ], [ -3.580255396936728, 47.993424357620142 ], [ -3.580604487263075, 47.993160629906825 ], [ -3.580868935101114, 47.992863953250264 ], [ -3.58107082607468, 47.992501371048732 ], [ -3.581216510275272, 47.992222386950615 ], [ -3.581310581513577, 47.991738298794957 ], [ -3.581409126592012, 47.991587064620049 ], [ -3.581677107025351, 47.991347144211417 ], [ -3.58209487748437, 47.991003589187443 ], [ -3.582349111709659, 47.990910164563076 ], [ -3.582940873445078, 47.990373831745202 ], [ -3.582973654129777, 47.99019140599863 ], [ -3.583232809868722, 47.990168247188237 ], [ -3.583717415095329, 47.989693349218484 ], [ -3.583485031865343, 47.989442345398118 ], [ -3.583533600864613, 47.989310027485971 ], [ -3.5835451724195, 47.989087190685666 ], [ -3.58345945169915, 47.988949122497075 ], [ -3.583422087349845, 47.988918499879574 ], [ -3.583397685181045, 47.988895796853541 ], [ -3.583201184191922, 47.988514059557559 ], [ -3.583190531358567, 47.98849515529659 ], [ -3.583177533716506, 47.988471454736001 ], [ -3.583016717756694, 47.988315337812097 ], [ -3.583005798199841, 47.988286776215446 ], [ -3.582939568232821, 47.98821788730163 ], [ -3.582529651375014, 47.98818670509695 ], [ -3.582337215188696, 47.988115443953077 ], [ -3.581916932297926, 47.987974204114479 ], [ -3.581683645573262, 47.987947933440694 ], [ -3.581291541285478, 47.987863176355461 ], [ -3.581129524058915, 47.987855950138453 ], [ -3.580553005709123, 47.987755090451216 ], [ -3.580439742179643, 47.987443652836987 ], [ -3.58029250370756, 47.987379575821862 ], [ -3.580180850577929, 47.987058977942468 ], [ -3.580158255830088, 47.987038608761409 ], [ -3.580179019447087, 47.986973758640104 ], [ -3.580196601318891, 47.986742462909689 ], [ -3.580392341962695, 47.986458813817421 ], [ -3.579932413902775, 47.986264072736617 ], [ -3.579266755839698, 47.986550414521446 ], [ -3.579130837735461, 47.986571133083473 ], [ -3.578590762159725, 47.986007701455847 ], [ -3.57852688589154, 47.985659563243715 ], [ -3.578860524067479, 47.985169245196758 ], [ -3.579121936776508, 47.985152878723795 ], [ -3.579618348212013, 47.98479987466834 ], [ -3.579701527132021, 47.984754352818499 ], [ -3.579733846092792, 47.984751323034416 ], [ -3.579766396785681, 47.98475886910272 ], [ -3.580656201053595, 47.984907215877243 ], [ -3.580981126702704, 47.985048235200424 ], [ -3.581523207003255, 47.985090799030218 ], [ -3.581609036076261, 47.985192407150095 ], [ -3.581757018917951, 47.985102985569512 ], [ -3.581890425891069, 47.985031656902791 ], [ -3.581929603431926, 47.984997509964927 ], [ -3.582464596611831, 47.984742862803799 ], [ -3.582714625704675, 47.984459378733987 ], [ -3.5830635247206, 47.984266578650917 ], [ -3.583170562308769, 47.984207897282502 ], [ -3.583234387714342, 47.984173170747439 ], [ -3.583394596878558, 47.983826759853613 ], [ -3.583403551034581, 47.983807022211806 ], [ -3.583501301539259, 47.98372670607192 ], [ -3.583517573043485, 47.983713855859733 ], [ -3.583820207215469, 47.983475239698265 ], [ -3.583813531390305, 47.983451359260769 ], [ -3.583663289566951, 47.982931743955632 ], [ -3.583648806135887, 47.982930688211425 ], [ -3.583599653986196, 47.982928019738083 ], [ -3.583530896638167, 47.98284253434268 ], [ -3.583646740950808, 47.982751242896413 ], [ -3.583956097091177, 47.982685730468461 ], [ -3.584409266136644, 47.982423619821972 ], [ -3.584508347902441, 47.982374890249204 ], [ -3.584771161255741, 47.981969861035452 ], [ -3.585460350299047, 47.981928794067159 ], [ -3.585653867056316, 47.981803817086657 ], [ -3.585963914703841, 47.981753329388354 ], [ -3.586430084525379, 47.981531307443092 ], [ -3.586599440816672, 47.981444148007355 ], [ -3.587169942378612, 47.981603240268001 ], [ -3.587487287179668, 47.981543397126231 ], [ -3.58771651793644, 47.98149267041687 ], [ -3.587929425951641, 47.981456171826252 ], [ -3.588264444245483, 47.981413226695111 ], [ -3.588483273427093, 47.981320159712453 ], [ -3.588890264162792, 47.981411480481 ], [ -3.589183886492926, 47.981411370378865 ], [ -3.589450021745584, 47.98158766323894 ], [ -3.589613547265226, 47.981705373654137 ], [ -3.589787586072976, 47.981828962480691 ], [ -3.5900066838479, 47.981996808100675 ], [ -3.590398577612764, 47.982237505842903 ], [ -3.590680278061136, 47.982419776294464 ], [ -3.590882349681176, 47.982553575703875 ], [ -3.591113785496638, 47.982712473974644 ], [ -3.591400984041863, 47.982866203624866 ], [ -3.591698795795947, 47.982989656747804 ], [ -3.591880193342578, 47.983169463687517 ], [ -3.592206386607169, 47.983478248356548 ], [ -3.592250841360302, 47.983538579291206 ], [ -3.592351827621915, 47.983707435483709 ], [ -3.592409481885549, 47.983853212103227 ], [ -3.592531156805301, 47.983975753350364 ], [ -3.592950768346645, 47.984168279313693 ], [ -3.592675775044482, 47.984461543243157 ], [ -3.592661572240568, 47.984520090803358 ], [ -3.593103776868966, 47.984766689206822 ], [ -3.593114793154186, 47.984843052203246 ], [ -3.593107936267503, 47.985276640614856 ], [ -3.593149080543356, 47.985408145942117 ], [ -3.593255642002524, 47.98544581566594 ], [ -3.593314689150495, 47.98548759319273 ], [ -3.593423838659588, 47.985490077144561 ], [ -3.59354394869674, 47.985469798834401 ], [ -3.594118379387023, 47.985089357302144 ], [ -3.59473638214787, 47.985413303235688 ], [ -3.594769245407365, 47.985412579763434 ], [ -3.594806983692007, 47.985416549673516 ], [ -3.594880423301947, 47.98536117492678 ], [ -3.595102432598468, 47.984965582254077 ], [ -3.595679702535789, 47.984811477346213 ], [ -3.595993122962619, 47.984788923313303 ], [ -3.596011486154916, 47.984636543472575 ], [ -3.596072267578964, 47.984598687784214 ], [ -3.596290941317914, 47.984325132232655 ], [ -3.596548442894943, 47.984009759317587 ], [ -3.596770362879713, 47.983834472727565 ], [ -3.597170502609771, 47.983520869640543 ], [ -3.597359224658045, 47.983271228985728 ], [ -3.597241128076107, 47.983120572579537 ], [ -3.597401151013247, 47.982794523315576 ], [ -3.597388303654893, 47.982548525869376 ], [ -3.597533016896119, 47.982411226884835 ], [ -3.59755357511296, 47.982133262468238 ], [ -3.597571357125441, 47.982013044236624 ], [ -3.597771721953064, 47.981907035579141 ], [ -3.597680284980606, 47.981534456674211 ], [ -3.597595999544277, 47.981374669203959 ], [ -3.598226923462332, 47.981086039632146 ], [ -3.598345736406614, 47.981150455017357 ], [ -3.598379229124563, 47.981065787003615 ], [ -3.59848502209198, 47.981039858212142 ], [ -3.59896883901887, 47.980901806942668 ], [ -3.599116559930703, 47.980801948887176 ], [ -3.59928324317108, 47.980751953709557 ], [ -3.599628863841912, 47.980258776139777 ], [ -3.599718077683804, 47.980287517110639 ], [ -3.60051260662779, 47.980400012210978 ], [ -3.600519800304967, 47.980393414428306 ], [ -3.600522324131854, 47.98039346468353 ], [ -3.60052855890413, 47.980395580498723 ], [ -3.601330656187639, 47.980609184918933 ], [ -3.60149415713608, 47.980643846851152 ], [ -3.601695347174337, 47.980532488386913 ], [ -3.602078314099052, 47.980322253673819 ], [ -3.602128001929768, 47.980293827274394 ], [ -3.602202598543444, 47.980291481875213 ], [ -3.602240313680028, 47.980161548606432 ], [ -3.60223050507262, 47.980103288669 ], [ -3.602145695898204, 47.979604297123316 ], [ -3.602155475652785, 47.979545661047482 ], [ -3.602283807094004, 47.979054129136387 ], [ -3.602307651584352, 47.978990870439773 ], [ -3.602384116103635, 47.978938770548055 ], [ -3.60234717565568, 47.978711904804982 ], [ -3.602219191062058, 47.978236107429254 ], [ -3.602587631506196, 47.978076140555473 ], [ -3.602921424052709, 47.977813142633778 ], [ -3.602879593549347, 47.97754833820683 ], [ -3.603129845231211, 47.977374527999388 ], [ -3.603232292916157, 47.977303028227439 ], [ -3.603365774195918, 47.977195376737882 ], [ -3.603368384174166, 47.977193130597485 ], [ -3.603368418667125, 47.977192212054845 ], [ -3.603358700230952, 47.977148355305587 ], [ -3.60344211312042, 47.97711293943243 ], [ -3.603750095555535, 47.97698225524293 ], [ -3.603935415381819, 47.977024243375709 ], [ -3.604139579286867, 47.976967942304682 ], [ -3.604647310334931, 47.976814419388802 ], [ -3.605248202175936, 47.976803083413458 ], [ -3.605830840982379, 47.976436866824798 ], [ -3.605979608947713, 47.976342386724426 ], [ -3.606451889268632, 47.976039698799212 ], [ -3.606627916923671, 47.975521536531076 ], [ -3.606650275369633, 47.975396812847592 ], [ -3.606799569350157, 47.975288247809118 ], [ -3.607357147470017, 47.975269915935513 ], [ -3.607830663137294, 47.97525389508877 ], [ -3.607937108242699, 47.97519350305457 ], [ -3.607968954292447, 47.975152464292989 ], [ -3.607990700434378, 47.975094525517321 ], [ -3.608014339319966, 47.975036624355013 ], [ -3.60783574130019, 47.974764967085306 ], [ -3.607567929061595, 47.974431020732695 ], [ -3.607586870164838, 47.974245866523816 ], [ -3.60791334666776, 47.973823688874504 ], [ -3.608005858344792, 47.973612879591272 ], [ -3.608064895668786, 47.973587548464096 ], [ -3.608948019638636, 47.97342400882691 ], [ -3.608955011338873, 47.973422768898132 ], [ -3.608957557949723, 47.973422206676418 ], [ -3.609370481569508, 47.973321175421958 ], [ -3.609729324510466, 47.973180614727411 ], [ -3.609744386379462, 47.973166206293101 ], [ -3.610223679552143, 47.972709372200484 ], [ -3.610219172405374, 47.972644324048886 ], [ -3.610210725664804, 47.972532776744927 ], [ -3.610438743121203, 47.972395591350278 ], [ -3.610998265392828, 47.972409153946813 ], [ -3.611282086970274, 47.972501350013601 ], [ -3.611655710221275, 47.972572807506339 ], [ -3.612055127009904, 47.972731030275199 ], [ -3.612664566939481, 47.972659324711017 ], [ -3.613323408360072, 47.972381158997337 ], [ -3.613329751824782, 47.972380365654772 ], [ -3.61333427136473, 47.972377697666715 ], [ -3.614171161134235, 47.972301768038264 ], [ -3.61451464936779, 47.972503611406424 ], [ -3.615033773544698, 47.972736208317443 ], [ -3.615715672595378, 47.972769649163496 ], [ -3.616311582852413, 47.972637607274237 ], [ -3.616549960753509, 47.972594534046834 ], [ -3.61692812484444, 47.9726628535347 ], [ -3.617470465626345, 47.972477503344038 ], [ -3.617649701402982, 47.972867743201391 ], [ -3.617845580517968, 47.973032489917657 ], [ -3.61801095696386, 47.973438847618738 ], [ -3.618197416673094, 47.973467208810177 ], [ -3.61829270536618, 47.973434779479177 ], [ -3.618337389203205, 47.97340487096038 ], [ -3.618737325557857, 47.973093671972222 ], [ -3.618736324637589, 47.973052899851908 ], [ -3.61877629983575, 47.973030711344236 ], [ -3.618933693925757, 47.972553075661651 ], [ -3.619060741876045, 47.972481748603684 ], [ -3.619200015807972, 47.972235398290053 ], [ -3.619414559070365, 47.971884062353254 ], [ -3.619735864372809, 47.97171684753242 ], [ -3.620528545197562, 47.971759206209086 ], [ -3.620580566902828, 47.971769428757113 ], [ -3.620599463872066, 47.97175371660154 ], [ -3.621558620090305, 47.971649534413672 ], [ -3.621572265436258, 47.971656085951082 ], [ -3.622507421697548, 47.971856299402972 ], [ -3.622693724978694, 47.972345183902192 ], [ -3.622832118719672, 47.97240951114884 ], [ -3.622972689863751, 47.972702921251923 ], [ -3.623019531851604, 47.972801132845902 ], [ -3.623020139890968, 47.972801757695891 ], [ -3.623149416256944, 47.972974985455579 ], [ -3.623173463469418, 47.973007327795415 ], [ -3.623174088663821, 47.973007493372577 ], [ -3.623174042923087, 47.973008718098853 ], [ -3.623205964587773, 47.973134517482464 ], [ -3.623295476098195, 47.973493407395964 ], [ -3.623061265913781, 47.973610875750936 ], [ -3.623312321556147, 47.97373549665069 ], [ -3.623488204995318, 47.974080928627885 ], [ -3.623507062309892, 47.974116998328668 ], [ -3.623506538367574, 47.974147935169881 ], [ -3.623504992979899, 47.97445982796971 ], [ -3.623102736917362, 47.974765782426601 ], [ -3.623029519686251, 47.974900378580301 ], [ -3.623079747600122, 47.975448924063457 ], [ -3.623745061973257, 47.975656506099298 ], [ -3.623978155577448, 47.975704321814064 ], [ -3.62454490178841, 47.975710938513046 ], [ -3.624836794679669, 47.975773551514493 ], [ -3.62554705724373, 47.975758184974026 ], [ -3.625636620740527, 47.975760722321567 ], [ -3.626296173552421, 47.975936774268675 ], [ -3.626592727828286, 47.975976036419638 ], [ -3.627047946320782, 47.975993462598808 ], [ -3.627452436421894, 47.97599977343684 ], [ -3.628075479937194, 47.976172952404639 ], [ -3.628541143561178, 47.976452100531304 ], [ -3.628894054419137, 47.976656400889539 ], [ -3.629545234732817, 47.976871036239089 ], [ -3.62989565116766, 47.976905228935536 ], [ -3.630486046175994, 47.976904327802373 ], [ -3.630765684017911, 47.97705876485773 ], [ -3.631090995915567, 47.977410817332327 ], [ -3.631947845216771, 47.977409964066581 ], [ -3.632173360245889, 47.977356351877717 ], [ -3.632801524116794, 47.977070463584141 ], [ -3.633104508604424, 47.976716874118353 ], [ -3.63313675716193, 47.976647802824417 ], [ -3.633140890617115, 47.976638538967208 ], [ -3.633144847303256, 47.976634020941191 ], [ -3.633234543495209, 47.97653130614853 ], [ -3.633304126461388, 47.976646509878421 ], [ -3.633313026020609, 47.976661852697049 ], [ -3.633313014616727, 47.976662158879734 ], [ -3.633318489525549, 47.976701640322815 ], [ -3.633322516377273, 47.97672914328659 ], [ -3.633597081665139, 47.977189424009424 ], [ -3.63402109003109, 47.977672110023278 ], [ -3.634166351586634, 47.97770500412841 ], [ -3.635109855974348, 47.977734035379626 ], [ -3.635133677969011, 47.977738641780448 ], [ -3.635472847534269, 47.977803702344303 ], [ -3.635561537181179, 47.977812805369069 ], [ -3.636479276814055, 47.977906433073471 ], [ -3.636748439639728, 47.977850611874203 ], [ -3.636761604034561, 47.97785316948665 ], [ -3.637274265411996, 47.977956118125419 ], [ -3.637349653553053, 47.978051211820869 ], [ -3.637487751064715, 47.978056078962226 ], [ -3.637866315578286, 47.978437051930882 ], [ -3.637720880214335, 47.978816122516946 ], [ -3.637724385283179, 47.978925579170962 ], [ -3.638241653388453, 47.979091582633032 ], [ -3.638385997745129, 47.979386893535192 ], [ -3.638603760941205, 47.979507773085217 ], [ -3.639048429979634, 47.979639557951344 ], [ -3.639437612131488, 47.979837198658501 ], [ -3.639697951822507, 47.97998480716727 ], [ -3.640031655228684, 47.980112258705091 ], [ -3.640519582146039, 47.980218541001207 ], [ -3.640854578782265, 47.980175347391295 ], [ -3.64106760320018, 47.980372885793074 ], [ -3.641561618107242, 47.980553282652437 ], [ -3.642308016094201, 47.980687783019349 ], [ -3.642583202811216, 47.980639885145067 ], [ -3.643493714301901, 47.980469977818572 ], [ -3.643533885526869, 47.980476436900432 ], [ -3.643900977195115, 47.980929177253813 ], [ -3.644924517990715, 47.98116732373218 ], [ -3.645059567686007, 47.981152361878429 ], [ -3.645111568457292, 47.981146337392673 ], [ -3.645840287515629, 47.980923817206815 ], [ -3.64584029319822, 47.980923664114826 ], [ -3.645844215375704, 47.980920064360518 ], [ -3.645846568762015, 47.980924706756198 ], [ -3.646475891946852, 47.981559855579277 ], [ -3.64653448317987, 47.981665492628267 ], [ -3.646587218684659, 47.981724746980078 ], [ -3.647117473755765, 47.981983975236275 ], [ -3.647476775700568, 47.981983531588199 ], [ -3.647518931609339, 47.981987577543492 ], [ -3.647876733786541, 47.98184033443664 ], [ -3.648031209529721, 47.981880445959476 ], [ -3.648385708134418, 47.981890323997121 ], [ -3.648671972993435, 47.981952328602532 ], [ -3.648720525238681, 47.981988213150402 ], [ -3.648778911903455, 47.982031338308374 ], [ -3.649630795704294, 47.981961056542602 ], [ -3.649661826919543, 47.981958602100732 ], [ -3.649686400810183, 47.981960004092286 ], [ -3.650352244074111, 47.982002652062278 ], [ -3.650460126181104, 47.981954060625938 ], [ -3.650921608895847, 47.981735157153992 ], [ -3.65095309397772, 47.981720455118818 ], [ -3.651209775776782, 47.981745871930997 ], [ -3.65122936995123, 47.981745337485592 ], [ -3.651891621402096, 47.981731530449892 ], [ -3.651900073655498, 47.981724955438906 ], [ -3.651967640584437, 47.98167373316825 ], [ -3.652504745629491, 47.981475767412675 ], [ -3.652882301277189, 47.981442732841714 ], [ -3.653642237964211, 47.981502076597934 ], [ -3.653754763689087, 47.98153262744836 ], [ -3.65442521317873, 47.981433791076427 ], [ -3.654504942200472, 47.981429227199811 ], [ -3.654552389689818, 47.981426787614382 ], [ -3.654567606672909, 47.98142509451435 ], [ -3.655325806585692, 47.981343756441291 ], [ -3.655455142200277, 47.981329594148477 ], [ -3.655475981205074, 47.98132954328176 ], [ -3.65608524676193, 47.981331227960979 ], [ -3.656222979516954, 47.98132902647562 ], [ -3.65644956161137, 47.981297620060261 ], [ -3.656360199869145, 47.981272427612765 ], [ -3.656907656301567, 47.980982117420595 ], [ -3.656930847018816, 47.980969703023391 ], [ -3.656965179869237, 47.98096332880958 ], [ -3.657143841344703, 47.98093006279538 ], [ -3.657732135256413, 47.981276651398488 ], [ -3.657639557134877, 47.981304251707058 ], [ -3.657865473882108, 47.981359084042566 ], [ -3.658438170006175, 47.981751938460746 ], [ -3.658553518997007, 47.981876914994658 ], [ -3.658834467584185, 47.982475471180265 ], [ -3.658341746019979, 47.982002987569487 ], [ -3.657753169170776, 47.981629737986609 ], [ -3.65759856298237, 47.98157599700852 ], [ -3.657037097194751, 47.981357552414039 ], [ -3.656365518055347, 47.981538186704526 ], [ -3.656226039421065, 47.981536370774634 ], [ -3.656162299998531, 47.981535427227939 ], [ -3.655534585705914, 47.981725038558324 ], [ -3.65553202781182, 47.981725907609089 ], [ -3.6555294869201, 47.981726317382766 ], [ -3.655050548020279, 47.98185419324534 ], [ -3.655018628847776, 47.981897689717911 ], [ -3.654824453270241, 47.982162293157685 ], [ -3.65430673330798, 47.982246049763489 ], [ -3.654120197899517, 47.98230428400781 ], [ -3.653446000535664, 47.982452990258906 ], [ -3.653119360229847, 47.982458069897717 ], [ -3.652383410221832, 47.982466910999847 ], [ -3.652356493777793, 47.982460560866599 ], [ -3.651668727712253, 47.982344871207104 ], [ -3.651304874827047, 47.982314746140176 ], [ -3.650962504332426, 47.982471644333557 ], [ -3.650447151097101, 47.98257657881868 ], [ -3.65003079516373, 47.982531938082829 ], [ -3.649607170469106, 47.982513045032789 ], [ -3.649154790962114, 47.98255440791732 ], [ -3.64870932412694, 47.982613677178932 ], [ -3.648201599492411, 47.982649047645481 ], [ -3.64802184247206, 47.982575500573432 ], [ -3.647888424604568, 47.98264856094714 ], [ -3.64724740685568, 47.982787632311329 ], [ -3.647230148465688, 47.982776262358584 ], [ -3.647056834016573, 47.982767339800532 ], [ -3.646718543279884, 47.982422721150229 ], [ -3.646665005902617, 47.982368047175896 ], [ -3.646286770795287, 47.982215066347351 ], [ -3.646245086447774, 47.982198313466668 ], [ -3.645922281689278, 47.98204902632628 ], [ -3.645894939378845, 47.982037151528957 ], [ -3.645098519382002, 47.981701904135392 ], [ -3.644803617236515, 47.981668526345544 ], [ -3.644775331561418, 47.981665059032622 ], [ -3.643895345078706, 47.981488873238931 ], [ -3.643326492283822, 47.981674086395572 ], [ -3.642952379234524, 47.981597322080049 ], [ -3.642366984673977, 47.981445924183618 ], [ -3.642171185701784, 47.981209506202063 ], [ -3.641374492639876, 47.981119976156521 ], [ -3.640997244195148, 47.98107669774457 ], [ -3.640539063882549, 47.980985403806784 ], [ -3.640305367985107, 47.980851343626867 ], [ -3.640208912398864, 47.980796281992554 ], [ -3.639757366822269, 47.980611509172178 ], [ -3.639734976600288, 47.980602335468177 ], [ -3.639450272468692, 47.980447659228048 ], [ -3.639441917176052, 47.980434625488201 ], [ -3.639308193883785, 47.980210151634481 ], [ -3.639288821970827, 47.98020471423628 ], [ -3.638822271422464, 47.980066983464312 ], [ -3.63875760609788, 47.980073982247418 ], [ -3.638277083836726, 47.980125181617893 ], [ -3.638087268691024, 47.979931927422655 ], [ -3.638083349874291, 47.979629885259101 ], [ -3.637704261705789, 47.979500463144433 ], [ -3.637454655059401, 47.979319052075624 ], [ -3.637539898666914, 47.978979547329303 ], [ -3.637245925644331, 47.978904504151714 ], [ -3.636636461664585, 47.978738824921294 ], [ -3.636669718008647, 47.978557780814839 ], [ -3.636392202793041, 47.978549551236355 ], [ -3.63587888046312, 47.978566086178574 ], [ -3.635102434935508, 47.978577889327212 ], [ -3.634996372739367, 47.978577482437146 ], [ -3.634920687308134, 47.978575223444693 ], [ -3.634055719333963, 47.978183421985449 ], [ -3.633758229863172, 47.978033387068749 ], [ -3.633631721703264, 47.977836015275088 ], [ -3.633076035519394, 47.977684714068985 ], [ -3.632483507037857, 47.977708868464092 ], [ -3.632170289349875, 47.977811613428912 ], [ -3.631946454721779, 47.977786205564357 ], [ -3.631653208428492, 47.977776585815718 ], [ -3.63092586429108, 47.977860274199969 ], [ -3.630434253554181, 47.977870328526564 ], [ -3.629842357773157, 47.977758901395802 ], [ -3.62923623943055, 47.97758866739963 ], [ -3.628725311976825, 47.977304030506772 ], [ -3.628336244276771, 47.977019502374006 ], [ -3.627675738011895, 47.976902575769913 ], [ -3.627112171791194, 47.97681054381097 ], [ -3.626809994984936, 47.976668065033849 ], [ -3.626442628352745, 47.976462095942111 ], [ -3.626138386723663, 47.97657803049421 ], [ -3.625714086328586, 47.976594918475129 ], [ -3.6252876088406, 47.976754701864692 ], [ -3.625093982141949, 47.976681317388412 ], [ -3.62489476875665, 47.976605370929661 ], [ -3.624362221495618, 47.976612760754861 ], [ -3.624352746032835, 47.976612879701932 ], [ -3.624321881642872, 47.976610890244501 ], [ -3.62384261453246, 47.976577967540052 ], [ -3.623457071168037, 47.97655455849376 ], [ -3.623051257266259, 47.976921724556732 ], [ -3.623014588834045, 47.977024411691545 ], [ -3.622876323876291, 47.977040978960943 ], [ -3.622730868888433, 47.97692886548144 ], [ -3.622368552040733, 47.976621720079123 ], [ -3.62210285646086, 47.97653388347176 ], [ -3.621852521738184, 47.976170123411805 ], [ -3.6217626924144, 47.97603950026938 ], [ -3.621746804953979, 47.975653570826069 ], [ -3.621668716179683, 47.975343931242321 ], [ -3.62166157234794, 47.975315447037559 ], [ -3.621628173863081, 47.975263002787855 ], [ -3.621266718833236, 47.974696497733859 ], [ -3.621261046250161, 47.974696232206938 ], [ -3.621246557912355, 47.974695332506144 ], [ -3.621251563602696, 47.974679651600567 ], [ -3.620968158715015, 47.974187310221183 ], [ -3.62105666934889, 47.973812487333774 ], [ -3.621392370285032, 47.973429077190445 ], [ -3.620978964841327, 47.973222338645925 ], [ -3.620807975855694, 47.9730334224258 ], [ -3.620326133430424, 47.972917862300022 ], [ -3.620069567353487, 47.97307594276765 ], [ -3.619924709279655, 47.973201458390434 ], [ -3.619544688428233, 47.973419140331174 ], [ -3.619509050506958, 47.973815079729874 ], [ -3.619475718598145, 47.973929782098025 ], [ -3.61914708908486, 47.974275794105949 ], [ -3.619097129451117, 47.974548120496365 ], [ -3.618824372289233, 47.974564930825807 ], [ -3.618077127256112, 47.974742088089215 ], [ -3.617956657568138, 47.974772486253244 ], [ -3.617230269998978, 47.974341373111955 ], [ -3.617138446850216, 47.974314887006415 ], [ -3.616942812331728, 47.974244824532207 ], [ -3.616326595948952, 47.974159988510934 ], [ -3.616077474932776, 47.973899504148605 ], [ -3.61563988788082, 47.973596827691097 ], [ -3.615169882288994, 47.973671155597188 ], [ -3.614582231398187, 47.973683552128563 ], [ -3.61420570771278, 47.97370626373089 ], [ -3.613696158960251, 47.9740440808161 ], [ -3.61359149676065, 47.974107575509606 ], [ -3.61284996256346, 47.974148932768941 ], [ -3.612739568393189, 47.974078872252605 ], [ -3.612297851170117, 47.974004686564342 ], [ -3.611848856306559, 47.974040509266104 ], [ -3.611138315894399, 47.974299412368666 ], [ -3.611052183953035, 47.974306434767783 ], [ -3.610456979394615, 47.973964306463387 ], [ -3.610173107135348, 47.973957596192847 ], [ -3.609852706816899, 47.974150551321259 ], [ -3.609890246090633, 47.974479767281338 ], [ -3.60990496074429, 47.974643069095734 ], [ -3.609586308685855, 47.975025112939491 ], [ -3.609650901426238, 47.975137928887847 ], [ -3.609272949594385, 47.975350116204027 ], [ -3.609186534488502, 47.975398344150889 ], [ -3.608966761042178, 47.975568018294695 ], [ -3.608947253501471, 47.97558310438788 ], [ -3.608924792221718, 47.975592769635824 ], [ -3.608666871534723, 47.97570208897551 ], [ -3.608679620036502, 47.975766228582145 ], [ -3.608812657083206, 47.976444810501675 ], [ -3.608827615771282, 47.976450010249977 ], [ -3.608860659113391, 47.9764612378723 ], [ -3.608830763705705, 47.976483931012908 ], [ -3.608824276432272, 47.976488551466502 ], [ -3.608816504331916, 47.97649375921128 ], [ -3.608792574314049, 47.976508910636426 ], [ -3.608711430317121, 47.97651756313995 ], [ -3.607890981121839, 47.976541246488878 ], [ -3.607676033029316, 47.976834651336546 ], [ -3.607501399052405, 47.976894913686024 ], [ -3.607098053751364, 47.977009460451583 ], [ -3.606769660888025, 47.977162571903662 ], [ -3.606403908651263, 47.97733531629423 ], [ -3.606166782324191, 47.977277286574875 ], [ -3.605991609269063, 47.977503304377933 ], [ -3.60551263036388, 47.977748712883994 ], [ -3.605373347394256, 47.977657697116726 ], [ -3.604962483902055, 47.977585486394048 ], [ -3.604752438396134, 47.977663886119842 ], [ -3.604292775932142, 47.977882405293258 ], [ -3.604240283888741, 47.978002392928204 ], [ -3.604051834919695, 47.978195052728793 ], [ -3.603926116561488, 47.978482721751007 ], [ -3.603919472387293, 47.978508327992984 ], [ -3.603922234906729, 47.978535653423236 ], [ -3.60398200309669, 47.978894575920251 ], [ -3.603940429942729, 47.978959167368515 ], [ -3.604103927476204, 47.979162045946694 ], [ -3.604371586923522, 47.979483278916675 ], [ -3.604303265420957, 47.979722145251131 ], [ -3.604433692945049, 47.980368660198778 ], [ -3.604454852372375, 47.980376894537102 ], [ -3.604453978780553, 47.980400164320912 ], [ -3.604432950286163, 47.980405261422263 ], [ -3.604427862396267, 47.980406232653493 ], [ -3.604422183780523, 47.980406119699282 ], [ -3.604413367620416, 47.980405484720393 ], [ -3.603526447964787, 47.980735462923306 ], [ -3.603493718661677, 47.980799923889009 ], [ -3.603105005265855, 47.981011885673297 ], [ -3.603038384893708, 47.981037217722132 ], [ -3.602905364051798, 47.981065211772375 ], [ -3.602521505827646, 47.98116466325159 ], [ -3.602352587222554, 47.981206956597276 ], [ -3.602216194241834, 47.981223852279356 ], [ -3.601922663528915, 47.981288790689348 ], [ -3.601803471444573, 47.981318438062672 ], [ -3.601479321136502, 47.981273990630072 ], [ -3.601377429529223, 47.981296934691969 ], [ -3.601319872086048, 47.98131631835011 ], [ -3.601213430215765, 47.981460357026549 ], [ -3.601156375542331, 47.98155037823409 ], [ -3.601155015820525, 47.981552955651964 ], [ -3.601153099917489, 47.981553530329649 ], [ -3.600674428376962, 47.981689085325272 ], [ -3.600652756936832, 47.981694475616862 ], [ -3.600648919365945, 47.981695778052483 ], [ -3.600580497051577, 47.981718622081331 ], [ -3.600009327671471, 47.981727930933246 ], [ -3.599815091024089, 47.98160379653757 ], [ -3.599348366436516, 47.981505488464904 ], [ -3.599100874583333, 47.98167260813787 ], [ -3.598955634543781, 47.981740036148565 ], [ -3.598854530452946, 47.981742005410709 ], [ -3.598757724829783, 47.981814381468951 ], [ -3.598775045954235, 47.981958279876523 ], [ -3.598737919367915, 47.98202203968151 ], [ -3.598746941929773, 47.982067568190701 ], [ -3.59851588385814, 47.982217395943621 ], [ -3.59838253777696, 47.982337916337841 ], [ -3.598398682856125, 47.982479493310706 ], [ -3.598476027852298, 47.982823907810143 ], [ -3.598364277867269, 47.982857071826615 ], [ -3.598486678607261, 47.982960472765683 ], [ -3.598341740235409, 47.983238104154722 ], [ -3.598264989178028, 47.983415212463271 ], [ -3.598231801891133, 47.983441362182305 ], [ -3.598228036572642, 47.983625440052009 ], [ -3.598218019122223, 47.983723904746469 ], [ -3.598224482026675, 47.98373674956342 ], [ -3.598212399005762, 47.98375581270183 ], [ -3.597985721985578, 47.984208767644361 ], [ -3.597980213523964, 47.984220914322648 ], [ -3.598023802515824, 47.984388317173014 ], [ -3.598024874479003, 47.98439339431215 ], [ -3.598028266500587, 47.984420732470596 ], [ -3.598079643267599, 47.984851191094592 ], [ -3.597875673073938, 47.985019329926118 ], [ -3.597514180992284, 47.98532941522123 ], [ -3.597350439942423, 47.985519191167242 ], [ -3.596764632142348, 47.985715569148127 ], [ -3.596657515240361, 47.985810106831607 ], [ -3.596568399979363, 47.985896117357157 ], [ -3.596394942584332, 47.98602518266452 ], [ -3.596212397360882, 47.986160807711471 ], [ -3.596180778565648, 47.986162015870462 ], [ -3.595909540889231, 47.986171009958568 ], [ -3.595757529053701, 47.98651882031821 ], [ -3.595745788139034, 47.986545550438009 ], [ -3.595703140190348, 47.986604909991556 ], [ -3.595525174778678, 47.986853691543743 ], [ -3.595047515108929, 47.986609149737745 ], [ -3.594827156511194, 47.986457524811996 ], [ -3.594638575542696, 47.986417913903921 ], [ -3.594298056686891, 47.986086632951341 ], [ -3.59424994311778, 47.986039558412003 ], [ -3.594033092310833, 47.986012865122788 ], [ -3.594022405792433, 47.986011579525368 ], [ -3.593749070512758, 47.986042743422146 ], [ -3.593736381494038, 47.986044328770816 ], [ -3.593725654625048, 47.986044114791142 ], [ -3.593487081902146, 47.986040887637685 ], [ -3.593024504976183, 47.986133847179474 ], [ -3.593023885514483, 47.986133528408658 ], [ -3.592869082918515, 47.986085703676594 ], [ -3.592455658759519, 47.985862813061857 ], [ -3.592273524288115, 47.985752700503994 ], [ -3.592269199623701, 47.985750162909454 ], [ -3.592257441478403, 47.98574380003457 ], [ -3.591754597330131, 47.985464122474141 ], [ -3.591709650647844, 47.985450356104536 ], [ -3.591386896372701, 47.985351837300129 ], [ -3.591349322904018, 47.9850250655238 ], [ -3.591707190310366, 47.984493231015733 ], [ -3.591683330533022, 47.984338783101151 ], [ -3.591418620471279, 47.983872963267359 ], [ -3.591450708196821, 47.983792251576489 ], [ -3.591211472601888, 47.98363917303702 ], [ -3.590707489231219, 47.98330630750506 ], [ -3.590557427264941, 47.983166345644051 ], [ -3.590437053490966, 47.983143412697501 ], [ -3.589956512638751, 47.982657807538487 ], [ -3.589758237229381, 47.982456825643183 ], [ -3.589012196485499, 47.982247201194056 ], [ -3.588832032405751, 47.982219089553908 ], [ -3.588731262717272, 47.982161922602032 ], [ -3.587898324928637, 47.982046464442874 ], [ -3.587620370906559, 47.982049643323634 ], [ -3.587095020567718, 47.982049409855961 ], [ -3.586781861128213, 47.982132163668709 ], [ -3.586578181796419, 47.98214157483315 ], [ -3.58639350344811, 47.982249876831034 ], [ -3.586013722870735, 47.982357802291375 ], [ -3.585856702586964, 47.9824024634853 ], [ -3.585623666246953, 47.982537221827599 ], [ -3.585601716496653, 47.982549958685951 ], [ -3.585572919792884, 47.982576806784806 ], [ -3.585269827150011, 47.982861224942823 ], [ -3.584814981594824, 47.983067384105212 ], [ -3.584791636776704, 47.9830836167108 ], [ -3.584432908411099, 47.983336279914269 ], [ -3.584366059457385, 47.983417674139432 ], [ -3.584124518936612, 47.983710675505122 ], [ -3.583924952744899, 47.983928832473978 ], [ -3.583607312525368, 47.984263821629995 ], [ -3.583432001832871, 47.984424857921312 ], [ -3.583205005596766, 47.984650279025445 ], [ -3.582946891101982, 47.984947237332747 ], [ -3.582671880314383, 47.985306978157126 ], [ -3.582584655026551, 47.985459664581981 ], [ -3.582563059972485, 47.985529860468858 ], [ -3.582605435194733, 47.985795601551771 ], [ -3.582595176306524, 47.985900036011742 ], [ -3.582892392295514, 47.986189720170515 ], [ -3.583072011244635, 47.986316031712605 ], [ -3.583399465061273, 47.986490649404004 ], [ -3.583608656205064, 47.986636549523126 ], [ -3.583977699989943, 47.986813530139941 ], [ -3.584390859273406, 47.987026323232598 ], [ -3.58447678330631, 47.987092081689752 ], [ -3.585049027522949, 47.987490216592363 ], [ -3.585122051665988, 47.987596622835042 ], [ -3.585532122169472, 47.987690616867724 ], [ -3.585541373435756, 47.987696470444234 ], [ -3.585541987105633, 47.987696942330942 ], [ -3.585542618107533, 47.98769695494596 ], [ -3.585562527080314, 47.987704860063289 ], [ -3.586086642831566, 47.988023128382594 ], [ -3.586228679293128, 47.988057834362138 ], [ -3.586978404005287, 47.98818756986374 ], [ -3.587333296188237, 47.988204313730904 ], [ -3.587527166595949, 47.988220903696956 ], [ -3.587637650167071, 47.988338781815244 ], [ -3.587511061080564, 47.988396768837191 ], [ -3.587488544060709, 47.988843067796651 ], [ -3.587220270329472, 47.988505403172326 ], [ -3.5866239067037, 47.988913576303688 ], [ -3.586615733999223, 47.989063248543516 ], [ -3.586769375892242, 47.989125150310414 ], [ -3.58750642734631, 47.989273015004386 ], [ -3.587559775371307, 47.989348692322196 ], [ -3.58762501724569, 47.989276456965939 ], [ -3.588394469665124, 47.98928524151215 ], [ -3.588924757561577, 47.98913879772573 ], [ -3.589179483024184, 47.988780786998618 ], [ -3.590028357432836, 47.988977602721789 ], [ -3.590556684808516, 47.989469524609518 ], [ -3.590107123219001, 47.989870068540228 ], [ -3.589426281526514, 47.989872559629092 ], [ -3.588892283026226, 47.990050338104211 ], [ -3.588292994527815, 47.990469029744474 ], [ -3.588105264013258, 47.990473705769332 ], [ -3.587816662790095, 47.990708320472237 ], [ -3.587573793193954, 47.990986133431562 ], [ -3.587289126542961, 47.99116659102333 ], [ -3.58704667946737, 47.991282472828743 ], [ -3.587166788359653, 47.991346155448213 ], [ -3.587209317003693, 47.991792375875121 ], [ -3.587022306452609, 47.991911816747717 ], [ -3.587379370213713, 47.992524269764971 ], [ -3.587422213370443, 47.992610614941626 ], [ -3.587485432886898, 47.992675765150125 ], [ -3.587695123471333, 47.992758702812665 ], [ -3.588319923900304, 47.993053850537663 ], [ -3.588298102744402, 47.993264073340882 ], [ -3.588403827309319, 47.993592055160377 ], [ -3.588147069765608, 47.993986794785968 ], [ -3.587809952091461, 47.994368897845021 ], [ -3.587419609518216, 47.994688654367195 ], [ -3.586983384760594, 47.99483513601443 ], [ -3.586734504796118, 47.99478649866802 ], [ -3.585972421412881, 47.994798844633337 ], [ -3.5854189046657, 47.994773378512321 ], [ -3.585102827594615, 47.994882117546965 ], [ -3.58507715228032, 47.994893094708488 ], [ -3.58483696442559, 47.995032459803326 ], [ -3.584558306644664, 47.995371143166338 ], [ -3.584268792883401, 47.995545678027511 ], [ -3.583851675415198, 47.995871633154806 ], [ -3.583450069598811, 47.996171392945698 ], [ -3.582920491159455, 47.996381417344082 ], [ -3.582648159297831, 47.99665266060363 ], [ -3.582087252787222, 47.996805829110386 ], [ -3.58182596572817, 47.996366719312448 ], [ -3.581415820790174, 47.996240389251625 ], [ -3.581307884507917, 47.996339192367017 ], [ -3.58068828083445, 47.996608385069848 ], [ -3.580628579465448, 47.996617301689284 ], [ -3.580475152400372, 47.996666474004272 ], [ -3.579866095126832, 47.997057521418498 ], [ -3.579566953853994, 47.997001893054943 ], [ -3.578937507844765, 47.996963243660787 ], [ -3.578671205387796, 47.996857559986722 ], [ -3.578377195175265, 47.99688338528874 ], [ -3.578059198740554, 47.99685878421856 ], [ -3.577703019027552, 47.997192534680735 ], [ -3.577687953429566, 47.997473980420281 ], [ -3.577264543876078, 47.997514677329818 ], [ -3.576832891518503, 47.997856719451164 ], [ -3.576804443248622, 47.998157967215789 ], [ -3.5768002069168, 47.998470271446465 ], [ -3.576866846731813, 47.998845585104263 ], [ -3.577057287467628, 47.999253867482935 ], [ -3.577133784941024, 47.999418718895768 ], [ -3.57704235492731, 47.999882330210369 ], [ -3.576852081150566, 48.000371078779864 ], [ -3.576834397111116, 48.000538026665595 ], [ -3.576998418329375, 48.000776639246112 ], [ -3.577051822767281, 48.000817389896 ], [ -3.577408842146468, 48.001012834219267 ], [ -3.577436221643799, 48.001073746352247 ], [ -3.577577791527191, 48.001471856959128 ], [ -3.577363265492462, 48.001716827475676 ], [ -3.577353312680616, 48.001729497491169 ], [ -3.577339434461652, 48.001729066251713 ], [ -3.576944073776137, 48.001912654321302 ], [ -3.576881466963151, 48.002014968032171 ], [ -3.576762483708797, 48.002155066779707 ], [ -3.576599571260953, 48.002371195290138 ], [ -3.576386013661411, 48.002607145026289 ], [ -3.576337655201538, 48.002683392463013 ], [ -3.57624799145891, 48.002766319318766 ], [ -3.576090041487729, 48.002851248234222 ], [ -3.575977340274813, 48.002892040895759 ], [ -3.575838792878814, 48.002931549456108 ], [ -3.575719804056148, 48.00295490352083 ], [ -3.575574193133793, 48.002980788070687 ], [ -3.575365391081264, 48.003007550805975 ], [ -3.575182064672935, 48.003028695678665 ], [ -3.575022314863575, 48.003044337902409 ], [ -3.574807133108151, 48.00303941140325 ], [ -3.574613750086968, 48.003042582050725 ], [ -3.574406768110759, 48.003004573470449 ], [ -3.574131105286022, 48.002995675829411 ], [ -3.573821171148087, 48.003007846004209 ], [ -3.573564482691025, 48.002981555939371 ], [ -3.573345445796002, 48.002961689301827 ], [ -3.573240144231183, 48.002973825724013 ], [ -3.572982246875505, 48.002929432122485 ], [ -3.57290045781238, 48.002837705678161 ], [ -3.572526396421964, 48.002725408639918 ], [ -3.572389535364544, 48.002620320636908 ], [ -3.572253556051085, 48.002491962690243 ], [ -3.572089134160888, 48.002414205310004 ], [ -3.571557811260337, 48.002385313423133 ], [ -3.571408255573122, 48.002265262045057 ], [ -3.571034124636947, 48.00228824271845 ], [ -3.570972800716434, 48.002256523787509 ], [ -3.570600031618705, 48.001960246565957 ], [ -3.570414416470344, 48.00194181321929 ], [ -3.57034333384994, 48.001950957804212 ], [ -3.570045429485854, 48.001945744178627 ], [ -3.57001639346012, 48.00194531453694 ], [ -3.569965414285713, 48.001940614225859 ], [ -3.569661415207711, 48.001912909344853 ], [ -3.56949667276898, 48.001893668436253 ], [ -3.56936164822922, 48.001890191567597 ], [ -3.569084593331082, 48.001884782150157 ], [ -3.568712539522149, 48.00205288731658 ], [ -3.56860093486183, 48.002048041685114 ], [ -3.568350414426972, 48.002158988904085 ], [ -3.567995797807223, 48.002266925887611 ], [ -3.567696690410165, 48.002459934918946 ], [ -3.567690494767962, 48.002573337288496 ], [ -3.567540235372487, 48.002738387863474 ], [ -3.567512158739191, 48.002912480562415 ], [ -3.567461341398615, 48.00311997536474 ], [ -3.567317668664079, 48.003294503792944 ], [ -3.567305757214951, 48.00330881924414 ], [ -3.567227181646639, 48.003365612928775 ], [ -3.56707953978833, 48.003611456244201 ], [ -3.567076140375864, 48.00361782267548 ], [ -3.567074154154265, 48.003620234096942 ], [ -3.56699749675773, 48.003709699467734 ], [ -3.566911525572791, 48.003778294663292 ], [ -3.566817375108274, 48.003879358736995 ], [ -3.566814091821576, 48.003882663343845 ], [ -3.566801005133579, 48.003894657042508 ], [ -3.566698350022678, 48.003986817363952 ], [ -3.566595576596554, 48.004098739053447 ], [ -3.566492160080448, 48.004260899908502 ], [ -3.566432667325433, 48.004364039033916 ], [ -3.5664184731423, 48.004388573492378 ], [ -3.566410493278249, 48.00439913769921 ], [ -3.566297181702415, 48.004555737390788 ], [ -3.566286804690259, 48.004662774313573 ], [ -3.56628209650397, 48.00467034009958 ], [ -3.566160668844997, 48.004857724628963 ], [ -3.566146207012054, 48.004939246990091 ], [ -3.566140929546667, 48.004961815697513 ], [ -3.566052855820062, 48.005352104695291 ], [ -3.566026430017293, 48.005399374525709 ], [ -3.565992963183597, 48.005449107400764 ], [ -3.565993200964628, 48.005492776407522 ], [ -3.566064589978593, 48.005558864619971 ], [ -3.566228068540112, 48.005827965079817 ], [ -3.56649812393111, 48.006018159792518 ], [ -3.566555218663652, 48.006078138721293 ], [ -3.566613569895003, 48.0061382960847 ], [ -3.566769322605863, 48.006344732056888 ], [ -3.566939351458428, 48.006424598594549 ], [ -3.566996015175984, 48.006562551526841 ], [ -3.567033456762802, 48.006641133273916 ], [ -3.567183172648215, 48.006790301100281 ], [ -3.567228702688106, 48.006822163681406 ], [ -3.567376100042846, 48.006999168610548 ], [ -3.567464808363545, 48.007074949849709 ], [ -3.567504106866381, 48.007121241942627 ], [ -3.567560190707271, 48.007224558088808 ], [ -3.56765279691487, 48.007347452350473 ], [ -3.567734448246461, 48.007526047424264 ], [ -3.567798036425633, 48.007631352722697 ], [ -3.567880485448109, 48.007772274618446 ], [ -3.567974878003697, 48.007931361672618 ], [ -3.568082122307661, 48.008117977790889 ], [ -3.568165956335016, 48.008255710019455 ], [ -3.56826962355975, 48.008436738718544 ], [ -3.568322292044334, 48.008546880430515 ], [ -3.568315605810384, 48.008589950802872 ], [ -3.56842433106138, 48.008804173917596 ], [ -3.568299187681226, 48.009022893218074 ], [ -3.568310306783584, 48.009062797369481 ], [ -3.568237825426521, 48.009108683106291 ], [ -3.567912869665788, 48.009333194846178 ], [ -3.567527215796963, 48.009476052714888 ], [ -3.567288529264507, 48.009574214249312 ], [ -3.566783961458953, 48.009788068663141 ], [ -3.566771884583635, 48.009823370318969 ], [ -3.566564195601435, 48.01013664501474 ], [ -3.566537880757849, 48.010314144155473 ], [ -3.566532874003868, 48.010396163116695 ], [ -3.566537584090869, 48.010521735197131 ], [ -3.566512662398828, 48.010962167534728 ], [ -3.5660074064284, 48.011143985793197 ], [ -3.565578485739165, 48.010945388707512 ], [ -3.5653798451538, 48.011003446103871 ], [ -3.56535471683526, 48.011033123119645 ], [ -3.56527852126641, 48.011076941439555 ], [ -3.564993636114501, 48.011193935587258 ], [ -3.564951300278012, 48.011211010045344 ], [ -3.564651238719994, 48.011278518812631 ], [ -3.564600403734698, 48.011286536276742 ], [ -3.564543591986617, 48.011302247207283 ], [ -3.564168291492721, 48.011355066886679 ], [ -3.564128904344467, 48.011361016237103 ], [ -3.563922820943679, 48.01138215250117 ], [ -3.563860683236442, 48.01138841044525 ], [ -3.563643986395467, 48.011406268853065 ], [ -3.563575062936768, 48.011408253643523 ], [ -3.563309371966314, 48.011435544721095 ], [ -3.563084743193895, 48.011446042193143 ], [ -3.563041368110545, 48.011440573706352 ], [ -3.562698178345576, 48.01142953545309 ], [ -3.562660739499735, 48.011417445095518 ], [ -3.562612946389266, 48.01141188765483 ], [ -3.562142396617613, 48.011544447645591 ], [ -3.562123462035967, 48.011544066791387 ], [ -3.562007879996474, 48.011577133032958 ], [ -3.561903151916064, 48.011873169857296 ], [ -3.561561988000677, 48.011858646477208 ], [ -3.561424402352083, 48.011922217808078 ], [ -3.560961646621848, 48.011766440301358 ], [ -3.560902864922971, 48.011784102205169 ], [ -3.560886481065444, 48.011799706219705 ], [ -3.560872860332394, 48.011809084285943 ], [ -3.560629818685258, 48.011971650668698 ], [ -3.56038778602095, 48.012057786061462 ], [ -3.56035564641058, 48.01207246013702 ], [ -3.560175431375375, 48.012194004735832 ], [ -3.560142064286152, 48.012207734823363 ], [ -3.56000286851371, 48.012297011748331 ], [ -3.559973960198529, 48.012309759083578 ], [ -3.559964294997647, 48.012314773651056 ], [ -3.55977519669756, 48.012404118539294 ], [ -3.559741596713111, 48.012423972209263 ], [ -3.559515805105319, 48.012597915437254 ], [ -3.559509342205004, 48.012601768771205 ], [ -3.559416452745744, 48.012685849009245 ], [ -3.559476100766327, 48.012745115654369 ], [ -3.559478366118226, 48.012772905766276 ], [ -3.559440699911373, 48.012742208176562 ] ], [ [ -3.622716736497167, 47.973216603808254 ], [ -3.622815015990018, 47.973171668654132 ], [ -3.623173463469418, 47.973007327795415 ], [ -3.622716736497167, 47.973216603808254 ] ], [ [ -3.622716747933806, 47.973216297626692 ], [ -3.622714923813831, 47.973214423073415 ], [ -3.622699905803776, 47.973193902890671 ], [ -3.622700235540003, 47.97321888166482 ], [ -3.622704297396061, 47.973228460709507 ], [ -3.622715876851057, 47.973222714951817 ], [ -3.62271782105589, 47.973221374598495 ], [ -3.622717315945585, 47.973217994113242 ], [ -3.62271673077885, 47.973216756899021 ], [ -3.622712234329299, 47.973218812754524 ], [ -3.622716736497167, 47.973216603808254 ], [ -3.622716747933806, 47.973216297626692 ] ], [ [ -3.619024605340976, 47.973363794453959 ], [ -3.619026562898674, 47.973463415904632 ], [ -3.619103121054168, 47.973459111007401 ], [ -3.619329918815172, 47.973185385782756 ], [ -3.619032662853953, 47.973350931752279 ], [ -3.619024283528905, 47.973355515056554 ], [ -3.619024605340976, 47.973363794453959 ] ], [ [ -3.580867167669964, 47.985256612328257 ], [ -3.580889441992645, 47.98561969696641 ], [ -3.581249315107824, 47.985855330693937 ], [ -3.581481031103357, 47.98563889214843 ], [ -3.581513140926097, 47.985607974358913 ], [ -3.581546685028173, 47.98553909016961 ], [ -3.581535002695455, 47.985363588641746 ], [ -3.580867167669964, 47.985256612328257 ] ], [ [ -3.580581163280546, 47.986157713763021 ], [ -3.580483504596371, 47.98640257376212 ], [ -3.580869868573409, 47.986187852970332 ], [ -3.580874985920554, 47.986186116934292 ], [ -3.581080689345468, 47.986006387196269 ], [ -3.580806071550867, 47.98607136489538 ], [ -3.580581163280546, 47.986157713763021 ] ] ], [ [ [ -3.658927707853079, 47.982617785852725 ], [ -3.659251298907154, 47.98305370896874 ], [ -3.659338593995562, 47.983117773181675 ], [ -3.659382137728488, 47.983272136222666 ], [ -3.659240884331346, 47.983164577436639 ], [ -3.659224380022082, 47.98314985293004 ], [ -3.658927707853079, 47.982617785852725 ] ] ], [ [ [ -3.588852323414477, 47.98702356797159 ], [ -3.588974606526396, 47.986945730547049 ], [ -3.589131863663458, 47.986844691459183 ], [ -3.589415868076188, 47.986882383626153 ], [ -3.589420025472604, 47.987090367056936 ], [ -3.589337245332593, 47.987359888292659 ], [ -3.588832172631311, 47.987239798651601 ], [ -3.588852323414477, 47.98702356797159 ] ] ], [ [ [ -3.592104289040915, 47.990379358155138 ], [ -3.59206353863927, 47.990254141641401 ], [ -3.592225686578121, 47.990291542372034 ], [ -3.592326427221349, 47.990316227148142 ], [ -3.592367580118306, 47.990380475633401 ], [ -3.593505140495144, 47.991497675462156 ], [ -3.592218575812331, 47.99048030350734 ], [ -3.592162850870315, 47.990450848372717 ], [ -3.592104289040915, 47.990379358155138 ] ] ], [ [ [ -3.575210503435364, 48.009953176591537 ], [ -3.574339426802408, 48.010071763529353 ], [ -3.574204413986331, 48.010067677822605 ], [ -3.574156408425159, 48.010017688834182 ], [ -3.574185253787789, 48.009923125088164 ], [ -3.574807203472737, 48.009394463663668 ], [ -3.575358063841064, 48.009125135153297 ], [ -3.575694672848063, 48.009460052533697 ], [ -3.575695286606981, 48.009460524457424 ], [ -3.575498973708501, 48.009640898980251 ], [ -3.57548653584044, 48.009652446697686 ], [ -3.575483912767016, 48.009654998657865 ], [ -3.575210503435364, 48.009953176591537 ] ] ] ] } }
]
}
