{
"type": "FeatureCollection",
"name": "inond_rupt_barrage",
"crs": { "type": "name", "properties": { "name": "urn:ogc:def:crs:OGC:1.3:CRS84" } },
"features": [
{ "type": "Feature", "properties": { "HAUTEUR": "h<1m" }, "geometry": { "type": "MultiPolygon", "coordinates": [ [ [ [ -3.628054615189417, 47.941535886746266 ], [ -3.628259992529472, 47.941656030827005 ], [ -3.628363836257991, 47.941694975202488 ], [ -3.628492965125525, 47.941711916853926 ], [ -3.628650583127381, 47.941720418905128 ], [ -3.629014763818712, 47.941717235133375 ], [ -3.629226356445373, 47.941729858389813 ], [ -3.629265836665071, 47.941764925528119 ], [ -3.629263217253019, 47.941795564349995 ], [ -3.629300948436471, 47.941817816916739 ], [ -3.629351028264422, 47.94182699225324 ], [ -3.629360416676881, 47.941823756913102 ], [ -3.629390545119281, 47.941851079938971 ], [ -3.629367147861294, 47.941962130947026 ], [ -3.629277395157112, 47.942352859866254 ], [ -3.629208326096534, 47.942655704696818 ], [ -3.627795001156866, 47.941378764064048 ], [ -3.62792402205993, 47.941448534904524 ], [ -3.628054615189417, 47.941535886746266 ] ] ], [ [ [ -3.634198707614869, 47.949763153891176 ], [ -3.634270829835847, 47.949778069538482 ], [ -3.634286911717913, 47.949804395555255 ], [ -3.634336075047021, 47.949848561053692 ], [ -3.634359714728678, 47.949911125946301 ], [ -3.634372338736572, 47.949970774619985 ], [ -3.63446493518226, 47.950003552197686 ], [ -3.634484695786621, 47.950030670386418 ], [ -3.634452709672704, 47.950203655470212 ], [ -3.634439754191597, 47.950383404120402 ], [ -3.634446800673176, 47.950413422876693 ], [ -3.633937423345368, 47.949699794733043 ], [ -3.633968801466264, 47.949743611307504 ], [ -3.634198707614869, 47.949763153891176 ] ] ], [ [ [ -3.635515196027638, 47.95172266397271 ], [ -3.635501946762318, 47.952010678950714 ], [ -3.6355609128077, 47.952100666941654 ], [ -3.635560902827688, 47.952100936750497 ], [ -3.635275499845956, 47.951666841677614 ], [ -3.635304194930518, 47.951672984629312 ], [ -3.635403126527912, 47.951674925129261 ], [ -3.6354395137673, 47.951663578625379 ], [ -3.635515196027638, 47.95172266397271 ] ] ], [ [ [ -3.636514550807444, 47.953526540076865 ], [ -3.636546360489383, 47.953548764025989 ], [ -3.636622249610402, 47.953582292214222 ], [ -3.636796167267058, 47.953672372775209 ], [ -3.636881389465188, 47.953744334387672 ], [ -3.636971601830314, 47.953811713652016 ], [ -3.637169632302245, 47.953941686884299 ], [ -3.637349722816175, 47.954085528463565 ], [ -3.637407326437653, 47.954162348556046 ], [ -3.637450099348317, 47.954349489998293 ], [ -3.637478975042212, 47.954431057246964 ], [ -3.637484578084022, 47.954439987191527 ], [ -3.637517060080167, 47.954775159685035 ], [ -3.637528969075575, 47.954804103546842 ], [ -3.637519886110067, 47.954869266771389 ], [ -3.637532765288759, 47.954952230631733 ], [ -3.637566829134285, 47.95503389953749 ], [ -3.637628342263886, 47.955105306038838 ], [ -3.637665786299622, 47.955135650197384 ], [ -3.637706262817984, 47.955234455015578 ], [ -3.637686570223833, 47.955275649971171 ], [ -3.637680338796029, 47.955343929152889 ], [ -3.637681714536815, 47.955407047277944 ], [ -3.637442669638641, 47.954961895525578 ], [ -3.636490173381399, 47.953513911983165 ], [ -3.636514550807444, 47.953526540076865 ] ] ], [ [ [ -3.637866879252309, 47.955714790510477 ], [ -3.637900192904858, 47.955776644269889 ], [ -3.637908250544523, 47.955829543108216 ], [ -3.637827764734084, 47.955679463599914 ], [ -3.637866879252309, 47.955714790510477 ] ] ], [ [ [ -3.638045249705049, 47.956045890813044 ], [ -3.638044959070117, 47.956083865839553 ], [ -3.637975222116609, 47.955953977356067 ], [ -3.638012324538502, 47.955973514503221 ], [ -3.638045249705049, 47.956045890813044 ] ] ], [ [ [ -3.638757614451722, 47.95741112840782 ], [ -3.638486994357008, 47.956906769210065 ], [ -3.638508734980801, 47.956930595428993 ], [ -3.638724906743707, 47.957222384254209 ], [ -3.638748081849004, 47.957257578737597 ], [ -3.638858488602098, 47.957410943563019 ], [ -3.638908254379531, 47.957499309700367 ], [ -3.638985119998464, 47.957667227972834 ], [ -3.639029257460136, 47.957737303505155 ], [ -3.639093233110472, 47.957812447508658 ], [ -3.639166574262371, 47.957874994573331 ], [ -3.639242726861964, 47.957921666310021 ], [ -3.639243461361639, 47.957921860692664 ], [ -3.639361079568312, 47.95808085631387 ], [ -3.639346411614284, 47.958156710702113 ], [ -3.639333597344108, 47.958202450775644 ], [ -3.639184428405345, 47.958576458212548 ], [ -3.639210011449634, 47.958646890473311 ], [ -3.639210004806952, 47.958647070346927 ], [ -3.638757614451722, 47.95741112840782 ] ] ], [ [ [ -3.64020551947134, 47.961365081489063 ], [ -3.640236169167586, 47.961368651261274 ], [ -3.640297662512773, 47.961440866007877 ], [ -3.64029828016566, 47.96150450949748 ], [ -3.640320671036883, 47.961671541279173 ], [ -3.640333196695195, 47.961713997286829 ], [ -3.64020551947134, 47.961365081489063 ] ] ], [ [ [ -3.640393197283929, 47.961876904804704 ], [ -3.640446610989444, 47.961977132033176 ], [ -3.640474769492733, 47.962008013607267 ], [ -3.640464272727669, 47.962071349673899 ], [ -3.640393197283929, 47.961876904804704 ] ] ], [ [ [ -3.641348882950362, 47.96447118742806 ], [ -3.641351385572416, 47.964493826906519 ], [ -3.641200129271276, 47.964080009203066 ], [ -3.641328159309984, 47.964429741194387 ], [ -3.641348882950362, 47.96447118742806 ] ] ], [ [ [ -3.641671047682278, 47.964997519359912 ], [ -3.641661478361441, 47.965025682945814 ], [ -3.641536468791543, 47.964815153664645 ], [ -3.641580572395164, 47.964846166748465 ], [ -3.641631314307251, 47.964908360356475 ], [ -3.641667502736921, 47.964972969458437 ], [ -3.641671047682278, 47.964997519359912 ] ] ], [ [ [ -3.645020003775652, 47.970690247215067 ], [ -3.645124374346532, 47.970736745595303 ], [ -3.645224116187034, 47.970848495305276 ], [ -3.645359980973081, 47.970956359779557 ], [ -3.645413654885106, 47.971009698684227 ], [ -3.645455712356199, 47.971076311235393 ], [ -3.645654680047765, 47.971273609178191 ], [ -3.645683298242228, 47.971342569473066 ], [ -3.645703768358183, 47.971421271043546 ], [ -3.645758914926331, 47.971505149352389 ], [ -3.645791717379005, 47.971541070359486 ], [ -3.645797471891292, 47.971566113324464 ], [ -3.645826661039021, 47.971579283196633 ], [ -3.645856266725534, 47.971611361707133 ], [ -3.645915521964787, 47.971644108696587 ], [ -3.645984299225355, 47.97164995068357 ], [ -3.645993787380388, 47.97165418590788 ], [ -3.64610620244225, 47.971703900356623 ], [ -3.646097563211115, 47.971777353838512 ], [ -3.646078036741464, 47.971803973640583 ], [ -3.646071063851831, 47.971953061723283 ], [ -3.646049290667416, 47.972111221340995 ], [ -3.646029027388022, 47.972228369287969 ], [ -3.645390538403062, 47.971315075905501 ], [ -3.645020003775652, 47.970690247215067 ] ] ], [ [ [ -3.640673040419206, 47.975366814780827 ], [ -3.640594504293771, 47.975343858078681 ], [ -3.640669425696679, 47.975314002402065 ], [ -3.64070436059044, 47.975332326208338 ], [ -3.640969400444622, 47.975478183873186 ], [ -3.640673040419206, 47.975366814780827 ] ] ], [ [ [ -3.644368910099934, 47.975586009130566 ], [ -3.644373715756076, 47.975586462965161 ], [ -3.644437036889075, 47.975519027085305 ], [ -3.644906277193732, 47.975630160158907 ], [ -3.644968671387779, 47.975718770670504 ], [ -3.644951993398518, 47.975728435455117 ], [ -3.644943116799939, 47.975727722183365 ], [ -3.644933909275427, 47.975725922418519 ], [ -3.644371630330963, 47.975592722444482 ], [ -3.644367357758209, 47.975587868881561 ], [ -3.644368910099934, 47.975586009130566 ] ] ], [ [ [ -3.641161585935753, 47.975959767181536 ], [ -3.641153632113821, 47.975934050837331 ], [ -3.641189794960086, 47.97573819162092 ], [ -3.641258424874287, 47.97592907958709 ], [ -3.641325282314261, 47.976077541506335 ], [ -3.641161585935753, 47.975959767181536 ] ] ], [ [ [ -3.649054122610523, 47.976542035535587 ], [ -3.649046245475098, 47.976544402163718 ], [ -3.648990920613963, 47.97646511207487 ], [ -3.649067835087545, 47.976441499642419 ], [ -3.649310853927419, 47.976369731090934 ], [ -3.649358847233712, 47.976426467539419 ], [ -3.649054122610523, 47.976542035535587 ] ] ], [ [ [ -3.646453804673255, 47.976670365526061 ], [ -3.646443752921754, 47.976671339512436 ], [ -3.646445133196306, 47.976664076208166 ], [ -3.646454628979377, 47.976658051222415 ], [ -3.646458775988481, 47.976666322358533 ], [ -3.646453804673255, 47.976670365526061 ] ] ], [ [ [ -3.649382379106926, 47.977047674464629 ], [ -3.649381326536661, 47.977046033914981 ], [ -3.649459452904762, 47.977019744705586 ], [ -3.649506477374544, 47.977082672419805 ], [ -3.649360431994282, 47.977140129807786 ], [ -3.649382379106926, 47.977047674464629 ] ] ], [ [ [ -3.641298603167106, 47.977695092959145 ], [ -3.641292668666518, 47.977695066935297 ], [ -3.64129046438861, 47.977694483820812 ], [ -3.641281316409005, 47.977691064857474 ], [ -3.64135172769136, 47.977290938135766 ], [ -3.640764591340107, 47.977308348488016 ], [ -3.64076074276055, 47.977302063017412 ], [ -3.640417047237111, 47.977106064750558 ], [ -3.640415974998571, 47.977104963742121 ], [ -3.640378631417925, 47.977071472222548 ], [ -3.640465568287548, 47.976997570155156 ], [ -3.640912801663961, 47.976880942591876 ], [ -3.641014850591606, 47.9765885384613 ], [ -3.641122140815925, 47.976546084927989 ], [ -3.641299844208844, 47.976455236387238 ], [ -3.641598911433956, 47.976604007856409 ], [ -3.641806429554145, 47.976710487712978 ], [ -3.642188510523375, 47.976760976912367 ], [ -3.64223333384701, 47.976883356840418 ], [ -3.642287135585395, 47.9769433601817 ], [ -3.642106620481853, 47.977200930870509 ], [ -3.642007137059641, 47.977212756980165 ], [ -3.641986225462861, 47.977216488400224 ], [ -3.641390862180896, 47.97729602338427 ], [ -3.641323242929882, 47.977680814201108 ], [ -3.641298603167106, 47.977695092959145 ] ] ], [ [ [ -3.648166319784312, 47.980921467191237 ], [ -3.648504280733817, 47.980750206545565 ], [ -3.648517867033631, 47.980693499371519 ], [ -3.648662676210863, 47.980710271146286 ], [ -3.648656568016399, 47.980795654971686 ], [ -3.648617742148949, 47.980812359124464 ], [ -3.648539253194915, 47.9808584414994 ], [ -3.648452654992029, 47.980923266448237 ], [ -3.648185636954163, 47.980920763583619 ], [ -3.648166319784312, 47.980921467191237 ] ] ], [ [ [ -3.647334638774437, 47.981342941970439 ], [ -3.647412129744947, 47.981303861202811 ], [ -3.647412126435131, 47.981303951141328 ], [ -3.647371532354246, 47.981348521345367 ], [ -3.647334638774437, 47.981342941970439 ] ] ], [ [ [ -3.605118719911052, 47.929733685109291 ], [ -3.605013390986641, 47.929804489739212 ], [ -3.60489980941697, 47.929868019944379 ], [ -3.604760337659313, 47.929930044709309 ], [ -3.604601536552058, 47.930013284792956 ], [ -3.604472740491731, 47.930087131847642 ], [ -3.604428457389256, 47.930151051064051 ], [ -3.604367204588589, 47.930202932304496 ], [ -3.604136276941432, 47.93033144641425 ], [ -3.604047074934831, 47.93039717119818 ], [ -3.603524254901286, 47.930737764629434 ], [ -3.603327996405014, 47.930890547882598 ], [ -3.603228253777399, 47.930950662048687 ], [ -3.60314527555763, 47.931018400148623 ], [ -3.602912927149946, 47.931184594037276 ], [ -3.602809506646218, 47.931243914574374 ], [ -3.602634600210691, 47.931390641980755 ], [ -3.602537347448887, 47.931453505206818 ], [ -3.602474410714944, 47.931510662008627 ], [ -3.602379706519188, 47.931633966698442 ], [ -3.602363164817383, 47.931709238117058 ], [ -3.602362454474522, 47.93176763475536 ], [ -3.602428112905676, 47.931795943387556 ], [ -3.602467776994329, 47.9317860235425 ], [ -3.602483541822728, 47.931731436906844 ], [ -3.602533979101518, 47.931770242344719 ], [ -3.602564845050658, 47.931816937938592 ], [ -3.602538192532291, 47.931914688253606 ], [ -3.602520691513281, 47.931926669730835 ], [ -3.602433881969157, 47.931938440277278 ], [ -3.602314082100235, 47.931900862726387 ], [ -3.602170471026525, 47.931875500723088 ], [ -3.602021163257607, 47.931873515323154 ], [ -3.601909165187325, 47.931924294017747 ], [ -3.601705902837235, 47.932036344478135 ], [ -3.601603969161052, 47.93208561345012 ], [ -3.601410879709753, 47.93213405525794 ], [ -3.601186479723685, 47.932216703015207 ], [ -3.601084816267363, 47.932229166378605 ], [ -3.601010292741084, 47.932269081153578 ], [ -3.600940552548644, 47.932319801408553 ], [ -3.600905227873181, 47.932332597274886 ], [ -3.600866937964854, 47.932335523863216 ], [ -3.600823064376566, 47.932319348825736 ], [ -3.600784377817024, 47.932293377056034 ], [ -3.600752224704307, 47.932261235460203 ], [ -3.600729974425581, 47.932231901361064 ], [ -3.600705230212193, 47.932170297060459 ], [ -3.600707723839103, 47.932133536253801 ], [ -3.60071426399986, 47.932127186576089 ], [ -3.600767874177432, 47.932081544916784 ], [ -3.600970734319719, 47.931970388165318 ], [ -3.60117050060722, 47.931823168872086 ], [ -3.601532216310203, 47.931499265085478 ], [ -3.601604486941883, 47.931450214971086 ], [ -3.601730801996795, 47.931343921228731 ], [ -3.601869789119337, 47.931196299360963 ], [ -3.601895889205331, 47.931162619086578 ], [ -3.601951701378306, 47.931018829498647 ], [ -3.601977542756424, 47.930922953239239 ], [ -3.601994820801378, 47.930887297108974 ], [ -3.602182295525172, 47.930899403298525 ], [ -3.602332477785648, 47.930917516159674 ], [ -3.602365335751412, 47.930911150797698 ], [ -3.602408230344492, 47.930913895526515 ], [ -3.602448464578281, 47.930888776870852 ], [ -3.602584723665451, 47.930843341145895 ], [ -3.602693663469118, 47.930775220697285 ], [ -3.602813678384052, 47.930668800297589 ], [ -3.603245515138374, 47.930421709245472 ], [ -3.60342926983585, 47.930305757643033 ], [ -3.603783579817424, 47.930050190459923 ], [ -3.605754098670361, 47.92881256793153 ], [ -3.605834645796017, 47.92869086915475 ], [ -3.605843686610673, 47.928686998976644 ], [ -3.605903994421831, 47.928620698073303 ], [ -3.606052858478221, 47.928505758293355 ], [ -3.606130136707167, 47.928421794689712 ], [ -3.606194519421345, 47.928325874417524 ], [ -3.606186847403419, 47.928293231493647 ], [ -3.606161794239451, 47.928269422919584 ], [ -3.606164020790144, 47.928249577016281 ], [ -3.606211798611587, 47.928191216814454 ], [ -3.606243517392673, 47.928165747485707 ], [ -3.606260960074251, 47.928135494142836 ], [ -3.606242420418553, 47.928076354809242 ], [ -3.606338293252607, 47.927931380386205 ], [ -3.606359118881544, 47.927919644495844 ], [ -3.606399996501434, 47.927877257139656 ], [ -3.606584672422561, 47.927855009880126 ], [ -3.606635457109573, 47.927686728315102 ], [ -3.606696713778096, 47.927585165609308 ], [ -3.606747792314646, 47.927468370338794 ], [ -3.606774124841964, 47.927398693374521 ], [ -3.606858209530615, 47.927093462799142 ], [ -3.606895217032527, 47.926867486778946 ], [ -3.606936754602194, 47.926688761260706 ], [ -3.60704591615962, 47.926327508937767 ], [ -3.607064125853395, 47.926286650692575 ], [ -3.607065402673762, 47.926262465888392 ], [ -3.607070487277062, 47.926245466855015 ], [ -3.60706654470407, 47.926241878433025 ], [ -3.607068505575656, 47.926199437086979 ], [ -3.607044025817245, 47.926160340023344 ], [ -3.606962454011799, 47.926091937470829 ], [ -3.606829068517177, 47.926031414556384 ], [ -3.606822974576865, 47.926025893327889 ], [ -3.606815587567736, 47.926025206422707 ], [ -3.606809392525959, 47.926022383204106 ], [ -3.606762046922682, 47.926019821643621 ], [ -3.60649950194029, 47.925993719948636 ], [ -3.606443780877157, 47.925957511399588 ], [ -3.606275303885479, 47.925874059644052 ], [ -3.605824410361033, 47.925800289252088 ], [ -3.605733372633919, 47.925796587944028 ], [ -3.605697502218575, 47.925784534151219 ], [ -3.60534641864457, 47.925767198048902 ], [ -3.605191705727757, 47.925820819607857 ], [ -3.6051786689309, 47.925822540171872 ], [ -3.605038705286535, 47.925838654738016 ], [ -3.604976516488477, 47.925816806811383 ], [ -3.604918574397398, 47.925780553254206 ], [ -3.604855339406531, 47.925747074336577 ], [ -3.604653187488981, 47.925553598814396 ], [ -3.604607588395457, 47.925524250849449 ], [ -3.604589919899578, 47.925511119016228 ], [ -3.604585859457055, 47.925510678181375 ], [ -3.60440452072556, 47.925394747158002 ], [ -3.60442144919102, 47.925397964207356 ], [ -3.604558951426904, 47.925417801755422 ], [ -3.604752476261119, 47.925426244207181 ], [ -3.604880287344011, 47.925417898208707 ], [ -3.604983588680978, 47.925391064087755 ], [ -3.605020424002485, 47.925367497040483 ], [ -3.605044997697838, 47.925334865869004 ], [ -3.605020728800497, 47.925290192490927 ], [ -3.605012414954402, 47.925254926739797 ], [ -3.605022214837179, 47.925220921519397 ], [ -3.605047605446916, 47.925206036750758 ], [ -3.605082132872882, 47.925204473927494 ], [ -3.605480621098168, 47.925351185263793 ], [ -3.60551484618723, 47.925397226657616 ], [ -3.605561239178581, 47.925444950172405 ], [ -3.605666589415701, 47.925501856830991 ], [ -3.605966473894022, 47.925530413453799 ], [ -3.606456723470629, 47.92571107689114 ], [ -3.606790044675499, 47.925688095857154 ], [ -3.607080984116614, 47.925520180016115 ], [ -3.607121286073594, 47.925512881318525 ], [ -3.607285289004289, 47.925458541770176 ], [ -3.607317367371375, 47.925383849010778 ], [ -3.607358282400529, 47.925360182299663 ], [ -3.6074000076115, 47.925117020129498 ], [ -3.607456169316244, 47.925022736022342 ], [ -3.607524884920344, 47.924969291748468 ], [ -3.607777741644271, 47.925046138788232 ], [ -3.607799625569795, 47.925085274055441 ], [ -3.60787857363446, 47.925184133993817 ], [ -3.608019176211487, 47.925289439347701 ], [ -3.608143881234889, 47.925364008353732 ], [ -3.608231891052541, 47.92541885782488 ], [ -3.608297545125359, 47.925447162770865 ], [ -3.608520092889806, 47.925511975633341 ], [ -3.608579993113833, 47.925555376176163 ], [ -3.608619116404982, 47.925569653653213 ], [ -3.60867100030703, 47.925569784563663 ], [ -3.60874732457564, 47.925540790848551 ], [ -3.608789245795831, 47.925549633817219 ], [ -3.608940015545234, 47.925611129657163 ], [ -3.609107788400316, 47.925654062929667 ], [ -3.609245427515674, 47.925670297186926 ], [ -3.609433200100495, 47.925703727157703 ], [ -3.609536799858829, 47.925708484861971 ], [ -3.609650062784442, 47.925722434441163 ], [ -3.609650803504235, 47.925722449152111 ], [ -3.609879925761478, 47.925770109641221 ], [ -3.609929949827618, 47.925691182493608 ], [ -3.610101865261178, 47.925593705565774 ], [ -3.61012836177277, 47.92554923139609 ], [ -3.610126243052537, 47.925506799057622 ], [ -3.610104047810159, 47.925475938153433 ], [ -3.610079219916501, 47.925456005039052 ], [ -3.610081199576375, 47.925452624326532 ], [ -3.610505986255439, 47.925550608808656 ], [ -3.610501613452374, 47.925578332171192 ], [ -3.610464416304467, 47.925710704547882 ], [ -3.610453203142719, 47.925782572395313 ], [ -3.610458297225551, 47.926141775880325 ], [ -3.610467160685867, 47.926202072246987 ], [ -3.610516282553152, 47.926375128600135 ], [ -3.610558638516487, 47.926481360171081 ], [ -3.608656773128225, 47.926177456198516 ], [ -3.605645958780122, 47.928978178139211 ], [ -3.605583031210856, 47.929391110484012 ], [ -3.605406152442252, 47.929511702383842 ], [ -3.605195795409535, 47.929655208062798 ], [ -3.605118719911052, 47.929733685109291 ] ] ], [ [ [ -3.610889538695819, 47.927702397381545 ], [ -3.611793257234053, 47.928612327713104 ], [ -3.611737817584013, 47.92886583986953 ], [ -3.612904998055214, 47.930086180395868 ], [ -3.611206714382074, 47.929479096843465 ], [ -3.611589419945378, 47.928869465607306 ], [ -3.610511740874207, 47.927784538796807 ], [ -3.610462897593703, 47.927742708841507 ], [ -3.610550591884135, 47.927518817982744 ], [ -3.610889538695819, 47.927702397381545 ] ] ], [ [ [ -3.615677690480669, 47.928205480479157 ], [ -3.615723142571404, 47.928179380425668 ], [ -3.615776207097314, 47.928177731257406 ], [ -3.61603206344312, 47.928373508879424 ], [ -3.616099612669357, 47.928420746663704 ], [ -3.616157061120334, 47.928470484434115 ], [ -3.616208649455318, 47.928508406075068 ], [ -3.616249022004766, 47.928519105462442 ], [ -3.616277166155852, 47.928509852608038 ], [ -3.616385101012353, 47.92858731995728 ], [ -3.616385060748843, 47.928588399167118 ], [ -3.616384927072837, 47.928621786735668 ], [ -3.616402476371936, 47.928648144329415 ], [ -3.617137959768345, 47.929201805689267 ], [ -3.617565934640044, 47.929523476560682 ], [ -3.617786072132125, 47.929683443021311 ], [ -3.615210845058159, 47.92853841640207 ], [ -3.61528020888098, 47.92849731005726 ], [ -3.615423700753165, 47.928386751416951 ], [ -3.615520972228215, 47.92830299738759 ], [ -3.615558842383698, 47.928281427265702 ], [ -3.615636687395141, 47.928241478687276 ], [ -3.615677690480669, 47.928205480479157 ] ] ], [ [ [ -3.619475848727216, 47.930948608429311 ], [ -3.619404266252755, 47.931248245542179 ], [ -3.619353485622858, 47.931417342934282 ], [ -3.619280276717742, 47.931760598276483 ], [ -3.619277276896065, 47.931781419133465 ], [ -3.617970494706708, 47.929817142342948 ], [ -3.618252705253662, 47.930022256064454 ], [ -3.618406335737336, 47.930146795520436 ], [ -3.618497805094884, 47.930208724979941 ], [ -3.618680812966124, 47.930241234403667 ], [ -3.618689678867143, 47.930242039735113 ], [ -3.61872939280527, 47.930270455275952 ], [ -3.618761757474924, 47.930247425121806 ], [ -3.618807588663461, 47.930250941429634 ], [ -3.619254585489005, 47.929923267363108 ], [ -3.619444704948803, 47.92979472508032 ], [ -3.619478205200802, 47.929761097113996 ], [ -3.619479590796284, 47.929733854335559 ], [ -3.619698550094922, 47.92957735158727 ], [ -3.619728688716253, 47.929574257290312 ], [ -3.619808174923934, 47.9295300181155 ], [ -3.620129030299797, 47.929314688172845 ], [ -3.620130841008873, 47.929465114817475 ], [ -3.620104643774019, 47.929511667368352 ], [ -3.620050045945313, 47.929564408675724 ], [ -3.619998399626993, 47.929627468352798 ], [ -3.619903852354103, 47.929777520639796 ], [ -3.619769455620021, 47.930111736397912 ], [ -3.619545882903093, 47.930511419809598 ], [ -3.619475848727216, 47.930948608429311 ] ] ], [ [ [ -3.617174652489443, 47.931606989817482 ], [ -3.617113870707581, 47.931586886835113 ], [ -3.61598549885297, 47.930912675489708 ], [ -3.617197985220409, 47.931498190637335 ], [ -3.617225906479778, 47.931614214119399 ], [ -3.617174652489443, 47.931606989817482 ] ] ], [ [ [ -3.601708195824687, 47.93757012884771 ], [ -3.601698015313763, 47.937545085504411 ], [ -3.601703473247441, 47.937498483439114 ], [ -3.601646167153462, 47.937415439852209 ], [ -3.601646231351717, 47.937413731101032 ], [ -3.601778615695993, 47.937323847835664 ], [ -3.601919247738133, 47.936974924214155 ], [ -3.601962886036202, 47.936879042137797 ], [ -3.601993197658232, 47.936792524655885 ], [ -3.602056576823998, 47.936634934870412 ], [ -3.60208698719179, 47.936565519644283 ], [ -3.602088874280422, 47.936554757062062 ], [ -3.602097854723809, 47.936532795631251 ], [ -3.60209392864639, 47.936528757330343 ], [ -3.602094868811441, 47.936523465973544 ], [ -3.602092279301479, 47.936493713864799 ], [ -3.60203430345141, 47.93646798816939 ], [ -3.601952199529034, 47.936383910633992 ], [ -3.602142645619331, 47.936337124793958 ], [ -3.602315350265562, 47.935913868835165 ], [ -3.602262376220466, 47.935853682348274 ], [ -3.602263630494205, 47.93584002711296 ], [ -3.602247904958367, 47.935804703197135 ], [ -3.602210900921064, 47.935763465201724 ], [ -3.602210981990073, 47.93576130678133 ], [ -3.60230989297157, 47.935693976464265 ], [ -3.602326448295584, 47.935687466212158 ], [ -3.602371373021274, 47.935636250457215 ], [ -3.602450902029326, 47.935463142135724 ], [ -3.602480141436754, 47.935375523256376 ], [ -3.602495641419713, 47.935288530658156 ], [ -3.602682488179166, 47.934853766124114 ], [ -3.602736246554006, 47.934468551054145 ], [ -3.602739837993526, 47.934451882342117 ], [ -3.602739754620884, 47.934444230563351 ], [ -3.602752900821005, 47.934350801011739 ], [ -3.602738546882635, 47.934338184874498 ], [ -3.60273816738916, 47.934328547166935 ], [ -3.602701227055215, 47.934295500765693 ], [ -3.602671413683636, 47.934279966600819 ], [ -3.602651302011382, 47.934262735677692 ], [ -3.602630412043513, 47.93418725835577 ], [ -3.602615628326117, 47.934008401115008 ], [ -3.602572284537438, 47.933780644170085 ], [ -3.6025450461281, 47.933716290540197 ], [ -3.602486555961449, 47.93364510416157 ], [ -3.602548633704308, 47.933581270004716 ], [ -3.602598123522578, 47.933615736491141 ], [ -3.602663051178389, 47.933633950266049 ], [ -3.602668630966843, 47.933633431418428 ], [ -3.602731166304528, 47.93366599770534 ], [ -3.603096794310928, 47.933544039084971 ], [ -3.603182229092496, 47.933598571535747 ], [ -3.603279610273643, 47.933700232537078 ], [ -3.603332741544652, 47.933726581085104 ], [ -3.603380591093805, 47.933735634166013 ], [ -3.603397986892904, 47.933736340617266 ], [ -3.603417169669396, 47.933748692824025 ], [ -3.603469863449484, 47.933737322038425 ], [ -3.603536403267017, 47.933732347049954 ], [ -3.603633584312962, 47.933710971943704 ], [ -3.603699691314997, 47.93368789797443 ], [ -3.603962408504085, 47.933631298159384 ], [ -3.604333535279679, 47.933303432004969 ], [ -3.604389557696653, 47.933262606637797 ], [ -3.604542478272007, 47.933138748870157 ], [ -3.604531376927611, 47.933128357756111 ], [ -3.60468204138252, 47.932995454785221 ], [ -3.604855461793357, 47.932858684470411 ], [ -3.605082927203866, 47.932664578649977 ], [ -3.604648561663739, 47.935508345112687 ], [ -3.602047824612111, 47.9377166695417 ], [ -3.601109265672489, 47.93851337841599 ], [ -3.601228734879919, 47.938323336342457 ], [ -3.601507083459499, 47.937959877727508 ], [ -3.60159533731434, 47.93781124396768 ], [ -3.601676013707773, 47.937607738152451 ], [ -3.601676033980696, 47.937607198546715 ], [ -3.601708195824687, 47.93757012884771 ] ] ], [ [ [ -3.622460873593945, 47.936556750064511 ], [ -3.622461146983818, 47.936559365487291 ], [ -3.622448953872144, 47.936548324703182 ], [ -3.622439817910595, 47.936534824236439 ], [ -3.622460873593945, 47.936556750064511 ] ] ], [ [ [ -3.593325139913647, 47.94032554608404 ], [ -3.59336338681317, 47.940491015040088 ], [ -3.59338833485198, 47.940517614744451 ], [ -3.593474009371236, 47.940536339069254 ], [ -3.593211540057538, 47.9406048898243 ], [ -3.593189925447258, 47.940568546542529 ], [ -3.593165585045459, 47.940289953133835 ], [ -3.59317850605737, 47.940281571454214 ], [ -3.593302641966308, 47.940292965245874 ], [ -3.593325139913647, 47.94032554608404 ] ] ], [ [ [ -3.592707866065904, 47.940433797813562 ], [ -3.59279376819046, 47.940456307324304 ], [ -3.59288402081891, 47.940481423879149 ], [ -3.592944766864352, 47.94051234009347 ], [ -3.592973079990286, 47.94054800744069 ], [ -3.592975563186926, 47.940580457880998 ], [ -3.592949660553811, 47.940608650251306 ], [ -3.592924423512642, 47.940629025752358 ], [ -3.592887916126201, 47.94064350559529 ], [ -3.592786736614608, 47.940672171649595 ], [ -3.592945028693046, 47.940819882506773 ], [ -3.592739107606705, 47.940991266059456 ], [ -3.592713588719445, 47.940911013504845 ], [ -3.592627612078065, 47.940792200175487 ], [ -3.592554066770055, 47.940481481076347 ], [ -3.59269235456501, 47.940432227369044 ], [ -3.592707866065904, 47.940433797813562 ] ] ], [ [ [ -3.585933713134537, 47.946402891633426 ], [ -3.585899954167631, 47.946344612281109 ], [ -3.58602361132571, 47.946310193246028 ], [ -3.586077369524792, 47.946378864262783 ], [ -3.585732370145355, 47.946520803673081 ], [ -3.585741891713066, 47.946504344309851 ], [ -3.585784245660609, 47.946462893249659 ], [ -3.585836024082134, 47.94643693181483 ], [ -3.585933713134537, 47.946402891633426 ] ] ], [ [ [ -3.585242108552751, 47.946719317263273 ], [ -3.585346134892303, 47.946674604504153 ], [ -3.585348197812793, 47.946678876051244 ], [ -3.585244242973279, 47.94672170019075 ], [ -3.585242108552751, 47.946719317263273 ] ] ], [ [ [ -3.58449620746942, 47.947030058009005 ], [ -3.584507757498604, 47.947028579943215 ], [ -3.584331766393897, 47.947103527387569 ], [ -3.584334469676605, 47.947090891294913 ], [ -3.584270747857829, 47.947011218871729 ], [ -3.58438325855419, 47.946977477764428 ], [ -3.584421508963375, 47.947005246909143 ], [ -3.58449620746942, 47.947030058009005 ] ] ], [ [ [ -3.583469936393235, 47.947459634154399 ], [ -3.583533912467558, 47.947434728895303 ], [ -3.583539622312808, 47.947440603811479 ], [ -3.583474425692953, 47.947468364638503 ], [ -3.583469936393235, 47.947459634154399 ] ] ], [ [ [ -3.61225313476206, 47.968536532907436 ], [ -3.612246014717053, 47.968528561484597 ], [ -3.612617561962828, 47.968094999660991 ], [ -3.612624573073739, 47.968086048283539 ], [ -3.612642638618782, 47.968069125693845 ], [ -3.612645931899912, 47.968090161723694 ], [ -3.612645022460891, 47.968094643863196 ], [ -3.612642216130221, 47.968100258451237 ], [ -3.612269112482709, 47.968535769579674 ], [ -3.612259789391267, 47.968537114832955 ], [ -3.612256389748835, 47.968538757507687 ], [ -3.61225313476206, 47.968536532907436 ] ] ], [ [ [ -3.615808170990922, 47.969622989631084 ], [ -3.615817770778863, 47.969624169636965 ], [ -3.615813472033313, 47.969630024785047 ], [ -3.615807251698452, 47.969627741612442 ], [ -3.615806921357988, 47.969626655036095 ], [ -3.61580693479236, 47.969626295288876 ], [ -3.615806230449753, 47.969625291314664 ], [ -3.615808170990922, 47.969622989631084 ] ] ], [ [ [ -3.615591835435531, 47.969724732210082 ], [ -3.615381256983333, 47.96982127813564 ], [ -3.615323520370086, 47.969847676355037 ], [ -3.615591835435531, 47.969724732210082 ] ] ], [ [ [ -3.622115243297994, 47.971744876560138 ], [ -3.62212423955579, 47.971742353960742 ], [ -3.622123998439885, 47.971748829434688 ], [ -3.622119797294181, 47.971752076664593 ], [ -3.622115773636824, 47.971750557226059 ], [ -3.622115490048745, 47.971748211547357 ], [ -3.622114782221102, 47.971747297549697 ], [ -3.622115243297994, 47.971744876560138 ] ] ], [ [ [ -3.591508008807772, 47.973958029735023 ], [ -3.591915201526829, 47.974206489095351 ], [ -3.591930659039139, 47.974239199918337 ], [ -3.591901532794874, 47.974244287435077 ], [ -3.591896387562545, 47.974243014432936 ], [ -3.591460550471063, 47.973977060956329 ], [ -3.591456581819934, 47.97397410139699 ], [ -3.591456214147427, 47.973964193565145 ], [ -3.591508008807772, 47.973958029735023 ] ] ], [ [ [ -3.593050048865947, 47.977918649194265 ], [ -3.593048960546398, 47.977917997400397 ], [ -3.593048239526302, 47.977917442955672 ], [ -3.593296104196361, 47.977542490065076 ], [ -3.592745131016438, 47.977377564788725 ], [ -3.592451967490915, 47.977517688655929 ], [ -3.592451243085999, 47.977517224143945 ], [ -3.592450147989636, 47.977516752217447 ], [ -3.592435710828432, 47.977506112928012 ], [ -3.592714900751626, 47.977372549983421 ], [ -3.592514545684126, 47.977049116887621 ], [ -3.591941947118539, 47.977162318804325 ], [ -3.591931081175027, 47.977155351074863 ], [ -3.591931104949789, 47.977154721519042 ], [ -3.59193227475563, 47.977153214846624 ], [ -3.592532154206322, 47.977034708348498 ], [ -3.59253556849671, 47.977032706535766 ], [ -3.592619737321751, 47.977014138979364 ], [ -3.593075046403377, 47.977148260615209 ], [ -3.593210348061314, 47.977200108489498 ], [ -3.593382343221115, 47.977459250074553 ], [ -3.593752660740559, 47.97755521770258 ], [ -3.593799533630099, 47.977669740314958 ], [ -3.593798673472279, 47.977672873277498 ], [ -3.593729939544663, 47.977764113915107 ], [ -3.593397459243289, 47.977677993163809 ], [ -3.593231815296646, 47.977928764005803 ], [ -3.593063809354796, 47.977927564784217 ], [ -3.593050048865947, 47.977918649194265 ] ] ], [ [ [ -3.598867264929383, 47.984443048820268 ], [ -3.598059079106532, 47.984515044953525 ], [ -3.597695730939521, 47.984518326905864 ], [ -3.597470548575931, 47.984172985892918 ], [ -3.598050710437566, 47.984264394735163 ], [ -3.598224720785109, 47.984155899832274 ], [ -3.598867264929383, 47.984443048820268 ] ] ], [ [ [ -3.640473598870326, 47.985320867986758 ], [ -3.640509112864319, 47.985363864158941 ], [ -3.64025559686333, 47.985497511546335 ], [ -3.6400192596239, 47.985608003475079 ], [ -3.63995696189231, 47.985647286486483 ], [ -3.639968251467806, 47.985713299922317 ], [ -3.639967717131099, 47.986400826836828 ], [ -3.63998272346998, 47.987230143811786 ], [ -3.639995593281544, 47.987655212872497 ], [ -3.640036653686107, 47.988351744647069 ], [ -3.640048933533594, 47.988682298550167 ], [ -3.640063871564761, 47.989252314564361 ], [ -3.640112245352259, 47.989881487234278 ], [ -3.640139867940074, 47.99071087292387 ], [ -3.640182843558505, 47.991827851905988 ], [ -3.640237827141978, 47.992579560294708 ], [ -3.640243590733064, 47.992825383927844 ], [ -3.639965566541756, 47.99294856227278 ], [ -3.639437604984025, 47.993177825608235 ], [ -3.639029401957478, 47.993379458518653 ], [ -3.638881085052592, 47.993446759484698 ], [ -3.638452254919374, 47.993674267900609 ], [ -3.638090629734096, 47.993880499277445 ], [ -3.637938838504891, 47.993941340720092 ], [ -3.6378643270558, 47.993979483818968 ], [ -3.637797735409437, 47.994014181758821 ], [ -3.637658291391919, 47.994102355817276 ], [ -3.637187368867628, 47.994364047014294 ], [ -3.637060988042938, 47.994430065138488 ], [ -3.6365286411026, 47.994747073308901 ], [ -3.636416278101525, 47.994805264951751 ], [ -3.636162111844399, 47.994955092704558 ], [ -3.635735839303194, 47.995213152628502 ], [ -3.63549607247452, 47.995374871672709 ], [ -3.635364017511336, 47.995433666400785 ], [ -3.635172640658164, 47.99556123153954 ], [ -3.63505991172433, 47.995629225170482 ], [ -3.634892024741575, 47.995753740153987 ], [ -3.634712082131132, 47.995833016355213 ], [ -3.634590143911594, 47.99588912840558 ], [ -3.634087177942748, 47.996173579906227 ], [ -3.633549550882578, 47.996461939532075 ], [ -3.633292748298961, 47.996622419846602 ], [ -3.632819265214024, 47.996912034514182 ], [ -3.632408999725479, 47.997137904780438 ], [ -3.632219019878621, 47.997257482119743 ], [ -3.632096438599915, 47.997320779273167 ], [ -3.631918537472671, 47.997384790401661 ], [ -3.631807284410411, 47.997452809860789 ], [ -3.631776581147741, 47.997480198500583 ], [ -3.631730896572162, 47.997541314733319 ], [ -3.631668384042852, 47.997595890244909 ], [ -3.63162295098931, 47.997620199506308 ], [ -3.631557896880294, 47.997633232947003 ], [ -3.631451370237104, 47.997643831940486 ], [ -3.631416082247127, 47.997654749628794 ], [ -3.631381803858683, 47.997678467782407 ], [ -3.631333456737126, 47.997751322187717 ], [ -3.631315009206664, 47.997818463389237 ], [ -3.631309511118415, 47.997896659429962 ], [ -3.631315990270035, 47.997922077953667 ], [ -3.63134726650448, 47.997979305008919 ], [ -3.6313967078033, 47.998117082856879 ], [ -3.631376103546657, 47.998272386270749 ], [ -3.631375775416712, 47.998381285431904 ], [ -3.631386411616749, 47.998424696508785 ], [ -3.631408209475889, 47.998467336701481 ], [ -3.631437387868005, 47.998521102376415 ], [ -3.631473949040462, 47.998565922536521 ], [ -3.631484351846708, 47.99861562934997 ], [ -3.63145430052698, 47.998665441895106 ], [ -3.631414432921392, 47.998699760896137 ], [ -3.63123800510591, 47.998924008310226 ], [ -3.631165344611406, 47.99898198453505 ], [ -3.631018485054724, 47.99913939880215 ], [ -3.630900737846869, 47.999242301795299 ], [ -3.630835159667712, 47.999309417394535 ], [ -3.630691104817159, 47.999391192403351 ], [ -3.630652225664589, 47.999278822883504 ], [ -3.630304482062092, 47.998279240059858 ], [ -3.629563620308568, 47.997113523217187 ], [ -3.628248833708286, 47.995145466643265 ], [ -3.627663801064454, 47.994312128660454 ], [ -3.627603269408624, 47.994343339510401 ], [ -3.627511426347535, 47.99437834456689 ], [ -3.627121404343848, 47.99448875691747 ], [ -3.626983103312646, 47.9945157370449 ], [ -3.626678228540717, 47.994601541995202 ], [ -3.626569190343042, 47.994639898055709 ], [ -3.626466492487941, 47.994677388754134 ], [ -3.626067740961896, 47.994782945364634 ], [ -3.625791352051931, 47.994871018752391 ], [ -3.625423170497386, 47.99499265572635 ], [ -3.624381357782401, 47.995296962131015 ], [ -3.623667373381016, 47.995506914884707 ], [ -3.623574391213107, 47.995612277944957 ], [ -3.623189018276437, 47.995896387311262 ], [ -3.622937887896073, 47.996063255720856 ], [ -3.622729324786358, 47.996213051931697 ], [ -3.622531677045361, 47.996338761720814 ], [ -3.622048320685734, 47.996563242207145 ], [ -3.62185049264255, 47.996663835939231 ], [ -3.621772670925675, 47.996720714057567 ], [ -3.621485949012298, 47.996816763535534 ], [ -3.621464991902775, 47.996851361981911 ], [ -3.621331271683146, 47.996914517430383 ], [ -3.621221283694758, 47.996978140963776 ], [ -3.621139246072311, 47.997187943759585 ], [ -3.621109759706342, 47.997222373864368 ], [ -3.620871780006274, 47.997494083050611 ], [ -3.620689020484594, 47.997618373461123 ], [ -3.619894249295102, 47.997973416320974 ], [ -3.619440451925081, 47.998131055736579 ], [ -3.61848803252403, 47.998722479113866 ], [ -3.618303347731737, 47.998838447294766 ], [ -3.618222354735167, 47.998920461850325 ], [ -3.61805032299364, 47.999154766306781 ], [ -3.617322692298096, 47.9990722530368 ], [ -3.614946909791532, 47.997839811107632 ], [ -3.611978565252164, 47.996340411488006 ], [ -3.608774821046554, 47.996531685053057 ], [ -3.607402199521538, 47.996184108028544 ], [ -3.604758213823184, 47.996291961615796 ], [ -3.601960396490557, 47.996799552954201 ], [ -3.599682472504726, 47.997069560047379 ], [ -3.597632477917412, 47.996233847834034 ], [ -3.595842123528124, 47.99579651442216 ], [ -3.594516263776772, 47.995146297437465 ], [ -3.593079087780184, 47.994339389195368 ], [ -3.592362506256599, 47.993868463761615 ], [ -3.591218978519104, 47.993550732054295 ], [ -3.589879206950482, 47.993349666926406 ], [ -3.588520008164546, 47.993044419426241 ], [ -3.587356113325666, 47.993099041844879 ], [ -3.586566588471941, 47.992654967000036 ], [ -3.585830393459941, 47.992282520447247 ], [ -3.585794846831402, 47.992202152438274 ], [ -3.585885489894381, 47.992179849035757 ], [ -3.585948240799856, 47.992247351806213 ], [ -3.586422707253868, 47.992330194423431 ], [ -3.587329029575507, 47.991746164496753 ], [ -3.588200150852911, 47.991837514957986 ], [ -3.58836071803259, 47.991703475212049 ], [ -3.588361861005517, 47.991702688061444 ], [ -3.588029820532666, 47.991681454273021 ], [ -3.588039107288453, 47.991671379726817 ], [ -3.588082941967227, 47.991630855516874 ], [ -3.588599047755703, 47.991524098534022 ], [ -3.588758695385465, 47.991403989034175 ], [ -3.589058453019235, 47.991150507306344 ], [ -3.58948639025927, 47.990706169973002 ], [ -3.589525471041951, 47.990653939345407 ], [ -3.589579229976326, 47.9906354846458 ], [ -3.590909612770992, 47.990926191893927 ], [ -3.590699163162979, 47.99064305348125 ], [ -3.590642464229421, 47.990228793965109 ], [ -3.590624685177594, 47.99013960282177 ], [ -3.591097673573427, 47.989504090158526 ], [ -3.591071585262128, 47.989350019053695 ], [ -3.591483985708066, 47.988815268817262 ], [ -3.591785812836673, 47.988555431566013 ], [ -3.592210872845248, 47.988363042125485 ], [ -3.592498760005004, 47.988128305742308 ], [ -3.593433835432317, 47.988303790233445 ], [ -3.593765661743321, 47.987661665640729 ], [ -3.593741891102836, 47.98747551000546 ], [ -3.594161754067386, 47.987567965600356 ], [ -3.59467032488863, 47.98763014998179 ], [ -3.594943248763657, 47.987526155947563 ], [ -3.595609430433798, 47.987452696373033 ], [ -3.596232928658586, 47.987290985762691 ], [ -3.596732637614279, 47.987499691717538 ], [ -3.597051598652466, 47.987640974913184 ], [ -3.597436049612655, 47.987737931320275 ], [ -3.597780189435872, 47.988520910512555 ], [ -3.598290095609064, 47.987858294011588 ], [ -3.59874954453056, 47.987727408813271 ], [ -3.599280831647309, 47.987531260219633 ], [ -3.599617465652049, 47.987558041773845 ], [ -3.600318050314608, 47.987605485682124 ], [ -3.600819771180102, 47.987652653803103 ], [ -3.601874482666468, 47.988041329809775 ], [ -3.601964540114507, 47.98807372460719 ], [ -3.602128462660706, 47.988056017142455 ], [ -3.603068230823868, 47.987899933588999 ], [ -3.603756265973406, 47.987847020068614 ], [ -3.604361471636712, 47.987756902989574 ], [ -3.605133238850533, 47.987954239263914 ], [ -3.605904763983546, 47.987980196090774 ], [ -3.606246475560824, 47.987950894924275 ], [ -3.606916717314809, 47.987937029898951 ], [ -3.607417848844865, 47.987891270790882 ], [ -3.607540701592245, 47.987910001472841 ], [ -3.607620675405444, 47.987874957749007 ], [ -3.607730777997359, 47.987689484390273 ], [ -3.608101840754713, 47.987154304097416 ], [ -3.608522285974814, 47.986895157211201 ], [ -3.609245983570253, 47.986771273524582 ], [ -3.609504218831528, 47.98667226232336 ], [ -3.609736604997484, 47.986569947563332 ], [ -3.610193527648818, 47.986188482058161 ], [ -3.610925836395822, 47.986121641114401 ], [ -3.611159110808449, 47.98601529085385 ], [ -3.611373034441425, 47.985979840028428 ], [ -3.611917127449826, 47.985598475740424 ], [ -3.61248228701677, 47.985516610970876 ], [ -3.612679293738017, 47.985407648870229 ], [ -3.613308175648961, 47.985080160429611 ], [ -3.613343461703873, 47.984969973990403 ], [ -3.613611060012149, 47.984689600193825 ], [ -3.613563448890273, 47.984097509103812 ], [ -3.614119387293369, 47.983835085106449 ], [ -3.614477115582014, 47.983525352660173 ], [ -3.615210065875484, 47.98321188497146 ], [ -3.615503435842555, 47.983045602447007 ], [ -3.615852655929906, 47.982685205222481 ], [ -3.615967194458511, 47.982310444078045 ], [ -3.616375403946168, 47.98221807452591 ], [ -3.61686464239941, 47.981813551805033 ], [ -3.61760119830683, 47.981283230765968 ], [ -3.617687547458033, 47.981275757331481 ], [ -3.618682134634759, 47.981247081487041 ], [ -3.619438463135945, 47.981469301901811 ], [ -3.619727948578852, 47.98188426716483 ], [ -3.620046206196036, 47.981467803520282 ], [ -3.620250328366003, 47.98133637807161 ], [ -3.620895773743968, 47.980860669032694 ], [ -3.621275997862138, 47.980572960859234 ], [ -3.621424680404544, 47.980216689878219 ], [ -3.621878725175307, 47.98017794691981 ], [ -3.622630290905249, 47.979940131881449 ], [ -3.623213639273104, 47.979766317886295 ], [ -3.624041671291293, 47.97983610350412 ], [ -3.624372100794387, 47.979948909994619 ], [ -3.62493085027194, 47.979947589111227 ], [ -3.625399849205751, 47.980045301637368 ], [ -3.62557215867757, 47.980080556785467 ], [ -3.626607576616827, 47.980280142108242 ], [ -3.62723774214411, 47.980353748090479 ], [ -3.627712202229987, 47.980444447697494 ], [ -3.628406802164867, 47.98058123706744 ], [ -3.62912795283451, 47.981112219676895 ], [ -3.629213225811283, 47.981163668300333 ], [ -3.629270139539428, 47.981159567089243 ], [ -3.629882378999882, 47.981316688395182 ], [ -3.630493457243451, 47.981415191051802 ], [ -3.63074356836335, 47.981443506290681 ], [ -3.631682437568672, 47.981426487118291 ], [ -3.631884473293938, 47.981310569946352 ], [ -3.632085900797074, 47.981251072684529 ], [ -3.632119150114595, 47.981024646681561 ], [ -3.631969638368868, 47.980224100115592 ], [ -3.632796719428987, 47.979919475698374 ], [ -3.633634755240425, 47.97981963781988 ], [ -3.634370995422731, 47.980054319468714 ], [ -3.634499431825617, 47.980142431790881 ], [ -3.634549382640937, 47.980216134195125 ], [ -3.634962166327037, 47.980780630079181 ], [ -3.635102200864286, 47.981146809625372 ], [ -3.635740641539194, 47.981568751320509 ], [ -3.636009768764621, 47.981664749653206 ], [ -3.637034193118793, 47.981972653073321 ], [ -3.637122713224579, 47.98199670791621 ], [ -3.637257683932975, 47.98201870241482 ], [ -3.638288077138528, 47.982045000134214 ], [ -3.638937146559076, 47.98224041221448 ], [ -3.639380317313342, 47.982234954303159 ], [ -3.639846077703867, 47.982190425043804 ], [ -3.640566256533052, 47.981917041048881 ], [ -3.640580320876549, 47.981917946121669 ], [ -3.641228132321568, 47.982238064318857 ], [ -3.641614217658171, 47.982160918655907 ], [ -3.641890912308715, 47.982102424487373 ], [ -3.642135029809133, 47.982142566603734 ], [ -3.642367337540874, 47.982412345749715 ], [ -3.641941030018586, 47.982745037437567 ], [ -3.641784409620538, 47.982806958785751 ], [ -3.641640462560635, 47.982977851658383 ], [ -3.641391565054725, 47.983328499579343 ], [ -3.641915336421153, 47.983602267096273 ], [ -3.642093742395982, 47.983583432811024 ], [ -3.642264217468721, 47.983598554533145 ], [ -3.642205001033459, 47.983685150680124 ], [ -3.641709694497796, 47.984268683190962 ], [ -3.641326802704032, 47.984761527920007 ], [ -3.641153690844276, 47.984857957522614 ], [ -3.6409680472017, 47.985032534881817 ], [ -3.640798999992372, 47.98511932305847 ], [ -3.640473598870326, 47.985320867986758 ] ], [ [ -3.632001940185832, 47.983225812733394 ], [ -3.632002310919171, 47.983225820012777 ], [ -3.631576508443782, 47.983212868292199 ], [ -3.632001940185832, 47.983225812733394 ] ], [ [ -3.63150285550415, 47.983318166135142 ], [ -3.631139958236882, 47.983199613774786 ], [ -3.631139587503819, 47.983199606492448 ], [ -3.63150285550415, 47.983318166135142 ] ], [ [ -3.641310944088695, 47.984085472103324 ], [ -3.641622512498477, 47.984147904644011 ], [ -3.641622883238981, 47.984147911890553 ], [ -3.641310944088695, 47.984085472103324 ] ], [ [ -3.596069398187503, 47.989502926268479 ], [ -3.59666173661962, 47.989686120193539 ], [ -3.597793177048553, 47.989830923634777 ], [ -3.597848597380033, 47.989866771152215 ], [ -3.597900439952026, 47.989839993709275 ], [ -3.597918049538973, 47.98981577357582 ], [ -3.597956202837671, 47.989758391317494 ], [ -3.597775710073402, 47.989132315569108 ], [ -3.597657876969447, 47.988714411433087 ], [ -3.596644206171235, 47.988891115004641 ], [ -3.596166396138694, 47.989055917077138 ], [ -3.596069398187503, 47.989502926268479 ] ], [ [ -3.609713575742421, 47.989561785095354 ], [ -3.609751569313017, 47.989538057540493 ], [ -3.609751576051485, 47.989537877664695 ], [ -3.609713575742421, 47.989561785095354 ] ], [ [ -3.607692525122801, 47.990065300454198 ], [ -3.608469369415563, 47.989930325519929 ], [ -3.607692154348431, 47.990065293091682 ], [ -3.607692525122801, 47.990065300454198 ] ], [ [ -3.593924598135058, 47.992338365277398 ], [ -3.593020630186921, 47.992084122965252 ], [ -3.593142590382873, 47.992362517737568 ], [ -3.593139524929118, 47.992355256022535 ], [ -3.593774133572001, 47.992421853596568 ], [ -3.593924598135058, 47.992338365277398 ] ] ], [ [ [ -3.582699154141553, 47.947780663454211 ], [ -3.582781386516007, 47.947763235830024 ], [ -3.582509661331643, 47.947879097431468 ], [ -3.582491340918573, 47.947843988007016 ], [ -3.582511260305888, 47.947807577274546 ], [ -3.582551588937647, 47.947790297433237 ], [ -3.582618346861852, 47.947789839399498 ], [ -3.582699154141553, 47.947780663454211 ] ] ], [ [ [ -3.575588807619708, 47.953500403656463 ], [ -3.57560474060059, 47.953500724951716 ], [ -3.57570706289113, 47.953413594823715 ], [ -3.5757455037848, 47.953338857045274 ], [ -3.575804339840961, 47.953254360109867 ], [ -3.575814517433767, 47.953181752529964 ], [ -3.575784164433225, 47.953004823745509 ], [ -3.575753735258723, 47.952966408725615 ], [ -3.575709784588124, 47.952952021972315 ], [ -3.575693045709965, 47.952953394504277 ], [ -3.575816083136662, 47.952555540209168 ], [ -3.575830260133405, 47.952563026342197 ], [ -3.57584040236192, 47.952569351077429 ], [ -3.575852801964654, 47.952574821293886 ], [ -3.575889887925874, 47.952594199771887 ], [ -3.575934072195214, 47.952641442409124 ], [ -3.575997523929236, 47.952659822390828 ], [ -3.576012416909025, 47.95265823259043 ], [ -3.576168031722039, 47.952739582928444 ], [ -3.576343517628514, 47.952600645264191 ], [ -3.576542838631329, 47.952556511344483 ], [ -3.576777774742325, 47.952463143014036 ], [ -3.576880107661081, 47.952404903213193 ], [ -3.576922366372949, 47.952366243406445 ], [ -3.577054125837543, 47.952216703072793 ], [ -3.577058707542646, 47.952154693093583 ], [ -3.576993584009676, 47.952053476964991 ], [ -3.576948869478409, 47.952020174619378 ], [ -3.576876964441496, 47.951999824759405 ], [ -3.576862976792954, 47.951997112759628 ], [ -3.576811510038029, 47.95185855036911 ], [ -3.577167660140832, 47.95131733774889 ], [ -3.577233037088502, 47.951275273598789 ], [ -3.577238506532718, 47.951209411407433 ], [ -3.577264865958372, 47.951169531101911 ], [ -3.578646645150019, 47.950569593827836 ], [ -3.580618924601991, 47.948781331670993 ], [ -3.580818985984985, 47.948697693923314 ], [ -3.580828149051758, 47.94868095770849 ], [ -3.58089411760139, 47.948574281296715 ], [ -3.581249299665583, 47.948418700948601 ], [ -3.575620033632914, 47.953664119656921 ], [ -3.575626457173249, 47.953582976038128 ], [ -3.575585869355133, 47.953577657398014 ], [ -3.57554636236354, 47.953573170569769 ], [ -3.57556654476831, 47.953500764744128 ], [ -3.575588807619708, 47.953500403656463 ] ] ], [ [ [ -3.575535454341997, 47.953742967199283 ], [ -3.575512010155848, 47.953764635284706 ], [ -3.575519947663641, 47.953750934813975 ], [ -3.575535454341997, 47.953742967199283 ] ] ], [ [ [ -3.57427503513462, 47.954386088807865 ], [ -3.574029398746278, 47.954506957267533 ], [ -3.574128760847648, 47.954380797192805 ], [ -3.574167352567027, 47.954350884693746 ], [ -3.574275429633261, 47.954385466742742 ], [ -3.57427503513462, 47.954386088807865 ] ] ], [ [ [ -3.568019552502284, 47.957845984126386 ], [ -3.568335424674027, 47.957906647394879 ], [ -3.568333568432402, 47.957906699845346 ], [ -3.56797267552374, 47.957898497993 ], [ -3.567952294625375, 47.957898085597954 ], [ -3.567802111690781, 47.95801439194679 ], [ -3.567500196990386, 47.957966970181907 ], [ -3.566841442550497, 47.958174235827947 ], [ -3.566738293111513, 47.958233890345547 ], [ -3.566737922547722, 47.958233882843281 ], [ -3.566685251446672, 47.958137052145574 ], [ -3.566714993058151, 47.958125413740355 ], [ -3.56690415752741, 47.95806633053126 ], [ -3.567086898742252, 47.958000636689377 ], [ -3.567635997411459, 47.957838852667322 ], [ -3.568057763912404, 47.957699870760777 ], [ -3.568019552502284, 47.957845984126386 ] ] ], [ [ [ -3.571298984464014, 47.958866961841188 ], [ -3.571298651599039, 47.95886596507259 ], [ -3.571049352143811, 47.95848876173924 ], [ -3.570980714827547, 47.958479814520189 ], [ -3.570781373767231, 47.958455715500854 ], [ -3.570359633856912, 47.958224432275678 ], [ -3.570293099672854, 47.958189515980564 ], [ -3.569842258296983, 47.958254655557489 ], [ -3.569861053971711, 47.95801463495895 ], [ -3.569870398588846, 47.957896018660463 ], [ -3.569677765234789, 47.95793919613088 ], [ -3.570404917483027, 47.957775957883662 ], [ -3.570360777927751, 47.957708102812319 ], [ -3.570129315892316, 47.957417751743392 ], [ -3.570508615314446, 47.957478070729607 ], [ -3.571048835500103, 47.957470987014837 ], [ -3.570792260297226, 47.957888010655772 ], [ -3.571474477326324, 47.958261540565644 ], [ -3.571196048730684, 47.959222737980468 ], [ -3.571298984464014, 47.958866961841188 ] ] ], [ [ [ -3.566403241627357, 47.95832210100977 ], [ -3.566396642676768, 47.958323817290847 ], [ -3.566400077377109, 47.958321276720504 ], [ -3.566403241627357, 47.95832210100977 ] ] ], [ [ [ -3.566566785027145, 47.958364704015885 ], [ -3.566403241627357, 47.95832210100977 ], [ -3.566403384974191, 47.958322063727557 ], [ -3.566566785027145, 47.958364704015885 ] ] ], [ [ [ -3.56570140546673, 47.958495685910201 ], [ -3.565578586248578, 47.958507148769911 ], [ -3.564875798234634, 47.95874060211672 ], [ -3.565747982479209, 47.958392854576218 ], [ -3.565796461708394, 47.958385826129842 ], [ -3.565919947202994, 47.958356915728551 ], [ -3.566274847968559, 47.958230806927212 ], [ -3.566361945076393, 47.958212769697901 ], [ -3.566440199267406, 47.958212644165428 ], [ -3.56570140546673, 47.958495685910201 ] ] ], [ [ [ -3.578583194967516, 47.970126238624971 ], [ -3.578227464520965, 47.970653703063675 ], [ -3.578222791592575, 47.970747393675119 ], [ -3.57922965902482, 47.972872059137956 ], [ -3.579285640768321, 47.972921698268991 ], [ -3.579299828466308, 47.972958345661496 ], [ -3.579313472910209, 47.972970230847807 ], [ -3.579282378487358, 47.972988056029457 ], [ -3.57951537472846, 47.97384643888261 ], [ -3.57962394573418, 47.974035113233711 ], [ -3.579402167424147, 47.974414700593535 ], [ -3.579141824256736, 47.974705936912386 ], [ -3.578342733630104, 47.975058781385385 ], [ -3.57821494975089, 47.975200036326584 ], [ -3.577262906560179, 47.975467799168321 ], [ -3.576222813744512, 47.975231642277691 ], [ -3.576893761687199, 47.975839553514028 ], [ -3.577261236617994, 47.976194734902251 ], [ -3.577722983797488, 47.97642193647151 ], [ -3.577856463147761, 47.976843417243799 ], [ -3.577846604448976, 47.977258951514273 ], [ -3.578327164335128, 47.977547822659105 ], [ -3.57859206523728, 47.977810749530903 ], [ -3.578557375587312, 47.978001221786371 ], [ -3.578380687816737, 47.97817965501897 ], [ -3.577805477566528, 47.97821406624022 ], [ -3.577239308672568, 47.978137500328565 ], [ -3.576155382159062, 47.977989385386287 ], [ -3.576925552245311, 47.978613157232964 ], [ -3.576665334465683, 47.979231920210395 ], [ -3.576598075257164, 47.979429926466565 ], [ -3.576653274616957, 47.980017242084429 ], [ -3.576547491219638, 47.980340479554421 ], [ -3.576544051451305, 47.980860100299637 ], [ -3.576612968843091, 47.981272092657662 ], [ -3.576130420292003, 47.981542016187937 ], [ -3.575912601084037, 47.982108710324454 ], [ -3.575787797807865, 47.982239312987872 ], [ -3.575024576122847, 47.982133832974739 ], [ -3.574915068404474, 47.982184188254308 ], [ -3.574827345446308, 47.982286015716156 ], [ -3.574611138107987, 47.981416344756163 ], [ -3.574900216573504, 47.980956396278174 ], [ -3.574692854120047, 47.980215072019384 ], [ -3.573735571547842, 47.979965080921858 ], [ -3.573529932340361, 47.980601139772688 ], [ -3.573206114869378, 47.982800638015547 ], [ -3.572566633869743, 47.987139504170472 ], [ -3.572755435550159, 47.988143908624743 ], [ -3.573119334396397, 47.989879903887584 ], [ -3.573284151477811, 47.990667000738881 ], [ -3.573232296235588, 47.991200230034522 ], [ -3.573220858682032, 47.991315386969418 ], [ -3.573451796960018, 47.991876732970674 ], [ -3.57351444998109, 47.992112012488263 ], [ -3.573589112973776, 47.992392447271179 ], [ -3.573716937642519, 47.992436518318613 ], [ -3.573719623344211, 47.992531618883127 ], [ -3.573869140866483, 47.993038848495772 ], [ -3.573932179027861, 47.99316666839529 ], [ -3.573884012219692, 47.993466767400868 ], [ -3.573454273657065, 47.993798772907503 ], [ -3.573200689162687, 47.9936173353505 ], [ -3.572661907367018, 47.993509617986639 ], [ -3.572272892584385, 47.993639476788154 ], [ -3.5714101800278, 47.993424227974899 ], [ -3.570628523295815, 47.993846953369513 ], [ -3.570420870599025, 47.994348774281086 ], [ -3.570397171877664, 47.994405809592287 ], [ -3.569108192244944, 47.995101435913384 ], [ -3.56876856671328, 47.995579795592782 ], [ -3.568768552978317, 47.995580155340804 ], [ -3.568768189040876, 47.995579967971246 ], [ -3.568292012293476, 47.995134710343827 ], [ -3.568035849120408, 47.994564380631054 ], [ -3.568677847639225, 47.994155591110164 ], [ -3.569024572358336, 47.993656314376821 ], [ -3.568667822115843, 47.993018609044874 ], [ -3.569681275640615, 47.992686718011768 ], [ -3.570482946045991, 47.992536762854257 ], [ -3.571005634820447, 47.99219044530011 ], [ -3.571836348362847, 47.992290653824014 ], [ -3.572104111460511, 47.992333501377814 ], [ -3.57251550329729, 47.991830479891135 ], [ -3.572486663925476, 47.991759603155934 ], [ -3.572350424900516, 47.991030954972629 ], [ -3.572251998651535, 47.990137819204591 ], [ -3.572488140283822, 47.989160260680727 ], [ -3.571516538549541, 47.988561999477092 ], [ -3.570446884609183, 47.988073805991192 ], [ -3.570425488169444, 47.987146493534773 ], [ -3.570357336726899, 47.986190155306723 ], [ -3.571329437369482, 47.985732759771714 ], [ -3.572303989137895, 47.985307987506765 ], [ -3.572495142999235, 47.984410259644292 ], [ -3.572778092110798, 47.983537516145752 ], [ -3.572944459984246, 47.982695992103835 ], [ -3.572906567833969, 47.981742970055258 ], [ -3.572591965492272, 47.981051499738683 ], [ -3.57257077022155, 47.981004089137564 ], [ -3.572535952837083, 47.980924721695494 ], [ -3.572540834195519, 47.980874507232294 ], [ -3.572567597146104, 47.980649224024916 ], [ -3.572521439256944, 47.980293041344375 ], [ -3.572510726778024, 47.980184728739644 ], [ -3.572504253888857, 47.980140405480697 ], [ -3.572471156799705, 47.979947756112907 ], [ -3.57246949969614, 47.979903620071866 ], [ -3.57246215556015, 47.979697179722024 ], [ -3.572451331811709, 47.979504169952122 ], [ -3.57244528625733, 47.979429163541425 ], [ -3.572557925480534, 47.979169971951883 ], [ -3.572554717419261, 47.979078911904963 ], [ -3.572697552675119, 47.978913215141802 ], [ -3.572717009316732, 47.978889396442497 ], [ -3.57290786860067, 47.978914039676233 ], [ -3.573270330457341, 47.978942955406737 ], [ -3.573432586753745, 47.978861444453614 ], [ -3.57372795712691, 47.978781718766349 ], [ -3.573867520933812, 47.976957970495846 ], [ -3.573857219825336, 47.976906999836295 ], [ -3.573842106979321, 47.976777807726684 ], [ -3.573769413118312, 47.976173397522096 ], [ -3.573789051711628, 47.975219290958094 ], [ -3.573708685337476, 47.974982036621697 ], [ -3.574029210672538, 47.974202130159739 ], [ -3.574985164181145, 47.973870481478933 ], [ -3.575119703491306, 47.973854023249089 ], [ -3.575313609300435, 47.973885924289831 ], [ -3.575620846319714, 47.973591052086796 ], [ -3.575459121796967, 47.973327588037378 ], [ -3.575593739895921, 47.973172523512183 ], [ -3.575782475943914, 47.973008739211991 ], [ -3.576196937619966, 47.973112947821384 ], [ -3.576581709816289, 47.973188295110482 ], [ -3.577029328666662, 47.973298568882043 ], [ -3.577232482493673, 47.973350633849094 ], [ -3.578052920673495, 47.973499554272401 ], [ -3.578257992976372, 47.973413318712915 ], [ -3.578336780711799, 47.973380163202336 ], [ -3.578447085026155, 47.972888528366134 ], [ -3.578261938402615, 47.972616406874685 ], [ -3.578044228054164, 47.972566750853225 ], [ -3.578043664637113, 47.972366839218459 ], [ -3.577975754017908, 47.972289507810473 ], [ -3.577598248573112, 47.971896235459376 ], [ -3.5780118741002, 47.971797819957629 ], [ -3.577210335583014, 47.971045078847133 ], [ -3.577375593046182, 47.970200835066152 ], [ -3.577383436023235, 47.968608904228233 ], [ -3.576574621522558, 47.96734658780737 ], [ -3.576450943513768, 47.967321684325789 ], [ -3.576326821975926, 47.967181656199799 ], [ -3.5763330641579, 47.967046775493479 ], [ -3.57639991690008, 47.966995650301719 ], [ -3.575745911364042, 47.965145660259978 ], [ -3.575566778706972, 47.964950429765587 ], [ -3.575437554478581, 47.964622999064147 ], [ -3.575529081377061, 47.964391193598473 ], [ -3.575768381128841, 47.963833402153135 ], [ -3.575646774626961, 47.963344748118935 ], [ -3.57549020253876, 47.962995345434166 ], [ -3.57492746935785, 47.96260832032582 ], [ -3.574771831538419, 47.962546408552285 ], [ -3.574285376535701, 47.96241617017369 ], [ -3.573990693955616, 47.962168293664135 ], [ -3.573878843069723, 47.961988908700562 ], [ -3.573505067260609, 47.961772916375438 ], [ -3.57305033936442, 47.961520727085471 ], [ -3.572996404417296, 47.96150541768408 ], [ -3.572943194968892, 47.961461321594669 ], [ -3.572346832552676, 47.961130396557444 ], [ -3.572172141047699, 47.96082895540944 ], [ -3.571773031145593, 47.960519021182847 ], [ -3.57166167766202, 47.960414437355553 ], [ -3.571652061838583, 47.96038454178332 ], [ -3.571621163974563, 47.960251341691972 ], [ -3.571743086349626, 47.960088287012162 ], [ -3.571696108603386, 47.960007234522891 ], [ -3.572110174200167, 47.96017760477185 ], [ -3.572780660128229, 47.960275837163948 ], [ -3.573269234855772, 47.960038188993458 ], [ -3.573422056816946, 47.960358897614981 ], [ -3.57407646501769, 47.960538611042253 ], [ -3.574695982849647, 47.961186987510573 ], [ -3.575010426277766, 47.960467087656916 ], [ -3.575518623316208, 47.960347100339739 ], [ -3.575824088631795, 47.960516166366055 ], [ -3.575830994513239, 47.960880641550311 ], [ -3.574896361922443, 47.961320544967343 ], [ -3.574764522716383, 47.961383768729483 ], [ -3.574582325709468, 47.962127037186086 ], [ -3.574526615899174, 47.962362984154467 ], [ -3.57479519646878, 47.962517178469483 ], [ -3.575685377461997, 47.963129426539226 ], [ -3.575758861628493, 47.963157369261481 ], [ -3.577100271866882, 47.963042018273882 ], [ -3.578121991914147, 47.962672522038005 ], [ -3.577825768469046, 47.961869390724758 ], [ -3.577473410814011, 47.961606681712475 ], [ -3.577984857688214, 47.961391523961545 ], [ -3.578338900270163, 47.961522049422484 ], [ -3.578547030124234, 47.961676366950094 ], [ -3.578513440929945, 47.961906460682044 ], [ -3.578434456342353, 47.962609061230864 ], [ -3.57862512640492, 47.962754476692346 ], [ -3.578945887218913, 47.963341640313374 ], [ -3.578876300823441, 47.963601611121625 ], [ -3.578676419898121, 47.963757164152923 ], [ -3.578233755837359, 47.964377379391443 ], [ -3.578724302897548, 47.96501566533157 ], [ -3.578837915199434, 47.965178519964276 ], [ -3.57890156556294, 47.965367819979114 ], [ -3.579145747707281, 47.965960012455049 ], [ -3.579457861239855, 47.966648526141064 ], [ -3.5795055897676, 47.966729770443585 ], [ -3.57911531667346, 47.967425298749582 ], [ -3.579300585771959, 47.967762223577928 ], [ -3.57959894988987, 47.967875423280283 ], [ -3.580407063326725, 47.968259169920877 ], [ -3.580273529732185, 47.968884623752757 ], [ -3.579797605600186, 47.969227505556155 ], [ -3.57912802282652, 47.968897395156944 ], [ -3.578629414034245, 47.968685118344709 ], [ -3.578152282919123, 47.968913123125866 ], [ -3.578152451234254, 47.969582219385124 ], [ -3.578583194967516, 47.970126238624971 ] ], [ [ -3.575313223965479, 47.974627196337451 ], [ -3.575092180096665, 47.974713734582913 ], [ -3.574865115818722, 47.974802491122304 ], [ -3.575089196647535, 47.974899354488961 ], [ -3.576109391566614, 47.975180483851574 ], [ -3.575313223965479, 47.974627196337451 ] ] ], [ [ [ -3.579269755273691, 47.983858243202377 ], [ -3.579258684603358, 47.983856670365249 ], [ -3.579268277447294, 47.983848312880539 ], [ -3.579261585477695, 47.983838907680202 ], [ -3.579276621433063, 47.983843530479497 ], [ -3.579326169501785, 47.983847947640847 ], [ -3.579836759618214, 47.984393031579629 ], [ -3.579949159693873, 47.984461896506289 ], [ -3.580558858401189, 47.98470313236642 ], [ -3.580026126121864, 47.985239110905027 ], [ -3.5799146282969, 47.985537216230064 ], [ -3.579567630194452, 47.985393067607774 ], [ -3.579420282867128, 47.985208832257207 ], [ -3.579801014075728, 47.984425704502556 ], [ -3.579269755273691, 47.983858243202377 ] ] ], [ [ [ -3.580832734775278, 47.995931104915911 ], [ -3.580832733642766, 47.995931089212888 ], [ -3.581272471092388, 47.99564776873251 ], [ -3.580832734775278, 47.995931104915911 ] ] ], [ [ [ -3.580207496244149, 47.996398700814957 ], [ -3.580110731474666, 47.996396304949371 ], [ -3.580832734775278, 47.995931104915911 ], [ -3.580846833730374, 47.996126595803126 ], [ -3.580207496244149, 47.996398700814957 ] ] ], [ [ [ -3.58337647412421, 47.993898289029929 ], [ -3.58194341099327, 47.995168379045126 ], [ -3.581272471092388, 47.99564776873251 ], [ -3.579309221656507, 47.996912480474329 ], [ -3.577468882769489, 47.998299792634739 ], [ -3.57675690350055, 47.998909740000805 ], [ -3.57676492375399, 47.999108635603655 ], [ -3.576552925039886, 47.999432979254529 ], [ -3.576210289079023, 47.99973785990457 ], [ -3.576135105436554, 48.000172696666048 ], [ -3.575517139594652, 48.00043728613236 ], [ -3.574993141471029, 48.000309897647696 ], [ -3.574031026932179, 48.000869693957469 ], [ -3.575395822111914, 48.000075535526854 ], [ -3.575957446843508, 47.999594516403938 ], [ -3.575884443235986, 47.99961122690673 ], [ -3.576529052015246, 47.998967975410331 ], [ -3.576056668179544, 47.99925944126597 ], [ -3.576325778035828, 47.998975221775119 ], [ -3.576504844990656, 47.998755612833278 ], [ -3.576591751811561, 47.998675817495318 ], [ -3.576731155095419, 47.998552526234512 ], [ -3.576822828048257, 47.998454735450181 ], [ -3.576965198963132, 47.998321693004435 ], [ -3.577096663476546, 47.998231453799512 ], [ -3.577251095748742, 47.998054460803438 ], [ -3.577312003936104, 47.997965410869199 ], [ -3.577371082602048, 47.997904946073369 ], [ -3.577479897779427, 47.997766187083826 ], [ -3.577721328409633, 47.99758491462957 ], [ -3.577839746429914, 47.997496122108046 ], [ -3.578089905667756, 47.997290182902475 ], [ -3.578460344208526, 47.997083063548509 ], [ -3.578493782015523, 47.996974648948544 ], [ -3.578682808394849, 47.996814821528943 ], [ -3.578879874102897, 47.996550838440903 ], [ -3.579488111614042, 47.996404034046975 ], [ -3.579707042595145, 47.996248136759128 ], [ -3.580512033972591, 47.995659483923795 ], [ -3.580703617641515, 47.995461362182688 ], [ -3.580932084229694, 47.995112771508829 ], [ -3.581212138028778, 47.994832361850449 ], [ -3.581482794406261, 47.994594155517355 ], [ -3.581913352893706, 47.994210111902817 ], [ -3.581926696014235, 47.994200749379615 ], [ -3.581938126155376, 47.994173347235936 ], [ -3.582245500663702, 47.993749654865624 ], [ -3.582590495103234, 47.993498178657809 ], [ -3.582788435543053, 47.993396217736162 ], [ -3.58303346837864, 47.993207086574003 ], [ -3.583243697852471, 47.992869106492591 ], [ -3.583259753936798, 47.992837116849685 ], [ -3.583327763782457, 47.992442997247508 ], [ -3.583519915666841, 47.992278274934861 ], [ -3.583559701884403, 47.992315256112192 ], [ -3.583745673175764, 47.992245005349602 ], [ -3.584319723715267, 47.991931518607458 ], [ -3.584492118615508, 47.991837592645581 ], [ -3.584589553908897, 47.991782934609354 ], [ -3.585049451961291, 47.99157335987902 ], [ -3.585122781433591, 47.991528118316765 ], [ -3.585291506047401, 47.991599547865242 ], [ -3.58521702470701, 47.991626225270387 ], [ -3.584761556968535, 47.991865771504216 ], [ -3.583607803171294, 47.993121323438409 ], [ -3.583671905076532, 47.993202085579817 ], [ -3.583626985218689, 47.993447259537199 ], [ -3.58337647412421, 47.993898289029929 ] ] ], [ [ [ -3.579308833755007, 47.996912922701881 ], [ -3.579073304536618, 47.997476213452885 ], [ -3.57847024694184, 47.99754499471527 ], [ -3.579308833755007, 47.996912922701881 ] ] ], [ [ [ -3.566250662447161, 47.999697525425177 ], [ -3.566670742479106, 47.99935832938408 ], [ -3.566697433416348, 47.999320256518878 ], [ -3.567271896005942, 47.99794163480405 ], [ -3.568279361127217, 47.996719558108033 ], [ -3.568474467488759, 47.996265189677715 ], [ -3.568219459303531, 47.996859657187329 ], [ -3.567018044028359, 47.998583017454457 ], [ -3.566914904083849, 47.998941587685351 ], [ -3.566832284727944, 47.999229287774128 ], [ -3.566187100103872, 47.999748713093794 ], [ -3.566250662447161, 47.999697525425177 ] ] ], [ [ [ -3.573659985970668, 48.000370685760771 ], [ -3.573772218622407, 48.00032767585855 ], [ -3.574377997777406, 48.0002760759754 ], [ -3.573578430700755, 48.000514401571202 ], [ -3.573457590277739, 48.000481362131666 ], [ -3.573659985970668, 48.000370685760771 ] ] ], [ [ [ -3.56443013073245, 48.000469021106937 ], [ -3.564842630106988, 48.000202313605527 ], [ -3.5653425667498, 47.999881120564012 ], [ -3.565667340116436, 47.999831440674122 ], [ -3.565450179670053, 48.000114346517229 ], [ -3.565225623710062, 48.000250931217039 ], [ -3.564774542305535, 48.000507588192413 ], [ -3.564358750455254, 48.000695382834323 ], [ -3.564034281887859, 48.000843622682773 ], [ -3.563898261667355, 48.000897031662753 ], [ -3.563323250998955, 48.001317505239427 ], [ -3.563084061218736, 48.001118693410682 ], [ -3.562954000626522, 48.001006699244456 ], [ -3.563164916678461, 48.000964889919388 ], [ -3.563137626892587, 48.000582257535555 ], [ -3.564013953670196, 48.000298309259854 ], [ -3.56443013073245, 48.000469021106937 ] ] ], [ [ [ -3.567613725948213, 48.004391055545156 ], [ -3.567275349959525, 48.004125892284549 ], [ -3.567186307932077, 48.004057036144296 ], [ -3.567451931052889, 48.00399211284342 ], [ -3.567628829756842, 48.00375285139657 ], [ -3.567827055599558, 48.003635350342861 ], [ -3.567795422244833, 48.003501590424911 ], [ -3.567932221612486, 48.003233525631259 ], [ -3.568140418846397, 48.003214423255947 ], [ -3.568461558397466, 48.003172851716528 ], [ -3.568467553883756, 48.003171352787881 ], [ -3.568482006881393, 48.003171914967076 ], [ -3.568800666396501, 48.003224439514405 ], [ -3.569010267742083, 48.003178271782645 ], [ -3.569446298737805, 48.003102026356636 ], [ -3.570120899104593, 48.002784519704925 ], [ -3.570290088061469, 48.002708011021852 ], [ -3.570338329141623, 48.002688733841602 ], [ -3.570421003936727, 48.002652150728551 ], [ -3.570890061147475, 48.0024396663419 ], [ -3.571224394101552, 48.002227160321148 ], [ -3.571417356334024, 48.002091635480937 ], [ -3.571754649116772, 48.001888998443725 ], [ -3.571925804080193, 48.001809466811416 ], [ -3.572338942768365, 48.001632390631002 ], [ -3.572366604110615, 48.001617467663891 ], [ -3.572407176419894, 48.001604605350465 ], [ -3.573033798613604, 48.00129862438763 ], [ -3.574347123519798, 48.000657981337795 ], [ -3.574031026932179, 48.000869693957469 ], [ -3.573505365899118, 48.001175556524203 ], [ -3.573328834713889, 48.0013962925036 ], [ -3.572832000984025, 48.001588245059082 ], [ -3.57278651804151, 48.0015936279096 ], [ -3.571081575718525, 48.002585383989185 ], [ -3.567613725948213, 48.004391055545156 ] ] ] ] } },
{ "type": "Feature", "properties": { "HAUTEUR": "2m>h>5m" }, "geometry": { "type": "MultiPolygon", "coordinates": [ [ [ [ -3.625461271810091, 47.940868837402057 ], [ -3.626048912717116, 47.941267152573943 ], [ -3.625555680140912, 47.941989772217184 ], [ -3.624486603765684, 47.941866546045027 ], [ -3.62342752527096, 47.941175598895228 ], [ -3.624650208168375, 47.940766537707297 ], [ -3.625461271810091, 47.940868837402057 ] ] ], [ [ [ -3.629272228432546, 47.944751019127239 ], [ -3.628891188407437, 47.944628500681915 ], [ -3.628897843662503, 47.944329197535048 ], [ -3.629172148520499, 47.94420067275999 ], [ -3.629413225870157, 47.944568120338133 ], [ -3.629272228432546, 47.944751019127239 ] ] ], [ [ [ -3.620090263841053, 47.945592230951938 ], [ -3.620060824278931, 47.945267823660963 ], [ -3.620058684879472, 47.944797793344485 ], [ -3.620065478173623, 47.944296979166729 ], [ -3.620493907688737, 47.943982787994493 ], [ -3.621073834637312, 47.943373502645521 ], [ -3.622150846473825, 47.943642721070518 ], [ -3.622659638161046, 47.943928347161147 ], [ -3.623129781879962, 47.944395911151986 ], [ -3.622708037170194, 47.944730044841634 ], [ -3.622221169672567, 47.945150193133593 ], [ -3.621640608508357, 47.945447707699046 ], [ -3.621117201023043, 47.945713677454584 ], [ -3.620276735944312, 47.946349228353434 ], [ -3.620090263841053, 47.945592230951938 ] ] ], [ [ [ -3.634053295990471, 47.955154275448301 ], [ -3.634038063664855, 47.955455572466981 ], [ -3.633710688523597, 47.955463907377563 ], [ -3.633076666605501, 47.95557170306644 ], [ -3.633479037069181, 47.955150383997534 ], [ -3.633838486181749, 47.954435895602565 ], [ -3.634053295990471, 47.955154275448301 ] ] ], [ [ [ -3.619446505041909, 47.96443920291108 ], [ -3.61947639862537, 47.964433223313279 ], [ -3.619522803890521, 47.964441970371837 ], [ -3.619783961163184, 47.964649455931479 ], [ -3.62017918957886, 47.965021323965289 ], [ -3.61981639304663, 47.965550575122272 ], [ -3.619275177396576, 47.96556283367282 ], [ -3.619115003386748, 47.965372462750658 ], [ -3.619094681955857, 47.965231116677138 ], [ -3.619446451697928, 47.964460532525869 ], [ -3.619446505041909, 47.96443920291108 ] ] ], [ [ [ -3.633460858577276, 47.969682061659583 ], [ -3.633759192181502, 47.969168060776006 ], [ -3.634339082333921, 47.968652923217171 ], [ -3.63486791084024, 47.969176401704026 ], [ -3.635076005912163, 47.969607005543324 ], [ -3.634642232771952, 47.969922327539805 ], [ -3.634074643179872, 47.970165090400272 ], [ -3.633759834110696, 47.970392740452525 ], [ -3.633383333054018, 47.970273028204005 ], [ -3.633249830491553, 47.9699818590544 ], [ -3.633460858577276, 47.969682061659583 ] ] ], [ [ [ -3.618641055631933, 47.971000349958139 ], [ -3.61844055001647, 47.970697576451464 ], [ -3.618425709138925, 47.970608179908119 ], [ -3.618510133613548, 47.970552426414493 ], [ -3.618620973057431, 47.970603938741505 ], [ -3.618624097631309, 47.970669342848971 ], [ -3.618641055631933, 47.971000349958139 ] ] ], [ [ [ -3.628962038367644, 47.970860824628858 ], [ -3.628933830913654, 47.97077134695698 ], [ -3.629034741338102, 47.970730850185639 ], [ -3.629219790339197, 47.970731969234997 ], [ -3.629172743290741, 47.97088026891025 ], [ -3.629453690388156, 47.971445791791638 ], [ -3.629361446239671, 47.971752508206968 ], [ -3.629069097025324, 47.972013888187682 ], [ -3.628731022094442, 47.971728319774634 ], [ -3.628766526063197, 47.971461349190356 ], [ -3.628962038367644, 47.970860824628858 ] ] ], [ [ [ -3.621032460396351, 47.971038943207311 ], [ -3.620967791936634, 47.971231533517312 ], [ -3.620860041423032, 47.971465394826289 ], [ -3.62043998682471, 47.971539454348786 ], [ -3.620476883838218, 47.971206270887656 ], [ -3.620592209338988, 47.970968239391652 ], [ -3.621032460396351, 47.971038943207311 ] ] ], [ [ [ -3.639145876608281, 47.974381555487071 ], [ -3.638996802729271, 47.9745309225369 ], [ -3.638839659529614, 47.974677791382327 ], [ -3.638731715887705, 47.97449702262265 ], [ -3.638777885408407, 47.974361842083333 ], [ -3.63896563721204, 47.97427002423381 ], [ -3.639145876608281, 47.974381555487071 ] ] ], [ [ [ -3.625095016114704, 47.974924668641087 ], [ -3.624708887924865, 47.974933801232936 ], [ -3.62428634617732, 47.974894693014562 ], [ -3.624391301734927, 47.974596150403904 ], [ -3.624759422923902, 47.974452739243212 ], [ -3.625047017269456, 47.974579460300383 ], [ -3.625095016114704, 47.974924668641087 ] ] ], [ [ [ -3.643637084197554, 47.975101274262798 ], [ -3.644066423045751, 47.97494621361934 ], [ -3.644265278410025, 47.974925345649233 ], [ -3.644461845371617, 47.975268583725047 ], [ -3.644437527896571, 47.975294299777531 ], [ -3.644432880843785, 47.975299609218069 ], [ -3.644432142790349, 47.975299504806244 ], [ -3.643927359515439, 47.975257067699339 ], [ -3.643843373504129, 47.975361810885403 ], [ -3.643637084197554, 47.975101274262798 ] ] ], [ [ [ -3.638392316720742, 47.97550039079551 ], [ -3.638335738479763, 47.975515663587757 ], [ -3.638284457390407, 47.975477938324417 ], [ -3.638297065202786, 47.975427873531359 ], [ -3.638469678197182, 47.975344310252169 ], [ -3.638392316720742, 47.97550039079551 ] ] ], [ [ [ -3.624196714034102, 47.975150246011687 ], [ -3.624376837853279, 47.975353963555897 ], [ -3.624902431767841, 47.975524796722716 ], [ -3.625057069423326, 47.975416419304743 ], [ -3.62518312400698, 47.975557957918404 ], [ -3.625220758078544, 47.975723045470978 ], [ -3.625022328922912, 47.975951614943682 ], [ -3.624770427761987, 47.975702832524433 ], [ -3.624218166583547, 47.975630566861824 ], [ -3.623972923650869, 47.975502068309943 ], [ -3.624021679547058, 47.975328242782716 ], [ -3.624196714034102, 47.975150246011687 ] ] ], [ [ [ -3.647021679209222, 47.976813203911775 ], [ -3.647212090016688, 47.97689089878569 ], [ -3.647368218606367, 47.976922383575655 ], [ -3.647025921733428, 47.976949910850507 ], [ -3.646773878764776, 47.976984507290567 ], [ -3.646638929145239, 47.976992405889263 ], [ -3.646696304610123, 47.976945373326821 ], [ -3.647021679209222, 47.976813203911775 ] ] ], [ [ [ -3.636573957598931, 47.977605227468942 ], [ -3.636309463262132, 47.977244082008752 ], [ -3.636546420610227, 47.977176272982852 ], [ -3.636595434046326, 47.977164992977201 ], [ -3.636671242354777, 47.977231640651731 ], [ -3.636573957598931, 47.977605227468942 ] ] ], [ [ [ -3.646554550687602, 47.977702412598575 ], [ -3.64641857590212, 47.977758262486276 ], [ -3.645944910472005, 47.977766753661534 ], [ -3.64593179001534, 47.977780538149851 ], [ -3.645832368329808, 47.978092888602134 ], [ -3.645362215602056, 47.978086505338652 ], [ -3.644858034285456, 47.978006913510633 ], [ -3.644834119525707, 47.978424420337966 ], [ -3.644834039997322, 47.978426578856336 ], [ -3.644832841729515, 47.978428895544631 ], [ -3.644826453605176, 47.97843111093519 ], [ -3.644461285422245, 47.978726662777802 ], [ -3.643929256054954, 47.97877846741865 ], [ -3.643884554639383, 47.978803605408721 ], [ -3.643837990309737, 47.978818896676799 ], [ -3.643809748825976, 47.978789994245112 ], [ -3.643278356768, 47.978703743542418 ], [ -3.642976368463545, 47.978905391471358 ], [ -3.64280507252597, 47.979194554908048 ], [ -3.64316660006619, 47.979380363463349 ], [ -3.643219120070206, 47.97940479014084 ], [ -3.643152647077683, 47.979819125888461 ], [ -3.643144858485672, 47.979869375478522 ], [ -3.643215843056475, 47.979875982209549 ], [ -3.643234540502132, 47.979882017616113 ], [ -3.643250269635911, 47.979878004698463 ], [ -3.64327562806239, 47.979864369524783 ], [ -3.643322513818039, 47.979810203414779 ], [ -3.643245467017938, 47.979404584746575 ], [ -3.643753338888232, 47.979323960608994 ], [ -3.64401904937195, 47.979311418491967 ], [ -3.644255703984565, 47.979261857239266 ], [ -3.644479894023453, 47.979329056065971 ], [ -3.644426391127968, 47.97949235711733 ], [ -3.644615381823569, 47.979689282881047 ], [ -3.644720412910515, 47.9799800627774 ], [ -3.644763938676347, 47.980057324931515 ], [ -3.644877067883609, 47.980098144290174 ], [ -3.645242147424077, 47.980248283922421 ], [ -3.645345982263586, 47.98030980212026 ], [ -3.645786243092157, 47.980362763544953 ], [ -3.645815433905564, 47.980355862770999 ], [ -3.645843637923692, 47.980365683303361 ], [ -3.64597300010337, 47.980429138932678 ], [ -3.646214000404541, 47.980553813951396 ], [ -3.646279163792283, 47.980567415355878 ], [ -3.646623374170795, 47.980690052307303 ], [ -3.646918164182857, 47.980855196009379 ], [ -3.647182947478642, 47.9809385711564 ], [ -3.647204886165435, 47.980957359486908 ], [ -3.647188660428854, 47.981015185115254 ], [ -3.647119944553401, 47.981047686565731 ], [ -3.647050758686846, 47.981052637879678 ], [ -3.646997801879889, 47.981039994971717 ], [ -3.646929811122049, 47.981012478410406 ], [ -3.646872932191101, 47.980975368140854 ], [ -3.646823666385522, 47.980933006108479 ], [ -3.646757896848223, 47.980905622752502 ], [ -3.646394820476464, 47.980831849961767 ], [ -3.646184728963297, 47.980794631180316 ], [ -3.645997053097094, 47.980753169090328 ], [ -3.645835993584017, 47.980694135301889 ], [ -3.645673705465768, 47.980668468435951 ], [ -3.645602379022289, 47.980650966293183 ], [ -3.645551608067251, 47.980619284667348 ], [ -3.645501231387024, 47.980576900345952 ], [ -3.645438021470317, 47.980550556152288 ], [ -3.645273771717196, 47.980507659818436 ], [ -3.645098080441773, 47.980443029216076 ], [ -3.645000463773418, 47.980414123236265 ], [ -3.644794552423827, 47.980364202871414 ], [ -3.644697677474625, 47.980335311092198 ], [ -3.64444867280228, 47.980246747624392 ], [ -3.644236966989645, 47.980193022944292 ], [ -3.644138546215784, 47.980175890881611 ], [ -3.643916279559477, 47.980167140921871 ], [ -3.643461472511031, 47.980196870614584 ], [ -3.64324093604232, 47.980201563524787 ], [ -3.642899130755159, 47.980184986337882 ], [ -3.642325633181571, 47.980113479081425 ], [ -3.642123070710745, 47.980073429372197 ], [ -3.641936873967896, 47.980022178741379 ], [ -3.641814067219532, 47.97996217645985 ], [ -3.641677576784461, 47.979840704432512 ], [ -3.641576949736768, 47.979722543386316 ], [ -3.641403376097208, 47.979470021587133 ], [ -3.641237952792866, 47.979187687842455 ], [ -3.641175643462082, 47.979066675470698 ], [ -3.641131324346556, 47.979001006709915 ], [ -3.640966251193262, 47.978809762559635 ], [ -3.640746777477123, 47.978594863545901 ], [ -3.640655258266976, 47.978491370277972 ], [ -3.640474711725269, 47.978156627901967 ], [ -3.640522073312523, 47.978119752937197 ], [ -3.640600684291987, 47.97810058969889 ], [ -3.640656452187803, 47.978097270216786 ], [ -3.640734000666496, 47.978106887079385 ], [ -3.640856600935559, 47.978162296410318 ], [ -3.640864651155354, 47.978215555632261 ], [ -3.640869425949345, 47.9782570504075 ], [ -3.640942852670991, 47.978307987920516 ], [ -3.641017142632293, 47.978335541468319 ], [ -3.641122684508657, 47.978330494899645 ], [ -3.641370740992796, 47.978303663701283 ], [ -3.641967300489005, 47.978322705253575 ], [ -3.642383519621331, 47.978302848454277 ], [ -3.642703301753492, 47.978252394958169 ], [ -3.643126175377682, 47.978152652691819 ], [ -3.64341802414125, 47.978054849921961 ], [ -3.643550355868955, 47.977987232178428 ], [ -3.643642907683244, 47.977952138498402 ], [ -3.643848517035831, 47.977909352222653 ], [ -3.643982746676838, 47.97786067165265 ], [ -3.64419176081575, 47.977826141489771 ], [ -3.644640451752788, 47.977730317640777 ], [ -3.644860486593251, 47.977698701424366 ], [ -3.644983012861887, 47.977695782695868 ], [ -3.645093677123332, 47.977682552005085 ], [ -3.645179961697515, 47.977656425027504 ], [ -3.645266901101603, 47.977642731159428 ], [ -3.645578100378033, 47.977623692849285 ], [ -3.64585791640281, 47.977580460644759 ], [ -3.646334450037898, 47.977564555588067 ], [ -3.646577343990052, 47.977546792206184 ], [ -3.646795222393893, 47.977513239988923 ], [ -3.647023652178173, 47.977485293245138 ], [ -3.647134014351912, 47.977480244857723 ], [ -3.647249880706655, 47.977486914032525 ], [ -3.647319893015518, 47.977469468410334 ], [ -3.647488679746321, 47.977449358173864 ], [ -3.647589099150152, 47.977442315443106 ], [ -3.64767444221304, 47.977411488016955 ], [ -3.647981418749327, 47.977335748796328 ], [ -3.64818760541887, 47.977307366116435 ], [ -3.648354623706291, 47.977274799706045 ], [ -3.648282140001927, 47.977319108649915 ], [ -3.647892088276434, 47.977424550535623 ], [ -3.647762969843911, 47.977455424913408 ], [ -3.647468245558428, 47.977611504889751 ], [ -3.647127533504771, 47.977575701487289 ], [ -3.646941555092607, 47.977599256069475 ], [ -3.646554550687602, 47.977702412598575 ] ], [ [ -3.64189468715995, 47.979225006692317 ], [ -3.642164368676804, 47.979295889584598 ], [ -3.642645377576608, 47.979219425809184 ], [ -3.64263126032354, 47.978898109097564 ], [ -3.642310056819059, 47.978846201231747 ], [ -3.64200500623338, 47.978829079274753 ], [ -3.64177417560948, 47.978891709885552 ], [ -3.641632661639122, 47.978956716013279 ], [ -3.641656512735317, 47.979024144534257 ], [ -3.641734187999374, 47.979140956807797 ], [ -3.64189468715995, 47.979225006692317 ] ] ], [ [ [ -3.647836703527054, 47.979615580641557 ], [ -3.647832523211139, 47.979628369584717 ], [ -3.647814384600996, 47.979607135376526 ], [ -3.647791688351318, 47.979598862758372 ], [ -3.647796219440262, 47.979576540343444 ], [ -3.647823334346488, 47.979575628780815 ], [ -3.647836703527054, 47.979615580641557 ] ] ], [ [ [ -3.647151084913515, 47.981149097096569 ], [ -3.647125041456971, 47.981241832508609 ], [ -3.646986365395005, 47.981118884666891 ], [ -3.647028061626989, 47.981125007816665 ], [ -3.647151084913515, 47.981149097096569 ] ] ], [ [ [ -3.606310483893111, 47.930166450135701 ], [ -3.606252950385739, 47.930287257151058 ], [ -3.606214562983181, 47.93032249401368 ], [ -3.606162642473111, 47.930293560961189 ], [ -3.606145409508612, 47.930288538125886 ], [ -3.606310483893111, 47.930166450135701 ] ] ], [ [ [ -3.606085519410811, 47.930600730375076 ], [ -3.606102589213921, 47.930639770363555 ], [ -3.606134676981146, 47.930673709013831 ], [ -3.606233298614267, 47.930752171546494 ], [ -3.60625528142646, 47.930788699202999 ], [ -3.606257001015485, 47.930812043674479 ], [ -3.60623413356441, 47.930828779037263 ], [ -3.606180362160618, 47.930839319634487 ], [ -3.606147158330806, 47.930835149141529 ], [ -3.606105745659688, 47.930822535257342 ], [ -3.606045135707552, 47.930827629697646 ], [ -3.605872056445153, 47.930856677056262 ], [ -3.605804884950425, 47.930839050566128 ], [ -3.605780306288231, 47.930802561169912 ], [ -3.605752902068747, 47.930712914935647 ], [ -3.605735128099439, 47.930623460291649 ], [ -3.605738614966857, 47.930589779271841 ], [ -3.606006245817116, 47.930391791100298 ], [ -3.606001950906302, 47.930427256066956 ], [ -3.606026360968803, 47.930468242100687 ], [ -3.6060741764546, 47.930507803686048 ], [ -3.606092424349439, 47.930554967200891 ], [ -3.606085519410811, 47.930600730375076 ] ] ], [ [ [ -3.605738130616964, 47.932945638889862 ], [ -3.605130253212487, 47.933626463536967 ], [ -3.605293166431148, 47.932484979833497 ], [ -3.605586883569222, 47.932234140605487 ], [ -3.605598801605112, 47.932212867447291 ], [ -3.605586276536425, 47.932191017976535 ], [ -3.605530516319639, 47.932155708134829 ], [ -3.605508054549401, 47.932131950929687 ], [ -3.605526680843959, 47.932099831111543 ], [ -3.605566347980152, 47.932089820196516 ], [ -3.605661434693226, 47.932124202407195 ], [ -3.60569726238635, 47.93212761522954 ], [ -3.605844792066516, 47.932018858783579 ], [ -3.605965648573322, 47.931919561692901 ], [ -3.605980941445154, 47.931877475375579 ], [ -3.606008992089394, 47.931851033026014 ], [ -3.606052763701977, 47.931840293575817 ], [ -3.606176417919748, 47.931735561861281 ], [ -3.606288347515415, 47.931617276665712 ], [ -3.606382630331596, 47.931544540957063 ], [ -3.606909825147311, 47.931096829478676 ], [ -3.607202208325621, 47.930841639835982 ], [ -3.607419970631032, 47.930638966709978 ], [ -3.607509640397256, 47.930580448585282 ], [ -3.607654970867874, 47.930460936112652 ], [ -3.607718713221779, 47.930382102252388 ], [ -3.607915860791726, 47.930225008997816 ], [ -3.608315651521143, 47.929882760449566 ], [ -3.608336423742463, 47.92985266290929 ], [ -3.608347976790232, 47.929811402061404 ], [ -3.608334916050319, 47.929764252057851 ], [ -3.608242987227572, 47.929675304410445 ], [ -3.608149217473364, 47.929536549603995 ], [ -3.607957698666146, 47.929305941137429 ], [ -3.607828707047025, 47.929157575943641 ], [ -3.607645273484264, 47.92900803842727 ], [ -3.607498366040266, 47.928902607134305 ], [ -3.607353717187859, 47.928845731012771 ], [ -3.607286343121998, 47.928793991069824 ], [ -3.607232770920236, 47.928739915464227 ], [ -3.607175531235039, 47.928714477192706 ], [ -3.607105970179692, 47.928731004317122 ], [ -3.606948825143916, 47.928829580711351 ], [ -3.606881162626104, 47.928854785533446 ], [ -3.606597025094038, 47.928395710663999 ], [ -3.607416690619753, 47.927679312100842 ], [ -3.607439405046321, 47.92793374593947 ], [ -3.607700104281766, 47.928286421487506 ], [ -3.608621502047521, 47.929346762322275 ], [ -3.608802305882838, 47.929804228929925 ], [ -3.608557660302776, 47.930240012802386 ], [ -3.607717900039721, 47.931324036513189 ], [ -3.607235433929246, 47.931992783794691 ], [ -3.606688329086664, 47.932536402558057 ], [ -3.605738130616964, 47.932945638889862 ] ] ], [ [ [ -3.599718027903835, 47.939457924406632 ], [ -3.599715615355018, 47.939423495591768 ], [ -3.599715011313488, 47.939409983271695 ], [ -3.599661436342071, 47.939355903506531 ], [ -3.599421891462733, 47.93915042076592 ], [ -3.599406001026696, 47.939119503134307 ], [ -3.599417760148218, 47.939063126605184 ], [ -3.599490609187889, 47.939068000015432 ], [ -3.599769677463525, 47.939336462218947 ], [ -3.599838299075535, 47.939414332525715 ], [ -3.599895812077635, 47.939462280624305 ], [ -3.599942013453747, 47.939485702590616 ], [ -3.599992697101752, 47.939488513520914 ], [ -3.600050960289685, 47.939477075309085 ], [ -3.600090535040733, 47.93944996403954 ], [ -3.600102933380713, 47.93941601062977 ], [ -3.600094419131486, 47.939376240032772 ], [ -3.599975756235967, 47.939278471450592 ], [ -3.599765470734351, 47.939083563275751 ], [ -3.599669749254041, 47.938967261595607 ], [ -3.59967443109992, 47.938941344475751 ], [ -3.59970965864936, 47.938931246978314 ], [ -3.599750910042948, 47.938948270161816 ], [ -3.599888532472359, 47.939064327510977 ], [ -3.599959814668014, 47.939140450761073 ], [ -3.600033052242409, 47.939204012714562 ], [ -3.600093328894064, 47.939237615536676 ], [ -3.600157444938455, 47.93924798443409 ], [ -3.600174661270367, 47.939243647694063 ], [ -3.600243431899691, 47.939228818868415 ], [ -3.600332239916768, 47.939193779179384 ], [ -3.600554830030419, 47.939061415144302 ], [ -3.600669076847166, 47.938980801541106 ], [ -3.600877454783671, 47.938792532450051 ], [ -3.601106496836537, 47.938518003307919 ], [ -3.601109265672489, 47.93851337841599 ], [ -3.602047824612111, 47.9377166695417 ], [ -3.602118945832308, 47.938142534425552 ], [ -3.60210258454187, 47.93878536034277 ], [ -3.601767370192423, 47.939438843074747 ], [ -3.60102354056131, 47.939018829163423 ], [ -3.599463562023244, 47.939777304739323 ], [ -3.59956153216252, 47.939676117074029 ], [ -3.599682086872834, 47.939526418860972 ], [ -3.599718027903835, 47.939457924406632 ] ] ], [ [ [ -3.629577766960085, 47.95413671949435 ], [ -3.629687288489942, 47.954283146356985 ], [ -3.630013792186139, 47.955008051733301 ], [ -3.630572570390226, 47.955109399283621 ], [ -3.63141457105205, 47.955363192578147 ], [ -3.630978797712851, 47.955934871100183 ], [ -3.630523800827453, 47.956024659962935 ], [ -3.62994157769294, 47.956005293053735 ], [ -3.62949565814684, 47.955600425396526 ], [ -3.628983362808751, 47.955465515998014 ], [ -3.628470823274595, 47.955437161655176 ], [ -3.628289051840158, 47.9556188088685 ], [ -3.627440587940224, 47.95586887503601 ], [ -3.627108867347034, 47.955994107182093 ], [ -3.626378425526849, 47.956510735127303 ], [ -3.626240732174704, 47.956463922032093 ], [ -3.626215413275744, 47.956576465956246 ], [ -3.62634779139433, 47.956646574940002 ], [ -3.626654388888409, 47.957267687705901 ], [ -3.626485250435876, 47.957608074938626 ], [ -3.62612928440384, 47.95826572999087 ], [ -3.626073090773339, 47.958360835473265 ], [ -3.625974756041119, 47.958432340247725 ], [ -3.625340190786406, 47.958513530498458 ], [ -3.624867851719073, 47.958480461558814 ], [ -3.624563997998758, 47.957805845702133 ], [ -3.624440322908128, 47.957581462235957 ], [ -3.624059823835122, 47.956933864926356 ], [ -3.623972111180675, 47.956789571986747 ], [ -3.623828001847568, 47.956536434289191 ], [ -3.623563380562565, 47.95605384432632 ], [ -3.623246807995356, 47.955971008606745 ], [ -3.622627199811258, 47.955491493937309 ], [ -3.622222284208739, 47.954982731994654 ], [ -3.621504416789052, 47.955300220685977 ], [ -3.621125466594956, 47.955717549435896 ], [ -3.620280590460543, 47.95535282587965 ], [ -3.620065520735029, 47.954685801379142 ], [ -3.619588676882489, 47.955202353302347 ], [ -3.618843623949403, 47.955035075535498 ], [ -3.617954205340672, 47.954731824666545 ], [ -3.61776521186041, 47.954658875597865 ], [ -3.617276101527061, 47.954708513386151 ], [ -3.616610158730507, 47.954359360272285 ], [ -3.615815771797063, 47.954242656549617 ], [ -3.615517752063894, 47.954169975440486 ], [ -3.615430977763047, 47.953464979923012 ], [ -3.615111359539738, 47.953077132250407 ], [ -3.614959501503132, 47.952675325426931 ], [ -3.614513908360219, 47.95240414426268 ], [ -3.614121282314847, 47.952214022493997 ], [ -3.613250088134958, 47.952218630888026 ], [ -3.612899703223591, 47.952297278389025 ], [ -3.612709390724321, 47.952131051892465 ], [ -3.612749080530983, 47.951971994720566 ], [ -3.612681050645807, 47.951252608601969 ], [ -3.612105607905963, 47.950567443289799 ], [ -3.61100337716235, 47.950523980503149 ], [ -3.610769256760938, 47.950547776072426 ], [ -3.610694571558685, 47.950383480204174 ], [ -3.610563021069943, 47.950173234804247 ], [ -3.610154807088999, 47.949508747742492 ], [ -3.609674325475936, 47.949249634210986 ], [ -3.608844359864614, 47.949401998332974 ], [ -3.608518580855683, 47.949576342284182 ], [ -3.607683430218417, 47.949570010799903 ], [ -3.60733235873928, 47.949439641172134 ], [ -3.60697758981018, 47.949536542533551 ], [ -3.606138198453803, 47.949475213458911 ], [ -3.605467909359987, 47.949838362347236 ], [ -3.604985069149462, 47.950265178434641 ], [ -3.604486464959179, 47.950331309414018 ], [ -3.60407247724206, 47.950504065124612 ], [ -3.603630755259239, 47.95086239221957 ], [ -3.603207054245118, 47.951027031235597 ], [ -3.602886619818048, 47.9510879722949 ], [ -3.602546884688062, 47.950833519348542 ], [ -3.601927748824686, 47.950534888016065 ], [ -3.601584581276343, 47.950233832351834 ], [ -3.60090547154662, 47.949804756461326 ], [ -3.600543190023394, 47.949726342523384 ], [ -3.600506616961132, 47.949377573933525 ], [ -3.600383522573583, 47.949012499977947 ], [ -3.600691631587732, 47.948657823085256 ], [ -3.601248482212313, 47.948570820146003 ], [ -3.601665927703216, 47.948473656426486 ], [ -3.602124736460181, 47.948410436047197 ], [ -3.601752286874412, 47.948139038548462 ], [ -3.601452551916502, 47.948063943886098 ], [ -3.600651176167281, 47.947850145479542 ], [ -3.600159650889622, 47.94756079802773 ], [ -3.59981238515678, 47.947211683910218 ], [ -3.599201939152722, 47.946988991996243 ], [ -3.598600285863851, 47.946857914410479 ], [ -3.597991291933561, 47.946981033546301 ], [ -3.597096196489229, 47.946942912379974 ], [ -3.597405449173934, 47.947454270861741 ], [ -3.597499003159521, 47.947815518367179 ], [ -3.598410697866607, 47.948092743606431 ], [ -3.598551754265923, 47.948118059134686 ], [ -3.598681598962166, 47.948194992145844 ], [ -3.598653317491894, 47.94841448372506 ], [ -3.598059703947413, 47.948660493961043 ], [ -3.597616850513484, 47.9489497420468 ], [ -3.596641652141161, 47.948556758644322 ], [ -3.596253574876141, 47.948041392872923 ], [ -3.596006124117303, 47.947897485534035 ], [ -3.595739276407761, 47.947609096088932 ], [ -3.595401943756357, 47.947213544513026 ], [ -3.59531594027318, 47.947016340408219 ], [ -3.595748792595092, 47.946392183439407 ], [ -3.595973026736779, 47.946384513491381 ], [ -3.595817928568474, 47.946279351859651 ], [ -3.596445260695166, 47.945570876204592 ], [ -3.596633305518742, 47.945322985940173 ], [ -3.597254177040566, 47.944499984639094 ], [ -3.597448814286039, 47.944431329309204 ], [ -3.597815686809145, 47.94410114576521 ], [ -3.598263050701919, 47.943691025806061 ], [ -3.598595745657086, 47.94360874363025 ], [ -3.599418996572689, 47.943229340541983 ], [ -3.600349951004687, 47.942746056877617 ], [ -3.600749872283653, 47.942127707073759 ], [ -3.601349937792994, 47.941411913522778 ], [ -3.601472001605138, 47.941330554652751 ], [ -3.601665464735443, 47.941233518237233 ], [ -3.60173136254472, 47.941453086022371 ], [ -3.602336965171858, 47.942079775750415 ], [ -3.603204628203769, 47.942560207953882 ], [ -3.603645191856411, 47.942715053637365 ], [ -3.604858087149264, 47.943065812577444 ], [ -3.605528436936136, 47.943559039712397 ], [ -3.606802113146914, 47.94400017746193 ], [ -3.605948713572236, 47.944492528913486 ], [ -3.60629844604043, 47.945053265939769 ], [ -3.606850272139653, 47.945445305856104 ], [ -3.607821607016346, 47.945486571790397 ], [ -3.608392853032921, 47.946073213811658 ], [ -3.608628117932018, 47.946117398008461 ], [ -3.609582247998073, 47.946182786726531 ], [ -3.6097741055747, 47.946614014992463 ], [ -3.610426530198635, 47.946647215591412 ], [ -3.611077059447494, 47.94677073658319 ], [ -3.611252938617159, 47.947213165391084 ], [ -3.611341015730257, 47.947980829503884 ], [ -3.61161806039129, 47.94845469545195 ], [ -3.612140914398946, 47.948790422130415 ], [ -3.611156065222919, 47.949356621888647 ], [ -3.610970954458262, 47.950280601383895 ], [ -3.612127599719444, 47.950445386456565 ], [ -3.612427927403704, 47.949662382880568 ], [ -3.612321595513146, 47.948807325137828 ], [ -3.612440102099692, 47.948771513971423 ], [ -3.612409229416085, 47.948674959703361 ], [ -3.612482200283866, 47.94762572339188 ], [ -3.612645802925935, 47.947415032418327 ], [ -3.61242575274766, 47.947191784901442 ], [ -3.611884278087573, 47.946263747977554 ], [ -3.611762762842101, 47.946052983573125 ], [ -3.611471803537133, 47.945991051090353 ], [ -3.610079085347282, 47.945776391055233 ], [ -3.609557779032148, 47.944568477044086 ], [ -3.609523458489018, 47.944524594724122 ], [ -3.609470909834754, 47.944432829494403 ], [ -3.608277142244862, 47.943678844739019 ], [ -3.607725782115699, 47.943422994447438 ], [ -3.606982133859398, 47.94258019723943 ], [ -3.606140711412716, 47.941962705034364 ], [ -3.604593117961115, 47.941353384838855 ], [ -3.604149485819894, 47.941547238880638 ], [ -3.604090853376993, 47.941202984880995 ], [ -3.604065405987965, 47.940962353560913 ], [ -3.604334263783252, 47.940881303651018 ], [ -3.605265821169192, 47.939717579518849 ], [ -3.605634985002915, 47.939650492488042 ], [ -3.607088532420633, 47.939058747017668 ], [ -3.607077400481764, 47.937693922843316 ], [ -3.605969111439612, 47.937205676552367 ], [ -3.605239798080826, 47.93699163437941 ], [ -3.605593692573238, 47.936332844683122 ], [ -3.606479471506546, 47.936387723577546 ], [ -3.607694043331695, 47.93684891653006 ], [ -3.609036883894145, 47.936736274710235 ], [ -3.60947430228554, 47.93676638230842 ], [ -3.611519589810274, 47.937209734698946 ], [ -3.611527951715471, 47.937214130653757 ], [ -3.611536535604898, 47.937212590926457 ], [ -3.611540104948132, 47.937206361648535 ], [ -3.611534016098222, 47.937200660770834 ], [ -3.611515806274662, 47.937172129096908 ], [ -3.609884850519723, 47.93599899320207 ], [ -3.610083070601842, 47.935139996828028 ], [ -3.608642792599544, 47.933965317667948 ], [ -3.608443710541453, 47.933767949820435 ], [ -3.608366163130492, 47.933374003985051 ], [ -3.608877829408986, 47.93344006011823 ], [ -3.6096182889374, 47.933503997368199 ], [ -3.610732801533743, 47.934112120843373 ], [ -3.61146602543571, 47.933368682076292 ], [ -3.612678128109621, 47.933111741572098 ], [ -3.613646016512653, 47.933319122451593 ], [ -3.614296506468092, 47.934333094806249 ], [ -3.614675729300694, 47.934749842942352 ], [ -3.615045488675097, 47.935638637920022 ], [ -3.61589951434607, 47.936136966203136 ], [ -3.616962064991658, 47.936958558295004 ], [ -3.617308232869786, 47.937318302460305 ], [ -3.618860489467971, 47.937365384207112 ], [ -3.620456466414118, 47.937761521492689 ], [ -3.619999436684249, 47.939232829513635 ], [ -3.619898467063324, 47.939604609168114 ], [ -3.620297497792481, 47.939670724508751 ], [ -3.620796215402651, 47.93980756840746 ], [ -3.621745552261117, 47.940108739950034 ], [ -3.622048818770153, 47.940287709440724 ], [ -3.623140748595018, 47.941091279923349 ], [ -3.622023584709313, 47.941921993517511 ], [ -3.621955390116087, 47.941971228000966 ], [ -3.621947483127519, 47.941974491954404 ], [ -3.621938144484284, 47.941976377624961 ], [ -3.620813753264548, 47.942860848115082 ], [ -3.620638499043944, 47.943017228876244 ], [ -3.61950727951677, 47.943566476918413 ], [ -3.618419187608252, 47.943216911570588 ], [ -3.617848334142116, 47.942727174383513 ], [ -3.617245107573073, 47.943155258739537 ], [ -3.616193478826178, 47.943498143956901 ], [ -3.615326505562294, 47.943383327831803 ], [ -3.614902282476209, 47.94363386109071 ], [ -3.614212253791651, 47.943794345382358 ], [ -3.613825685912636, 47.944227604073113 ], [ -3.613576653716601, 47.944929002476201 ], [ -3.613532714909775, 47.945390470694932 ], [ -3.613734523718062, 47.945764467242533 ], [ -3.614366392068278, 47.945970580329551 ], [ -3.61501790000721, 47.94635582215043 ], [ -3.615770447089511, 47.946934854119078 ], [ -3.615912451873273, 47.947073927995177 ], [ -3.616112860224436, 47.947257538588964 ], [ -3.616885986423317, 47.947693057164358 ], [ -3.617605379179844, 47.947740409557134 ], [ -3.618338656797262, 47.947624228481118 ], [ -3.618793192363035, 47.947595324285835 ], [ -3.618980298282289, 47.947708375091537 ], [ -3.619883885272412, 47.947698241962271 ], [ -3.620414291291362, 47.947663089897794 ], [ -3.620930218577695, 47.947956965510912 ], [ -3.621137435907552, 47.948784663413434 ], [ -3.621118108026469, 47.948875543529972 ], [ -3.621190036326849, 47.948965255589755 ], [ -3.621394770928629, 47.949063169953675 ], [ -3.621348528733183, 47.948881083388365 ], [ -3.621329928835137, 47.948832925207135 ], [ -3.6215716727085, 47.947936781003968 ], [ -3.621810539890336, 47.947655561393688 ], [ -3.621848576298685, 47.947042141090321 ], [ -3.621938274139213, 47.946674365175383 ], [ -3.622287445455374, 47.946228549386845 ], [ -3.622716172603092, 47.946105698060755 ], [ -3.623588821123517, 47.94598962231332 ], [ -3.623950713347333, 47.945440550977089 ], [ -3.6242883224044, 47.9449560709675 ], [ -3.624951435667437, 47.94449186752594 ], [ -3.624632892126674, 47.943396571561358 ], [ -3.624561483793622, 47.943342782882887 ], [ -3.624607822280175, 47.943253155229115 ], [ -3.624796021296244, 47.943236975408261 ], [ -3.626293715638095, 47.94341985385033 ], [ -3.62645023565834, 47.943458037802969 ], [ -3.626479149797098, 47.94355796876345 ], [ -3.627151198516027, 47.944449797702575 ], [ -3.627226803192921, 47.944670259666694 ], [ -3.627916522374071, 47.945106665379981 ], [ -3.628224964453277, 47.945736805845087 ], [ -3.62750407594828, 47.946219602281879 ], [ -3.628616394949999, 47.94647874037868 ], [ -3.629310368787239, 47.946561425515029 ], [ -3.629804446227715, 47.94663558484455 ], [ -3.629995856090772, 47.94728294894022 ], [ -3.629703608480437, 47.947714968195228 ], [ -3.629280307076959, 47.947401807063343 ], [ -3.628643821445336, 47.946918666845548 ], [ -3.628195520865545, 47.947469203129458 ], [ -3.627605142301583, 47.947601944048373 ], [ -3.627014092205599, 47.947792629563686 ], [ -3.626563667440784, 47.947960521498821 ], [ -3.625983532589446, 47.948216487712422 ], [ -3.625504109288065, 47.948506026252225 ], [ -3.624659960394677, 47.948492897806204 ], [ -3.625213473377475, 47.949013307705442 ], [ -3.625462745251176, 47.949140172540531 ], [ -3.626147369512299, 47.949245733703712 ], [ -3.626529828143723, 47.949190986468274 ], [ -3.627183941516523, 47.948810201526655 ], [ -3.62761723084676, 47.948644579517911 ], [ -3.628481462968963, 47.948506247553979 ], [ -3.628713767493581, 47.948351066176045 ], [ -3.629272475019491, 47.948432529537733 ], [ -3.629630416981506, 47.94914851203167 ], [ -3.629675685988169, 47.949267574373351 ], [ -3.629774256619358, 47.949289133321876 ], [ -3.630528224761743, 47.950094802236883 ], [ -3.629705982553293, 47.950490121402268 ], [ -3.629411528244454, 47.950671263300201 ], [ -3.628665854315783, 47.950921288383675 ], [ -3.628104899798019, 47.951069552269004 ], [ -3.627568981012256, 47.951242516656229 ], [ -3.626613757690398, 47.951323699335987 ], [ -3.6264598783979, 47.951443430919291 ], [ -3.625954175610033, 47.951920648754218 ], [ -3.625310185724188, 47.952057812500016 ], [ -3.624244427890317, 47.951979923057003 ], [ -3.624196498436069, 47.951942617269005 ], [ -3.62353992374773, 47.951331426923922 ], [ -3.623053533152301, 47.95061126792357 ], [ -3.62303630537206, 47.950576007342484 ], [ -3.623045937535207, 47.950406813975377 ], [ -3.622929267529574, 47.950542844958335 ], [ -3.622952891738333, 47.950605502304242 ], [ -3.622547569509239, 47.951353970359769 ], [ -3.62191608131215, 47.951713035328645 ], [ -3.620827323334622, 47.951725290075693 ], [ -3.620485980210367, 47.951243068198472 ], [ -3.62034231861402, 47.951078227035964 ], [ -3.619313426091221, 47.951076348537093 ], [ -3.618914420673594, 47.951196445150153 ], [ -3.618816148562007, 47.951415547499487 ], [ -3.618932195101933, 47.951634746176886 ], [ -3.619261519216825, 47.951653225401486 ], [ -3.620541624931666, 47.951899381484196 ], [ -3.620619747849138, 47.951942325383072 ], [ -3.620727728276806, 47.951950218116856 ], [ -3.621803294258464, 47.952182869177925 ], [ -3.622047328808936, 47.952241417171621 ], [ -3.622928497696718, 47.952337377049204 ], [ -3.623120360621004, 47.952263400485798 ], [ -3.62388448467739, 47.952116648468277 ], [ -3.624196972687946, 47.952129290496892 ], [ -3.624401817469664, 47.9528230138 ], [ -3.625244379253301, 47.952930433749771 ], [ -3.625895211660206, 47.952808975243521 ], [ -3.626400319757196, 47.952607511105676 ], [ -3.627069976527489, 47.952488216513778 ], [ -3.627622501227376, 47.952417643103431 ], [ -3.628220843997057, 47.952011722070033 ], [ -3.628700967495686, 47.951763675044489 ], [ -3.629223590176979, 47.951479381344896 ], [ -3.62978947681045, 47.951108184528636 ], [ -3.630572462256599, 47.951051848680741 ], [ -3.630840507639127, 47.950652830691311 ], [ -3.631280439342445, 47.951048394102678 ], [ -3.631987828932711, 47.951250936959319 ], [ -3.632658447381193, 47.951795658999167 ], [ -3.632055550399736, 47.95258564137184 ], [ -3.631923649663273, 47.952582780136126 ], [ -3.632028156016246, 47.952664484683638 ], [ -3.631433466503375, 47.953332583323373 ], [ -3.630771341070604, 47.953628816452806 ], [ -3.630321352659464, 47.953624020531883 ], [ -3.629577766960085, 47.95413671949435 ] ], [ [ -3.614844285627703, 47.942109255964915 ], [ -3.613930668748536, 47.942122206641614 ], [ -3.614216083613205, 47.942788653288083 ], [ -3.614981298618539, 47.943007124976916 ], [ -3.614935867730883, 47.942456495725999 ], [ -3.614844285627703, 47.942109255964915 ] ], [ [ -3.613806714271375, 47.94989536570062 ], [ -3.613785279150095, 47.950101855716319 ], [ -3.614104361662954, 47.950324722550576 ], [ -3.614326088087886, 47.949987467178204 ], [ -3.614046607824335, 47.949726864760024 ], [ -3.613806714271375, 47.94989536570062 ] ] ], [ [ [ -3.601341573528307, 47.953009798571017 ], [ -3.601082936687013, 47.953231630848144 ], [ -3.600911797693709, 47.953266380991693 ], [ -3.600780281988155, 47.953184197193423 ], [ -3.600669093957376, 47.952995315278628 ], [ -3.600947403885757, 47.952989972488453 ], [ -3.601341573528307, 47.953009798571017 ] ] ], [ [ [ -3.606083574264995, 47.954807761697033 ], [ -3.60608317336176, 47.954808563749104 ], [ -3.606082769085579, 47.954809455736743 ], [ -3.606080923097417, 47.95480923902651 ], [ -3.606078059911325, 47.954806482017524 ], [ -3.606082472743416, 47.954807469786921 ], [ -3.606083574264995, 47.954807761697033 ] ] ], [ [ [ -3.607605469678365, 47.957409027498436 ], [ -3.607360506789922, 47.957276086225562 ], [ -3.607131256271958, 47.957050483828802 ], [ -3.607483181293566, 47.95708015782813 ], [ -3.60795416426831, 47.957148917007061 ], [ -3.607605469678365, 47.957409027498436 ] ] ], [ [ [ -3.600861106952553, 47.961203719154696 ], [ -3.600401827866066, 47.960576513027739 ], [ -3.600344558146007, 47.960491938458361 ], [ -3.6003449379691, 47.960452254637573 ], [ -3.600377509168357, 47.960404662240187 ], [ -3.601027211145489, 47.959794250178582 ], [ -3.601148028694725, 47.959628712088232 ], [ -3.601457149365684, 47.959514897590779 ], [ -3.601840299008669, 47.959740338478255 ], [ -3.602552594411231, 47.960088977231813 ], [ -3.60306925286676, 47.960314642291408 ], [ -3.603661964049503, 47.960598970575738 ], [ -3.603836761611662, 47.960951301509837 ], [ -3.603900814625415, 47.961122052101246 ], [ -3.603713261240615, 47.961939057768994 ], [ -3.603636950488218, 47.961926828543042 ], [ -3.60259970108357, 47.961678110272381 ], [ -3.602345641453375, 47.961579807471324 ], [ -3.601515810067706, 47.961614759290278 ], [ -3.600861106952553, 47.961203719154696 ] ] ], [ [ [ -3.611232335365925, 47.963056971798828 ], [ -3.610502464734497, 47.963165617642808 ], [ -3.610275452398975, 47.963206204972636 ], [ -3.610161314585286, 47.963382056174815 ], [ -3.609646704382481, 47.963981704290767 ], [ -3.60892313620323, 47.964109815632561 ], [ -3.608053783432134, 47.964070320923362 ], [ -3.607652410673042, 47.96449787332709 ], [ -3.607396142269224, 47.964042406076523 ], [ -3.607615479431732, 47.963791154790236 ], [ -3.607447408110766, 47.963179394498553 ], [ -3.607689903140814, 47.962814839495806 ], [ -3.608053259499111, 47.962490936130543 ], [ -3.608397747887034, 47.962244869614892 ], [ -3.609029389439653, 47.962015844024769 ], [ -3.609378722728731, 47.961828372733642 ], [ -3.60920381081664, 47.961438517738614 ], [ -3.608506858050361, 47.961074837653719 ], [ -3.608555006027309, 47.960700391608064 ], [ -3.608094959502685, 47.96086352023935 ], [ -3.606994155580832, 47.960588830962159 ], [ -3.606959563445861, 47.96058166328293 ], [ -3.606945919271798, 47.960579592063425 ], [ -3.606952546277535, 47.96057099347987 ], [ -3.606727869615228, 47.959698899779148 ], [ -3.606473653370002, 47.959436708352357 ], [ -3.606905208873011, 47.958787005216919 ], [ -3.607962451687654, 47.959095031481439 ], [ -3.608008412913373, 47.959105574788879 ], [ -3.608012243213043, 47.959112221082236 ], [ -3.608012125257012, 47.959115368838184 ], [ -3.608684157625892, 47.959767376375979 ], [ -3.608898187650011, 47.960201750038848 ], [ -3.609402368563627, 47.95993932119648 ], [ -3.60983428336713, 47.959556562172288 ], [ -3.609936452680587, 47.959254470499069 ], [ -3.61013661641402, 47.958603222847998 ], [ -3.610044055457943, 47.958331737772575 ], [ -3.610403095580119, 47.958270640612533 ], [ -3.610779261157815, 47.958386107308208 ], [ -3.611694004748129, 47.958885315513264 ], [ -3.611938337025031, 47.959005813940443 ], [ -3.611967906412962, 47.95914725447853 ], [ -3.611908045597801, 47.959220769799941 ], [ -3.611853169814861, 47.959279983507543 ], [ -3.611496203790253, 47.960078519360991 ], [ -3.611811069431545, 47.960792095295552 ], [ -3.612362448498455, 47.961201109545598 ], [ -3.612684747537068, 47.961428725140884 ], [ -3.612834236540783, 47.962300755598122 ], [ -3.612889187365024, 47.962467719975635 ], [ -3.612864838335482, 47.96250395859883 ], [ -3.612841195467111, 47.96252131060394 ], [ -3.611883687023592, 47.9629553145868 ], [ -3.611746320394157, 47.962978961741698 ], [ -3.611232335365925, 47.963056971798828 ] ] ], [ [ [ -3.598458662553504, 47.964395483631357 ], [ -3.598253923106208, 47.964257833565853 ], [ -3.598247433226216, 47.964134669339138 ], [ -3.598264619130114, 47.964062379455484 ], [ -3.598350883329656, 47.963967886939017 ], [ -3.599183377309843, 47.96343934300431 ], [ -3.599184913863813, 47.963437933595856 ], [ -3.599950850644788, 47.963012100651156 ], [ -3.600337578481806, 47.962807582531184 ], [ -3.600868155586673, 47.963018595107954 ], [ -3.600522766564984, 47.963366504403638 ], [ -3.600142936078548, 47.963456586552333 ], [ -3.59918628459027, 47.963440931045959 ], [ -3.598703277151605, 47.964094531881727 ], [ -3.598907786576477, 47.96441569352308 ], [ -3.598458662553504, 47.964395483631357 ] ] ], [ [ [ -3.610458979228114, 47.964951495919436 ], [ -3.610254820981027, 47.965312678030955 ], [ -3.609837951196868, 47.965381718563798 ], [ -3.60929734379112, 47.965258844614304 ], [ -3.609444514104621, 47.964864671929995 ], [ -3.609922367678935, 47.964682359246559 ], [ -3.610458979228114, 47.964951495919436 ] ] ], [ [ [ -3.60380331247366, 47.971452684912386 ], [ -3.603585514130942, 47.971177799393509 ], [ -3.603896293107783, 47.970823788921429 ], [ -3.604229375765321, 47.971041384962369 ], [ -3.604224148255033, 47.97130904205256 ], [ -3.60380331247366, 47.971452684912386 ] ] ], [ [ [ -3.612452637706841, 47.973694625979483 ], [ -3.612173700438043, 47.973773610891527 ], [ -3.612123846111536, 47.973549503676189 ], [ -3.612348010376892, 47.973457192863677 ], [ -3.612621668724391, 47.973529219012711 ], [ -3.612452637706841, 47.973694625979483 ] ] ], [ [ [ -3.611014681381469, 47.973600235427419 ], [ -3.610999947623263, 47.974013690181302 ], [ -3.610353470694115, 47.974407774253166 ], [ -3.610136846062026, 47.973971638749113 ], [ -3.60983061232092, 47.973630388803365 ], [ -3.610201152882246, 47.973205273024142 ], [ -3.610672242056876, 47.973522520754933 ], [ -3.611014681381469, 47.973600235427419 ] ] ], [ [ [ -3.617980363871539, 47.974402650085473 ], [ -3.618235814348753, 47.974088006971428 ], [ -3.61786971695105, 47.973838751014171 ], [ -3.617536426474267, 47.974121973072023 ], [ -3.617093389811749, 47.974006108445764 ], [ -3.616863780566158, 47.9739661961341 ], [ -3.616852341902381, 47.973904947518413 ], [ -3.616883240317578, 47.973842376157918 ], [ -3.617048436078521, 47.973570682550367 ], [ -3.617439984783121, 47.973515512788488 ], [ -3.617887038684315, 47.973632985493253 ], [ -3.617976391993777, 47.973624221433511 ], [ -3.618032456674598, 47.973662591120458 ], [ -3.6185473136996, 47.973931437084339 ], [ -3.618618247863795, 47.973959029892001 ], [ -3.618645417666873, 47.974016268990447 ], [ -3.618891234450952, 47.974467093594278 ], [ -3.618919961948835, 47.97464172796731 ], [ -3.619479900404785, 47.975025044590041 ], [ -3.619763093340298, 47.975160153267254 ], [ -3.619739627558679, 47.975381638458359 ], [ -3.619419566285567, 47.975439399018327 ], [ -3.619267994113843, 47.975266298115045 ], [ -3.618602755348808, 47.974762274873846 ], [ -3.618219134726043, 47.974773774008931 ], [ -3.617980363871539, 47.974402650085473 ] ] ], [ [ [ -3.603242268819135, 47.977886344478875 ], [ -3.603752005789072, 47.977737630803531 ], [ -3.604090479334507, 47.977753455488035 ], [ -3.604539883682436, 47.977610918228919 ], [ -3.604450724820444, 47.978009483251107 ], [ -3.604184793198734, 47.978057385741373 ], [ -3.603769751988912, 47.978233096913861 ], [ -3.603221265471864, 47.978317046614087 ], [ -3.603242268819135, 47.977886344478875 ] ] ], [ [ [ -3.600313951359198, 47.978849033861948 ], [ -3.600182839417904, 47.979237759832806 ], [ -3.599720852546792, 47.979457702653626 ], [ -3.599109678523051, 47.979284679796137 ], [ -3.599059254076466, 47.978840402666222 ], [ -3.599797486537414, 47.978929554461978 ], [ -3.600313951359198, 47.978849033861948 ] ] ], [ [ [ -3.646132696071794, 47.981280802885017 ], [ -3.645863840661749, 47.981227406749213 ], [ -3.645706322652603, 47.981132620628522 ], [ -3.64554747284417, 47.981094150225829 ], [ -3.645285523577114, 47.980943954048762 ], [ -3.645146200837216, 47.980979666623995 ], [ -3.644956988403139, 47.98095977348531 ], [ -3.644897908372713, 47.981113335783945 ], [ -3.644642071216089, 47.981391312176605 ], [ -3.64423123083687, 47.981254587633856 ], [ -3.64434979395982, 47.980966822186808 ], [ -3.644410811762999, 47.980811047927574 ], [ -3.644229560281751, 47.980736227011711 ], [ -3.643731317585957, 47.980565392996525 ], [ -3.643728745771096, 47.980564712752724 ], [ -3.643726872289592, 47.980565216186307 ], [ -3.643725386103419, 47.980565277167344 ], [ -3.643121392989336, 47.980757247877278 ], [ -3.64309471118415, 47.980756456678122 ], [ -3.64283857534154, 47.980780794136393 ], [ -3.642559226643473, 47.980881270147179 ], [ -3.642488801604877, 47.980819231984306 ], [ -3.64206196321095, 47.980975596887276 ], [ -3.641779538318358, 47.981099051652372 ], [ -3.641586026736283, 47.980914182711295 ], [ -3.641802155073387, 47.980757571564681 ], [ -3.64185121184343, 47.980554133179197 ], [ -3.641664892847395, 47.980385515566667 ], [ -3.641525933713213, 47.980351028130514 ], [ -3.641284298710529, 47.98032425354171 ], [ -3.641064260315344, 47.980124464566231 ], [ -3.640716181155553, 47.980217561691546 ], [ -3.640527112226363, 47.98019388343134 ], [ -3.640133574581808, 47.980191856299868 ], [ -3.640005540479313, 47.979941932943632 ], [ -3.639908202003201, 47.979654448628068 ], [ -3.639925542553881, 47.979526443348853 ], [ -3.639940194730049, 47.979481278395561 ], [ -3.63987403481676, 47.979002517381446 ], [ -3.639858832367103, 47.978952088216879 ], [ -3.639665018066199, 47.978605024329646 ], [ -3.63969468442765, 47.978304004381506 ], [ -3.639608630506133, 47.978163085851484 ], [ -3.639537441290328, 47.978121911529193 ], [ -3.639369606633327, 47.977995593105341 ], [ -3.638831503499394, 47.97804113360889 ], [ -3.638690579216016, 47.978049985486059 ], [ -3.638471233607564, 47.977721500362684 ], [ -3.638397952002516, 47.977435835938813 ], [ -3.638424332417418, 47.977384510642189 ], [ -3.638393099712225, 47.977115420027566 ], [ -3.638220394981687, 47.976990534514258 ], [ -3.638042993794005, 47.976972660393152 ], [ -3.63756210430626, 47.976965942889727 ], [ -3.637483818118134, 47.976966299619058 ], [ -3.637083360736653, 47.976710586787135 ], [ -3.637125421594996, 47.97644590174113 ], [ -3.636982764389103, 47.976301082160923 ], [ -3.636917636771208, 47.976256604732214 ], [ -3.63669570832247, 47.976188984317091 ], [ -3.63641903393849, 47.976438091427077 ], [ -3.636440033061294, 47.976532286141612 ], [ -3.636326114572019, 47.976533203796009 ], [ -3.636203796621829, 47.97653053659635 ], [ -3.635822652243993, 47.976414792312035 ], [ -3.635612820776133, 47.976351096913859 ], [ -3.635610115832724, 47.976143496770952 ], [ -3.635589044007875, 47.97586083404456 ], [ -3.635761276569101, 47.975637312751694 ], [ -3.635871275634821, 47.975230945273033 ], [ -3.635356342889477, 47.975071985295827 ], [ -3.635297509866409, 47.975057961315841 ], [ -3.634915003515276, 47.975019409628068 ], [ -3.634712935896248, 47.975016706739275 ], [ -3.634706561078474, 47.97501856177756 ], [ -3.634701688959359, 47.975019906269623 ], [ -3.634658339327598, 47.975078638057894 ], [ -3.634547659549902, 47.975382927596755 ], [ -3.634878303441361, 47.975660141630399 ], [ -3.634887374147767, 47.975665629697687 ], [ -3.634890445142211, 47.975682880509446 ], [ -3.634861264226511, 47.975679518143835 ], [ -3.63442131798297, 47.975609237241393 ], [ -3.634081061245189, 47.97578202863167 ], [ -3.634006280537121, 47.976288809150688 ], [ -3.634054787193907, 47.976321261886987 ], [ -3.634332660382984, 47.976861601683446 ], [ -3.634457025458409, 47.976889152007431 ], [ -3.6347763375715, 47.977382511859503 ], [ -3.63478118236794, 47.977462079686717 ], [ -3.635408591152612, 47.977338927475095 ], [ -3.635875218028595, 47.977380296126341 ], [ -3.63600370660527, 47.977436816487874 ], [ -3.636554967549992, 47.977667317543791 ], [ -3.63657371347606, 47.977672005019301 ], [ -3.63659279538533, 47.977667608757137 ], [ -3.637138926003138, 47.977605586080763 ], [ -3.637595280387336, 47.977483390396756 ], [ -3.637642558892969, 47.977298279956067 ], [ -3.637840685106667, 47.977427894405558 ], [ -3.638137862720701, 47.977467104830716 ], [ -3.637880785390136, 47.977577454808582 ], [ -3.638046334180907, 47.977936118860868 ], [ -3.638285800931038, 47.978081482498709 ], [ -3.637916059366716, 47.978158665683118 ], [ -3.637733185591982, 47.978128173506676 ], [ -3.637236582832999, 47.978074615383107 ], [ -3.636902282887959, 47.978346986242919 ], [ -3.636707651342791, 47.978664484346979 ], [ -3.635864182248834, 47.978851632095591 ], [ -3.635858232317492, 47.978862045850796 ], [ -3.635839967905876, 47.978864387945649 ], [ -3.635820462281947, 47.978850145110542 ], [ -3.634944958599845, 47.978539569865667 ], [ -3.634823043541247, 47.978155115324341 ], [ -3.634743308129186, 47.977493108039397 ], [ -3.634675819113976, 47.977472343750975 ], [ -3.634245677960606, 47.9769565588281 ], [ -3.633704299932021, 47.976990489104693 ], [ -3.6335543351601, 47.976832830981827 ], [ -3.633043623687289, 47.976689873399408 ], [ -3.632312886337859, 47.976608295849161 ], [ -3.632639763424432, 47.976196198591552 ], [ -3.633040870406389, 47.975913092020775 ], [ -3.633421128166902, 47.976072570338729 ], [ -3.633845868702729, 47.976212939384681 ], [ -3.633624568725958, 47.975898086342589 ], [ -3.633501986081352, 47.975942662517561 ], [ -3.633040880402366, 47.97591282220754 ], [ -3.632679014657857, 47.975657490238156 ], [ -3.632660821119061, 47.97565794310038 ], [ -3.632646421073528, 47.975656130350735 ], [ -3.632533933329877, 47.975698563526493 ], [ -3.632375358012119, 47.976033682021836 ], [ -3.63218449245795, 47.976149008593893 ], [ -3.632103267391472, 47.97652893720543 ], [ -3.63160761183667, 47.976300225340808 ], [ -3.63110223675944, 47.97636374069247 ], [ -3.630569259609121, 47.976271275713529 ], [ -3.630375038598773, 47.97625692858994 ], [ -3.630273449519269, 47.976335484979138 ], [ -3.63008069442663, 47.976841565087838 ], [ -3.629406082396055, 47.976517162086402 ], [ -3.628967637419524, 47.976306483391859 ], [ -3.628965436658333, 47.976305810089912 ], [ -3.628964765387956, 47.976303906819915 ], [ -3.628967360206101, 47.976303957848145 ], [ -3.62939362756899, 47.976103082123629 ], [ -3.629156927331953, 47.975794036930772 ], [ -3.629217583357481, 47.975439086818092 ], [ -3.629127509393081, 47.975347312391158 ], [ -3.629069766142264, 47.975323946100538 ], [ -3.628625210296716, 47.975118276013141 ], [ -3.628587230467632, 47.975102138430607 ], [ -3.628046063910704, 47.975040820875805 ], [ -3.62853796064161, 47.975220243592503 ], [ -3.628679242139863, 47.975461441053277 ], [ -3.628706030170205, 47.975709116864735 ], [ -3.628382633601592, 47.97590688324749 ], [ -3.627912053762739, 47.975802581995168 ], [ -3.627730234614469, 47.975404430086577 ], [ -3.627940827264824, 47.975087712129252 ], [ -3.627623107846018, 47.975362360632474 ], [ -3.627507595226278, 47.975366297724939 ], [ -3.627502056720931, 47.975495433444671 ], [ -3.627547269643424, 47.97580620453401 ], [ -3.627482670446643, 47.976047312214142 ], [ -3.627626096528247, 47.97632059462704 ], [ -3.627217452370746, 47.976246580191749 ], [ -3.627207716401056, 47.976129204223369 ], [ -3.627056214973856, 47.975833711483865 ], [ -3.626965200188882, 47.975677474286819 ], [ -3.626817648759002, 47.97550536354079 ], [ -3.626549669333396, 47.975469486770258 ], [ -3.626435468183905, 47.975707637199825 ], [ -3.626355966086958, 47.975870507959364 ], [ -3.626066107189951, 47.976213653396485 ], [ -3.625856373645107, 47.975838259170352 ], [ -3.625958490808743, 47.975625882267295 ], [ -3.626003183506081, 47.975361612591719 ], [ -3.626180399272968, 47.975184645727275 ], [ -3.626281424528319, 47.974801960949968 ], [ -3.625837873148693, 47.974869008983937 ], [ -3.62540406254177, 47.974923466638671 ], [ -3.625455245120357, 47.974534580563123 ], [ -3.625317951762526, 47.974455913240917 ], [ -3.625283235813075, 47.974441818852092 ], [ -3.624841086704292, 47.974201889147217 ], [ -3.624829233002939, 47.974181494843442 ], [ -3.624787404292231, 47.974169150209882 ], [ -3.6246700867163, 47.974181778987067 ], [ -3.624182832113341, 47.974436515897459 ], [ -3.623822130172483, 47.974270819940585 ], [ -3.623595909976454, 47.974000130283578 ], [ -3.623213483287387, 47.974328572229147 ], [ -3.623561014537796, 47.974559082991824 ], [ -3.623836392398774, 47.974625264209706 ], [ -3.623960642768102, 47.974894933464419 ], [ -3.623577081979148, 47.974994566024947 ], [ -3.623121613584086, 47.975142461162292 ], [ -3.622686414302239, 47.975004903394741 ], [ -3.622648521147955, 47.97545480311021 ], [ -3.623137382294058, 47.975785216520187 ], [ -3.623201589099516, 47.9758441748236 ], [ -3.623211471111169, 47.975877670957757 ], [ -3.623195864337113, 47.975968086686308 ], [ -3.623130731231356, 47.975884179155969 ], [ -3.622334095118048, 47.975749842474329 ], [ -3.622089476337845, 47.975783988157495 ], [ -3.621425909440768, 47.975622658847193 ], [ -3.620978083937171, 47.975485475012661 ], [ -3.620864496468472, 47.975158950267883 ], [ -3.620619967991943, 47.974902023151621 ], [ -3.620300004900602, 47.974758180390054 ], [ -3.61984391821362, 47.974544325703064 ], [ -3.619784585220894, 47.974235342040572 ], [ -3.620342888943923, 47.974085261426943 ], [ -3.620551115424947, 47.974350652730351 ], [ -3.620991565277419, 47.974585976559155 ], [ -3.6213558203833, 47.974476881770663 ], [ -3.621841928974193, 47.974283156976256 ], [ -3.622175587497922, 47.974497557953768 ], [ -3.622475471976253, 47.974592937219157 ], [ -3.622947695473628, 47.974293809695467 ], [ -3.622833434826296, 47.973965204112446 ], [ -3.622467120752815, 47.973920537374319 ], [ -3.622252825635634, 47.973947451099633 ], [ -3.622342948871797, 47.973788483058975 ], [ -3.622306343615663, 47.973486429789709 ], [ -3.62196549887661, 47.973534877180221 ], [ -3.621596550663047, 47.973312038877559 ], [ -3.621516924180503, 47.973278786295801 ], [ -3.620932679673172, 47.973309016124638 ], [ -3.621356053885451, 47.973614203957531 ], [ -3.621517175451879, 47.973700276903848 ], [ -3.621616659337606, 47.973987190815365 ], [ -3.621217517690492, 47.973877789611301 ], [ -3.620918186024434, 47.973787637911272 ], [ -3.620931170194974, 47.973309706353518 ], [ -3.620930826333323, 47.973308979538714 ], [ -3.620411222501903, 47.973207187614925 ], [ -3.620142883892299, 47.973051943239376 ], [ -3.619946340771345, 47.97307038258247 ], [ -3.61988031523654, 47.973070338624957 ], [ -3.619358557011141, 47.973106024210523 ], [ -3.618895151204563, 47.972969513784754 ], [ -3.618819047301584, 47.972951269357509 ], [ -3.618522555536649, 47.97270564119848 ], [ -3.618399265727811, 47.972599970675873 ], [ -3.618077853200218, 47.972674440807808 ], [ -3.617982990826879, 47.972930335371863 ], [ -3.617483687829175, 47.972851341437803 ], [ -3.617706850794, 47.972566842751526 ], [ -3.617459203514235, 47.972354398509552 ], [ -3.617331054192275, 47.972249800703167 ], [ -3.61693187283593, 47.972241366496299 ], [ -3.617087691621483, 47.972548749657456 ], [ -3.617188862780071, 47.972879262899234 ], [ -3.616699339595403, 47.972796678580409 ], [ -3.61657988195308, 47.972548696280548 ], [ -3.616729799120005, 47.972288761685313 ], [ -3.61662014267439, 47.972126026581577 ], [ -3.616371067802411, 47.972031456024681 ], [ -3.616360675914775, 47.972031610454842 ], [ -3.616327747693342, 47.972029338965498 ], [ -3.61629182031564, 47.972077590048336 ], [ -3.616237707471039, 47.97244400346765 ], [ -3.615910671300458, 47.972728604030245 ], [ -3.615899112911027, 47.972779857307032 ], [ -3.615856684566837, 47.972882971776336 ], [ -3.615779230606474, 47.972781715276923 ], [ -3.615244793207994, 47.972491497570459 ], [ -3.61502392236861, 47.972485955545245 ], [ -3.614563303136467, 47.972533358662382 ], [ -3.614521859702575, 47.972054169591821 ], [ -3.614640651398407, 47.971743939622669 ], [ -3.614543906254904, 47.971603148805819 ], [ -3.614526804917068, 47.971187264393919 ], [ -3.614519072035636, 47.971155970100703 ], [ -3.614482270718452, 47.97109853926726 ], [ -3.614302766236896, 47.971087964527612 ], [ -3.614160635670546, 47.971317988757676 ], [ -3.614123605583655, 47.971445330307702 ], [ -3.614222536832945, 47.971736020544043 ], [ -3.614210629234489, 47.971995084715054 ], [ -3.613940776616514, 47.97229773243685 ], [ -3.614297722863894, 47.972483458233526 ], [ -3.613815867796299, 47.972573009339094 ], [ -3.613599060169036, 47.972766362699637 ], [ -3.613223858844893, 47.973039111012127 ], [ -3.612670707646665, 47.972813132169343 ], [ -3.612332350360609, 47.972606528505402 ], [ -3.611820849289712, 47.972715014027678 ], [ -3.611517318270193, 47.972886303273064 ], [ -3.611314086196987, 47.972716666845947 ], [ -3.610440451687093, 47.972609696013272 ], [ -3.610209207296783, 47.973099138485189 ], [ -3.610168220182767, 47.973173388374072 ], [ -3.60943514328326, 47.973354239777237 ], [ -3.609142683691256, 47.973318823839115 ], [ -3.609204748007351, 47.973523644165759 ], [ -3.609128108468654, 47.973747492300312 ], [ -3.609084283306629, 47.974095476947504 ], [ -3.608807954301387, 47.974292770102657 ], [ -3.608508070541137, 47.974188082219221 ], [ -3.608440737500004, 47.974015018086256 ], [ -3.608105694800511, 47.973749874254516 ], [ -3.607778194674192, 47.97376848108614 ], [ -3.607239955808797, 47.973887124866806 ], [ -3.607454048690585, 47.974281364498935 ], [ -3.607556666803356, 47.974472950982104 ], [ -3.607366695923274, 47.974622543880614 ], [ -3.607095231742313, 47.974581059292461 ], [ -3.606419468373167, 47.974419934925983 ], [ -3.605990497367627, 47.974770074207804 ], [ -3.605710146171813, 47.974935778516105 ], [ -3.605566785560423, 47.974693247909244 ], [ -3.605196708075956, 47.97451182188405 ], [ -3.604938037270728, 47.974574270777772 ], [ -3.604665538542717, 47.974560390704156 ], [ -3.604317166080315, 47.974719788253182 ], [ -3.604227600189452, 47.974852652378509 ], [ -3.603810513072948, 47.974876035396093 ], [ -3.603657158873223, 47.974860293290334 ], [ -3.603463211862009, 47.974957418172437 ], [ -3.603330063453464, 47.975075283648209 ], [ -3.602807137183713, 47.975052364378833 ], [ -3.602783022909935, 47.975052424353684 ], [ -3.602773960032151, 47.9750665545751 ], [ -3.602760834268174, 47.975070343454874 ], [ -3.602496415636061, 47.975137532447022 ], [ -3.602446456476893, 47.975154088536847 ], [ -3.602211800335339, 47.975386756868339 ], [ -3.60202712314558, 47.975424661200101 ], [ -3.601667093902711, 47.975676702678633 ], [ -3.601591889435915, 47.97578257966709 ], [ -3.601576053321312, 47.975818985917044 ], [ -3.601262969206392, 47.976065480967435 ], [ -3.601262158359339, 47.976106776713827 ], [ -3.601118989904099, 47.976382397400279 ], [ -3.601108965207578, 47.976402358617321 ], [ -3.601110564985564, 47.976409140800939 ], [ -3.601115163452692, 47.976444694053974 ], [ -3.60146969526927, 47.976783061897478 ], [ -3.601138006114114, 47.977060507741491 ], [ -3.601019556619306, 47.977162102803739 ], [ -3.600751079939612, 47.977366463480124 ], [ -3.600494699678527, 47.977406986861965 ], [ -3.600527267916171, 47.977724630857793 ], [ -3.600046498615713, 47.977537020901281 ], [ -3.599832384509485, 47.977696470798243 ], [ -3.599794873393148, 47.977697613145772 ], [ -3.599774585723712, 47.977743830950239 ], [ -3.599700979677781, 47.977846498616273 ], [ -3.599667181148651, 47.978360199516771 ], [ -3.599289440203774, 47.978372379536211 ], [ -3.599047352713675, 47.978831344917154 ], [ -3.599045724340051, 47.978835182634938 ], [ -3.599041949624627, 47.978836907452468 ], [ -3.598773077850366, 47.979287867990465 ], [ -3.598807862832962, 47.979349314685763 ], [ -3.598812568238366, 47.979441123035414 ], [ -3.599294128829834, 47.979785451972191 ], [ -3.599533827132376, 47.979961779263853 ], [ -3.599982840557495, 47.979938868171502 ], [ -3.600542529537951, 47.979922570869419 ], [ -3.600937628312553, 47.980188935703957 ], [ -3.600536589330417, 47.980356633831811 ], [ -3.600271478503938, 47.980500668199255 ], [ -3.599712505014641, 47.980665395867533 ], [ -3.599730186706268, 47.981013795699774 ], [ -3.599970300154954, 47.981337017691189 ], [ -3.600213972717607, 47.98165445980684 ], [ -3.600703803428418, 47.981858540237987 ], [ -3.601629634474337, 47.982386318367233 ], [ -3.601017383405294, 47.983020266116853 ], [ -3.600124373490458, 47.983138559760185 ], [ -3.599617109092355, 47.982707407537454 ], [ -3.599389154825881, 47.982139884450135 ], [ -3.599600550916617, 47.981786960579207 ], [ -3.599101790329858, 47.981642820080189 ], [ -3.598599908220508, 47.981384579213383 ], [ -3.598294326339514, 47.981450397954447 ], [ -3.597822986617232, 47.981051185452394 ], [ -3.597422291702735, 47.980904043323036 ], [ -3.597136233590675, 47.981022811024317 ], [ -3.596560637520768, 47.980968659866662 ], [ -3.596482737558702, 47.980948743798017 ], [ -3.596619193613474, 47.980399289768748 ], [ -3.59643359263536, 47.980175703419981 ], [ -3.596094852241094, 47.980274875567929 ], [ -3.596176511177102, 47.980559210420779 ], [ -3.596348385282752, 47.980940301273826 ], [ -3.596283308734078, 47.981013255817352 ], [ -3.596366987941409, 47.981066859129726 ], [ -3.596315179568666, 47.981634294037029 ], [ -3.596253543339784, 47.981783281232623 ], [ -3.59617623161786, 47.982102064281513 ], [ -3.59631000157147, 47.982490225144062 ], [ -3.59641519513829, 47.982543987941597 ], [ -3.596316943915022, 47.982630861095863 ], [ -3.596178417249679, 47.982644476249988 ], [ -3.595767020050135, 47.982830221813387 ], [ -3.595533735771395, 47.982926548323483 ], [ -3.595740705320819, 47.983036167216731 ], [ -3.595860981209102, 47.983388597553407 ], [ -3.595819033770191, 47.983645083602937 ], [ -3.595938492588949, 47.983861770404324 ], [ -3.59571027710645, 47.984030202510233 ], [ -3.595480523666109, 47.984327940429139 ], [ -3.595390130057285, 47.984649072525862 ], [ -3.594939520825097, 47.984644392084832 ], [ -3.594365362119037, 47.984688903911717 ], [ -3.594150139625134, 47.985181430370474 ], [ -3.594193703210502, 47.985295347134702 ], [ -3.594009704061844, 47.985343782957699 ], [ -3.593577682755097, 47.985711549049739 ], [ -3.593636033177801, 47.986023502668949 ], [ -3.594130219229099, 47.986476384064161 ], [ -3.59335803989894, 47.986733755890548 ], [ -3.592841196921519, 47.986684540549824 ], [ -3.592394769003425, 47.986794689957051 ], [ -3.59206379599606, 47.98709957795873 ], [ -3.591942690217408, 47.987260694847805 ], [ -3.591963538388062, 47.987416010744759 ], [ -3.592529181929034, 47.987715700368696 ], [ -3.592136802003279, 47.98803520178744 ], [ -3.591961844918919, 47.988177960736699 ], [ -3.591703267347752, 47.988294835222042 ], [ -3.591356731415077, 47.988451531679452 ], [ -3.591060240508173, 47.98853083396687 ], [ -3.59098947923372, 47.988734179917479 ], [ -3.590694459593916, 47.98919666325947 ], [ -3.590516997846729, 47.989444766251218 ], [ -3.59025299614535, 47.989891398630718 ], [ -3.590014237111204, 47.990131523537549 ], [ -3.588515912823389, 47.991024342578278 ], [ -3.588512154004004, 47.991025617357792 ], [ -3.588508395184452, 47.991026892137143 ], [ -3.588510181023606, 47.991028728024041 ], [ -3.587958561807361, 47.991534757413618 ], [ -3.58792358523166, 47.991566728539759 ], [ -3.587916237468699, 47.991574591792165 ], [ -3.587798581087313, 47.99170283207701 ], [ -3.590887256844019, 47.991900683514302 ], [ -3.592126438089788, 47.992249133893623 ], [ -3.587329029575507, 47.991746164496753 ], [ -3.583270229558588, 47.994361215855442 ], [ -3.583719920664379, 47.994039833652764 ], [ -3.584623492631468, 47.993393818049825 ], [ -3.585245516986452, 47.992842683616885 ], [ -3.585354235844989, 47.992646942263917 ], [ -3.585373479542726, 47.992540581579497 ], [ -3.585078127142457, 47.992167972601671 ], [ -3.585060412636043, 47.992145835785152 ], [ -3.585376225056907, 47.991802140151101 ], [ -3.585500791916791, 47.991736504914613 ], [ -3.585521474562777, 47.991729269352767 ], [ -3.585880362066512, 47.991600109897654 ], [ -3.585062666103473, 47.9912540150345 ], [ -3.585019571920133, 47.991235779238181 ], [ -3.584689025006757, 47.991439579214649 ], [ -3.584647781658146, 47.991460622873753 ], [ -3.58463086398643, 47.991476214348118 ], [ -3.584295730204708, 47.991663900152304 ], [ -3.584258197778333, 47.991684928153994 ], [ -3.584191515067021, 47.99172121200391 ], [ -3.584014568343682, 47.991817746276624 ], [ -3.583835502034512, 47.991911447548787 ], [ -3.583808975029735, 47.991955377792586 ], [ -3.583472880124133, 47.992001912961271 ], [ -3.583423934729836, 47.992020551381621 ], [ -3.583409630074719, 47.992025934499594 ], [ -3.583406772943292, 47.992022996944137 ], [ -3.58338848029252, 47.992006338582662 ], [ -3.583328985876691, 47.991960681056042 ], [ -3.583246852544143, 47.992022755743477 ], [ -3.583002937628244, 47.992309745813948 ], [ -3.582936006424429, 47.992460151251841 ], [ -3.582672023713654, 47.992816312159611 ], [ -3.582593860248281, 47.992891066983965 ], [ -3.582397904770327, 47.99304833093408 ], [ -3.582279453681397, 47.993265565480506 ], [ -3.582047575948296, 47.993401315833701 ], [ -3.581873407201485, 47.993600419405155 ], [ -3.581640377677819, 47.993786009084644 ], [ -3.581554495546173, 47.99399561700141 ], [ -3.581550007149464, 47.994006327507321 ], [ -3.581545046836303, 47.994009918062481 ], [ -3.581068995249806, 47.994341112294045 ], [ -3.580955934327152, 47.994396623391168 ], [ -3.580920525281627, 47.994439834488844 ], [ -3.580736449210626, 47.994528300038255 ], [ -3.580311679006849, 47.994945307858679 ], [ -3.58012444147841, 47.995068091181402 ], [ -3.579498436724779, 47.995243433233206 ], [ -3.579083712012673, 47.995171095776733 ], [ -3.578930653887349, 47.995156045447644 ], [ -3.578575110228486, 47.995284080217004 ], [ -3.578373137151597, 47.995355080621437 ], [ -3.578112284930799, 47.99557898601347 ], [ -3.578052899820029, 47.995657356098974 ], [ -3.577968053105919, 47.995673379427444 ], [ -3.577668682179741, 47.995875717083003 ], [ -3.577684476959546, 47.995928778666816 ], [ -3.577710509837048, 47.996024889289579 ], [ -3.577714752946573, 47.996088969088639 ], [ -3.577968932872098, 47.996294439540115 ], [ -3.577944012933115, 47.996315449393848 ], [ -3.577852373506412, 47.996373458815079 ], [ -3.577870219483279, 47.996411620650093 ], [ -3.577717225957491, 47.996570461906821 ], [ -3.577770615793502, 47.996659562760648 ], [ -3.577729953980699, 47.996752980686267 ], [ -3.577703031209767, 47.996836414484982 ], [ -3.577727216362045, 47.996971370644374 ], [ -3.577663310124326, 47.997022197720391 ], [ -3.577695836420476, 47.997142740816777 ], [ -3.577508732126027, 47.997300715197746 ], [ -3.577453556237052, 47.997395190960546 ], [ -3.577218696929422, 47.997550043263949 ], [ -3.577182513393324, 47.997564705751216 ], [ -3.577157927907409, 47.997625684980726 ], [ -3.577145886570077, 47.997649564195719 ], [ -3.576885593905876, 47.997858357518822 ], [ -3.576877931167029, 47.99786468365518 ], [ -3.576860973958907, 47.99787145265573 ], [ -3.576788195721763, 47.997911569874645 ], [ -3.576653442058538, 47.998078517824183 ], [ -3.576485155748709, 47.998219678458767 ], [ -3.57642769131794, 47.998266944394153 ], [ -3.576363361897374, 47.998358085122781 ], [ -3.576310501030755, 47.998508681026252 ], [ -3.576313876387758, 47.998537011015372 ], [ -3.576142430848722, 47.998692868615535 ], [ -3.576138825462088, 47.99871934786551 ], [ -3.57608940072293, 47.998925906908447 ], [ -3.576054140750286, 47.999033294252385 ], [ -3.575779618587466, 47.999323164476486 ], [ -3.575670482662928, 47.999392160604366 ], [ -3.575755417693667, 47.999520240990798 ], [ -3.57586525092396, 47.999452428900973 ], [ -3.576149137229223, 47.999277325230054 ], [ -3.575761827986582, 47.999663840422414 ], [ -3.575451682911809, 47.999972973729164 ], [ -3.575285564812292, 48.000017959617651 ], [ -3.574110834631629, 47.999963137072235 ], [ -3.574108224227284, 47.999953723759148 ], [ -3.574094723479536, 47.999957411822578 ], [ -3.574075389591762, 47.999968092781401 ], [ -3.573541721738326, 48.000172626341232 ], [ -3.573491251980715, 48.000192039909315 ], [ -3.573400291399861, 48.000241689027341 ], [ -3.573230490127008, 48.000334571039879 ], [ -3.572802617849235, 48.000333769946863 ], [ -3.572714495229016, 48.000688688156018 ], [ -3.572969918904494, 48.000968721511313 ], [ -3.57304044161456, 48.000987965501643 ], [ -3.573186848062076, 48.000944205430272 ], [ -3.573540843859291, 48.000838567276212 ], [ -3.572940324715789, 48.001131756532686 ], [ -3.572825360945613, 48.001187941519277 ], [ -3.572364049974317, 48.001333985110541 ], [ -3.572351280189924, 48.001337957739722 ], [ -3.572033371097108, 48.001509305296324 ], [ -3.572024268539348, 48.00151443198137 ], [ -3.571886183898634, 48.001573479637152 ], [ -3.571544245639318, 48.001732549970868 ], [ -3.571487195081095, 48.001759030363274 ], [ -3.571375522055772, 48.001826171137395 ], [ -3.571320820278379, 48.001859179349495 ], [ -3.570972364085461, 48.001994444616365 ], [ -3.57070354696745, 48.002172630192881 ], [ -3.570537275973377, 48.002269989945155 ], [ -3.570282825167054, 48.002382849746887 ], [ -3.570250365899208, 48.002397045252039 ], [ -3.56991494545421, 48.002530950467772 ], [ -3.569905530045961, 48.002534540550045 ], [ -3.569873050004611, 48.002549275568775 ], [ -3.569736341087824, 48.002611048624225 ], [ -3.569448441782286, 48.002705589455807 ], [ -3.569069809882728, 48.002746362011671 ], [ -3.568848184972593, 48.002786706377215 ], [ -3.568749610608237, 48.002782823894428 ], [ -3.568746272945522, 48.002782756433604 ], [ -3.568186130780304, 48.002921294860883 ], [ -3.568185756492979, 48.002921377300773 ], [ -3.568161139405402, 48.002924569893821 ], [ -3.568145124055567, 48.002926046242486 ], [ -3.56807733694881, 48.002932326321456 ], [ -3.567713097330557, 48.002965464576022 ], [ -3.567667027135818, 48.003054179850501 ], [ -3.567460648614848, 48.003006262926952 ], [ -3.567474534668306, 48.00314794464154 ], [ -3.567372137829811, 48.003389792580357 ], [ -3.567085472675737, 48.003723770869016 ], [ -3.56707999197681, 48.003731220597366 ], [ -3.56707411636093, 48.003739292386364 ], [ -3.567056885076664, 48.003743444195216 ], [ -3.567055758756842, 48.003743781440754 ], [ -3.56686475093372, 48.003808323019328 ], [ -3.566596543376493, 48.003601011416798 ], [ -3.56654603293626, 48.003563086633534 ], [ -3.56579474518572, 48.003953815633935 ], [ -3.565408833786683, 48.004145820216706 ], [ -3.565317932193594, 48.004193574013101 ], [ -3.565104864860625, 48.004310770207354 ], [ -3.564903470233381, 48.004355656628597 ], [ -3.564855175025183, 48.004366559725284 ], [ -3.564746709392897, 48.004398026183701 ], [ -3.564308277268016, 48.004497786361313 ], [ -3.564303778747485, 48.004498955355267 ], [ -3.56430000474426, 48.004500589057891 ], [ -3.563949881986766, 48.004668831558774 ], [ -3.563820544503709, 48.004731646870177 ], [ -3.563697272113065, 48.004820236942706 ], [ -3.563609997703008, 48.004831339937319 ], [ -3.563407252783317, 48.0048532444752 ], [ -3.562904764764423, 48.004890676432332 ], [ -3.562374713895449, 48.004940328404565 ], [ -3.561958287974688, 48.004988591187896 ], [ -3.561726810793657, 48.005004779683318 ], [ -3.561731485361773, 48.004969951657991 ], [ -3.56165651575255, 48.004834230770605 ], [ -3.561762885031894, 48.004508761281436 ], [ -3.561764656881742, 48.004481885053934 ], [ -3.561787768865818, 48.00444050031853 ], [ -3.561970660867551, 48.004171396641048 ], [ -3.562152510887916, 48.003929453777822 ], [ -3.562188629958642, 48.003858540301927 ], [ -3.562262456993947, 48.003839965313929 ], [ -3.562650497191329, 48.003757373589281 ], [ -3.562765966661573, 48.003736852041662 ], [ -3.563125611788213, 48.003678525131583 ], [ -3.563272695707102, 48.003665934243955 ], [ -3.563714268089709, 48.00361007546514 ], [ -3.563808415668087, 48.003593891255491 ], [ -3.564233497850359, 48.003493682888241 ], [ -3.564296390008749, 48.003479565442397 ], [ -3.564333846397504, 48.003480324033092 ], [ -3.564712975593878, 48.003465589916971 ], [ -3.565002680263639, 48.003401790309944 ], [ -3.565092473859802, 48.003373275895513 ], [ -3.565434485370856, 48.003475066947644 ], [ -3.565530105933961, 48.00344946034037 ], [ -3.565677478115131, 48.003361356174111 ], [ -3.565847023309603, 48.003314563750834 ], [ -3.565857932833365, 48.003310734228599 ], [ -3.566147262123484, 48.003227572516664 ], [ -3.566181134086653, 48.003215296933504 ], [ -3.566480839447124, 48.003132524336003 ], [ -3.566518062713533, 48.003119956429387 ], [ -3.566561367433995, 48.003103641251606 ], [ -3.566774821102968, 48.003014982466802 ], [ -3.566821147487545, 48.002997288207133 ], [ -3.566884808384186, 48.002963023286561 ], [ -3.566965823984697, 48.00292136879348 ], [ -3.56703605006398, 48.002890116814214 ], [ -3.567110084250146, 48.002856331617821 ], [ -3.567133221712779, 48.002843298579634 ], [ -3.567225369377583, 48.002801689055929 ], [ -3.56743792906163, 48.00280436796195 ], [ -3.567536523495839, 48.002827153494415 ], [ -3.567604574401223, 48.002843110796469 ], [ -3.56761980063524, 48.002813716428129 ], [ -3.567659847535556, 48.002736940312893 ], [ -3.567805513560259, 48.002547631159459 ], [ -3.567819953250658, 48.002519390957808 ], [ -3.567834169414624, 48.002506717425781 ], [ -3.568025612200327, 48.002391779257188 ], [ -3.56806466563652, 48.002331274187981 ], [ -3.568131897744566, 48.002193752915645 ], [ -3.568173320709112, 48.002100353221827 ], [ -3.568257939279416, 48.001818542440425 ], [ -3.568272248407523, 48.001764557610812 ], [ -3.568340904005663, 48.001657757388585 ], [ -3.568350250782662, 48.001646245458389 ], [ -3.568508299950105, 48.001540712255313 ], [ -3.568656768443425, 48.001433365062965 ], [ -3.56867441102771, 48.001418420522576 ], [ -3.568702574510353, 48.001409809099187 ], [ -3.568820725866396, 48.001338301648637 ], [ -3.569005858488967, 48.001291279539025 ], [ -3.569058672541422, 48.001288296600208 ], [ -3.569226303270997, 48.001271972746451 ], [ -3.569294301204913, 48.001269836570451 ], [ -3.569500200509398, 48.001242674730172 ], [ -3.56959611076389, 48.001209329966279 ], [ -3.569652949042183, 48.001207868156705 ], [ -3.569712870515409, 48.001183966924458 ], [ -3.569728483728309, 48.001193013020661 ], [ -3.569928067641958, 48.001146551353216 ], [ -3.569958682699576, 48.001151490147109 ], [ -3.570065968841248, 48.001140966474402 ], [ -3.570105157679948, 48.001135187606721 ], [ -3.570173440463404, 48.001135306806034 ], [ -3.570441980330298, 48.001119939269692 ], [ -3.570485413072798, 48.00110992565758 ], [ -3.570631138425644, 48.00106462511485 ], [ -3.570679501530145, 48.001042110058727 ], [ -3.570805170311824, 48.000997214311212 ], [ -3.570872572119962, 48.00094259121758 ], [ -3.571070317119462, 48.000798343112976 ], [ -3.571111091175877, 48.000770454257321 ], [ -3.571179349995505, 48.000693346631692 ], [ -3.571225115576135, 48.000641616747409 ], [ -3.571285899029499, 48.000565888253853 ], [ -3.57136000907725, 48.00042292380094 ], [ -3.571322832028619, 48.000405161983359 ], [ -3.571393029247522, 48.000306401794504 ], [ -3.571435256920472, 48.000318235105887 ], [ -3.571447836658134, 48.000290046971315 ], [ -3.571572169833058, 48.000143865998361 ], [ -3.571594077315528, 48.000085173896004 ], [ -3.571724300013427, 47.999901308906935 ], [ -3.571741383919799, 47.999862050853167 ], [ -3.5717541799207, 47.999837917359059 ], [ -3.571818276357221, 47.999714192001754 ], [ -3.57182128711553, 47.999703361977176 ], [ -3.571849534586144, 47.999614645619317 ], [ -3.572263457211802, 47.999669713040575 ], [ -3.572374817601515, 47.999571693004675 ], [ -3.572651940388265, 47.999554873258667 ], [ -3.572913033811836, 47.99947175463587 ], [ -3.572943708683373, 47.999406938744578 ], [ -3.573062671743884, 47.999002239266076 ], [ -3.573633800237697, 47.998788293209827 ], [ -3.574065281945046, 47.999044782373637 ], [ -3.574078775628958, 47.999041274191029 ], [ -3.574651584670246, 47.999017000292419 ], [ -3.574936056978873, 47.999148203523944 ], [ -3.575445376432957, 47.999095463754102 ], [ -3.575508131051552, 47.999055505393912 ], [ -3.57551079531707, 47.999053758952883 ], [ -3.575517744095738, 47.99904669846326 ], [ -3.575521941920287, 47.999033912135104 ], [ -3.575428514298461, 47.998729247888399 ], [ -3.575649699250493, 47.998563412841357 ], [ -3.575658879835075, 47.998497713156816 ], [ -3.575660933710456, 47.998443750715531 ], [ -3.575792229356167, 47.99829950581519 ], [ -3.575793894037912, 47.998265516951697 ], [ -3.575964342309375, 47.998184615150997 ], [ -3.5760008643282, 47.998180580617657 ], [ -3.576018033506999, 47.998080479437959 ], [ -3.576055443072773, 47.998062871811754 ], [ -3.576093071472489, 47.998010256117531 ], [ -3.576121233184869, 47.997982111436194 ], [ -3.576198904519113, 47.997940203089627 ], [ -3.576210194402307, 47.997916578846706 ], [ -3.57622332786924, 47.99786400970612 ], [ -3.576327718568951, 47.997822099488999 ], [ -3.57639432619602, 47.997749095985263 ], [ -3.57647580013118, 47.997724275245609 ], [ -3.576578588214355, 47.997665951373378 ], [ -3.576614049570882, 47.997641013818921 ], [ -3.576706635772018, 47.997577714022732 ], [ -3.576751565411512, 47.997518494715074 ], [ -3.576813796045535, 47.99748248542074 ], [ -3.576866327172896, 47.997447810862568 ], [ -3.576967173504932, 47.997333193631171 ], [ -3.577014885845855, 47.997288611286081 ], [ -3.577083967283313, 47.997238338809105 ], [ -3.577213526413368, 47.997120069275411 ], [ -3.577246844355967, 47.997092928226962 ], [ -3.577263632908631, 47.99706131405798 ], [ -3.577403036252217, 47.996928121499828 ], [ -3.577441340183485, 47.996906481161268 ], [ -3.577484545871759, 47.99685352732952 ], [ -3.577518131742305, 47.99682909178933 ], [ -3.57753039650271, 47.996809087318809 ], [ -3.57756510752188, 47.99675506237584 ], [ -3.577565997253513, 47.996712147328246 ], [ -3.577563563868206, 47.996649274008021 ], [ -3.577542941068587, 47.996615826536427 ], [ -3.577528708142246, 47.996560726209822 ], [ -3.577517899495271, 47.996513165338889 ], [ -3.577452649939831, 47.996462708252501 ], [ -3.57745154801582, 47.996394101349608 ], [ -3.577408374301891, 47.996358399691353 ], [ -3.577402718098623, 47.996302211953996 ], [ -3.577294068633772, 47.996143953591293 ], [ -3.577289152951195, 47.996126843444451 ], [ -3.577280341670773, 47.996095073857219 ], [ -3.577225224763337, 47.995924572419952 ], [ -3.577222301258089, 47.995864839465526 ], [ -3.577206375553426, 47.995805474740521 ], [ -3.577207996891078, 47.995762844470072 ], [ -3.577206053516401, 47.995570012165985 ], [ -3.577214092811167, 47.995534261597868 ], [ -3.577237347154289, 47.995391170067762 ], [ -3.577257429724496, 47.995253415049802 ], [ -3.577253982265979, 47.995226973838228 ], [ -3.577237748607995, 47.995078136864038 ], [ -3.577260587292976, 47.994887423783901 ], [ -3.577267709639419, 47.994826993098052 ], [ -3.577266922173247, 47.994818426662682 ], [ -3.577281808778445, 47.994768503021376 ], [ -3.577420607992329, 47.994651049669095 ], [ -3.577693475675217, 47.994384365124219 ], [ -3.578352917590393, 47.994403129591142 ], [ -3.578371120907198, 47.99440259589376 ], [ -3.578381677617141, 47.99439821805084 ], [ -3.578449814292479, 47.994372677544625 ], [ -3.578415701770477, 47.994293865781927 ], [ -3.578294459760689, 47.993900709524354 ], [ -3.578247041767355, 47.993595984905447 ], [ -3.578224689372295, 47.993520199998265 ], [ -3.578211015085368, 47.993479692092492 ], [ -3.578177317120615, 47.993282620787348 ], [ -3.578177133143385, 47.9931410377066 ], [ -3.578171312714652, 47.993069635834814 ], [ -3.578136271073762, 47.993034818241959 ], [ -3.578190841184254, 47.992985423316888 ], [ -3.578194637967949, 47.992983159584696 ], [ -3.578327284589897, 47.992880972520133 ], [ -3.578347023695696, 47.992869309011994 ], [ -3.578458113965914, 47.992816821243615 ], [ -3.578463792016839, 47.99281387531731 ], [ -3.578480774890527, 47.992806386593628 ], [ -3.578562548740248, 47.992753938751875 ], [ -3.578582151026236, 47.992745872687117 ], [ -3.578688022612333, 47.992674468436952 ], [ -3.578706903786828, 47.992665847804091 ], [ -3.57884909160167, 47.992615245529755 ], [ -3.578991872167345, 47.992519742062093 ], [ -3.578999873989225, 47.992514232695207 ], [ -3.57900949907395, 47.992505065747693 ], [ -3.579044031773658, 47.992494689844442 ], [ -3.579315888575614, 47.992586205026264 ], [ -3.579396716519988, 47.992548858543927 ], [ -3.579597141333598, 47.992557390647164 ], [ -3.579658666322172, 47.992383476810843 ], [ -3.579726567725801, 47.992364051264929 ], [ -3.579737691293758, 47.992364275006736 ], [ -3.580014126889742, 47.992286399503961 ], [ -3.580042204083213, 47.992289664353976 ], [ -3.580064198418959, 47.992296767120571 ], [ -3.580265813365836, 47.992303251803605 ], [ -3.580291295084751, 47.992306464395547 ], [ -3.580423258571548, 47.992300297407233 ], [ -3.580579345018061, 47.992284264618043 ], [ -3.580619835734518, 47.992283098605931 ], [ -3.580747139420528, 47.992272607261746 ], [ -3.580783643686746, 47.992268930884443 ], [ -3.580904712256218, 47.992256513886062 ], [ -3.58092785116831, 47.992253018799403 ], [ -3.581148330322596, 47.99222198862909 ], [ -3.581181705728103, 47.992212758871247 ], [ -3.581211569942907, 47.99220804882227 ], [ -3.581387848204251, 47.992168389199747 ], [ -3.58141271939301, 47.992158358405391 ], [ -3.58158008191553, 47.992089627425379 ], [ -3.581624844805144, 47.992063885316661 ], [ -3.581639607030375, 47.992046450851625 ], [ -3.581756303141839, 47.992012343660569 ], [ -3.582008282748464, 47.992129014217113 ], [ -3.582305107322024, 47.992022200779587 ], [ -3.58231974815963, 47.991763458382778 ], [ -3.582316981107587, 47.991689688093246 ], [ -3.582319922443666, 47.991641504114007 ], [ -3.582335381721108, 47.991537228044372 ], [ -3.582457393527366, 47.991353187412649 ], [ -3.582464488373495, 47.991332448619737 ], [ -3.582760908668319, 47.991206814784803 ], [ -3.582901130718839, 47.991149147469024 ], [ -3.583127692208175, 47.991065222234212 ], [ -3.58331859515787, 47.990933327500947 ], [ -3.583361176045896, 47.990906370839255 ], [ -3.583354643866151, 47.99088292820143 ], [ -3.58342816230556, 47.990754436373734 ], [ -3.583364289084558, 47.990628585936733 ], [ -3.58336821707088, 47.9906032832275 ], [ -3.583337275723539, 47.990538577872989 ], [ -3.583276373959731, 47.990432228280795 ], [ -3.583227123676952, 47.990351314224547 ], [ -3.58316412047332, 47.990241682170762 ], [ -3.583108667333328, 47.990148222716989 ], [ -3.583060230704433, 47.990065434815293 ], [ -3.583022874324161, 47.99000357072633 ], [ -3.582974906317648, 47.989898650824898 ], [ -3.582920502610046, 47.989826453683357 ], [ -3.58288755483084, 47.989765758168943 ], [ -3.582864467995595, 47.989738562783749 ], [ -3.582812354193871, 47.98969404330191 ], [ -3.58272576213059, 47.98959005756857 ], [ -3.582699014431471, 47.989571339141456 ], [ -3.582611060292492, 47.989483706972734 ], [ -3.582589064346494, 47.989437542266266 ], [ -3.582555775905022, 47.989356498552397 ], [ -3.582455888432911, 47.989309579065306 ], [ -3.582364387817999, 47.989188303369424 ], [ -3.582330108006624, 47.989152962503042 ], [ -3.582296566355201, 47.989117726462304 ], [ -3.582137915926582, 47.989005992078553 ], [ -3.582041876577917, 47.988847902646832 ], [ -3.581999937412688, 47.988809077562863 ], [ -3.581999797722595, 47.988783423171689 ], [ -3.582019458605834, 47.988754206417624 ], [ -3.582034983068873, 47.9887264366374 ], [ -3.582086724063282, 47.988497152131899 ], [ -3.582089824435182, 47.988483893610777 ], [ -3.582098320381093, 47.988436001371007 ], [ -3.582169655932185, 47.988325917895935 ], [ -3.582172421867611, 47.988321473195953 ], [ -3.582178518088909, 47.988258591823303 ], [ -3.582245085654945, 47.988166593629522 ], [ -3.582249773614875, 47.988160387436288 ], [ -3.582258112323573, 47.988145974088212 ], [ -3.582293062750033, 47.98808538256884 ], [ -3.582353817229126, 47.987990117338015 ], [ -3.582414193909795, 47.987924366293591 ], [ -3.582474501083387, 47.987870224532358 ], [ -3.582482189167866, 47.98786317855032 ], [ -3.582484118012315, 47.987861237180844 ], [ -3.582539428930179, 47.987801864699698 ], [ -3.582589934736744, 47.987761566829192 ], [ -3.582634968937957, 47.987709008280476 ], [ -3.582636135790827, 47.987707591633885 ], [ -3.582638132856106, 47.987703851523207 ], [ -3.582724868558794, 47.987559425051217 ], [ -3.5827710296354, 47.987526060257508 ], [ -3.582778027298001, 47.987517650307012 ], [ -3.582862431245023, 47.987415119452741 ], [ -3.58289228509402, 47.987293221722041 ], [ -3.582908779376508, 47.987190946847235 ], [ -3.582997052813332, 47.987093983982071 ], [ -3.583000692589925, 47.987027363077118 ], [ -3.583176410306838, 47.986913975355307 ], [ -3.583384738229901, 47.986850565220678 ], [ -3.583531912386363, 47.986785386652016 ], [ -3.583597477184496, 47.986788233332859 ], [ -3.583816048996887, 47.986689475975687 ], [ -3.583978811451575, 47.986692653865944 ], [ -3.584058134811971, 47.986694696434697 ], [ -3.584154916655206, 47.986705999961664 ], [ -3.584333508105821, 47.986722275849473 ], [ -3.584363457027931, 47.986725037158422 ], [ -3.584380514928204, 47.986725289561598 ], [ -3.584555525894936, 47.986728352429296 ], [ -3.58459728506202, 47.986722980226531 ], [ -3.58470632907235, 47.986733809332144 ], [ -3.584925321098067, 47.986907864395498 ], [ -3.58496134728602, 47.986926498431913 ], [ -3.585181139355953, 47.986912997891629 ], [ -3.58526899938271, 47.986983524913946 ], [ -3.585581137591082, 47.987000498136439 ], [ -3.585677731120497, 47.9870461785491 ], [ -3.585757615385291, 47.987121585461665 ], [ -3.585838017651437, 47.98718332189528 ], [ -3.586057768865067, 47.987249293447206 ], [ -3.586105817785228, 47.987303180317056 ], [ -3.586257325688354, 47.987329260388577 ], [ -3.586319187583912, 47.98732213056023 ], [ -3.586447865990036, 47.987333801686475 ], [ -3.586598663697069, 47.987349246407057 ], [ -3.586780741839057, 47.987342096749934 ], [ -3.586942686487292, 47.987347323879675 ], [ -3.587064282946154, 47.987369652919391 ], [ -3.587177890377151, 47.987367790247518 ], [ -3.58730430399031, 47.987370684436002 ], [ -3.587398152795301, 47.98736149504159 ], [ -3.587505852231151, 47.987349072985864 ], [ -3.587628517936907, 47.987333350583846 ], [ -3.587714060518219, 47.98731814409264 ], [ -3.587783963317223, 47.987304424194789 ], [ -3.587865356262864, 47.987281213956287 ], [ -3.587931565256762, 47.987257249342164 ], [ -3.588024356704234, 47.98720735584147 ], [ -3.588077031791174, 47.987158638498109 ], [ -3.588105441112528, 47.987113845137486 ], [ -3.588230900576888, 47.986975230882706 ], [ -3.588326607348681, 47.98684826107592 ], [ -3.588396506876449, 47.986765956752116 ], [ -3.588433286729937, 47.986705850142052 ], [ -3.588665550718388, 47.986597996987101 ], [ -3.58867370380646, 47.986598250328925 ], [ -3.58867955082125, 47.986590807028563 ], [ -3.588805579215773, 47.986446893302919 ], [ -3.588722410638406, 47.986213013808104 ], [ -3.588706325904933, 47.986177229534476 ], [ -3.588496586423992, 47.986062411142804 ], [ -3.588465212723461, 47.986038471209412 ], [ -3.588368854578256, 47.985898292603707 ], [ -3.588379243485613, 47.985800215118459 ], [ -3.588491024317404, 47.985513088208116 ], [ -3.588544737042081, 47.985240728772887 ], [ -3.588499796791499, 47.985143882910236 ], [ -3.588387917875652, 47.984904027767428 ], [ -3.588348768739707, 47.984683540879701 ], [ -3.588351257473063, 47.984500070370657 ], [ -3.588367970082254, 47.984323095244179 ], [ -3.588621554472074, 47.984122154507695 ], [ -3.588870296431618, 47.984098246145351 ], [ -3.588879147073588, 47.983932904186993 ], [ -3.589088393272764, 47.983736834581869 ], [ -3.589275207801737, 47.983751287062574 ], [ -3.589447931057007, 47.983736115377909 ], [ -3.589604376735741, 47.983798201752585 ], [ -3.589974159685778, 47.98382090725358 ], [ -3.59014989730382, 47.983853587451847 ], [ -3.590507702408704, 47.983623857396658 ], [ -3.590597836767978, 47.983594969956862 ], [ -3.590632909749659, 47.983589731677817 ], [ -3.590996910586695, 47.983431588055772 ], [ -3.591060320309345, 47.98337354382808 ], [ -3.591301269656694, 47.983447759411121 ], [ -3.591454768921264, 47.983705724850715 ], [ -3.591784286721276, 47.983615742387641 ], [ -3.591944274516423, 47.983456394117546 ], [ -3.592255387899794, 47.983333010315796 ], [ -3.592491320738129, 47.983156909334689 ], [ -3.592736366263309, 47.98296541928346 ], [ -3.592906447971901, 47.98286288464999 ], [ -3.593070152078004, 47.982663917095557 ], [ -3.593211256115814, 47.982582043773384 ], [ -3.593226339686642, 47.982575594980148 ], [ -3.593412026640045, 47.982511713661616 ], [ -3.593737203148699, 47.982526674336896 ], [ -3.594184907062134, 47.982519421407481 ], [ -3.594331117485457, 47.982547994567334 ], [ -3.594587388039861, 47.982461940458087 ], [ -3.594816704019538, 47.982274091924097 ], [ -3.595014751773003, 47.982049616441969 ], [ -3.595165590066623, 47.981817717309859 ], [ -3.595103479669649, 47.981625036630355 ], [ -3.595116299023946, 47.98150153627099 ], [ -3.59474924522994, 47.981328144757107 ], [ -3.594626057535094, 47.981279421065047 ], [ -3.594588917734456, 47.981241147033693 ], [ -3.594563748508419, 47.981190421516843 ], [ -3.594353982954271, 47.98083062150198 ], [ -3.594463846726944, 47.980760453135545 ], [ -3.594438862268828, 47.980498310388732 ], [ -3.594368301458427, 47.980460898527276 ], [ -3.594510732728982, 47.980392821019066 ], [ -3.594677966887969, 47.980286806937379 ], [ -3.594820646378218, 47.980123599141713 ], [ -3.594990191994712, 47.979985769183799 ], [ -3.595100478726962, 47.979983022142363 ], [ -3.595452544933778, 47.979737051832565 ], [ -3.595766254986518, 47.979632611661337 ], [ -3.596166231546644, 47.979631148212249 ], [ -3.596430337138476, 47.979395839203775 ], [ -3.596119958722059, 47.979106848052567 ], [ -3.595621267367377, 47.978991223999572 ], [ -3.595471622867878, 47.979201545871305 ], [ -3.59516009269715, 47.979287577738319 ], [ -3.594708059669059, 47.979282417048815 ], [ -3.594669731786411, 47.979324853417843 ], [ -3.594638391226978, 47.979280394987065 ], [ -3.594205392912558, 47.979193528374296 ], [ -3.594115132347527, 47.97915716271681 ], [ -3.594119933596128, 47.979069234218464 ], [ -3.594470281517315, 47.978829443255577 ], [ -3.594627885267756, 47.979027812327864 ], [ -3.594641113423794, 47.978765623445248 ], [ -3.594715481177604, 47.9787315575973 ], [ -3.594650574989843, 47.978662307307864 ], [ -3.594536681232099, 47.97865256113981 ], [ -3.594328191422913, 47.978642724558902 ], [ -3.593887747903195, 47.978566508369106 ], [ -3.593804305223443, 47.978546119520317 ], [ -3.593496401025439, 47.97835914526631 ], [ -3.593484705028357, 47.978354501218114 ], [ -3.593484334331362, 47.978354493807117 ], [ -3.593483973816474, 47.978354216586105 ], [ -3.593478538941222, 47.978350777764099 ], [ -3.593237633322188, 47.97829555874582 ], [ -3.593194733561699, 47.978233047881112 ], [ -3.592858555158043, 47.977999154113199 ], [ -3.592808077052057, 47.977960522751779 ], [ -3.592565356856148, 47.977835512415076 ], [ -3.592348553353601, 47.977731540964584 ], [ -3.592225659066977, 47.977645828487788 ], [ -3.59203328857524, 47.977543245193736 ], [ -3.591927767174016, 47.977469040489957 ], [ -3.591753160609521, 47.977298858677322 ], [ -3.591759187436112, 47.977237506183016 ], [ -3.591734293109257, 47.97708139029676 ], [ -3.59174697963468, 47.977040152062266 ], [ -3.591798222193659, 47.976950452809611 ], [ -3.59195978378725, 47.9767391145513 ], [ -3.592111419253881, 47.976564659368016 ], [ -3.592244773563232, 47.976432230407205 ], [ -3.592347763977173, 47.976337625827952 ], [ -3.592534369239112, 47.976140828522816 ], [ -3.592651609119924, 47.976012667050142 ], [ -3.592793507813403, 47.975840536465817 ], [ -3.592832779812825, 47.975792719502557 ], [ -3.59304352327827, 47.975644286525977 ], [ -3.593057237743984, 47.975634750297786 ], [ -3.593324447526463, 47.975513637220367 ], [ -3.593502506470317, 47.97534654904446 ], [ -3.59351942377524, 47.975330776493593 ], [ -3.593532318675358, 47.975323293924816 ], [ -3.59366922138665, 47.975244126948418 ], [ -3.593761466667257, 47.975217889673416 ], [ -3.593984577752575, 47.975154486308355 ], [ -3.594093071417551, 47.975090861737407 ], [ -3.594212727659815, 47.975085332926199 ], [ -3.594396700581518, 47.975036717241046 ], [ -3.59470533006721, 47.975036854397153 ], [ -3.594868620733529, 47.975034986888446 ], [ -3.595357949743742, 47.97510281551564 ], [ -3.595417149281325, 47.975136399594014 ], [ -3.595522990932433, 47.975152914442106 ], [ -3.595961270217829, 47.975276063284205 ], [ -3.596077751798016, 47.97539413485358 ], [ -3.596360056890652, 47.975679415093069 ], [ -3.596430773312068, 47.975692887595081 ], [ -3.596518930764439, 47.975775111501655 ], [ -3.596815007719163, 47.975970661233589 ], [ -3.596955552329425, 47.976060590843254 ], [ -3.5969367016359, 47.976108006835595 ], [ -3.597092211824384, 47.976381663717675 ], [ -3.597106228815077, 47.976472397799149 ], [ -3.596895991140517, 47.976784836563453 ], [ -3.596918064563637, 47.976976806374481 ], [ -3.597107674198538, 47.97703468357696 ], [ -3.59713407919043, 47.97704277095648 ], [ -3.597429486882004, 47.977207074156183 ], [ -3.597436394482642, 47.977210812177567 ], [ -3.597438935109069, 47.977212302947514 ], [ -3.597545934313371, 47.977276991174762 ], [ -3.597788810116679, 47.977407933539709 ], [ -3.597879752564119, 47.977436029310027 ], [ -3.59788011648155, 47.977436216579491 ], [ -3.598151868240706, 47.977381605297353 ], [ -3.598292023431111, 47.977383501165008 ], [ -3.598298325184083, 47.977383626872424 ], [ -3.598305779648337, 47.977382695521847 ], [ -3.598466356925157, 47.977364387553379 ], [ -3.598472634973221, 47.977365142808004 ], [ -3.598600029110185, 47.977380824412279 ], [ -3.598628294564667, 47.977408479464138 ], [ -3.598828340422764, 47.977603098297436 ], [ -3.598939126774302, 47.977626368662527 ], [ -3.599068581645953, 47.977715444312416 ], [ -3.599349194119785, 47.97785910618191 ], [ -3.599453744111313, 47.97771295357321 ], [ -3.599478798657766, 47.977678081399105 ], [ -3.599485696135863, 47.977662378157824 ], [ -3.599574999085057, 47.97745804873329 ], [ -3.599734344075217, 47.977452764943443 ], [ -3.599752919284539, 47.977452055181864 ], [ -3.599860159794849, 47.977372379039309 ], [ -3.599962061445348, 47.97729655657097 ], [ -3.600014414313778, 47.977246027652839 ], [ -3.600077342672104, 47.977190489254035 ], [ -3.600421489323747, 47.977075122363097 ], [ -3.600517682877399, 47.976963633993748 ], [ -3.600730049953223, 47.976781467050905 ], [ -3.600849877069172, 47.976682689916366 ], [ -3.60081969457188, 47.976429806813577 ], [ -3.60081770184855, 47.976413746365616 ], [ -3.600817072098419, 47.976410763680107 ], [ -3.600791464713889, 47.976312418915114 ], [ -3.600794700789987, 47.976305283061585 ], [ -3.600927867568393, 47.976039183964239 ], [ -3.600934966024897, 47.976027984872566 ], [ -3.600931169238773, 47.976020438880958 ], [ -3.600937054227022, 47.97596259346664 ], [ -3.600939266252452, 47.975854452567027 ], [ -3.600958762909309, 47.975839090295914 ], [ -3.601003852133803, 47.975735043829893 ], [ -3.60108899960941, 47.975571942701983 ], [ -3.601017092398851, 47.97551119737399 ], [ -3.601082742571423, 47.975491714387893 ], [ -3.601037304423535, 47.975289379941778 ], [ -3.601027819614806, 47.975206207199534 ], [ -3.601106156924999, 47.975135404642586 ], [ -3.601241897455729, 47.975047384784396 ], [ -3.601236596938302, 47.975020637984521 ], [ -3.601258407829806, 47.974983180778601 ], [ -3.60124823212545, 47.974898644254615 ], [ -3.601305102879078, 47.974856125226871 ], [ -3.601364498869237, 47.974854968337233 ], [ -3.601449823566672, 47.974815356157094 ], [ -3.601595218511176, 47.974717177751366 ], [ -3.601869406912273, 47.974774931154499 ], [ -3.601983515826177, 47.974847856842104 ], [ -3.602319062791683, 47.974842388136807 ], [ -3.602359259099046, 47.974828967871602 ], [ -3.602361513570855, 47.974828202724986 ], [ -3.602374244971079, 47.974825036070662 ], [ -3.602655451892339, 47.974745401081414 ], [ -3.602656577434906, 47.974745063473414 ], [ -3.60265737623565, 47.974743549308307 ], [ -3.602690894353402, 47.974690664220148 ], [ -3.602753426148383, 47.974606045291893 ], [ -3.602787239630114, 47.974594657903324 ], [ -3.60284709826544, 47.97458117887134 ], [ -3.603037528032912, 47.974607290567185 ], [ -3.603107550242796, 47.974589873516308 ], [ -3.603279991804675, 47.974551723910999 ], [ -3.603360119088089, 47.97454179814283 ], [ -3.603459354319055, 47.974516951916293 ], [ -3.603684860914445, 47.974458526791935 ], [ -3.603763007155134, 47.974442081024812 ], [ -3.603802144868907, 47.9744271991134 ], [ -3.604030503749762, 47.974302677148465 ], [ -3.604049731353208, 47.974264808029098 ], [ -3.604570773288332, 47.974070954526916 ], [ -3.604575952550166, 47.974071327560289 ], [ -3.604579288587334, 47.97407139391791 ], [ -3.604582277588626, 47.974070823345151 ], [ -3.604594631275164, 47.97406782893237 ], [ -3.604595144487348, 47.974054158547332 ], [ -3.604582713881159, 47.974049321090469 ], [ -3.604506091146377, 47.973669510588735 ], [ -3.604546228229462, 47.973529182909274 ], [ -3.604388985354643, 47.97334046700108 ], [ -3.604292934860453, 47.973221281180479 ], [ -3.604317357993317, 47.973183335406041 ], [ -3.604282245756083, 47.972972477893506 ], [ -3.604280622848682, 47.972956424923019 ], [ -3.604284526126007, 47.972941381930355 ], [ -3.604358382349876, 47.972772383957363 ], [ -3.604469091155212, 47.972659201399409 ], [ -3.604499928848005, 47.9725887118245 ], [ -3.604769968437523, 47.97246033756619 ], [ -3.604893364639394, 47.972414279792432 ], [ -3.60513473611841, 47.972456701689886 ], [ -3.605216561194179, 47.972510171055688 ], [ -3.605497948684078, 47.972366000022738 ], [ -3.605600858239691, 47.972233220517026 ], [ -3.605740163710646, 47.972267311448576 ], [ -3.605955033515378, 47.972165828669418 ], [ -3.606147955672316, 47.972075879724464 ], [ -3.606384910412064, 47.972008586517006 ], [ -3.606487503273425, 47.971973183974072 ], [ -3.606613779615784, 47.971800816354708 ], [ -3.607095771906367, 47.971786903011065 ], [ -3.607143441867129, 47.97178181989316 ], [ -3.60715750012228, 47.971772918829998 ], [ -3.607162066026512, 47.971769859417115 ], [ -3.607165877128772, 47.971767145022341 ], [ -3.607183439893305, 47.971753813399992 ], [ -3.607164027800219, 47.97174721746763 ], [ -3.607155239965004, 47.971744162752472 ], [ -3.607077084204426, 47.971345513749434 ], [ -3.607069594795441, 47.971307833420049 ], [ -3.607221116405102, 47.971243611187596 ], [ -3.607234311815299, 47.971237933109016 ], [ -3.607245771981611, 47.971229070426659 ], [ -3.607374883092223, 47.971129391336596 ], [ -3.607425649690648, 47.971101058688198 ], [ -3.607647686436144, 47.970976404229226 ], [ -3.607609739902622, 47.970910127831274 ], [ -3.607796939593264, 47.970685687136573 ], [ -3.607788295121842, 47.970589751622185 ], [ -3.607766241787354, 47.970396345917592 ], [ -3.607954468534703, 47.970282989862326 ], [ -3.608121236009477, 47.970286931969518 ], [ -3.608470903009125, 47.970487923336265 ], [ -3.608521503255855, 47.97048379786176 ], [ -3.608938927031487, 47.97033169910884 ], [ -3.609202699686748, 47.970310654215162 ], [ -3.609462196919926, 47.970354236352875 ], [ -3.609527050587042, 47.970395395060741 ], [ -3.609962682394965, 47.970371098760289 ], [ -3.610024168680298, 47.970333797300384 ], [ -3.610323515150266, 47.970135338661336 ], [ -3.610544712897344, 47.970121996193221 ], [ -3.610889942316243, 47.970114713557578 ], [ -3.611166058220913, 47.97007104787064 ], [ -3.611423129087354, 47.970248862316552 ], [ -3.611569481122202, 47.970401890017939 ], [ -3.611931492015183, 47.970451728945754 ], [ -3.612046422141539, 47.970492888803818 ], [ -3.612100365822702, 47.970508448693153 ], [ -3.612527099385638, 47.970761716307599 ], [ -3.612597872154002, 47.970743858186964 ], [ -3.613036858927604, 47.97063978296125 ], [ -3.61319709657545, 47.970629907335507 ], [ -3.613226446544276, 47.970469922754553 ], [ -3.613419507726824, 47.970266649814285 ], [ -3.613439089345248, 47.970199265194395 ], [ -3.61346002568525, 47.96996666122719 ], [ -3.613683277925242, 47.969838778821014 ], [ -3.613768378227878, 47.969765041698864 ], [ -3.613919104039811, 47.969672173588172 ], [ -3.614202173772332, 47.969740062118071 ], [ -3.614302625297331, 47.969851045421102 ], [ -3.614545490105897, 47.969972498870263 ], [ -3.614348274648691, 47.970197742229971 ], [ -3.61429627698277, 47.970417940803024 ], [ -3.614462769889047, 47.970707178394534 ], [ -3.614459829177828, 47.970716390513509 ], [ -3.614468340694648, 47.970716919064024 ], [ -3.614471673187782, 47.970717075054097 ], [ -3.614684018496644, 47.971049881850874 ], [ -3.614703639226741, 47.971080691466135 ], [ -3.614707836039713, 47.971097425186116 ], [ -3.614753711137658, 47.971279330285284 ], [ -3.614763044602159, 47.971506053667369 ], [ -3.614815816963667, 47.971582791322767 ], [ -3.614962882019114, 47.971796490776107 ], [ -3.61511897117354, 47.971848092469209 ], [ -3.61533182277769, 47.972028532302474 ], [ -3.615417273751593, 47.972094396018477 ], [ -3.615498500772203, 47.972084663184113 ], [ -3.615520042510237, 47.972024337197311 ], [ -3.615758447487893, 47.971808636806927 ], [ -3.615984944058802, 47.971822389004998 ], [ -3.616266500861682, 47.971841730226636 ], [ -3.616284632877779, 47.971842898980469 ], [ -3.616290199462569, 47.971842829102201 ], [ -3.616603056950473, 47.971838487774555 ], [ -3.616720089566809, 47.971883104318543 ], [ -3.616833840151901, 47.971926215765322 ], [ -3.617084384442149, 47.971832347232848 ], [ -3.61733364974766, 47.971822425988904 ], [ -3.617512383690646, 47.971754317493406 ], [ -3.617728201910167, 47.971875318909319 ], [ -3.617905722824133, 47.971959021437819 ], [ -3.618236803133765, 47.972013087789456 ], [ -3.618624833165829, 47.972081779089372 ], [ -3.618853400191087, 47.972248931872549 ], [ -3.619153556611691, 47.972416148549414 ], [ -3.619509635172067, 47.972516156537992 ], [ -3.619857358352152, 47.972581617042188 ], [ -3.620146166710446, 47.97257571039016 ], [ -3.620573462232033, 47.972526545668863 ], [ -3.62074573670487, 47.972532197017792 ], [ -3.620877233652796, 47.972547123468942 ], [ -3.621061240793945, 47.972486763508542 ], [ -3.621409335668916, 47.972472573437678 ], [ -3.621735786664479, 47.972561458910796 ], [ -3.621810106876044, 47.972677409640561 ], [ -3.621984874103894, 47.972765551202016 ], [ -3.622493020004395, 47.972995724238785 ], [ -3.622537483201597, 47.972997051337352 ], [ -3.622599791948021, 47.972997290374543 ], [ -3.623055933242958, 47.972990356335629 ], [ -3.623357496590243, 47.972980642492622 ], [ -3.623520529469318, 47.972985477153209 ], [ -3.623500992243194, 47.973091835796822 ], [ -3.623859036277262, 47.9731891679805 ], [ -3.624031737684417, 47.973233253870603 ], [ -3.623981659310425, 47.973432703966097 ], [ -3.624128296640231, 47.97353927819043 ], [ -3.624351000953575, 47.973615310273658 ], [ -3.624353303155179, 47.973792752088585 ], [ -3.624464814553314, 47.973906283837728 ], [ -3.624747108724192, 47.97387620555623 ], [ -3.624785097899021, 47.973872093955514 ], [ -3.625059184056666, 47.973953007156048 ], [ -3.625070564545249, 47.973956201484263 ], [ -3.625149123457019, 47.974088073960402 ], [ -3.625154031971356, 47.97409573093924 ], [ -3.625321288149211, 47.974186599155949 ], [ -3.625334441814839, 47.974191988465407 ], [ -3.62559971294682, 47.974300537630228 ], [ -3.625656378062978, 47.974332884889996 ], [ -3.625793668246887, 47.97441164171439 ], [ -3.626062837111504, 47.974465274498044 ], [ -3.626284460635592, 47.974490699425054 ], [ -3.626752496823583, 47.974543295968481 ], [ -3.626867523562161, 47.974682185305099 ], [ -3.627211427446466, 47.974771127581249 ], [ -3.627431209008329, 47.974816224594555 ], [ -3.627765395041038, 47.974707416743769 ], [ -3.628282363919701, 47.974810921256612 ], [ -3.628298981008741, 47.974812958211622 ], [ -3.628472228251128, 47.974832566783938 ], [ -3.628940104020587, 47.975029515796834 ], [ -3.628956166907736, 47.975036491927462 ], [ -3.629145806200277, 47.97512419419003 ], [ -3.629170294656423, 47.975134036066137 ], [ -3.6293924978188, 47.975223908273207 ], [ -3.629423949617704, 47.975256027792952 ], [ -3.629622686514513, 47.975458482172321 ], [ -3.629724504188051, 47.975463723940145 ], [ -3.629734643037565, 47.975470403487883 ], [ -3.630111224079837, 47.975388702724736 ], [ -3.630189603562597, 47.975345781679678 ], [ -3.630295206077031, 47.97538898864719 ], [ -3.630593480925723, 47.975368209429796 ], [ -3.630855180957242, 47.975333390299824 ], [ -3.631120942001365, 47.975309090694708 ], [ -3.631369810350659, 47.975320189863943 ], [ -3.631614408494185, 47.975346415120363 ], [ -3.631917164944897, 47.975284768874459 ], [ -3.632118298592026, 47.975192595318738 ], [ -3.63233205257775, 47.975210293002029 ], [ -3.632736097024647, 47.975278257629569 ], [ -3.632751909726508, 47.975281988165584 ], [ -3.633184260970385, 47.975276794250966 ], [ -3.633376153545943, 47.975273810096972 ], [ -3.633772226738016, 47.975186449091559 ], [ -3.633881811376915, 47.975152238006984 ], [ -3.63418595821736, 47.975103033207326 ], [ -3.634300031254337, 47.974947585656437 ], [ -3.634318782927392, 47.974922032624555 ], [ -3.634600146915195, 47.974846908923702 ], [ -3.634601639622151, 47.974846668192455 ], [ -3.634603142317553, 47.974846157648024 ], [ -3.634971907929696, 47.974734765986021 ], [ -3.635009353161459, 47.974735320294847 ], [ -3.63509129318506, 47.974736387105828 ], [ -3.635485828239237, 47.974630269218295 ], [ -3.635815674599761, 47.974758599663453 ], [ -3.635906501662931, 47.974790171072478 ], [ -3.636252275057997, 47.975009445370567 ], [ -3.636541735998073, 47.975287017046092 ], [ -3.636376686103639, 47.974935381053761 ], [ -3.63630892160996, 47.974861960632118 ], [ -3.635972477722594, 47.974631169009712 ], [ -3.635839757584522, 47.974598956456951 ], [ -3.635894144792302, 47.974582742002696 ], [ -3.635548537615561, 47.974379130327939 ], [ -3.635443578704888, 47.974398673235015 ], [ -3.635423409059635, 47.974402417917723 ], [ -3.635409785124124, 47.97440971104907 ], [ -3.635088168890754, 47.97458026063984 ], [ -3.635140666560413, 47.974595060539144 ], [ -3.635007555548396, 47.97461351098088 ], [ -3.63492664118287, 47.974614804295541 ], [ -3.634568713717024, 47.974613814590874 ], [ -3.634556471350631, 47.974613844473737 ], [ -3.634480490083922, 47.974622164447709 ], [ -3.634035067607084, 47.974669948423085 ], [ -3.634026128030352, 47.974670943074756 ], [ -3.633998253880187, 47.974672376266938 ], [ -3.633951415180074, 47.974675057424228 ], [ -3.633557543765376, 47.974733121189267 ], [ -3.633491437866079, 47.97471517336939 ], [ -3.633044995080124, 47.974680310475797 ], [ -3.632823191082383, 47.974699717416065 ], [ -3.632507656016424, 47.974816017082802 ], [ -3.632467962225469, 47.974846108817559 ], [ -3.632462996749238, 47.974849971463314 ], [ -3.632073941466375, 47.9748580827331 ], [ -3.632062430405021, 47.974858396705692 ], [ -3.631911636609388, 47.974843464998045 ], [ -3.631893139953144, 47.974852102056445 ], [ -3.631622031014257, 47.974980702080025 ], [ -3.631558653118146, 47.975009248268918 ], [ -3.631167487739722, 47.974984193709943 ], [ -3.631153051226278, 47.974983370076835 ], [ -3.63113482120472, 47.974984811996784 ], [ -3.630634361911398, 47.975026100682868 ], [ -3.63060006128382, 47.975000765788529 ], [ -3.630571538118664, 47.974979684561895 ], [ -3.630403365054562, 47.974943258489496 ], [ -3.630195106462233, 47.974937455402582 ], [ -3.630104356032197, 47.974913890939504 ], [ -3.629894156678042, 47.975000392386214 ], [ -3.629869391192078, 47.974998015494052 ], [ -3.629658310763963, 47.974998276125611 ], [ -3.629346799877261, 47.974845986353486 ], [ -3.629315819157316, 47.97481117598263 ], [ -3.629281398351283, 47.974749116998957 ], [ -3.628911687557342, 47.974375983796008 ], [ -3.628910305004875, 47.97437325651083 ], [ -3.628908000828917, 47.974375371271663 ], [ -3.628907997490546, 47.974375461209171 ], [ -3.628479894239132, 47.974506185956905 ], [ -3.628449345155766, 47.974509725183601 ], [ -3.628370007017159, 47.974518514878561 ], [ -3.627768703761072, 47.974378610095599 ], [ -3.627553047075625, 47.974112637063726 ], [ -3.627529447539116, 47.974108842523272 ], [ -3.626994546022336, 47.974208658602016 ], [ -3.626832881074847, 47.974236797341469 ], [ -3.626394391918553, 47.974157781918812 ], [ -3.626104171173617, 47.974051803515813 ], [ -3.625979024939419, 47.973935754908176 ], [ -3.62578222323986, 47.973961130016221 ], [ -3.625495579028512, 47.973898691966866 ], [ -3.625299537067543, 47.973823817545622 ], [ -3.625146594356738, 47.973737101434914 ], [ -3.624917960094062, 47.973620992725557 ], [ -3.624656728747117, 47.973543572588085 ], [ -3.624528798605574, 47.973472559036558 ], [ -3.624444000098235, 47.973299071660399 ], [ -3.624140118711867, 47.973201548999171 ], [ -3.624138059576249, 47.973137246098155 ], [ -3.624223499021623, 47.972914552114034 ], [ -3.624001102341757, 47.972690740530247 ], [ -3.623919973691315, 47.972687881212906 ], [ -3.62387568514426, 47.972632016171715 ], [ -3.623574510089151, 47.972571536558227 ], [ -3.623566776353953, 47.972570034028287 ], [ -3.623408650283952, 47.972602827512461 ], [ -3.622869502424032, 47.972547823702392 ], [ -3.622817399592667, 47.972542475915127 ], [ -3.622618146407223, 47.972504254547637 ], [ -3.622604151612859, 47.972501548408495 ], [ -3.622049867638149, 47.972484493313118 ], [ -3.621964530300635, 47.972465168892832 ], [ -3.621715436554542, 47.972181603574235 ], [ -3.621554136680309, 47.971911200773931 ], [ -3.621551771010995, 47.971895043507175 ], [ -3.621548554646277, 47.971871849199353 ], [ -3.621548561345757, 47.97187166932509 ], [ -3.621543333089141, 47.971862655823301 ], [ -3.621502454929412, 47.971794976666594 ], [ -3.621449760779348, 47.971855318901646 ], [ -3.621447436330464, 47.971857973122923 ], [ -3.621445008034423, 47.971863415395013 ], [ -3.621426062856355, 47.971903992960776 ], [ -3.621248067450858, 47.972111717457949 ], [ -3.620879037723313, 47.972279669299773 ], [ -3.620746553584051, 47.972311165048517 ], [ -3.620243177190062, 47.972311666319669 ], [ -3.620052065019307, 47.972104844764338 ], [ -3.619887785153186, 47.972014117062379 ], [ -3.619540943637523, 47.972014646454376 ], [ -3.619335083212455, 47.971994559145891 ], [ -3.618952531931061, 47.971868466531788 ], [ -3.618745206098118, 47.971748445452853 ], [ -3.618471640985183, 47.971584453281544 ], [ -3.618105619331679, 47.971482715199706 ], [ -3.617867992052045, 47.971479007748599 ], [ -3.61760056317872, 47.971468770327363 ], [ -3.617426345353255, 47.971445704847888 ], [ -3.617038875449703, 47.971342278966382 ], [ -3.616986259254548, 47.971340788341543 ], [ -3.616568998707355, 47.971349815779291 ], [ -3.61639751932256, 47.971313032290247 ], [ -3.616064570852415, 47.971309145153889 ], [ -3.615927634499926, 47.971281054680986 ], [ -3.615536779830911, 47.971159105702895 ], [ -3.615507272254577, 47.970836849680907 ], [ -3.615550285449222, 47.970757777986037 ], [ -3.615786600290042, 47.970578037801829 ], [ -3.615787508164593, 47.970394808997575 ], [ -3.615787815966904, 47.97037663441828 ], [ -3.615776737791317, 47.970355444419184 ], [ -3.615673410903791, 47.970152512231692 ], [ -3.615525922327016, 47.970079300735755 ], [ -3.615663514640974, 47.970010291171469 ], [ -3.615610928986445, 47.969799452800892 ], [ -3.615592175849298, 47.969725548976733 ], [ -3.615592202720774, 47.969724829482303 ], [ -3.615591835435531, 47.969724732210082 ], [ -3.615577708331635, 47.969705731937367 ], [ -3.615501761871924, 47.969603965191581 ], [ -3.615501404664814, 47.969603598108677 ], [ -3.615473886230826, 47.969545901384222 ], [ -3.615391304386497, 47.969373530677444 ], [ -3.615310001709135, 47.969335740114502 ], [ -3.61520055343892, 47.969048533349032 ], [ -3.614651173768582, 47.968930913219914 ], [ -3.61464315748727, 47.968927064364266 ], [ -3.614079678474414, 47.968988268655345 ], [ -3.614068577002756, 47.968997499132868 ], [ -3.614038015621229, 47.968991493655182 ], [ -3.613572336516878, 47.968966609048415 ], [ -3.613383578115271, 47.969064843351013 ], [ -3.613257539599949, 47.969271243959255 ], [ -3.613175719833589, 47.969415968279343 ], [ -3.613101082509395, 47.969457871047055 ], [ -3.613008617627471, 47.969738469429068 ], [ -3.612985133251547, 47.96975150459285 ], [ -3.612985721265839, 47.969775457139541 ], [ -3.612750769192298, 47.969958278347725 ], [ -3.612724518615073, 47.969975848814684 ], [ -3.612668539017907, 47.969994900192418 ], [ -3.612558998850311, 47.969978238739522 ], [ -3.61246184454457, 47.969739514294098 ], [ -3.612346770724213, 47.969642729937924 ], [ -3.61224147442673, 47.969413474301128 ], [ -3.611922863503287, 47.969522362655788 ], [ -3.611700702061174, 47.969482226756291 ], [ -3.611560661323448, 47.969507531142781 ], [ -3.611210579744453, 47.969585102274579 ], [ -3.610809982014241, 47.969565456658394 ], [ -3.61050501023468, 47.969428812100062 ], [ -3.61030321994537, 47.969310234438069 ], [ -3.609811569250496, 47.969354841094706 ], [ -3.609808914139827, 47.969356408467412 ], [ -3.609805187521404, 47.969356874535272 ], [ -3.609418135541504, 47.969520289564834 ], [ -3.609060105636277, 47.969562414694977 ], [ -3.608825458794089, 47.969469462986048 ], [ -3.608605964975824, 47.969427483591346 ], [ -3.608439227275285, 47.96937332083067 ], [ -3.608110522679214, 47.969365353162459 ], [ -3.60797656842984, 47.969445945968182 ], [ -3.607981530667427, 47.969511477070967 ], [ -3.60798417849743, 47.969549691146575 ], [ -3.607702606383655, 47.96981806914242 ], [ -3.607693757932367, 47.969826533718035 ], [ -3.607482947156921, 47.96990910942354 ], [ -3.607240365407215, 47.969968462624252 ], [ -3.607238869340422, 47.969968792914699 ], [ -3.607234761900703, 47.969969521340197 ], [ -3.606715949830992, 47.970065596569206 ], [ -3.606681266958261, 47.97008047793917 ], [ -3.606626918784876, 47.97020432284009 ], [ -3.606435122439204, 47.970452341088382 ], [ -3.606423995039981, 47.970561114308907 ], [ -3.60658132767565, 47.970757298994506 ], [ -3.606686249307776, 47.970916890484666 ], [ -3.60667236208517, 47.970950905892337 ], [ -3.606659586799607, 47.970984943396864 ], [ -3.606640878084244, 47.971009052588279 ], [ -3.606578344388714, 47.971044531317574 ], [ -3.606300166407176, 47.971053943143026 ], [ -3.605972603949055, 47.971064712635879 ], [ -3.605884897668084, 47.971128491736252 ], [ -3.605871762670031, 47.971201763614921 ], [ -3.605768351059481, 47.971506170298419 ], [ -3.605490898811388, 47.971683991481306 ], [ -3.605403501550486, 47.971739496051555 ], [ -3.605061216599126, 47.971954638650793 ], [ -3.604708208470769, 47.971961298237701 ], [ -3.604409929854294, 47.9720514889068 ], [ -3.604289988938008, 47.972084564302989 ], [ -3.60418111842162, 47.972059897381001 ], [ -3.604000186853627, 47.97213667089995 ], [ -3.603951183978263, 47.972157476792532 ], [ -3.603956893303519, 47.972183241477481 ], [ -3.603956873039814, 47.972183781097087 ], [ -3.603955339746344, 47.972185100645405 ], [ -3.603876923010546, 47.972248343059839 ], [ -3.603816737694238, 47.972290347292471 ], [ -3.603669721423081, 47.972392456210969 ], [ -3.60369429574194, 47.972548021836523 ], [ -3.603498201413371, 47.972702526187831 ], [ -3.603281752357616, 47.972796502512452 ], [ -3.603356939935097, 47.973076020937604 ], [ -3.603378641475214, 47.973209298585729 ], [ -3.603333720584305, 47.973239905899739 ], [ -3.603319712574319, 47.973277068717685 ], [ -3.603244321233011, 47.973565830767896 ], [ -3.603238575884805, 47.97360027791791 ], [ -3.603288399040796, 47.973893422306944 ], [ -3.603294161339278, 47.973927648485542 ], [ -3.603272004689998, 47.974003980858349 ], [ -3.603228181144431, 47.974005358718593 ], [ -3.603198990852723, 47.974022058479463 ], [ -3.602974007872275, 47.974145565835563 ], [ -3.602855814024394, 47.974210985999989 ], [ -3.602759761524001, 47.974190623027845 ], [ -3.602288550498173, 47.974065136057575 ], [ -3.602284887733692, 47.974063893071886 ], [ -3.602283405051876, 47.974063863548267 ], [ -3.602279178956025, 47.974067739571787 ], [ -3.601812414130307, 47.974001651663599 ], [ -3.601760003348198, 47.973984767100291 ], [ -3.60155696030816, 47.974274495931631 ], [ -3.60145903829508, 47.974303866781547 ], [ -3.60137225615053, 47.974362530758768 ], [ -3.601088026450317, 47.974443632243137 ], [ -3.601025875868677, 47.974458864725136 ], [ -3.601006199779122, 47.974508604952945 ], [ -3.600936400304036, 47.974470762610913 ], [ -3.600565749121493, 47.974640324881499 ], [ -3.600615264595154, 47.974734195811273 ], [ -3.60066898140791, 47.974953076103731 ], [ -3.600551272349539, 47.975015353397602 ], [ -3.600540825885607, 47.975085978441982 ], [ -3.600528748474741, 47.9752492752148 ], [ -3.600443733257447, 47.975329934751599 ], [ -3.600451280742064, 47.975474451771362 ], [ -3.600357271481696, 47.975665997125397 ], [ -3.600426650112775, 47.975754503795557 ], [ -3.600315780880586, 47.975901161104424 ], [ -3.600080709329351, 47.976085394657353 ], [ -3.599950337183945, 47.976188370911728 ], [ -3.599799061790351, 47.976373644192016 ], [ -3.599670596728854, 47.976534350872768 ], [ -3.599634889243283, 47.976556590092514 ], [ -3.599624101351518, 47.97664610923507 ], [ -3.599439975106636, 47.976659359135297 ], [ -3.599100844224463, 47.97674989170936 ], [ -3.598970419610756, 47.976982291984172 ], [ -3.598927275774406, 47.977014823189243 ], [ -3.598905105526252, 47.977012490971639 ], [ -3.598885799226958, 47.977012915992532 ], [ -3.598522738883916, 47.976822606289709 ], [ -3.598185275984588, 47.977046105668613 ], [ -3.598114714501608, 47.977058018641678 ], [ -3.598050592040149, 47.977056559385403 ], [ -3.598015903396091, 47.977032016188886 ], [ -3.59795330134579, 47.977009886218404 ], [ -3.597929130167517, 47.976932630302656 ], [ -3.597933158407825, 47.976677908532089 ], [ -3.597926686630441, 47.97663304728318 ], [ -3.597666903059472, 47.976488177216858 ], [ -3.597675246832653, 47.976453782067452 ], [ -3.59783679815401, 47.976281497233828 ], [ -3.597590287426557, 47.976168393301741 ], [ -3.59751880661627, 47.97609640354694 ], [ -3.59748493625507, 47.976010763622902 ], [ -3.597425609486474, 47.975911565057693 ], [ -3.597399493490002, 47.975876122222772 ], [ -3.597207863539388, 47.975694719363482 ], [ -3.597101297258978, 47.975589087522742 ], [ -3.596926340698183, 47.975516562064925 ], [ -3.596757619118028, 47.975426249944846 ], [ -3.596621656672749, 47.975332901396342 ], [ -3.596502944918791, 47.975254297767755 ], [ -3.59633745332571, 47.975147218678693 ], [ -3.596107226061819, 47.975005815095408 ], [ -3.595978511890356, 47.97490721021493 ], [ -3.5958762686752, 47.974834605034815 ], [ -3.595780201739875, 47.974765453266521 ], [ -3.59562385428927, 47.974661885854999 ], [ -3.595451358904691, 47.974661950537104 ], [ -3.595212262568106, 47.974608301991083 ], [ -3.595083706188141, 47.974662976391897 ], [ -3.594886891765304, 47.974688205525219 ], [ -3.594761813914634, 47.974709647485788 ], [ -3.594627146883252, 47.974739448091334 ], [ -3.594440715171885, 47.974774604360782 ], [ -3.594105560531961, 47.974681141848336 ], [ -3.59400606817188, 47.974732345720945 ], [ -3.593732205681215, 47.974862777765452 ], [ -3.593550060855332, 47.974892437958296 ], [ -3.593436374857907, 47.974965858642292 ], [ -3.593031494449055, 47.974989984404409 ], [ -3.59287709852682, 47.975227928398517 ], [ -3.59281889059935, 47.975256555738923 ], [ -3.59255266572217, 47.975410538839419 ], [ -3.592370927138526, 47.975449025665164 ], [ -3.592302871656332, 47.975502656985114 ], [ -3.592343264787145, 47.975552877403125 ], [ -3.59237214038036, 47.975554445060922 ], [ -3.592380649014599, 47.975555065282833 ], [ -3.592468912128265, 47.975860325587291 ], [ -3.592472833999699, 47.97587435471528 ], [ -3.592295044395416, 47.976014535424696 ], [ -3.592285485315295, 47.976022084585871 ], [ -3.592228059468666, 47.97606926820243 ], [ -3.592222799137865, 47.976080863547075 ], [ -3.592128680473996, 47.976284370822306 ], [ -3.592091184729462, 47.976304771746918 ], [ -3.592028302965915, 47.976339245505116 ], [ -3.59182333398449, 47.976452510475333 ], [ -3.591676448478519, 47.976619049899021 ], [ -3.591362154077705, 47.976768648398469 ], [ -3.591339138304437, 47.976788708824991 ], [ -3.591260765221834, 47.976830612537803 ], [ -3.591173829200392, 47.976883145360922 ], [ -3.591123406880845, 47.976823453266974 ], [ -3.590804948983336, 47.976798448138155 ], [ -3.590614063723427, 47.976715603000407 ], [ -3.590091327154571, 47.976628453178016 ], [ -3.590072204479924, 47.976624020061664 ], [ -3.590053217941792, 47.976625799979999 ], [ -3.590004352517323, 47.976652542867683 ], [ -3.589712723875054, 47.976859923451698 ], [ -3.589559150794433, 47.976869538323449 ], [ -3.589363147154511, 47.977157587260457 ], [ -3.58940067277949, 47.977362109289693 ], [ -3.589717952953977, 47.977693110529437 ], [ -3.589797801259965, 47.977680938919995 ], [ -3.590188857837768, 47.977512720664009 ], [ -3.590459053457898, 47.977627125919255 ], [ -3.590344060985713, 47.977793762289302 ], [ -3.590333732099157, 47.977929642438305 ], [ -3.590321534021109, 47.977967740176339 ], [ -3.590334807840292, 47.97797970653366 ], [ -3.590400401112869, 47.978168049342862 ], [ -3.590486899836774, 47.978205692901376 ], [ -3.590553439176843, 47.978388654296083 ], [ -3.59089212852114, 47.978447906705568 ], [ -3.590987309374012, 47.978452151917715 ], [ -3.591217660314574, 47.978501944472683 ], [ -3.591354710120254, 47.978517377801531 ], [ -3.591601615247811, 47.978600352486275 ], [ -3.591714666438266, 47.978642216531192 ], [ -3.591955481794511, 47.978660535255067 ], [ -3.591994390155556, 47.978701005677308 ], [ -3.592000805107573, 47.978717784862994 ], [ -3.592095280247872, 47.978809499443479 ], [ -3.592102916020209, 47.978823422898522 ], [ -3.592109174279196, 47.978834528653877 ], [ -3.592224613434227, 47.979058789259838 ], [ -3.592238949065614, 47.979072126689609 ], [ -3.592260899636607, 47.979090116670754 ], [ -3.592311258301824, 47.979171228094664 ], [ -3.592304460318136, 47.979302138845043 ], [ -3.592275927310433, 47.979379872133009 ], [ -3.592412446336788, 47.979527330265725 ], [ -3.592127753531256, 47.979806320313557 ], [ -3.591975506361108, 47.979819925504628 ], [ -3.591956248572332, 47.979927095825424 ], [ -3.591608604140507, 47.980242177228256 ], [ -3.591459248229994, 47.980297061734156 ], [ -3.59121381908991, 47.980498891261071 ], [ -3.591056387644259, 47.980639838181347 ], [ -3.590998495006477, 47.980728684275405 ], [ -3.590943230631925, 47.981013073315381 ], [ -3.590857645001579, 47.981176969124235 ], [ -3.590739039372667, 47.981389976616775 ], [ -3.590583683233702, 47.981564266337671 ], [ -3.590378601862443, 47.981719199422336 ], [ -3.590117088641652, 47.981884972944322 ], [ -3.590046301455945, 47.982079316212761 ], [ -3.589772663345336, 47.982183012867623 ], [ -3.589375597958429, 47.982342470026126 ], [ -3.589282853278687, 47.982499291112433 ], [ -3.589081666263385, 47.982443148410283 ], [ -3.588679430987603, 47.982582248451699 ], [ -3.588223065191192, 47.982681110177033 ], [ -3.588218115873106, 47.98272367335349 ], [ -3.587890109341843, 47.983058038794177 ], [ -3.587778591877288, 47.983063724134617 ], [ -3.587777010276653, 47.983066302579672 ], [ -3.587770990165641, 47.98306852204788 ], [ -3.587214725249883, 47.983414871309371 ], [ -3.587213051702279, 47.983419878040515 ], [ -3.587207385240533, 47.983422554594476 ], [ -3.587102598644095, 47.983603254029042 ], [ -3.586920998585359, 47.983872508345875 ], [ -3.586908858267165, 47.983908986999083 ], [ -3.586907297808156, 47.983979609708364 ], [ -3.586817777200584, 47.984335224996286 ], [ -3.586899556389293, 47.98451732503878 ], [ -3.586868324069917, 47.984744501807739 ], [ -3.586886650209792, 47.984917049115367 ], [ -3.5869986726867, 47.985152948584449 ], [ -3.586969104920803, 47.985345956888906 ], [ -3.587240210425426, 47.985505751045444 ], [ -3.587250288152788, 47.985621789750212 ], [ -3.587253663792567, 47.985679640755009 ], [ -3.587301606095918, 47.985981399231228 ], [ -3.587327366427741, 47.986026198197862 ], [ -3.587336338307816, 47.986053829640618 ], [ -3.587476407290446, 47.986470301408694 ], [ -3.587478985510892, 47.986470803114663 ], [ -3.587480563537017, 47.986478125169981 ], [ -3.587483893189716, 47.986488182493304 ], [ -3.587486867432393, 47.986919367266779 ], [ -3.587478518889282, 47.986973293089747 ], [ -3.587418398939132, 47.986983428658405 ], [ -3.587397684491249, 47.986981753358876 ], [ -3.587092803585574, 47.986988692261072 ], [ -3.587023846788931, 47.986997030355226 ], [ -3.586847442322027, 47.986942550527196 ], [ -3.586628762300823, 47.986730703496612 ], [ -3.586283180893593, 47.986754284970289 ], [ -3.586206864739876, 47.986741413704408 ], [ -3.586168114985645, 47.986765297968795 ], [ -3.585759104247975, 47.986670868694596 ], [ -3.585711082275625, 47.98663588333249 ], [ -3.585597940776144, 47.986605891908802 ], [ -3.585626112290623, 47.986302959231281 ], [ -3.585752323095864, 47.98624257749465 ], [ -3.585669373060844, 47.98615018810532 ], [ -3.585484263785178, 47.985737940469285 ], [ -3.585474791395189, 47.985733340163307 ], [ -3.584984493068001, 47.985845639120633 ], [ -3.584608449747143, 47.985880124516669 ], [ -3.584482622664461, 47.985901000292671 ], [ -3.584129022858421, 47.986185159258078 ], [ -3.58399075233117, 47.986211274998325 ], [ -3.58395916211862, 47.986232242036621 ], [ -3.58388260153468, 47.986264996913931 ], [ -3.58344757933053, 47.986396850037636 ], [ -3.58336026267275, 47.986400136814218 ], [ -3.583226639068438, 47.986411314028622 ], [ -3.583157442277385, 47.986406414050187 ], [ -3.582758584736773, 47.986347729385486 ], [ -3.582724936529203, 47.986334902718284 ], [ -3.582692714552185, 47.986343165950551 ], [ -3.582224716957092, 47.986610619987445 ], [ -3.582165908843402, 47.986625279283736 ], [ -3.582128891641051, 47.986681688904895 ], [ -3.582024462829829, 47.987038172107155 ], [ -3.582026108564121, 47.987180593798875 ], [ -3.581988556875278, 47.987456425989699 ], [ -3.581837382543365, 47.987763816954562 ], [ -3.581818658875839, 47.987807453364894 ], [ -3.581822567162142, 47.987860905170564 ], [ -3.581657860525377, 47.988163073758379 ], [ -3.581632716779455, 47.988190110112157 ], [ -3.581604525020154, 47.98821924533398 ], [ -3.581539679997346, 47.988344039798911 ], [ -3.58141597958466, 47.988514004127026 ], [ -3.581287000197525, 47.988627518748309 ], [ -3.581311012909529, 47.9889919839976 ], [ -3.581319579542478, 47.989030228559372 ], [ -3.581335000873765, 47.989063840608011 ], [ -3.581604460907057, 47.989413707993208 ], [ -3.581631604972801, 47.989441525229445 ], [ -3.581650825558602, 47.989453252223811 ], [ -3.581984312957819, 47.989670657100298 ], [ -3.582064538679357, 47.989697920753756 ], [ -3.5821998053533, 47.989751221817009 ], [ -3.582503459725017, 47.989923742887477 ], [ -3.582606377153359, 47.990017976144827 ], [ -3.582635720523998, 47.990066088571353 ], [ -3.58277776925551, 47.990292785965742 ], [ -3.582602206725941, 47.990499602515811 ], [ -3.582487232753616, 47.990586218402306 ], [ -3.582467083553947, 47.990598954441296 ], [ -3.582456276499366, 47.990600177422095 ], [ -3.582297364915027, 47.990817948746098 ], [ -3.582196592218106, 47.99084319578936 ], [ -3.582072731137663, 47.990880399611036 ], [ -3.581841052737881, 47.990991581556841 ], [ -3.581737912416711, 47.991040092088284 ], [ -3.581662565318526, 47.991099331732222 ], [ -3.581449140031118, 47.99119881895205 ], [ -3.581406959000773, 47.991254314745746 ], [ -3.581309482454655, 47.991446857919428 ], [ -3.581287067197543, 47.991509501403641 ], [ -3.581369356865137, 47.991736619835073 ], [ -3.581367971416649, 47.991743792449824 ], [ -3.581366387967797, 47.991756181419454 ], [ -3.581350190399729, 47.991772326913477 ], [ -3.581246727960321, 47.991799949227229 ], [ -3.580995362871375, 47.991833328857865 ], [ -3.580914206382141, 47.991898931684155 ], [ -3.580708551054264, 47.991989123182861 ], [ -3.580630758390691, 47.992054073399636 ], [ -3.580514564033945, 47.992094489892381 ], [ -3.580480046974084, 47.992094695907532 ], [ -3.580449418761718, 47.992090209799123 ], [ -3.580221371868562, 47.992115325985644 ], [ -3.580128302841042, 47.992084202453242 ], [ -3.580060604984156, 47.992088511351298 ], [ -3.579933608742256, 47.992071376275362 ], [ -3.579779130177503, 47.992054858352603 ], [ -3.579701357865076, 47.992050863863845 ], [ -3.579596996855887, 47.99205326492558 ], [ -3.579513968671242, 47.992050874688331 ], [ -3.579437756452846, 47.992054651896417 ], [ -3.57938166221147, 47.99205631361361 ], [ -3.579268000835979, 47.99205933731114 ], [ -3.579213864746449, 47.992068058793777 ], [ -3.579182824885115, 47.992084175384946 ], [ -3.579107133747904, 47.992084002588221 ], [ -3.579088037529721, 47.992098289324659 ], [ -3.578978432401771, 47.992131276281135 ], [ -3.578960298114489, 47.99214954260998 ], [ -3.578902802520628, 47.992188078292244 ], [ -3.57887926872829, 47.992211726319027 ], [ -3.578824795642859, 47.992258603324174 ], [ -3.578700131157571, 47.992326569285794 ], [ -3.57867230979479, 47.992394683907477 ], [ -3.578619478535697, 47.992427642948428 ], [ -3.578575549143683, 47.992499753670344 ], [ -3.578505015692109, 47.992529836240735 ], [ -3.578434556920089, 47.992597002706567 ], [ -3.578382238116078, 47.992616471069304 ], [ -3.578327532038765, 47.992649932282632 ], [ -3.578293617619363, 47.992663560621054 ], [ -3.578281907835188, 47.992668995306339 ], [ -3.578146750354456, 47.992739629674844 ], [ -3.578100907205948, 47.992764448599097 ], [ -3.578063245289764, 47.992788802147743 ], [ -3.577974356052434, 47.992833185867241 ], [ -3.577889329937097, 47.99288331766158 ], [ -3.577848974666771, 47.992919947736851 ], [ -3.577732392682976, 47.993009496801271 ], [ -3.577687348373146, 47.993052332839326 ], [ -3.577586433364534, 47.993129956372265 ], [ -3.577530678407942, 47.993181217281311 ], [ -3.577464697093796, 47.99321841133839 ], [ -3.577346248275989, 47.993298471813517 ], [ -3.577255621426112, 47.993349480442923 ], [ -3.577194730248175, 47.993379666371943 ], [ -3.577098976346419, 47.993399609566922 ], [ -3.57704453286538, 47.993406613703193 ], [ -3.576956345951992, 47.993403217593801 ], [ -3.576925477858283, 47.993405026084936 ], [ -3.576779589785159, 47.993386966826918 ], [ -3.576762468879839, 47.993417584062065 ], [ -3.576520638424287, 47.993502449036953 ], [ -3.576547147667533, 47.993615220547198 ], [ -3.576547241323548, 47.993622512922911 ], [ -3.576539759985154, 47.993672855613902 ], [ -3.5763052022833, 47.993615297063727 ], [ -3.576066399092655, 47.993844861798898 ], [ -3.576058182398091, 47.993865757672822 ], [ -3.576033917656893, 47.993879309741189 ], [ -3.575968125046064, 47.99390174574792 ], [ -3.575595799101914, 47.994285499846107 ], [ -3.575614594380536, 47.994357163443354 ], [ -3.575574388774892, 47.994643292762035 ], [ -3.575522142987886, 47.994816761813475 ], [ -3.57546315659984, 47.99492358047501 ], [ -3.575602388109364, 47.995126379964553 ], [ -3.575623611446618, 47.995261006839684 ], [ -3.575726547662893, 47.995442463380236 ], [ -3.575793673781734, 47.995619058001189 ], [ -3.575835147082386, 47.995660396442879 ], [ -3.575886033193024, 47.995688423594814 ], [ -3.576015767008437, 47.996053132409621 ], [ -3.576041354471141, 47.996151124653061 ], [ -3.576063753033427, 47.996449946552588 ], [ -3.576044014038498, 47.996588338498412 ], [ -3.576044216573882, 47.996700040333025 ], [ -3.575698275353367, 47.996721602169444 ], [ -3.57528258023711, 47.996557604292676 ], [ -3.575273411582089, 47.99654499864387 ], [ -3.575256025560445, 47.996553288847522 ], [ -3.574849719783054, 47.996522867814086 ], [ -3.574448836581172, 47.996681387786062 ], [ -3.574333157787946, 47.996727388854495 ], [ -3.574270111969614, 47.996755549736129 ], [ -3.574096439544525, 47.996813972168383 ], [ -3.573758146748682, 47.99687825507425 ], [ -3.57374772889441, 47.996869224347797 ], [ -3.573746046126248, 47.996864690093147 ], [ -3.573680284239706, 47.996769307174745 ], [ -3.573678591201416, 47.996765042731049 ], [ -3.573612076990049, 47.996533555040628 ], [ -3.573609769110512, 47.9965259479617 ], [ -3.573573934222058, 47.996395076061155 ], [ -3.573571818224258, 47.996382432498791 ], [ -3.573564776920059, 47.996304255009228 ], [ -3.573564295696655, 47.996297404823906 ], [ -3.573563422333399, 47.99628136608623 ], [ -3.573567049209077, 47.996166681207299 ], [ -3.573518165921034, 47.996056877621115 ], [ -3.573504264020798, 47.996012674145696 ], [ -3.573445548105125, 47.995907712556559 ], [ -3.573422617462574, 47.995876467871391 ], [ -3.573364028145071, 47.995807151282335 ], [ -3.573346334163047, 47.995784562810719 ], [ -3.573249534121245, 47.995705204721489 ], [ -3.573237292652117, 47.995685606425781 ], [ -3.573081891925962, 47.995605426042651 ], [ -3.573052947837457, 47.995595661467483 ], [ -3.573031111432978, 47.995594140846549 ], [ -3.572870420426561, 47.995565157002183 ], [ -3.572839880719755, 47.995568051060978 ], [ -3.572599517807143, 47.995584802573937 ], [ -3.572581159812441, 47.995589382474044 ], [ -3.572255257091968, 47.995659760956947 ], [ -3.572229002415024, 47.995667061628964 ], [ -3.571826296296117, 47.995785752254612 ], [ -3.571813802502717, 47.995792250529085 ], [ -3.571802441700715, 47.995798231635014 ], [ -3.57166815453513, 47.995865095702612 ], [ -3.571598357060779, 47.995865936808876 ], [ -3.571460177992557, 47.995898609655015 ], [ -3.571231290388333, 47.995984174698627 ], [ -3.571188353248367, 47.996010489650388 ], [ -3.57112982876562, 47.996046570555947 ], [ -3.571017136991924, 47.996228268020538 ], [ -3.570960323148509, 47.996297325727532 ], [ -3.570922996802599, 47.996351655871401 ], [ -3.570509700969305, 47.996455906957316 ], [ -3.570420123554352, 47.996488840121977 ], [ -3.570388110987706, 47.996520595815518 ], [ -3.57021862008658, 47.996712486092896 ], [ -3.570068489112857, 47.996892976416383 ], [ -3.570051542574801, 47.99694807804088 ], [ -3.569865344065744, 47.997276260182645 ], [ -3.569738741675752, 47.997569463640801 ], [ -3.56950292279417, 47.99764192434413 ], [ -3.569174865875552, 47.997807207356914 ], [ -3.569130828083917, 47.997998391327485 ], [ -3.569154238318078, 47.998172577105088 ], [ -3.569417989688793, 47.998311476883686 ], [ -3.569358350739224, 47.998580831487125 ], [ -3.569073341882925, 47.998998732806243 ], [ -3.569033598194717, 47.999067684700535 ], [ -3.569006126065716, 47.999116543106652 ], [ -3.568648357048299, 47.999544583874588 ], [ -3.568529472862565, 47.999800589859404 ], [ -3.56841690935849, 48.000017390630184 ], [ -3.568168779614731, 48.000314706738507 ], [ -3.568130036811391, 48.000367117403044 ], [ -3.568109376045194, 48.000393071645298 ], [ -3.567825713157702, 48.000600381967807 ], [ -3.567726846500048, 48.000633395347919 ], [ -3.567691022565817, 48.000648242076196 ], [ -3.56751667808957, 48.000752904406674 ], [ -3.567155593313476, 48.000800955390773 ], [ -3.566912537910713, 48.001033206695084 ], [ -3.566692872682702, 48.001138931108621 ], [ -3.566688231259106, 48.001541977860057 ], [ -3.566684627819223, 48.001577997707464 ], [ -3.566748143267404, 48.00179997952884 ], [ -3.566769237533185, 48.001869531558533 ], [ -3.566771689085813, 48.001873361443529 ], [ -3.56680109705927, 48.001929310607302 ], [ -3.566902691718925, 48.00211632998402 ], [ -3.566892653724572, 48.002145919202476 ], [ -3.566888275381259, 48.002153661230842 ], [ -3.566880676273386, 48.002158277870677 ], [ -3.56684176065434, 48.002176302063411 ], [ -3.566693382706359, 48.002290849320914 ], [ -3.566649891961115, 48.002253786670472 ], [ -3.566596492329389, 48.002194381828112 ], [ -3.566476700017085, 48.002075669202995 ], [ -3.566464934337195, 48.002033937965869 ], [ -3.566444968376838, 48.002002841635502 ], [ -3.566228714652698, 48.002048329674302 ], [ -3.566119755489586, 48.001821017522268 ], [ -3.566236286567391, 48.00175317027572 ], [ -3.566107570651349, 48.001790258605986 ], [ -3.566041436521497, 48.001792160498709 ], [ -3.565616427406331, 48.00196852283716 ], [ -3.565539969523134, 48.001997757581847 ], [ -3.565175116709962, 48.002076148283955 ], [ -3.564766993659257, 48.002111718375829 ], [ -3.564634429413031, 48.002113534358053 ], [ -3.564488334996143, 48.002129477287241 ], [ -3.564257564028462, 48.002224531311477 ], [ -3.564134172829318, 48.002287287189048 ], [ -3.564072045841586, 48.002242645439921 ], [ -3.564064423240139, 48.002238170706327 ], [ -3.563994701303097, 48.00218833468233 ], [ -3.563990721793445, 48.002185643870668 ], [ -3.563908565009374, 48.002111614051337 ], [ -3.563905694606619, 48.00210903571049 ], [ -3.563810968018353, 48.002024040360311 ], [ -3.563790556048783, 48.002004635384651 ], [ -3.563778721729242, 48.001984144074591 ], [ -3.563768098885965, 48.001970787856891 ], [ -3.563827521150635, 48.001921227695263 ], [ -3.563942904746018, 48.001854349678645 ], [ -3.563791845500829, 48.001757592372577 ], [ -3.563764143319446, 48.001705637201837 ], [ -3.563714218116298, 48.001652511759865 ], [ -3.563636602062048, 48.001576233548839 ], [ -3.563530803112984, 48.001489663534201 ], [ -3.563782178675153, 48.0013507451417 ], [ -3.563860081228075, 48.001332251738567 ], [ -3.563961697777091, 48.001305057942282 ], [ -3.564588981901186, 48.001060523067515 ], [ -3.564608932298064, 48.001053186487091 ], [ -3.564650193312398, 48.001032060364594 ], [ -3.565219568310377, 48.000748906459258 ], [ -3.565518454183159, 48.000570803067262 ], [ -3.565812653604351, 48.000350210851529 ], [ -3.56618280436108, 47.999754296588115 ], [ -3.566183590718615, 47.999753142413503 ], [ -3.566183992492462, 47.999752340483234 ], [ -3.566187100103872, 47.999748713093794 ], [ -3.566832284727944, 47.999229287774128 ], [ -3.566914904083849, 47.998941587685351 ], [ -3.567147114857652, 47.998691836254359 ], [ -3.567191497536784, 47.998569514913349 ], [ -3.567811215683965, 47.998133275661537 ], [ -3.56795268023784, 47.997966203844904 ], [ -3.567928453626696, 47.997764909270295 ], [ -3.568234987510487, 47.996958348266865 ], [ -3.568325827376597, 47.996892409989975 ], [ -3.568543510101665, 47.996702036798276 ], [ -3.568474467488759, 47.996265189677715 ], [ -3.56876856671328, 47.995579795592782 ], [ -3.569108192244944, 47.995101435913384 ], [ -3.570397171877664, 47.994405809592287 ], [ -3.570420870599025, 47.994348774281086 ], [ -3.570781114034926, 47.994029777704426 ], [ -3.571262485897539, 47.993969293658594 ], [ -3.571527287890403, 47.993963479388142 ], [ -3.571621642132162, 47.993980325329282 ], [ -3.572190824434582, 47.99402070674315 ], [ -3.572444210895264, 47.994129417731465 ], [ -3.572684874374863, 47.994182517574004 ], [ -3.573052830584603, 47.99432297093712 ], [ -3.573288858449466, 47.994302980877023 ], [ -3.573468282115061, 47.994249266303328 ], [ -3.574007952252447, 47.99389544591854 ], [ -3.574090696829891, 47.993846891132399 ], [ -3.574145164137138, 47.993790565582863 ], [ -3.574113655980238, 47.993701994225006 ], [ -3.574169034585569, 47.993358657575222 ], [ -3.574196183307317, 47.9931914336766 ], [ -3.57416067381395, 47.993120242857863 ], [ -3.574044901848216, 47.99288632257462 ], [ -3.573955189640191, 47.992582002975482 ], [ -3.573953656935557, 47.992524818221277 ], [ -3.573945902644999, 47.992260764119472 ], [ -3.573873381448449, 47.99223580994061 ], [ -3.57351444998109, 47.992112012488263 ], [ -3.573451796960018, 47.991876732970674 ], [ -3.573220858682032, 47.991315386969418 ], [ -3.573232296235588, 47.991200230034522 ], [ -3.573585899986355, 47.990850039565771 ], [ -3.573577264499986, 47.990618910112474 ], [ -3.57441296213814, 47.9901394716873 ], [ -3.574588622728399, 47.990154984349978 ], [ -3.574593145282305, 47.990026457140218 ], [ -3.574498858044576, 47.989861825432712 ], [ -3.574293513647896, 47.989817092167108 ], [ -3.573412659561293, 47.989962506657626 ], [ -3.573119334396397, 47.989879903887584 ], [ -3.572755435550159, 47.988143908624743 ], [ -3.572566633869743, 47.987139504170472 ], [ -3.573206114869378, 47.982800638015547 ], [ -3.573924504581801, 47.98057624776667 ], [ -3.573955206809186, 47.980481191465742 ], [ -3.574098474849356, 47.980518463315903 ], [ -3.574129500623247, 47.980629255567223 ], [ -3.57408607203327, 47.98069804370229 ], [ -3.574118596151138, 47.980827947313813 ], [ -3.574679328946683, 47.983084799257959 ], [ -3.57485787682019, 47.982877696672531 ], [ -3.574919992927067, 47.982805324645092 ], [ -3.575146184335019, 47.982701338340448 ], [ -3.575220572158683, 47.982667195824959 ], [ -3.575739110291555, 47.982738851485323 ], [ -3.575821411948853, 47.982750230763735 ], [ -3.576518143815106, 47.982545917170185 ], [ -3.576787328037182, 47.981935703865823 ], [ -3.576787760321878, 47.981934092479044 ], [ -3.576789788350486, 47.981929543064034 ], [ -3.576793581038579, 47.981927369335075 ], [ -3.576798135684272, 47.981924670923796 ], [ -3.576836571957704, 47.981938315962374 ], [ -3.577575966525839, 47.982211883252027 ], [ -3.577945410814146, 47.98295565556819 ], [ -3.578169849628163, 47.983063590252257 ], [ -3.578681964819821, 47.983802401867116 ], [ -3.57868688847678, 47.983809521381033 ], [ -3.578679972687642, 47.983815772567972 ], [ -3.577748041299093, 47.984643872571617 ], [ -3.578834680584844, 47.984802104895536 ], [ -3.57883873818442, 47.984802726587169 ], [ -3.579038402750028, 47.985016097216992 ], [ -3.57889549668669, 47.985310689335989 ], [ -3.57895074531064, 47.985379935274516 ], [ -3.579298542367065, 47.985815539600665 ], [ -3.579336532511044, 47.985831244876252 ], [ -3.579401183802444, 47.985858107192563 ], [ -3.579897295398275, 47.986130363416166 ], [ -3.580328555894329, 47.985970727104913 ], [ -3.580526748142217, 47.985470682457034 ], [ -3.580544925185578, 47.985421905038692 ], [ -3.58055565031952, 47.98539349899746 ], [ -3.580606187583207, 47.9853425821317 ], [ -3.58061312724869, 47.985335701258137 ], [ -3.580841028979472, 47.985303921597861 ], [ -3.581304550116547, 47.985183632618906 ], [ -3.581869594193209, 47.98536023952758 ], [ -3.581786933392291, 47.984898651039003 ], [ -3.582007223391523, 47.984734948245915 ], [ -3.582092567240305, 47.984656468548721 ], [ -3.582382780263002, 47.984214343786334 ], [ -3.58246929742122, 47.9837723562867 ], [ -3.582085081492077, 47.983650959392065 ], [ -3.581754251396377, 47.983403546727978 ], [ -3.581420547627345, 47.983505655573225 ], [ -3.580687355600425, 47.98341963058629 ], [ -3.579948989536335, 47.983352667652028 ], [ -3.5795647944053, 47.983318837261919 ], [ -3.579549258023678, 47.983317624634715 ], [ -3.579544860539358, 47.983316186082661 ], [ -3.57864521728636, 47.983041297315275 ], [ -3.578335123200944, 47.982932089429561 ], [ -3.577908004851593, 47.982065740236351 ], [ -3.577809329981551, 47.982006870100562 ], [ -3.577456247104043, 47.981223284842635 ], [ -3.577728558316943, 47.980764611784949 ], [ -3.577695320675047, 47.980419042686385 ], [ -3.578023820115948, 47.980209554845864 ], [ -3.578250568557373, 47.979719541896465 ], [ -3.578293427818179, 47.979519153363988 ], [ -3.578689537149761, 47.978936063879402 ], [ -3.578826672453796, 47.97880273650685 ], [ -3.579411315521959, 47.978363847152806 ], [ -3.579551917099355, 47.978207547458503 ], [ -3.579661298722326, 47.97763272660206 ], [ -3.579872186196271, 47.977413217228474 ], [ -3.579534364275189, 47.976804107731063 ], [ -3.579389637672314, 47.976697959970778 ], [ -3.579362845282112, 47.976563403598 ], [ -3.579549732644918, 47.976516671437146 ], [ -3.580372426756616, 47.976099398745539 ], [ -3.580663247984316, 47.975757739434052 ], [ -3.581804455537475, 47.97575431308838 ], [ -3.58146268357847, 47.974848205668891 ], [ -3.581487855214649, 47.974644311111099 ], [ -3.581314499860554, 47.973914308335296 ], [ -3.580898351247182, 47.973658697819182 ], [ -3.580712037708953, 47.973270361232032 ], [ -3.581059412955485, 47.973011743420749 ], [ -3.580982630149197, 47.972395918318043 ], [ -3.580958672088532, 47.972069350136444 ], [ -3.58063406734172, 47.971552316369554 ], [ -3.580290146352457, 47.971172960000686 ], [ -3.580244281913693, 47.970505104337015 ], [ -3.580032584121883, 47.970189790121402 ], [ -3.58031471756441, 47.969998086296719 ], [ -3.580720948627395, 47.969624908872703 ], [ -3.580995818424906, 47.970171813214797 ], [ -3.58168224587463, 47.970312791280186 ], [ -3.582218587294386, 47.970724001826639 ], [ -3.582534433206831, 47.971139689384216 ], [ -3.583044681017748, 47.971407894465763 ], [ -3.583669931687417, 47.971744380207092 ], [ -3.584305922147741, 47.971464817857111 ], [ -3.584692538213988, 47.970815908392282 ], [ -3.583710181387022, 47.970751000272493 ], [ -3.583271471765419, 47.970474425067358 ], [ -3.582767478138527, 47.970109952113702 ], [ -3.582338431546649, 47.969891800040266 ], [ -3.582419534993513, 47.969562664134138 ], [ -3.582870025762719, 47.969058692362196 ], [ -3.583652743698827, 47.969506707170581 ], [ -3.583860796157775, 47.969566328477491 ], [ -3.584839495195353, 47.969942666847196 ], [ -3.58483890386857, 47.970212847779131 ], [ -3.584923711899955, 47.969952007794312 ], [ -3.585125385946874, 47.969847150843236 ], [ -3.585796458586747, 47.969482780876668 ], [ -3.586014135964545, 47.968788626219585 ], [ -3.586373817998098, 47.969438111988921 ], [ -3.587014741823888, 47.969605414569841 ], [ -3.587784056538784, 47.969810658935081 ], [ -3.587925310847116, 47.969851652398674 ], [ -3.588170900982587, 47.969791772280885 ], [ -3.587939515480033, 47.969623236613096 ], [ -3.587592048762131, 47.969111167505126 ], [ -3.587805355673598, 47.968796649473681 ], [ -3.588211232863745, 47.968264581230201 ], [ -3.588474186549066, 47.968951722300119 ], [ -3.58905439756986, 47.969616238603649 ], [ -3.590160762881998, 47.96950087370255 ], [ -3.590171794063475, 47.96952305559963 ], [ -3.590296793419758, 47.970278892876522 ], [ -3.591074736680606, 47.970324979126268 ], [ -3.591791252610462, 47.970877993654682 ], [ -3.591923677413494, 47.971044900898235 ], [ -3.592284454916579, 47.971716619440087 ], [ -3.591949101353676, 47.972051385833957 ], [ -3.591655725731026, 47.97220761301611 ], [ -3.591613179996251, 47.972243933356786 ], [ -3.591446382800841, 47.972289737682445 ], [ -3.591254598316522, 47.972064129006917 ], [ -3.590836504911143, 47.971711944157775 ], [ -3.590573242575529, 47.97159146830974 ], [ -3.589859984059706, 47.971325263947868 ], [ -3.58945347551827, 47.971971992409202 ], [ -3.590444051254252, 47.971878965193966 ], [ -3.590759034190058, 47.972633386481967 ], [ -3.590255145586296, 47.973020216748353 ], [ -3.58995431880049, 47.97309852671296 ], [ -3.590258666398171, 47.973250968247882 ], [ -3.590775018569752, 47.973516108354644 ], [ -3.59101733158541, 47.973720048377047 ], [ -3.591026218012833, 47.974044511801232 ], [ -3.591026088903015, 47.974047929381349 ], [ -3.591027537602375, 47.974048858422023 ], [ -3.591432016886152, 47.974339657368667 ], [ -3.591557830507996, 47.974416608701311 ], [ -3.591559306399758, 47.974416818244251 ], [ -3.592112173816638, 47.974540565744313 ], [ -3.592119644992096, 47.974539185138788 ], [ -3.592247352119491, 47.974516898769814 ], [ -3.592649927915059, 47.974337562495592 ], [ -3.592826409593711, 47.973996015776429 ], [ -3.592799167693606, 47.973951188847394 ], [ -3.592819216386763, 47.973508498893487 ], [ -3.592146687223745, 47.973449684206358 ], [ -3.591556893707176, 47.973341398597015 ], [ -3.591888570835325, 47.973006019324245 ], [ -3.59225786399668, 47.972912152974708 ], [ -3.592626826422451, 47.972768056441979 ], [ -3.593131937204361, 47.972466293960139 ], [ -3.593160512579405, 47.972475775797577 ], [ -3.593148711206365, 47.972454298823514 ], [ -3.593141875734868, 47.972448671879938 ], [ -3.592650384807122, 47.971819703767338 ], [ -3.593499528317311, 47.971798073187159 ], [ -3.593782792777453, 47.971752344098157 ], [ -3.594027310558446, 47.971376784885763 ], [ -3.593217881708362, 47.971221005556089 ], [ -3.592822078020176, 47.971536024691723 ], [ -3.592503011300025, 47.970967837155548 ], [ -3.593025594504738, 47.970703957060714 ], [ -3.593467823654464, 47.970967151654563 ], [ -3.594072039893813, 47.971017032770177 ], [ -3.594350686699594, 47.970759250546536 ], [ -3.594843504488663, 47.970379471933867 ], [ -3.595563437098227, 47.970203227012014 ], [ -3.595699556393849, 47.970154283734061 ], [ -3.595913848071033, 47.96959603945691 ], [ -3.596173671465444, 47.968971201477238 ], [ -3.596574698020221, 47.968959588551598 ], [ -3.596785396451332, 47.968250245206349 ], [ -3.596797371335029, 47.968217902918894 ], [ -3.59679866695951, 47.968193357756967 ], [ -3.596869234774258, 47.968180996034945 ], [ -3.596838604293925, 47.968226106430798 ], [ -3.597626086601931, 47.968845570503866 ], [ -3.598278254068939, 47.968734558675173 ], [ -3.598860403200123, 47.968502981507001 ], [ -3.599154648842445, 47.968214177924104 ], [ -3.599762349006649, 47.967707424554611 ], [ -3.599783431919032, 47.96753152777076 ], [ -3.599954941537694, 47.967340179281635 ], [ -3.600548780563629, 47.966905688683489 ], [ -3.600998351003909, 47.966667948282385 ], [ -3.601557845094913, 47.96639684465304 ], [ -3.602059078833259, 47.966185600292597 ], [ -3.603039433380677, 47.966025654721712 ], [ -3.603152810893494, 47.966009011062908 ], [ -3.603461828092364, 47.965345716946807 ], [ -3.603562317407113, 47.964773495672894 ], [ -3.602677401266453, 47.964496489374426 ], [ -3.602090625904331, 47.964576337420525 ], [ -3.602278552059545, 47.964164804772764 ], [ -3.602439728103019, 47.963872893685384 ], [ -3.602771842011173, 47.963483222493629 ], [ -3.602987963770918, 47.962992237639426 ], [ -3.603757287821705, 47.962850586159021 ], [ -3.604353341718223, 47.963333164195447 ], [ -3.604324338437942, 47.963957569610933 ], [ -3.604329386436409, 47.964287442030255 ], [ -3.604758802360696, 47.964397958838092 ], [ -3.604936820634069, 47.964180721952474 ], [ -3.60563459427756, 47.963811185478072 ], [ -3.606157249664872, 47.964293463937373 ], [ -3.606403365422698, 47.964653509131857 ], [ -3.607022544144426, 47.964985326513485 ], [ -3.607276726348078, 47.965140322619604 ], [ -3.607094575118096, 47.965735044995554 ], [ -3.607239040741177, 47.966135640098457 ], [ -3.607875529021719, 47.966213987161282 ], [ -3.607602102550318, 47.966651371976944 ], [ -3.607819525937585, 47.966906620320351 ], [ -3.60774136998488, 47.967319443287764 ], [ -3.607556892551351, 47.967580388584288 ], [ -3.607348527845938, 47.967845269235326 ], [ -3.607339126392551, 47.968264228425426 ], [ -3.607526959876236, 47.96842834619887 ], [ -3.60727442556356, 47.968446640001197 ], [ -3.607166948963162, 47.968533338007184 ], [ -3.606797351171061, 47.968814814992243 ], [ -3.606494477879209, 47.968859917737589 ], [ -3.606173919138544, 47.969168828456702 ], [ -3.606292041043174, 47.96934227315591 ], [ -3.606115144629752, 47.969193131120456 ], [ -3.605980229544358, 47.969101525615187 ], [ -3.605795422319491, 47.968906233980462 ], [ -3.605655609773359, 47.968866102721783 ], [ -3.605546908946458, 47.968916143429617 ], [ -3.60500591801867, 47.969079541955921 ], [ -3.604493521415062, 47.96923207625354 ], [ -3.604357055431682, 47.96927076303367 ], [ -3.603905924074177, 47.969678323730655 ], [ -3.603903088607778, 47.970129185628927 ], [ -3.603942344916907, 47.970229600837015 ], [ -3.603841077010536, 47.970506327155967 ], [ -3.603595060023631, 47.970331054350289 ], [ -3.60319371281026, 47.970094276811693 ], [ -3.603139182796846, 47.970005527771114 ], [ -3.603255853179841, 47.969575562495969 ], [ -3.603140164966077, 47.969446174518403 ], [ -3.602973307366997, 47.969494065012967 ], [ -3.602930631565341, 47.969573588708656 ], [ -3.602983965599005, 47.97004959987769 ], [ -3.602962815876857, 47.970109031303004 ], [ -3.602739079519314, 47.970594647337322 ], [ -3.602837775805487, 47.970988758590295 ], [ -3.603016285350843, 47.971183750250397 ], [ -3.60330943790298, 47.971289219662161 ], [ -3.603635816637435, 47.971606318331276 ], [ -3.603535776008346, 47.971978653174311 ], [ -3.603577321464659, 47.972146527045993 ], [ -3.603710635564761, 47.972053686013069 ], [ -3.60371522531834, 47.972049997188577 ], [ -3.603714908703165, 47.972048550827189 ], [ -3.603826865150456, 47.9720009165747 ], [ -3.603794523571061, 47.971617576926249 ], [ -3.604349903838258, 47.971486601201121 ], [ -3.604460526478016, 47.971454690465492 ], [ -3.6044903941344, 47.971370501102236 ], [ -3.604692978252425, 47.971023156381406 ], [ -3.605178947344146, 47.970903126437513 ], [ -3.604885586195928, 47.970625300943418 ], [ -3.60487148207912, 47.970516836008329 ], [ -3.604979242690895, 47.970472177367974 ], [ -3.605253885247244, 47.970487719694994 ], [ -3.605419962541847, 47.970658338987811 ], [ -3.605520023364521, 47.970443239802215 ], [ -3.6055210993315, 47.970424450435473 ], [ -3.605757776086239, 47.970087592430211 ], [ -3.605974020153438, 47.969899823809804 ], [ -3.605939673993112, 47.969717873790003 ], [ -3.606438231280359, 47.969598088841437 ], [ -3.606484579642464, 47.969568858835686 ], [ -3.60713100695262, 47.969788712828141 ], [ -3.607140343855729, 47.969787008268256 ], [ -3.607144084012267, 47.969786182545604 ], [ -3.607595451044501, 47.96960920247745 ], [ -3.607614303661736, 47.969591126257107 ], [ -3.607602530829822, 47.96943023611712 ], [ -3.607320062073793, 47.96928718920141 ], [ -3.607290887059571, 47.968996888291421 ], [ -3.607623134417174, 47.968989448262469 ], [ -3.607752955282237, 47.968831100832446 ], [ -3.608018355924951, 47.968558621668073 ], [ -3.608464364599917, 47.968702484181371 ], [ -3.608703957554023, 47.96874252287563 ], [ -3.608773650717686, 47.968793048474133 ], [ -3.609373523351767, 47.968740694359262 ], [ -3.609749025870476, 47.968746886886386 ], [ -3.609942218753469, 47.968748290574538 ], [ -3.610391536146824, 47.968655321813266 ], [ -3.610531630350654, 47.968668181471955 ], [ -3.610954916549833, 47.968735530001361 ], [ -3.611078535300152, 47.968940849379656 ], [ -3.610964802782186, 47.96929392704638 ], [ -3.611440967987567, 47.969068371353337 ], [ -3.61177637432567, 47.968966567727151 ], [ -3.611636684383535, 47.968695048090822 ], [ -3.611594950992945, 47.968630768248381 ], [ -3.611679719052229, 47.968565936552842 ], [ -3.611738801749096, 47.96863245041277 ], [ -3.611739512738292, 47.968633274539464 ], [ -3.61205193795614, 47.968858176594239 ], [ -3.612052665774724, 47.968858551035822 ], [ -3.612388533728395, 47.968684842078993 ], [ -3.612390423916421, 47.96868388950768 ], [ -3.612396391111938, 47.968683017745995 ], [ -3.612881765470445, 47.968617574417038 ], [ -3.613019159733601, 47.96870264999513 ], [ -3.613177306791736, 47.968609660059684 ], [ -3.613369853904879, 47.968330684669475 ], [ -3.613409970334438, 47.968249756488774 ], [ -3.613410361142398, 47.968249224211753 ], [ -3.613410381315969, 47.968248684591899 ], [ -3.613438542816283, 47.968080756431988 ], [ -3.613643553297615, 47.968202542017757 ], [ -3.614133966589537, 47.968508276379929 ], [ -3.614169269605861, 47.968526346171217 ], [ -3.614175610755386, 47.968525391715296 ], [ -3.61417710338367, 47.968525151266228 ], [ -3.614181234159692, 47.968523793021802 ], [ -3.614460329743839, 47.968112245027719 ], [ -3.614884446769644, 47.96796871714642 ], [ -3.614999262544892, 47.967566065937781 ], [ -3.615368599404239, 47.967310117938503 ], [ -3.615698724235398, 47.966574576318607 ], [ -3.616175385694468, 47.966731973930727 ], [ -3.616555451366652, 47.966863967700071 ], [ -3.61658585675599, 47.966894000209543 ], [ -3.616863474920708, 47.967544903994821 ], [ -3.616990983811907, 47.967656419796896 ], [ -3.617330698031679, 47.968054921914224 ], [ -3.61745024620161, 47.968250612679377 ], [ -3.617859456683014, 47.968446810291404 ], [ -3.617871494764278, 47.968720657828072 ], [ -3.617583282848069, 47.968800552418912 ], [ -3.616994686430677, 47.968819333631501 ], [ -3.616845452962648, 47.968882354275443 ], [ -3.616630818737478, 47.969147308247571 ], [ -3.616395179184451, 47.969170097650647 ], [ -3.616135305022091, 47.969315441461276 ], [ -3.615873116745015, 47.969284332526556 ], [ -3.615870532330832, 47.969284011375052 ], [ -3.615683730473841, 47.969518643303807 ], [ -3.615682187444336, 47.969520232825758 ], [ -3.615730025661304, 47.969619823125029 ], [ -3.615730359358987, 47.969620819764806 ], [ -3.615752972181351, 47.969650968343679 ], [ -3.615753332749037, 47.969651245488954 ], [ -3.615753669805984, 47.969652152191884 ], [ -3.615783015371385, 47.969770187196382 ], [ -3.615787042081337, 47.969771616930856 ], [ -3.616294472937127, 47.96995005348932 ], [ -3.616076796368215, 47.970296309490962 ], [ -3.616100291117257, 47.970342586044971 ], [ -3.616099908673556, 47.970382629949761 ], [ -3.616237845482722, 47.970503083416965 ], [ -3.616595304668631, 47.970347069097791 ], [ -3.616574617027688, 47.970205714715199 ], [ -3.61674351755622, 47.970281688378506 ], [ -3.616811662590042, 47.970354048867193 ], [ -3.616734730306627, 47.970407789176122 ], [ -3.616637790168784, 47.970788835703914 ], [ -3.616838326392828, 47.970941487800303 ], [ -3.616966901024909, 47.970935210486047 ], [ -3.617382638163261, 47.971125958806816 ], [ -3.617457464977886, 47.970780745680088 ], [ -3.617475287979307, 47.97070072516285 ], [ -3.617577827000994, 47.970726153500799 ], [ -3.617611907245502, 47.970796939901213 ], [ -3.617669911703713, 47.971111298222965 ], [ -3.618065565987478, 47.971005265954176 ], [ -3.618656582919898, 47.971101190469582 ], [ -3.618667632084965, 47.971103298894121 ], [ -3.618707832064017, 47.971109493520977 ], [ -3.619264553731794, 47.971120493896827 ], [ -3.619668795327358, 47.970823818638934 ], [ -3.619672947366843, 47.970792039512204 ], [ -3.61974693755197, 47.970747509367129 ], [ -3.619783277915375, 47.970817439643639 ], [ -3.619740948783579, 47.970848464694328 ], [ -3.619687911842631, 47.971276192521323 ], [ -3.620091393974472, 47.971288481776973 ], [ -3.620362347180714, 47.971602273601995 ], [ -3.620367397595087, 47.971616053823993 ], [ -3.620421197663426, 47.971705229351826 ], [ -3.620731831247828, 47.971820266543638 ], [ -3.620942294565114, 47.971696886885809 ], [ -3.620967693232765, 47.971642396296623 ], [ -3.620991331957531, 47.971615231946096 ], [ -3.621337915316851, 47.971352693502268 ], [ -3.621637099231648, 47.971287135670636 ], [ -3.62159838440848, 47.971081704383707 ], [ -3.622265330818577, 47.970901807820404 ], [ -3.622261801766488, 47.970896968028569 ], [ -3.622285277563771, 47.970854229669641 ], [ -3.622271631913071, 47.970901932134652 ], [ -3.622269344374806, 47.970903597063739 ], [ -3.622334924853256, 47.971343926313089 ], [ -3.621969911047965, 47.97144409842911 ], [ -3.621966545001737, 47.971444842040434 ], [ -3.621920042632999, 47.971687563140677 ], [ -3.621919608341538, 47.97168926463231 ], [ -3.621973410886569, 47.971778439394953 ], [ -3.621973758101316, 47.971779076268547 ], [ -3.621974061778178, 47.97178088232485 ], [ -3.622006631358349, 47.972011933216898 ], [ -3.622007726592427, 47.97201240484317 ], [ -3.622436234380491, 47.972169634224407 ], [ -3.622436241077226, 47.972169454350073 ], [ -3.622524435168463, 47.972102071645864 ], [ -3.622485820572513, 47.972192753195138 ], [ -3.623009182431322, 47.972293079276191 ], [ -3.6231451675287, 47.97230701145002 ], [ -3.623640103591304, 47.972204356683989 ], [ -3.623664399907677, 47.972209335864854 ], [ -3.623795509223287, 47.972184829735625 ], [ -3.624034057794391, 47.971964434399183 ], [ -3.624386519076587, 47.971962381351673 ], [ -3.624538221060908, 47.971882838269259 ], [ -3.624886047934176, 47.971805899673022 ], [ -3.625042143218867, 47.971787734610018 ], [ -3.625189564335716, 47.971933024105461 ], [ -3.625435398017258, 47.972085202285172 ], [ -3.625415544675402, 47.97251943637059 ], [ -3.625357576235401, 47.972611987703239 ], [ -3.62529287037657, 47.972935624458849 ], [ -3.625298633888265, 47.973069932763877 ], [ -3.625419370038192, 47.973094992043023 ], [ -3.625645463965478, 47.973389165972769 ], [ -3.625682166004407, 47.973409689592955 ], [ -3.625724272284776, 47.973404578726814 ], [ -3.62616795144714, 47.97337371524609 ], [ -3.626455127030518, 47.973361909368592 ], [ -3.626816992228535, 47.973286680832025 ], [ -3.627229476966922, 47.973446455643412 ], [ -3.62729138871613, 47.97365711156769 ], [ -3.627528079369525, 47.973486533639125 ], [ -3.627850967338424, 47.973342132208337 ], [ -3.627483327929352, 47.973273245503385 ], [ -3.627224935029601, 47.973089413749314 ], [ -3.627242447576434, 47.97283765966926 ], [ -3.627630882459876, 47.972795982625883 ], [ -3.627938972639519, 47.972740302938512 ], [ -3.628244881608852, 47.972453631588785 ], [ -3.62753830353156, 47.972192580070583 ], [ -3.627184721056497, 47.972444469897518 ], [ -3.627108531112536, 47.972628196609591 ], [ -3.6269293462399, 47.972788565116197 ], [ -3.626674847357461, 47.97285942755834 ], [ -3.626553092148112, 47.972851810227766 ], [ -3.626071702898241, 47.97287941247243 ], [ -3.625758391610145, 47.972915813400782 ], [ -3.625717415757812, 47.972661017390557 ], [ -3.625711406539892, 47.972473422462137 ], [ -3.625731542691121, 47.972241070959967 ], [ -3.625668097813791, 47.972051894763958 ], [ -3.626024588201251, 47.971751825479345 ], [ -3.626186197979117, 47.971774898793534 ], [ -3.626698339248407, 47.971747991694301 ], [ -3.627041428443112, 47.971778506645926 ], [ -3.627185692817623, 47.971529607820138 ], [ -3.627217749595847, 47.971345642580971 ], [ -3.627478052000752, 47.971228181741381 ], [ -3.627666493273595, 47.971427646809218 ], [ -3.627712833926137, 47.971588134097125 ], [ -3.627823170311334, 47.971973088215798 ], [ -3.62829729197649, 47.972360789469015 ], [ -3.628477304053686, 47.972407802153832 ], [ -3.629003967834763, 47.972529404755257 ], [ -3.62949318060688, 47.972830634526822 ], [ -3.629685466286464, 47.973106764269218 ], [ -3.62969295883657, 47.973464673799917 ], [ -3.630239358414072, 47.973524556127828 ], [ -3.630659859081679, 47.973768538123167 ], [ -3.630423599175534, 47.973987732897569 ], [ -3.630242209111323, 47.974257687394505 ], [ -3.630619325987508, 47.974341331354488 ], [ -3.631012935223684, 47.97438038646554 ], [ -3.631039601232535, 47.974121431444892 ], [ -3.631088513320433, 47.973982797628977 ], [ -3.63158674424422, 47.973971344310179 ], [ -3.631277321618204, 47.973642695212071 ], [ -3.631173738126055, 47.97339504195476 ], [ -3.631566114753402, 47.973187012645411 ], [ -3.632062539300641, 47.973434280442042 ], [ -3.631833865611436, 47.973639136590734 ], [ -3.631649532040798, 47.973978697779252 ], [ -3.631899373743069, 47.974103488813924 ], [ -3.63162739615774, 47.973995453581267 ], [ -3.631254728989872, 47.974181999780996 ], [ -3.631065054806825, 47.974405351281874 ], [ -3.631045656730286, 47.974418290632009 ], [ -3.630795173115837, 47.97464089701834 ], [ -3.631021197627224, 47.974807793608193 ], [ -3.631110494064976, 47.974800547662099 ], [ -3.631180068311902, 47.974804974611644 ], [ -3.63161995521313, 47.974606428359152 ], [ -3.63167924184573, 47.97457816180809 ], [ -3.632164511530198, 47.974626303211139 ], [ -3.632202377340546, 47.974625516703107 ], [ -3.632262307001287, 47.974579891870157 ], [ -3.632174609114403, 47.974223737737709 ], [ -3.632178509195502, 47.974218594144162 ], [ -3.632396193600718, 47.973869876549131 ], [ -3.632858761822142, 47.973649540224933 ], [ -3.632734906346104, 47.973548375528523 ], [ -3.632874168746914, 47.973223678518387 ], [ -3.632351758684371, 47.973016945633155 ], [ -3.632194306254557, 47.972981632829786 ], [ -3.631652945773745, 47.972925999425186 ], [ -3.63162500629589, 47.972599009821387 ], [ -3.63173828328662, 47.97244507961905 ], [ -3.63212828924842, 47.972070586608055 ], [ -3.63219343211846, 47.971974302678063 ], [ -3.63274765203783, 47.971582511609981 ], [ -3.632959629022317, 47.971267342821477 ], [ -3.633470971950489, 47.971432004270739 ], [ -3.633816829863632, 47.972068901300254 ], [ -3.63300407745822, 47.972070050916592 ], [ -3.632460965410308, 47.972202043123346 ], [ -3.632471800372364, 47.972550297201117 ], [ -3.632428405529744, 47.972910537025122 ], [ -3.63305516589291, 47.97303399505001 ], [ -3.633418711291436, 47.972712799684459 ], [ -3.633997166619894, 47.972287546596299 ], [ -3.634435162125521, 47.972840656779191 ], [ -3.634336093359215, 47.973242196470096 ], [ -3.633886747260039, 47.973115746919596 ], [ -3.633138019194985, 47.973200596752555 ], [ -3.633034450209307, 47.973613207589977 ], [ -3.633543607405178, 47.973747314643603 ], [ -3.634165671698396, 47.97384763318265 ], [ -3.634315514033887, 47.973757959672646 ], [ -3.634271448655464, 47.973896149826203 ], [ -3.634249678627406, 47.973923083660139 ], [ -3.634211970858636, 47.973929634163845 ], [ -3.634119954901971, 47.973940249384185 ], [ -3.633622590174147, 47.974028503879502 ], [ -3.633680358653473, 47.974171392202628 ], [ -3.633754276731625, 47.974208753846248 ], [ -3.633979835214348, 47.974388415368416 ], [ -3.634159361549565, 47.974378707049283 ], [ -3.634217830833713, 47.97437247384633 ], [ -3.634602223556003, 47.974329882365659 ], [ -3.634665271820003, 47.974330218951394 ], [ -3.635028226685165, 47.974105129490269 ], [ -3.635099745525863, 47.974067020667242 ], [ -3.635206947966036, 47.974046982081823 ], [ -3.635307339065114, 47.973900265693665 ], [ -3.635239406531704, 47.973440548744591 ], [ -3.635110454039041, 47.9734168694172 ], [ -3.635224389938184, 47.973335130888444 ], [ -3.635379546318236, 47.973332322998907 ], [ -3.635294964734092, 47.973422737531379 ], [ -3.635747203606577, 47.973641580863898 ], [ -3.636014409487208, 47.973928887904862 ], [ -3.636111891626524, 47.973991100584954 ], [ -3.636157213127928, 47.97400935945339 ], [ -3.63661781915574, 47.974393338457631 ], [ -3.636645614736648, 47.974404053453149 ], [ -3.636653764441862, 47.974414383479676 ], [ -3.637126255743189, 47.974627587613242 ], [ -3.637449574652305, 47.974782065998035 ], [ -3.637500312084033, 47.97493480476755 ], [ -3.637557759994313, 47.975156887231236 ], [ -3.637502869297433, 47.975447601714905 ], [ -3.637528093850921, 47.975497777427407 ], [ -3.637530519068183, 47.975502415081323 ], [ -3.637542942785882, 47.975507518580926 ], [ -3.637909021065009, 47.975569139977523 ], [ -3.638104908367276, 47.975799333372038 ], [ -3.638187124528329, 47.975843154636713 ], [ -3.638246452572774, 47.975833785945987 ], [ -3.638720340970512, 47.975828933167627 ], [ -3.638815541649, 47.975872738116884 ], [ -3.638920058708327, 47.975875233972765 ], [ -3.639213668206953, 47.975769826973014 ], [ -3.639281723322755, 47.975453898528592 ], [ -3.639674424601446, 47.975628358599167 ], [ -3.640130315895761, 47.975919977166718 ], [ -3.640131768756663, 47.975920815614721 ], [ -3.64013210623495, 47.975921722245921 ], [ -3.640130957643312, 47.975922689808719 ], [ -3.640036479961438, 47.976331434962546 ], [ -3.639943395759349, 47.976521590210432 ], [ -3.639859808004847, 47.976675570007501 ], [ -3.639928621355781, 47.9768814930963 ], [ -3.640020201068238, 47.976973197724746 ], [ -3.640208744951933, 47.977141411568169 ], [ -3.640233515959796, 47.977163766851568 ], [ -3.640234227463078, 47.977164590796455 ], [ -3.640336684148676, 47.977283238816675 ], [ -3.640556128728436, 47.977408315011125 ], [ -3.640558577512861, 47.977412323037186 ], [ -3.640671122361152, 47.977599390331015 ], [ -3.64073053776153, 47.977678134905233 ], [ -3.640839091517446, 47.977722109181656 ], [ -3.641084216676433, 47.977814835381892 ], [ -3.641089343399974, 47.977816645682736 ], [ -3.641280274999205, 47.97787006048393 ], [ -3.64128137714147, 47.977870352041322 ], [ -3.641284713441174, 47.977870417270339 ], [ -3.64163485337169, 47.977871862209639 ], [ -3.641710287021201, 47.977878466935636 ], [ -3.641812474146529, 47.977883884489621 ], [ -3.642184927897535, 47.977823481737246 ], [ -3.642387367453191, 47.977776136126224 ], [ -3.642704960546545, 47.977704489229026 ], [ -3.642830020371601, 47.977683171824722 ], [ -3.643116482212556, 47.97763080617969 ], [ -3.643310603168714, 47.977577626195931 ], [ -3.643616740133749, 47.977484602227392 ], [ -3.643919767393956, 47.977405467147221 ], [ -3.644266905921186, 47.977216488926715 ], [ -3.644428770564353, 47.977162767231654 ], [ -3.644903915288671, 47.977043518130372 ], [ -3.645056744774045, 47.977033630567213 ], [ -3.645216820889268, 47.976887439909639 ], [ -3.644928438674615, 47.976770568143813 ], [ -3.644635447404906, 47.976647935447474 ], [ -3.644608555711293, 47.976360931501432 ], [ -3.645008882981886, 47.976339044671455 ], [ -3.6452840110666, 47.976453137496314 ], [ -3.645524464738561, 47.976541802258623 ], [ -3.6457213908166, 47.976694329246222 ], [ -3.645705318535922, 47.976818489547725 ], [ -3.646036208385549, 47.977010080763286 ], [ -3.646308017093109, 47.977023033033291 ], [ -3.646176933029898, 47.977036766638989 ], [ -3.645936790929609, 47.977080593578734 ], [ -3.645821791774563, 47.977110841062405 ], [ -3.645565639608916, 47.977156244901607 ], [ -3.645425088904079, 47.977175193066415 ], [ -3.645290330799494, 47.97717787357282 ], [ -3.64516050326222, 47.977207830997799 ], [ -3.644728837709877, 47.977345120511124 ], [ -3.64416980365177, 47.977516012755395 ], [ -3.6436826095826, 47.977680204944114 ], [ -3.64327229897151, 47.97781160568239 ], [ -3.643070473921022, 47.977882545714216 ], [ -3.642756435521481, 47.977948322955022 ], [ -3.642264194981066, 47.978088199571765 ], [ -3.641798996376017, 47.978128519234048 ], [ -3.641400613652238, 47.978097330743715 ], [ -3.641298247824901, 47.978056538123532 ], [ -3.641238135406799, 47.978016751543976 ], [ -3.64114783366844, 47.9779807848061 ], [ -3.640929186689361, 47.977974709427222 ], [ -3.640807831481408, 47.977976026439713 ], [ -3.640695678534116, 47.977969243002917 ], [ -3.640589872056376, 47.977921182172736 ], [ -3.640476529158303, 47.977846152929025 ], [ -3.640384994718232, 47.977773260190112 ], [ -3.640322255128862, 47.977734321736833 ], [ -3.640273099874114, 47.977689168747709 ], [ -3.640246753225719, 47.977639151717327 ], [ -3.640198059715325, 47.977581497305366 ], [ -3.639883204664021, 47.977267527478929 ], [ -3.639689855583897, 47.977048637330881 ], [ -3.639541022862468, 47.976890019918812 ], [ -3.639451870846734, 47.976792872197088 ], [ -3.639365957632174, 47.976708478207236 ], [ -3.639323869875819, 47.976642762406172 ], [ -3.639275048566627, 47.976588615202182 ], [ -3.639166278876722, 47.976620867644229 ], [ -3.63903002658283, 47.976664012463011 ], [ -3.639064271554983, 47.976741185273987 ], [ -3.639145594618932, 47.97681927946909 ], [ -3.63918124761623, 47.976888469535247 ], [ -3.639274723322327, 47.976999112557408 ], [ -3.639339273296046, 47.977099469116247 ], [ -3.639387818533847, 47.977191232165147 ], [ -3.639467808594455, 47.977295400917079 ], [ -3.639519410828965, 47.97737471331024 ], [ -3.639599772080675, 47.977478889232259 ], [ -3.6396996809631, 47.977586147658869 ], [ -3.639872184919754, 47.977766828735909 ], [ -3.639936302994223, 47.977868886565624 ], [ -3.640240243910265, 47.978116850572867 ], [ -3.6405670777742, 47.97856875841363 ], [ -3.640607907023047, 47.978608348259925 ], [ -3.640670345620855, 47.97865547094424 ], [ -3.640780068396641, 47.978768320498958 ], [ -3.640866418249616, 47.978901323601363 ], [ -3.641033974514708, 47.979085596228245 ], [ -3.641084866744151, 47.9791540936492 ], [ -3.641123935172696, 47.979231360175874 ], [ -3.64116603020249, 47.979296985462057 ], [ -3.641235674437199, 47.979450452380838 ], [ -3.641402877767326, 47.979714730336788 ], [ -3.641575565686399, 47.979961114638904 ], [ -3.641645321260451, 47.980011079889017 ], [ -3.641870467820502, 47.980112684043753 ], [ -3.641939058087864, 47.980133915323279 ], [ -3.642380269669122, 47.980241451131171 ], [ -3.642667835463834, 47.980290271403298 ], [ -3.642735377911053, 47.98029969129032 ], [ -3.643020766104151, 47.980306976634637 ], [ -3.643142830409275, 47.980316741283701 ], [ -3.643522470808352, 47.980313355893777 ], [ -3.643596849428344, 47.980308418251056 ], [ -3.643679823499324, 47.980311838695378 ], [ -3.643776854337208, 47.980326423945264 ], [ -3.644062010744983, 47.980340002235643 ], [ -3.644226991673234, 47.980363024018651 ], [ -3.644506560620481, 47.980387292418811 ], [ -3.644598470889242, 47.980409967250736 ], [ -3.644750312542156, 47.980487543626701 ], [ -3.644932335586762, 47.980551488347409 ], [ -3.64503635737702, 47.98057772929338 ], [ -3.645404435947843, 47.980727116863974 ], [ -3.645838742809901, 47.980881395308707 ], [ -3.646086885916955, 47.980933037467516 ], [ -3.646441991814785, 47.981021776358126 ], [ -3.646676843078206, 47.981071717874201 ], [ -3.646717190925878, 47.981195088837531 ], [ -3.646888805130809, 47.981249646935737 ], [ -3.646684689263399, 47.981251606994476 ], [ -3.646563128599638, 47.981258326758223 ], [ -3.646486332616996, 47.981268439491416 ], [ -3.646421197737308, 47.98128426978338 ], [ -3.646363682426337, 47.981304748798287 ], [ -3.646325146794988, 47.981323617890986 ], [ -3.646132696071794, 47.981280802885017 ] ], [ [ -3.612493480426506, 47.971224207816618 ], [ -3.612448445723128, 47.971218365070371 ], [ -3.612461559001886, 47.971254536355197 ], [ -3.612428984198074, 47.971669256855826 ], [ -3.612364801584038, 47.971748897924385 ], [ -3.612597026812833, 47.971887155610361 ], [ -3.612485808987682, 47.97166732296143 ], [ -3.612540829062094, 47.971267357841661 ], [ -3.612567539198558, 47.971207764875913 ], [ -3.612493480426506, 47.971224207816618 ] ], [ [ -3.609316277274064, 47.971288997099464 ], [ -3.609017136665939, 47.971382693211609 ], [ -3.608853658051529, 47.971637398196513 ], [ -3.609139794933576, 47.97180175471977 ], [ -3.609648180444377, 47.971766483069729 ], [ -3.60965616310378, 47.971771231669912 ], [ -3.609867353188946, 47.9717776726336 ], [ -3.609654255788537, 47.971762733480865 ], [ -3.609443349151984, 47.97146153595434 ], [ -3.609316277274064, 47.971288997099464 ] ], [ [ -3.608355083667205, 47.971490063562001 ], [ -3.608443757316708, 47.971073757589011 ], [ -3.608479070995388, 47.970972754735492 ], [ -3.608341252574665, 47.970988108821224 ], [ -3.608305363333816, 47.97099558647318 ], [ -3.60828795937509, 47.971014591639971 ], [ -3.607916286118739, 47.971262100567429 ], [ -3.607526241321744, 47.971247602804212 ], [ -3.607432276084061, 47.971300278358086 ], [ -3.607402865846063, 47.971322915037 ], [ -3.607368566533622, 47.971337444256925 ], [ -3.60738629494136, 47.971428520126551 ], [ -3.607596878927843, 47.971500566153836 ], [ -3.607902535634144, 47.971421133880874 ], [ -3.608283799720393, 47.97152149936484 ], [ -3.608185931709946, 47.97195544351478 ], [ -3.60764209197332, 47.971986493982676 ], [ -3.607549372026461, 47.9720553950864 ], [ -3.607438000912789, 47.972127075736438 ], [ -3.6074712183859, 47.972279931856853 ], [ -3.607670513929516, 47.972188126762731 ], [ -3.608206168020694, 47.972098411174322 ], [ -3.608475302121812, 47.972271072200776 ], [ -3.608524874239297, 47.972017256128055 ], [ -3.608503960061439, 47.971842863821628 ], [ -3.608394524252515, 47.971546198959743 ], [ -3.608355083667205, 47.971490063562001 ] ], [ [ -3.61350393699086, 47.971173306694666 ], [ -3.613406266107784, 47.971166511627992 ], [ -3.613440102746313, 47.97124368487669 ], [ -3.613403374176801, 47.971581190263954 ], [ -3.613233489590946, 47.971849005119317 ], [ -3.612783526275428, 47.972057897998369 ], [ -3.613204302317024, 47.972341916096759 ], [ -3.613745174595445, 47.972281077794563 ], [ -3.613574098456688, 47.971955656606085 ], [ -3.613662348249418, 47.97166876354752 ], [ -3.613811554435696, 47.971477761491727 ], [ -3.613678185134833, 47.971264961737546 ], [ -3.613566037816356, 47.971169136672962 ], [ -3.61350393699086, 47.971173306694666 ] ], [ [ -3.611460426390494, 47.971809542454288 ], [ -3.610945604468129, 47.971996980967177 ], [ -3.610354656467313, 47.971820012448553 ], [ -3.610539304037232, 47.972386827918655 ], [ -3.611212284904143, 47.972294871356077 ], [ -3.61148053235593, 47.971946296497734 ], [ -3.61154185119019, 47.971844098244205 ], [ -3.611485951247848, 47.971811398621561 ], [ -3.611474729665264, 47.971794075444237 ], [ -3.611460426390494, 47.971809542454288 ] ], [ [ -3.599390386298531, 47.971934596249007 ], [ -3.599419241991632, 47.971985933835576 ], [ -3.599479562189444, 47.971940424530509 ], [ -3.59958403295985, 47.971924236714791 ], [ -3.599588022819241, 47.971818201644425 ], [ -3.599425282803678, 47.97178597556163 ], [ -3.599378502991918, 47.971885667173851 ], [ -3.599390386298531, 47.971934596249007 ] ], [ [ -3.626018635955021, 47.972400990702077 ], [ -3.62617121303179, 47.972657174254635 ], [ -3.626552038891119, 47.972670523167821 ], [ -3.626823675841751, 47.972407931779259 ], [ -3.626546580202832, 47.97217854865368 ], [ -3.626261294535697, 47.97226941459629 ], [ -3.626018635955021, 47.972400990702077 ] ], [ [ -3.608135057803074, 47.972996135941095 ], [ -3.608191075079384, 47.973015789123217 ], [ -3.608321037019796, 47.972992448779443 ], [ -3.608256616603931, 47.97289018539503 ], [ -3.60815259760298, 47.972943832079416 ], [ -3.60774169294048, 47.972941251564016 ], [ -3.608135057803074, 47.972996135941095 ] ], [ [ -3.628518809934034, 47.974097436981026 ], [ -3.628540572802663, 47.974090754810604 ], [ -3.628564810069481, 47.974067380718907 ], [ -3.628576239912594, 47.973909379993366 ], [ -3.628422183999978, 47.974022363705231 ], [ -3.628373171830636, 47.974113562809613 ], [ -3.628518809934034, 47.974097436981026 ] ], [ [ -3.598040416380381, 47.974056246230852 ], [ -3.598031827470406, 47.974107017195252 ], [ -3.598108409010724, 47.974210969766268 ], [ -3.598176214593467, 47.974104677603755 ], [ -3.598140294358889, 47.974043928243717 ], [ -3.598077614237043, 47.974023956869281 ], [ -3.598040416380381, 47.974056246230852 ] ], [ [ -3.636596512199985, 47.975370623167422 ], [ -3.636770799284563, 47.975683198560041 ], [ -3.636780495131512, 47.975691848819807 ], [ -3.636863477781544, 47.975755036773364 ], [ -3.636837896985446, 47.975664352552897 ], [ -3.636786613420466, 47.975626716515329 ], [ -3.636596512199985, 47.975370623167422 ] ], [ [ -3.599005669391544, 47.975385510118898 ], [ -3.599013468873012, 47.975395116093921 ], [ -3.599022776460839, 47.975394221655804 ], [ -3.599047099073076, 47.975398486868286 ], [ -3.599034775274141, 47.975380960310524 ], [ -3.599018880105, 47.975379473276249 ], [ -3.599005669391544, 47.975385510118898 ] ], [ [ -3.595977986899045, 47.976062764480083 ], [ -3.595973303462827, 47.976285431617008 ], [ -3.596167758290434, 47.976362308161413 ], [ -3.596264439824924, 47.976316806380382 ], [ -3.596257143011686, 47.976244657238539 ], [ -3.596210062539719, 47.976214285756228 ], [ -3.595977986899045, 47.976062764480083 ] ], [ [ -3.598334250114276, 47.977523130153536 ], [ -3.598319786343506, 47.977523021643783 ], [ -3.597721328755761, 47.97764338850741 ], [ -3.597720597531948, 47.977643103904107 ], [ -3.597222128661054, 47.97737412416506 ], [ -3.597216316187421, 47.97737085800793 ], [ -3.59720142617371, 47.977362370437035 ], [ -3.597113776344523, 47.977335509864282 ], [ -3.597165405502293, 47.977392883036067 ], [ -3.597188427881647, 47.977480916758644 ], [ -3.59769741617891, 47.977657762089891 ], [ -3.59771451989006, 47.977686274727986 ], [ -3.598104980814742, 47.977966688164685 ], [ -3.598135044693938, 47.978054952167994 ], [ -3.598256711292266, 47.978015887249022 ], [ -3.598178534520343, 47.97794430434999 ], [ -3.598422259331372, 47.977579878330239 ], [ -3.598363565279992, 47.977522904877752 ], [ -3.59835063846018, 47.977521386961023 ], [ -3.598334250114276, 47.977523130153536 ] ], [ [ -3.597315574071653, 47.979856781042223 ], [ -3.597339513859204, 47.979930342445691 ], [ -3.597373917391386, 47.979972341065377 ], [ -3.597406654326956, 47.979989645181085 ], [ -3.598162477188406, 47.980587324405704 ], [ -3.597494190431759, 47.979930998934734 ], [ -3.597470014188815, 47.979893254642029 ], [ -3.597410831714551, 47.979878752986288 ], [ -3.597315574071653, 47.979856781042223 ] ], [ [ -3.585404091077161, 47.973388745420266 ], [ -3.586265237914837, 47.972805874271366 ], [ -3.586932675990767, 47.973057682973412 ], [ -3.586629684639091, 47.972673677854637 ], [ -3.586359312822335, 47.972623522440315 ], [ -3.586191410225802, 47.972502428502061 ], [ -3.58582000619844, 47.97263223372282 ], [ -3.585057984820732, 47.97291908620916 ], [ -3.58457430907352, 47.973221692476422 ], [ -3.584864241552417, 47.973558459228542 ], [ -3.585422300509588, 47.97387756514064 ], [ -3.585404091077161, 47.973388745420266 ] ], [ [ -3.582978398328178, 47.973997342099878 ], [ -3.583022387232463, 47.973884010046184 ], [ -3.583036105879717, 47.973717867219278 ], [ -3.582788497279418, 47.973439098625335 ], [ -3.582661476629224, 47.973726901113373 ], [ -3.58206706217953, 47.973848342452129 ], [ -3.582277032094798, 47.974288094683963 ], [ -3.582826415676704, 47.974356467076213 ], [ -3.582978398328178, 47.973997342099878 ] ], [ [ -3.58650687489163, 47.974830151292515 ], [ -3.586461041230103, 47.974816001305093 ], [ -3.586316761211235, 47.974737053415808 ], [ -3.586405214134325, 47.974850253286526 ], [ -3.586471373569804, 47.974866431073572 ], [ -3.58650687489163, 47.974830151292515 ] ], [ [ -3.587550788441087, 47.97453480893013 ], [ -3.588353674955387, 47.97444271694274 ], [ -3.588350143460477, 47.974565502229737 ], [ -3.588453539006427, 47.974999685685461 ], [ -3.588283302664565, 47.975096899091312 ], [ -3.588255661184961, 47.975141167353847 ], [ -3.588110605066231, 47.97570042828216 ], [ -3.587944936748595, 47.97596118106069 ], [ -3.588309339740995, 47.975977664987994 ], [ -3.588475508182325, 47.97586056891631 ], [ -3.58898297305802, 47.975821594403989 ], [ -3.589188431769963, 47.975764147380765 ], [ -3.589158920165803, 47.975700913056365 ], [ -3.589266259582045, 47.975285352547985 ], [ -3.589528446192021, 47.975640721719998 ], [ -3.589566038161561, 47.975686476898481 ], [ -3.589891671061665, 47.975914049532406 ], [ -3.589894389419087, 47.975999158208765 ], [ -3.590006280491563, 47.975983217971333 ], [ -3.590334171502167, 47.976210024434714 ], [ -3.59043533164639, 47.976262092293346 ], [ -3.59077080840586, 47.976445307106616 ], [ -3.590844769464933, 47.976480899314573 ], [ -3.591027040177832, 47.976565911735499 ], [ -3.591239622479741, 47.976555585704006 ], [ -3.591447042093576, 47.976456051517907 ], [ -3.591630957964758, 47.976271622475942 ], [ -3.591595466201929, 47.976081812944159 ], [ -3.591555923941274, 47.975881391850663 ], [ -3.591388395446722, 47.975848067887462 ], [ -3.591079907742161, 47.975745859187036 ], [ -3.59097014573434, 47.975744742286203 ], [ -3.590916763205191, 47.975704521831283 ], [ -3.590930112909628, 47.975655556620616 ], [ -3.59098284322247, 47.97561485002943 ], [ -3.591132259628179, 47.975292924717309 ], [ -3.591355473077017, 47.97506977095334 ], [ -3.591201927406829, 47.974852937564563 ], [ -3.59116498570707, 47.974564094224618 ], [ -3.590783350725177, 47.974355925520406 ], [ -3.59012851648751, 47.974240929920136 ], [ -3.590013230540836, 47.97418974895588 ], [ -3.589697484295793, 47.97415228401524 ], [ -3.589184253657933, 47.974265669652333 ], [ -3.58845483141943, 47.974386871292005 ], [ -3.588370430623448, 47.974392020222673 ], [ -3.588068445080495, 47.973882933112108 ], [ -3.587905469965553, 47.973739259517544 ], [ -3.587279087439322, 47.973313851599421 ], [ -3.587027755060833, 47.973740653045773 ], [ -3.587199004545921, 47.97390087472467 ], [ -3.587443192730708, 47.974260838316475 ], [ -3.587550788441087, 47.97453480893013 ] ], [ [ -3.593341383941173, 47.975802079803643 ], [ -3.593737561506857, 47.975703975216867 ], [ -3.593990562217761, 47.975585816621461 ], [ -3.59386602151772, 47.975386487721131 ], [ -3.593664282401061, 47.975443837818425 ], [ -3.593635459278495, 47.975460542433332 ], [ -3.593598152792229, 47.97549561833614 ], [ -3.593093927551645, 47.975724138275758 ], [ -3.593068011856368, 47.975742430962157 ], [ -3.59297665529889, 47.975853199564916 ], [ -3.593195819313127, 47.975855151973846 ], [ -3.593341383941173, 47.975802079803643 ] ], [ [ -3.592099292017166, 47.976040950944409 ], [ -3.592213392220731, 47.975946838799537 ], [ -3.592232506976519, 47.975931830426362 ], [ -3.592223343622383, 47.975899425539822 ], [ -3.592100821416435, 47.975892384248986 ], [ -3.592012289882176, 47.975957756377575 ], [ -3.591980052338595, 47.976123799609944 ], [ -3.592088393832459, 47.976064314077796 ], [ -3.592099292017166, 47.976040950944409 ] ], [ [ -3.583384982481806, 47.976677747846388 ], [ -3.583684936131515, 47.976270920612521 ], [ -3.583753960428367, 47.976025603959407 ], [ -3.583623704503206, 47.97567457990624 ], [ -3.582961893056591, 47.975352210068955 ], [ -3.581972843363344, 47.975803960093359 ], [ -3.58301612416925, 47.976250376323392 ], [ -3.583384982481806, 47.976677747846388 ] ], [ [ -3.585479562901574, 47.977066856942322 ], [ -3.586287672768177, 47.97679865499515 ], [ -3.586846408475219, 47.977081315221653 ], [ -3.58720645979369, 47.977056133318975 ], [ -3.587366540723149, 47.976894184391227 ], [ -3.587342853423768, 47.976696689370833 ], [ -3.587291156121436, 47.976327714049951 ], [ -3.58738355828491, 47.976101405049398 ], [ -3.587087644423018, 47.976029768498705 ], [ -3.586870707504616, 47.975851349441108 ], [ -3.586357919192541, 47.975668346025351 ], [ -3.585901016806396, 47.975508422514011 ], [ -3.585276809806163, 47.975642424770953 ], [ -3.585465735235929, 47.976207664923528 ], [ -3.585726508486232, 47.976443129348766 ], [ -3.585399664606249, 47.976904055243054 ], [ -3.585342435535708, 47.977014422619469 ], [ -3.585372158871967, 47.977062181552917 ], [ -3.585419312662212, 47.977090489221077 ], [ -3.585479562901574, 47.977066856942322 ] ], [ [ -3.591890775990925, 47.977181366031409 ], [ -3.591898380452904, 47.9771862884133 ], [ -3.592051878008974, 47.977286744211106 ], [ -3.592118724144891, 47.977343794276742 ], [ -3.592316163737375, 47.977488960940136 ], [ -3.592325910925128, 47.977496086261013 ], [ -3.592415284313258, 47.977546026373922 ], [ -3.592416008718249, 47.977546490886134 ], [ -3.592416372618577, 47.977546678173951 ], [ -3.592499073708368, 47.977596484755935 ], [ -3.592709504566048, 47.977495838221095 ], [ -3.593104570669033, 47.977614264132775 ], [ -3.592927108865202, 47.977883249137989 ], [ -3.593005913167758, 47.9779282071623 ], [ -3.593006644371854, 47.977928491797456 ], [ -3.593007368786442, 47.977928956305867 ], [ -3.593119207813892, 47.978002926245701 ], [ -3.593128982344935, 47.978009332003886 ], [ -3.593423412836291, 47.978199368107909 ], [ -3.593463633513444, 47.978224743452785 ], [ -3.593552726568795, 47.978272336890257 ], [ -3.593602806066817, 47.978292058980564 ], [ -3.5937263036083, 47.978224234222687 ], [ -3.59389488874509, 47.978023293872241 ], [ -3.593968699634257, 47.977925314248473 ], [ -3.594005023494564, 47.977876987831472 ], [ -3.5941164316623, 47.977559248657016 ], [ -3.594116465592287, 47.977558349290589 ], [ -3.594102206236915, 47.977523322575379 ], [ -3.594059731104536, 47.977420048565413 ], [ -3.594129113615621, 47.97705592728466 ], [ -3.594569850588165, 47.977153569551838 ], [ -3.594615278797362, 47.977119555596595 ], [ -3.594639175904626, 47.977115442881811 ], [ -3.594948147352051, 47.976890394962744 ], [ -3.594606113910405, 47.977087150883776 ], [ -3.594129574947497, 47.976925700110563 ], [ -3.594045580882841, 47.976477509480056 ], [ -3.594409025872728, 47.976155627258358 ], [ -3.594482113309178, 47.976175088703052 ], [ -3.594495735496249, 47.976089316761374 ], [ -3.594406239305244, 47.976140990865105 ], [ -3.594397139368658, 47.976146209270325 ], [ -3.59386502167215, 47.976248709425334 ], [ -3.593735197161562, 47.976327028196344 ], [ -3.593407481401759, 47.976449092816672 ], [ -3.593769517598858, 47.976577566473431 ], [ -3.594024296205511, 47.976923685901667 ], [ -3.593613606994287, 47.976944097859793 ], [ -3.593425778179423, 47.976819466793259 ], [ -3.593234842317319, 47.976511794280967 ], [ -3.592783566984731, 47.976683679018429 ], [ -3.592664238435293, 47.976709913905459 ], [ -3.5926455309636, 47.976714129978028 ], [ -3.592302987019125, 47.976904568226381 ], [ -3.592301463519564, 47.97690561780481 ], [ -3.591996853582224, 47.976965767425106 ], [ -3.591884250185213, 47.97711841232767 ], [ -3.591883474842915, 47.977119296860167 ], [ -3.59189079297322, 47.977180916348672 ], [ -3.591890775990925, 47.977181366031409 ] ], [ [ -3.595762579719638, 47.977998146811579 ], [ -3.595760137358755, 47.977875962024534 ], [ -3.595593292247303, 47.977853818869299 ], [ -3.595500907821626, 47.977913176671926 ], [ -3.595429069714462, 47.977958904108512 ], [ -3.595417231660148, 47.978085933937237 ], [ -3.595713948567913, 47.978156483438049 ], [ -3.595762579719638, 47.977998146811579 ] ], [ [ -3.584341050153793, 47.986954011034946 ], [ -3.584297298093636, 47.986953222773636 ], [ -3.584219648279273, 47.986946173681822 ], [ -3.584096957735327, 47.987011484691607 ], [ -3.58420309784941, 47.987216397606183 ], [ -3.584447658592428, 47.987097639427454 ], [ -3.584341050153793, 47.986954011034946 ] ], [ [ -3.582634378120813, 47.988575569331829 ], [ -3.582744549815799, 47.988537189994467 ], [ -3.582788546347172, 47.988521782776751 ], [ -3.582807224978795, 47.988449973557159 ], [ -3.58285205721811, 47.988256012186071 ], [ -3.582868324793067, 47.988208636036333 ], [ -3.582855968650099, 47.988133323261913 ], [ -3.582837547838403, 47.987963562923767 ], [ -3.582956733955946, 47.9878439995421 ], [ -3.583099140777945, 47.987728502651613 ], [ -3.583445364632696, 47.987678392454747 ], [ -3.583554586433005, 47.987625862436232 ], [ -3.583644267448326, 47.987530907407269 ], [ -3.583800528646869, 47.987314161755016 ], [ -3.583954931169662, 47.987214925659742 ], [ -3.583957932594194, 47.987047665899205 ], [ -3.583854876327643, 47.987055047353053 ], [ -3.583808908106074, 47.987073565559079 ], [ -3.583760966752449, 47.987095194317057 ], [ -3.583553633907257, 47.987239990064474 ], [ -3.583524603187272, 47.987271719046561 ], [ -3.583262899686216, 47.98746087519919 ], [ -3.583049818747468, 47.98761041492704 ], [ -3.5830222125981, 47.987643702497913 ], [ -3.582838354034508, 47.987776007712924 ], [ -3.582830423805459, 47.98778943924286 ], [ -3.582826154452859, 47.987794393789763 ], [ -3.582645232618732, 47.987937288342508 ], [ -3.582639037808884, 47.987944094318081 ], [ -3.582612534408184, 47.987967863372063 ], [ -3.582505940550875, 47.988048887017086 ], [ -3.582441246665659, 47.98815019356234 ], [ -3.582415046735126, 47.988195299976979 ], [ -3.582401336596654, 47.988214375711728 ], [ -3.582383034990279, 47.988403379616564 ], [ -3.582374376695352, 47.988416436473315 ], [ -3.582349890353738, 47.988553292946143 ], [ -3.582341028405736, 47.988591277243415 ], [ -3.58236719655582, 47.988674158061265 ], [ -3.582634378120813, 47.988575569331829 ] ], [ [ -3.586903125242489, 47.991499111880763 ], [ -3.587414859819116, 47.991429445178525 ], [ -3.587575480599523, 47.991254273496871 ], [ -3.587577021586064, 47.991252774287481 ], [ -3.587584328505921, 47.991245990307675 ], [ -3.587699657162654, 47.991140025026802 ], [ -3.587699296595457, 47.99113974778404 ], [ -3.587501547670541, 47.990942992645195 ], [ -3.587177931714491, 47.991101216050595 ], [ -3.586812552657507, 47.991411790711886 ], [ -3.586795606766785, 47.99146734442175 ], [ -3.586823808769448, 47.991496711635676 ], [ -3.586903125242489, 47.991499111880763 ] ], [ [ -3.569399772362418, 47.995998391972584 ], [ -3.569353860324744, 47.995908177795364 ], [ -3.569116038987121, 47.995858278251262 ], [ -3.569168289353558, 47.996181017233653 ], [ -3.569344985860863, 47.996053178805099 ], [ -3.569399772362418, 47.995998391972584 ] ] ], [ [ [ -3.593935340362907, 47.94068011999061 ], [ -3.594079481816387, 47.940731243897282 ], [ -3.59414861359687, 47.940765927214116 ], [ -3.594390278931951, 47.9409148531862 ], [ -3.594477692570104, 47.940985812681681 ], [ -3.594665163900418, 47.941166055138353 ], [ -3.595061251753873, 47.941181983803226 ], [ -3.595143694335726, 47.94118813189376 ], [ -3.595186529502969, 47.941202488432765 ], [ -3.595426026975477, 47.941438580725666 ], [ -3.595436794946826, 47.941477496830096 ], [ -3.595427020513975, 47.941510602242751 ], [ -3.595403942159414, 47.941562252190785 ], [ -3.595413229534935, 47.941581428252697 ], [ -3.595452532205062, 47.941581313748166 ], [ -3.595561561707946, 47.941541101795579 ], [ -3.595749252766623, 47.941518842070806 ], [ -3.595823612405543, 47.941513217843074 ], [ -3.596058286269298, 47.941513316912875 ], [ -3.596180029878005, 47.941529249660896 ], [ -3.596274018593235, 47.941563528202458 ], [ -3.596355239009674, 47.941602141683909 ], [ -3.596432419589498, 47.941649584602729 ], [ -3.596511146898741, 47.941724868999067 ], [ -3.596567846544608, 47.941794403199076 ], [ -3.59661114194932, 47.941865469657692 ], [ -3.596637027818885, 47.941926288117415 ], [ -3.596672380628191, 47.941971995321083 ], [ -3.596689623040055, 47.941976839836173 ], [ -3.596727442039358, 47.941986595455752 ], [ -3.596804297213951, 47.941983630449656 ], [ -3.596895027509558, 47.941966632186073 ], [ -3.597063940288283, 47.941911414363027 ], [ -3.597239254790611, 47.941824013392264 ], [ -3.597413794531449, 47.941717786259751 ], [ -3.597501539835036, 47.94165203680501 ], [ -3.597526516965608, 47.941628684990611 ], [ -3.597659164806565, 47.941808007454981 ], [ -3.597253803453343, 47.942126890815167 ], [ -3.596802812793956, 47.94226917738218 ], [ -3.596462927982873, 47.942060153483162 ], [ -3.595238328059716, 47.941736516127548 ], [ -3.594741242505748, 47.941537754782395 ], [ -3.594442058914234, 47.941331158184674 ], [ -3.59424103591993, 47.941136693995176 ], [ -3.593989410199046, 47.940927447078145 ], [ -3.593896576886129, 47.940862588924432 ], [ -3.593800842788257, 47.940815673086007 ], [ -3.593691947006006, 47.940783524241361 ], [ -3.593935340362907, 47.94068011999061 ] ] ], [ [ [ -3.598555791195882, 47.949744934217854 ], [ -3.598529781152012, 47.949706974143083 ], [ -3.598409407911083, 47.949595038962215 ], [ -3.598581709187435, 47.949657248940504 ], [ -3.598604193340323, 47.949710079061383 ], [ -3.598555791195882, 47.949744934217854 ] ] ], [ [ [ -3.595397281033684, 47.950141324137348 ], [ -3.595451649868261, 47.950095789253879 ], [ -3.595677856150657, 47.950055848072914 ], [ -3.595539676265997, 47.950190250993835 ], [ -3.59545059400459, 47.950261553020042 ], [ -3.595379621347248, 47.950196682864181 ], [ -3.595397281033684, 47.950141324137348 ] ] ], [ [ [ -3.598223624059194, 47.950679192111423 ], [ -3.598134766030189, 47.951296276635048 ], [ -3.597295505270444, 47.951358995626734 ], [ -3.597151737526483, 47.95103130550067 ], [ -3.597227407153587, 47.950804119700614 ], [ -3.597570382506052, 47.950577950489063 ], [ -3.598223624059194, 47.950679192111423 ] ] ], [ [ [ -3.569137262832947, 47.958060482451771 ], [ -3.568660870362862, 47.957969123457168 ], [ -3.568781716634108, 47.957503907218417 ], [ -3.569385969035542, 47.957568150000974 ], [ -3.569560093096549, 47.957786600305155 ], [ -3.569658838783589, 47.957910372213561 ], [ -3.569677765234789, 47.95793919613088 ], [ -3.569137262832947, 47.958060482451771 ] ] ], [ [ [ -3.566400077377109, 47.958321276720504 ], [ -3.565108130057807, 47.959250232908133 ], [ -3.564453836725516, 47.95915588098233 ], [ -3.566400077377109, 47.958321276720504 ] ] ], [ [ [ -3.588353745911433, 47.960465819595051 ], [ -3.588999377177728, 47.960025411964352 ], [ -3.589063208520816, 47.959906536454532 ], [ -3.589251608070198, 47.959906441481067 ], [ -3.58933676661882, 47.960037662784735 ], [ -3.589336091067906, 47.960291009050756 ], [ -3.589550538462688, 47.96080868554931 ], [ -3.589366292994293, 47.961346365474256 ], [ -3.589234504141896, 47.961634346439283 ], [ -3.589211775934604, 47.961686183116868 ], [ -3.589109734784464, 47.961834714476367 ], [ -3.587963826027612, 47.962205152702822 ], [ -3.587895599033935, 47.962234206077746 ], [ -3.587381663870056, 47.962966881522007 ], [ -3.587257552195867, 47.963041795786431 ], [ -3.587204124430643, 47.962954140709208 ], [ -3.587226831450018, 47.962893123553783 ], [ -3.587829172247429, 47.962186252369847 ], [ -3.587836210744267, 47.962157052296007 ], [ -3.587876861651643, 47.962092254657428 ], [ -3.588850360590309, 47.961534215046434 ], [ -3.588148553129745, 47.96105698976762 ], [ -3.588353745911433, 47.960465819595051 ] ] ], [ [ [ -3.585504865249958, 47.965341152308746 ], [ -3.585613029469862, 47.96573655035737 ], [ -3.585390162624138, 47.96628389186553 ], [ -3.585408034021703, 47.966546522242069 ], [ -3.585063351257583, 47.96682374648293 ], [ -3.585002675696074, 47.966428040797538 ], [ -3.584968652532757, 47.966347074213637 ], [ -3.584869513892713, 47.96560579115247 ], [ -3.584241846696482, 47.965080165747523 ], [ -3.584221682752954, 47.964976076258964 ], [ -3.584157614025443, 47.964787581396678 ], [ -3.584159713598233, 47.964095943423899 ], [ -3.584088700864381, 47.963934130319615 ], [ -3.584196412990702, 47.963665741848601 ], [ -3.584470786919036, 47.963883210768884 ], [ -3.584928843696406, 47.964049284343254 ], [ -3.585549315484337, 47.964343631110701 ], [ -3.585544907516376, 47.964861605025128 ], [ -3.585504865249958, 47.965341152308746 ] ] ], [ [ [ -3.599185018332817, 47.966283575641107 ], [ -3.598881595666336, 47.966313885356719 ], [ -3.598414273920726, 47.966343174563136 ], [ -3.598621975770959, 47.966027895425569 ], [ -3.59883624258491, 47.965902744452286 ], [ -3.599155259760469, 47.965990200562047 ], [ -3.599185018332817, 47.966283575641107 ] ] ], [ [ [ -3.597223096816561, 47.967107295373104 ], [ -3.596770360474688, 47.966975672183381 ], [ -3.596822499895277, 47.966802646039291 ], [ -3.596910136661063, 47.966652199475902 ], [ -3.597332716568302, 47.966727687908254 ], [ -3.597223096816561, 47.967107295373104 ] ] ], [ [ [ -3.58973393278711, 47.975131091888571 ], [ -3.589699392152428, 47.975151821168964 ], [ -3.589553978503221, 47.975161599347366 ], [ -3.589627718142254, 47.975045980506835 ], [ -3.589287947460415, 47.974711738662982 ], [ -3.589997517918585, 47.974301219731743 ], [ -3.590522332155556, 47.974696046835575 ], [ -3.590226115029839, 47.974946628529366 ], [ -3.589745229625041, 47.975107016940292 ], [ -3.58973393278711, 47.975131091888571 ] ] ], [ [ [ -3.59096250260693, 47.977272595480706 ], [ -3.590751086631264, 47.977134166872666 ], [ -3.590738001053423, 47.976920864211849 ], [ -3.591130336539299, 47.976983709978136 ], [ -3.591137199602044, 47.977086812502826 ], [ -3.591117493325668, 47.977127280149546 ], [ -3.59109862965062, 47.977145443536479 ], [ -3.59096250260693, 47.977272595480706 ] ] ], [ [ [ -3.590569981008349, 47.977450237568647 ], [ -3.5907021086928, 47.97739950988344 ], [ -3.590863439413357, 47.977361337196811 ], [ -3.590742594069702, 47.977466923683593 ], [ -3.590739587763052, 47.977467943559034 ], [ -3.590512609103846, 47.977594086368207 ], [ -3.590569981008349, 47.977450237568647 ] ] ], [ [ [ -3.577061144220091, 47.99429674792129 ], [ -3.577057542978356, 47.994274353894454 ], [ -3.577187917300808, 47.994261318270482 ], [ -3.577275752009409, 47.994313040328493 ], [ -3.577079787406481, 47.994323675149431 ], [ -3.577060303424779, 47.994299341165103 ], [ -3.577061144220091, 47.99429674792129 ] ] ], [ [ [ -3.572943390992072, 47.998480405494874 ], [ -3.573241936448611, 47.998407672521573 ], [ -3.573272684702119, 47.998418823526521 ], [ -3.573309066559928, 47.99841847732862 ], [ -3.573633443116698, 47.998787925981475 ], [ -3.573182715468059, 47.998608092363114 ], [ -3.572943390992072, 47.998480405494874 ] ] ], [ [ [ -3.570195638711118, 47.998793152240843 ], [ -3.5703358907571, 47.998686897286703 ], [ -3.570419363381483, 47.998794611023946 ], [ -3.570407405497324, 47.998845403221367 ], [ -3.570356904963508, 47.99886562474893 ], [ -3.570317823628955, 47.99884917421489 ], [ -3.570195638711118, 47.998793152240843 ] ] ], [ [ [ -3.571841179835098, 47.999113500498645 ], [ -3.571841159260245, 47.999114040122571 ], [ -3.571840785002968, 47.999114122574838 ], [ -3.571840424462264, 47.999113845277819 ], [ -3.571840455324551, 47.999113035841916 ], [ -3.571841179835098, 47.999113500498645 ] ] ], [ [ [ -3.567104849751139, 48.002585394920217 ], [ -3.567001344143736, 48.00260373280998 ], [ -3.566978912692601, 48.002559445693471 ], [ -3.567043406842201, 48.002542208863375 ], [ -3.567104849751139, 48.002585394920217 ] ] ] ] } },
{ "type": "Feature", "properties": { "HAUTEUR": "1m>h>2m" }, "geometry": { "type": "MultiPolygon", "coordinates": [ [ [ [ -3.613930668748536, 47.942122206641614 ], [ -3.614844285627703, 47.942109255964915 ], [ -3.614935867730883, 47.942456495725999 ], [ -3.614981298618539, 47.943007124976916 ], [ -3.614216083613205, 47.942788653288083 ], [ -3.613930668748536, 47.942122206641614 ] ] ], [ [ [ -3.613806714271375, 47.94989536570062 ], [ -3.614046607824335, 47.949726864760024 ], [ -3.614326088087886, 47.949987467178204 ], [ -3.614104361662954, 47.950324722550576 ], [ -3.613785279150095, 47.950101855716319 ], [ -3.613806714271375, 47.94989536570062 ] ] ], [ [ [ -3.648637893541041, 47.976764333517423 ], [ -3.648543413388687, 47.976781393214196 ], [ -3.648489934238191, 47.976783051258515 ], [ -3.647967931806163, 47.9768250802829 ], [ -3.647788542719423, 47.976861185055668 ], [ -3.647518743710284, 47.976904527391312 ], [ -3.647377151683028, 47.976921567699421 ], [ -3.647368218606367, 47.976922383575655 ], [ -3.647212090016688, 47.97689089878569 ], [ -3.647021679209222, 47.976813203911775 ], [ -3.646696304610123, 47.976945373326821 ], [ -3.646638929145239, 47.976992405889263 ], [ -3.646554536380276, 47.976997420220457 ], [ -3.646308017093109, 47.977023033033291 ], [ -3.646036208385549, 47.977010080763286 ], [ -3.645705318535922, 47.976818489547725 ], [ -3.6457213908166, 47.976694329246222 ], [ -3.645524464738561, 47.976541802258623 ], [ -3.6452840110666, 47.976453137496314 ], [ -3.645008882981886, 47.976339044671455 ], [ -3.644608555711293, 47.976360931501432 ], [ -3.644635447404906, 47.976647935447474 ], [ -3.644928438674615, 47.976770568143813 ], [ -3.645216820889268, 47.976887439909639 ], [ -3.645056744774045, 47.977033630567213 ], [ -3.644903915288671, 47.977043518130372 ], [ -3.644428770564353, 47.977162767231654 ], [ -3.644266905921186, 47.977216488926715 ], [ -3.643919767393956, 47.977405467147221 ], [ -3.643616740133749, 47.977484602227392 ], [ -3.643310603168714, 47.977577626195931 ], [ -3.643116482212556, 47.97763080617969 ], [ -3.642830020371601, 47.977683171824722 ], [ -3.642704960546545, 47.977704489229026 ], [ -3.642387367453191, 47.977776136126224 ], [ -3.642184927897535, 47.977823481737246 ], [ -3.641812474146529, 47.977883884489621 ], [ -3.641710287021201, 47.977878466935636 ], [ -3.64163485337169, 47.977871862209639 ], [ -3.641284713441174, 47.977870417270339 ], [ -3.64128137714147, 47.977870352041322 ], [ -3.641280274999205, 47.97787006048393 ], [ -3.641089343399974, 47.977816645682736 ], [ -3.641084216676433, 47.977814835381892 ], [ -3.640839091517446, 47.977722109181656 ], [ -3.64073053776153, 47.977678134905233 ], [ -3.640671122361152, 47.977599390331015 ], [ -3.640558577512861, 47.977412323037186 ], [ -3.640556128728436, 47.977408315011125 ], [ -3.640336684148676, 47.977283238816675 ], [ -3.640234227463078, 47.977164590796455 ], [ -3.640233515959796, 47.977163766851568 ], [ -3.640208744951933, 47.977141411568169 ], [ -3.640020201068238, 47.976973197724746 ], [ -3.639928621355781, 47.9768814930963 ], [ -3.639859808004847, 47.976675570007501 ], [ -3.639943395759349, 47.976521590210432 ], [ -3.640036479961438, 47.976331434962546 ], [ -3.640130957643312, 47.975922689808719 ], [ -3.64013210623495, 47.975921722245921 ], [ -3.640131768756663, 47.975920815614721 ], [ -3.640130315895761, 47.975919977166718 ], [ -3.639674424601446, 47.975628358599167 ], [ -3.639281723322755, 47.975453898528592 ], [ -3.639213668206953, 47.975769826973014 ], [ -3.638920058708327, 47.975875233972765 ], [ -3.638815541649, 47.975872738116884 ], [ -3.638720340970512, 47.975828933167627 ], [ -3.638246452572774, 47.975833785945987 ], [ -3.638187124528329, 47.975843154636713 ], [ -3.638104908367276, 47.975799333372038 ], [ -3.637909021065009, 47.975569139977523 ], [ -3.637542942785882, 47.975507518580926 ], [ -3.637530519068183, 47.975502415081323 ], [ -3.637528093850921, 47.975497777427407 ], [ -3.637502869297433, 47.975447601714905 ], [ -3.637557759994313, 47.975156887231236 ], [ -3.637500312084033, 47.97493480476755 ], [ -3.637449574652305, 47.974782065998035 ], [ -3.637126255743189, 47.974627587613242 ], [ -3.636653764441862, 47.974414383479676 ], [ -3.636645614736648, 47.974404053453149 ], [ -3.63661781915574, 47.974393338457631 ], [ -3.636157213127928, 47.97400935945339 ], [ -3.636111891626524, 47.973991100584954 ], [ -3.636014409487208, 47.973928887904862 ], [ -3.635747203606577, 47.973641580863898 ], [ -3.635294964734092, 47.973422737531379 ], [ -3.635379546318236, 47.973332322998907 ], [ -3.635224389938184, 47.973335130888444 ], [ -3.635110454039041, 47.9734168694172 ], [ -3.635239406531704, 47.973440548744591 ], [ -3.635307339065114, 47.973900265693665 ], [ -3.635206947966036, 47.974046982081823 ], [ -3.635099745525863, 47.974067020667242 ], [ -3.635028226685165, 47.974105129490269 ], [ -3.634665271820003, 47.974330218951394 ], [ -3.634602223556003, 47.974329882365659 ], [ -3.634217830833713, 47.97437247384633 ], [ -3.634159361549565, 47.974378707049283 ], [ -3.633979835214348, 47.974388415368416 ], [ -3.633754276731625, 47.974208753846248 ], [ -3.633680358653473, 47.974171392202628 ], [ -3.633622590174147, 47.974028503879502 ], [ -3.634119954901971, 47.973940249384185 ], [ -3.634211970858636, 47.973929634163845 ], [ -3.634249678627406, 47.973923083660139 ], [ -3.634271448655464, 47.973896149826203 ], [ -3.634315514033887, 47.973757959672646 ], [ -3.634165671698396, 47.97384763318265 ], [ -3.633543607405178, 47.973747314643603 ], [ -3.633034450209307, 47.973613207589977 ], [ -3.633138019194985, 47.973200596752555 ], [ -3.633886747260039, 47.973115746919596 ], [ -3.634336093359215, 47.973242196470096 ], [ -3.634435162125521, 47.972840656779191 ], [ -3.633997166619894, 47.972287546596299 ], [ -3.633418711291436, 47.972712799684459 ], [ -3.63305516589291, 47.97303399505001 ], [ -3.632428405529744, 47.972910537025122 ], [ -3.632471800372364, 47.972550297201117 ], [ -3.632460965410308, 47.972202043123346 ], [ -3.63300407745822, 47.972070050916592 ], [ -3.633816829863632, 47.972068901300254 ], [ -3.633470971950489, 47.971432004270739 ], [ -3.632959629022317, 47.971267342821477 ], [ -3.63274765203783, 47.971582511609981 ], [ -3.63219343211846, 47.971974302678063 ], [ -3.63212828924842, 47.972070586608055 ], [ -3.63173828328662, 47.97244507961905 ], [ -3.63162500629589, 47.972599009821387 ], [ -3.631652945773745, 47.972925999425186 ], [ -3.632194306254557, 47.972981632829786 ], [ -3.632351758684371, 47.973016945633155 ], [ -3.632874168746914, 47.973223678518387 ], [ -3.632734906346104, 47.973548375528523 ], [ -3.632858761822142, 47.973649540224933 ], [ -3.632396193600718, 47.973869876549131 ], [ -3.632178509195502, 47.974218594144162 ], [ -3.632174609114403, 47.974223737737709 ], [ -3.632262307001287, 47.974579891870157 ], [ -3.632202377340546, 47.974625516703107 ], [ -3.632164511530198, 47.974626303211139 ], [ -3.63167924184573, 47.97457816180809 ], [ -3.63161995521313, 47.974606428359152 ], [ -3.631180068311902, 47.974804974611644 ], [ -3.631110494064976, 47.974800547662099 ], [ -3.631021197627224, 47.974807793608193 ], [ -3.630795173115837, 47.97464089701834 ], [ -3.631045656730286, 47.974418290632009 ], [ -3.631065054806825, 47.974405351281874 ], [ -3.631254728989872, 47.974181999780996 ], [ -3.63162739615774, 47.973995453581267 ], [ -3.631899373743069, 47.974103488813924 ], [ -3.631649532040798, 47.973978697779252 ], [ -3.631833865611436, 47.973639136590734 ], [ -3.632062539300641, 47.973434280442042 ], [ -3.631566114753402, 47.973187012645411 ], [ -3.631173738126055, 47.97339504195476 ], [ -3.631277321618204, 47.973642695212071 ], [ -3.63158674424422, 47.973971344310179 ], [ -3.631088513320433, 47.973982797628977 ], [ -3.631039601232535, 47.974121431444892 ], [ -3.631012935223684, 47.97438038646554 ], [ -3.630619325987508, 47.974341331354488 ], [ -3.630242209111323, 47.974257687394505 ], [ -3.630423599175534, 47.973987732897569 ], [ -3.630659859081679, 47.973768538123167 ], [ -3.630239358414072, 47.973524556127828 ], [ -3.62969295883657, 47.973464673799917 ], [ -3.629685466286464, 47.973106764269218 ], [ -3.62949318060688, 47.972830634526822 ], [ -3.629003967834763, 47.972529404755257 ], [ -3.628477304053686, 47.972407802153832 ], [ -3.62829729197649, 47.972360789469015 ], [ -3.627823170311334, 47.971973088215798 ], [ -3.627712833926137, 47.971588134097125 ], [ -3.627666493273595, 47.971427646809218 ], [ -3.627478052000752, 47.971228181741381 ], [ -3.627217749595847, 47.971345642580971 ], [ -3.627185692817623, 47.971529607820138 ], [ -3.627041428443112, 47.971778506645926 ], [ -3.626698339248407, 47.971747991694301 ], [ -3.626186197979117, 47.971774898793534 ], [ -3.626024588201251, 47.971751825479345 ], [ -3.625668097813791, 47.972051894763958 ], [ -3.625731542691121, 47.972241070959967 ], [ -3.625711406539892, 47.972473422462137 ], [ -3.625717415757812, 47.972661017390557 ], [ -3.625758391610145, 47.972915813400782 ], [ -3.626071702898241, 47.97287941247243 ], [ -3.626553092148112, 47.972851810227766 ], [ -3.626674847357461, 47.97285942755834 ], [ -3.6269293462399, 47.972788565116197 ], [ -3.627108531112536, 47.972628196609591 ], [ -3.627184721056497, 47.972444469897518 ], [ -3.62753830353156, 47.972192580070583 ], [ -3.628244881608852, 47.972453631588785 ], [ -3.627938972639519, 47.972740302938512 ], [ -3.627630882459876, 47.972795982625883 ], [ -3.627242447576434, 47.97283765966926 ], [ -3.627224935029601, 47.973089413749314 ], [ -3.627483327929352, 47.973273245503385 ], [ -3.627850967338424, 47.973342132208337 ], [ -3.627528079369525, 47.973486533639125 ], [ -3.62729138871613, 47.97365711156769 ], [ -3.627229476966922, 47.973446455643412 ], [ -3.626816992228535, 47.973286680832025 ], [ -3.626455127030518, 47.973361909368592 ], [ -3.62616795144714, 47.97337371524609 ], [ -3.625724272284776, 47.973404578726814 ], [ -3.625682166004407, 47.973409689592955 ], [ -3.625645463965478, 47.973389165972769 ], [ -3.625419370038192, 47.973094992043023 ], [ -3.625298633888265, 47.973069932763877 ], [ -3.62529287037657, 47.972935624458849 ], [ -3.625357576235401, 47.972611987703239 ], [ -3.625415544675402, 47.97251943637059 ], [ -3.625435398017258, 47.972085202285172 ], [ -3.625189564335716, 47.971933024105461 ], [ -3.625042143218867, 47.971787734610018 ], [ -3.624886047934176, 47.971805899673022 ], [ -3.624538221060908, 47.971882838269259 ], [ -3.624386519076587, 47.971962381351673 ], [ -3.624034057794391, 47.971964434399183 ], [ -3.623795509223287, 47.972184829735625 ], [ -3.623664399907677, 47.972209335864854 ], [ -3.623640103591304, 47.972204356683989 ], [ -3.6231451675287, 47.97230701145002 ], [ -3.623009182431322, 47.972293079276191 ], [ -3.622485820572513, 47.972192753195138 ], [ -3.622524435168463, 47.972102071645864 ], [ -3.622436241077226, 47.972169454350073 ], [ -3.622436234380491, 47.972169634224407 ], [ -3.622007726592427, 47.97201240484317 ], [ -3.622006631358349, 47.972011933216898 ], [ -3.621974061778178, 47.97178088232485 ], [ -3.621973758101316, 47.971779076268547 ], [ -3.621973410886569, 47.971778439394953 ], [ -3.621919608341538, 47.97168926463231 ], [ -3.621920042632999, 47.971687563140677 ], [ -3.621966545001737, 47.971444842040434 ], [ -3.621969911047965, 47.97144409842911 ], [ -3.622334924853256, 47.971343926313089 ], [ -3.622269344374806, 47.970903597063739 ], [ -3.622271631913071, 47.970901932134652 ], [ -3.622285277563771, 47.970854229669641 ], [ -3.622261801766488, 47.970896968028569 ], [ -3.622265330818577, 47.970901807820404 ], [ -3.62159838440848, 47.971081704383707 ], [ -3.621637099231648, 47.971287135670636 ], [ -3.621337915316851, 47.971352693502268 ], [ -3.620991331957531, 47.971615231946096 ], [ -3.620967693232765, 47.971642396296623 ], [ -3.620942294565114, 47.971696886885809 ], [ -3.620731831247828, 47.971820266543638 ], [ -3.620421197663426, 47.971705229351826 ], [ -3.620367397595087, 47.971616053823993 ], [ -3.620362347180714, 47.971602273601995 ], [ -3.620091393974472, 47.971288481776973 ], [ -3.619687911842631, 47.971276192521323 ], [ -3.619740948783579, 47.970848464694328 ], [ -3.619783277915375, 47.970817439643639 ], [ -3.61974693755197, 47.970747509367129 ], [ -3.619672947366843, 47.970792039512204 ], [ -3.619668795327358, 47.970823818638934 ], [ -3.619264553731794, 47.971120493896827 ], [ -3.618707832064017, 47.971109493520977 ], [ -3.618667632084965, 47.971103298894121 ], [ -3.618656582919898, 47.971101190469582 ], [ -3.618065565987478, 47.971005265954176 ], [ -3.617669911703713, 47.971111298222965 ], [ -3.617611907245502, 47.970796939901213 ], [ -3.617577827000994, 47.970726153500799 ], [ -3.617475287979307, 47.97070072516285 ], [ -3.617457464977886, 47.970780745680088 ], [ -3.617382638163261, 47.971125958806816 ], [ -3.616966901024909, 47.970935210486047 ], [ -3.616838326392828, 47.970941487800303 ], [ -3.616637790168784, 47.970788835703914 ], [ -3.616734730306627, 47.970407789176122 ], [ -3.616811662590042, 47.970354048867193 ], [ -3.61674351755622, 47.970281688378506 ], [ -3.616574617027688, 47.970205714715199 ], [ -3.616595304668631, 47.970347069097791 ], [ -3.616237845482722, 47.970503083416965 ], [ -3.616099908673556, 47.970382629949761 ], [ -3.616100291117257, 47.970342586044971 ], [ -3.616076796368215, 47.970296309490962 ], [ -3.616294472937127, 47.96995005348932 ], [ -3.615787042081337, 47.969771616930856 ], [ -3.615783015371385, 47.969770187196382 ], [ -3.615753669805984, 47.969652152191884 ], [ -3.615753332749037, 47.969651245488954 ], [ -3.615752972181351, 47.969650968343679 ], [ -3.615730359358987, 47.969620819764806 ], [ -3.615730025661304, 47.969619823125029 ], [ -3.615682187444336, 47.969520232825758 ], [ -3.615683730473841, 47.969518643303807 ], [ -3.615870532330832, 47.969284011375052 ], [ -3.615873116745015, 47.969284332526556 ], [ -3.616135305022091, 47.969315441461276 ], [ -3.616395179184451, 47.969170097650647 ], [ -3.616630818737478, 47.969147308247571 ], [ -3.616845452962648, 47.968882354275443 ], [ -3.616994686430677, 47.968819333631501 ], [ -3.617583282848069, 47.968800552418912 ], [ -3.617871494764278, 47.968720657828072 ], [ -3.617859456683014, 47.968446810291404 ], [ -3.61745024620161, 47.968250612679377 ], [ -3.617330698031679, 47.968054921914224 ], [ -3.616990983811907, 47.967656419796896 ], [ -3.616863474920708, 47.967544903994821 ], [ -3.61658585675599, 47.966894000209543 ], [ -3.616555451366652, 47.966863967700071 ], [ -3.616175385694468, 47.966731973930727 ], [ -3.615698724235398, 47.966574576318607 ], [ -3.615368599404239, 47.967310117938503 ], [ -3.614999262544892, 47.967566065937781 ], [ -3.614884446769644, 47.96796871714642 ], [ -3.614460329743839, 47.968112245027719 ], [ -3.614181234159692, 47.968523793021802 ], [ -3.61417710338367, 47.968525151266228 ], [ -3.614175610755386, 47.968525391715296 ], [ -3.614169269605861, 47.968526346171217 ], [ -3.614133966589537, 47.968508276379929 ], [ -3.613643553297615, 47.968202542017757 ], [ -3.613438542816283, 47.968080756431988 ], [ -3.613410381315969, 47.968248684591899 ], [ -3.613410361142398, 47.968249224211753 ], [ -3.613409970334438, 47.968249756488774 ], [ -3.613369853904879, 47.968330684669475 ], [ -3.613177306791736, 47.968609660059684 ], [ -3.613019159733601, 47.96870264999513 ], [ -3.612881765470445, 47.968617574417038 ], [ -3.612396391111938, 47.968683017745995 ], [ -3.612390423916421, 47.96868388950768 ], [ -3.612388533728395, 47.968684842078993 ], [ -3.612052665774724, 47.968858551035822 ], [ -3.61205193795614, 47.968858176594239 ], [ -3.611739512738292, 47.968633274539464 ], [ -3.611738801749096, 47.96863245041277 ], [ -3.611679719052229, 47.968565936552842 ], [ -3.611594950992945, 47.968630768248381 ], [ -3.611636684383535, 47.968695048090822 ], [ -3.61177637432567, 47.968966567727151 ], [ -3.611440967987567, 47.969068371353337 ], [ -3.610964802782186, 47.96929392704638 ], [ -3.611078535300152, 47.968940849379656 ], [ -3.610954916549833, 47.968735530001361 ], [ -3.610531630350654, 47.968668181471955 ], [ -3.610391536146824, 47.968655321813266 ], [ -3.609942218753469, 47.968748290574538 ], [ -3.609749025870476, 47.968746886886386 ], [ -3.609373523351767, 47.968740694359262 ], [ -3.608773650717686, 47.968793048474133 ], [ -3.608703957554023, 47.96874252287563 ], [ -3.608464364599917, 47.968702484181371 ], [ -3.608018355924951, 47.968558621668073 ], [ -3.607752955282237, 47.968831100832446 ], [ -3.607623134417174, 47.968989448262469 ], [ -3.607290887059571, 47.968996888291421 ], [ -3.607320062073793, 47.96928718920141 ], [ -3.607602530829822, 47.96943023611712 ], [ -3.607614303661736, 47.969591126257107 ], [ -3.607595451044501, 47.96960920247745 ], [ -3.607144084012267, 47.969786182545604 ], [ -3.607140343855729, 47.969787008268256 ], [ -3.60713100695262, 47.969788712828141 ], [ -3.606484579642464, 47.969568858835686 ], [ -3.606438231280359, 47.969598088841437 ], [ -3.605939673993112, 47.969717873790003 ], [ -3.605974020153438, 47.969899823809804 ], [ -3.605757776086239, 47.970087592430211 ], [ -3.6055210993315, 47.970424450435473 ], [ -3.605520023364521, 47.970443239802215 ], [ -3.605419962541847, 47.970658338987811 ], [ -3.605253885247244, 47.970487719694994 ], [ -3.604979242690895, 47.970472177367974 ], [ -3.60487148207912, 47.970516836008329 ], [ -3.604885586195928, 47.970625300943418 ], [ -3.605178947344146, 47.970903126437513 ], [ -3.604692978252425, 47.971023156381406 ], [ -3.6044903941344, 47.971370501102236 ], [ -3.604460526478016, 47.971454690465492 ], [ -3.604349903838258, 47.971486601201121 ], [ -3.603794523571061, 47.971617576926249 ], [ -3.603826865150456, 47.9720009165747 ], [ -3.603714908703165, 47.972048550827189 ], [ -3.60371522531834, 47.972049997188577 ], [ -3.603710635564761, 47.972053686013069 ], [ -3.603577321464659, 47.972146527045993 ], [ -3.603535776008346, 47.971978653174311 ], [ -3.603635816637435, 47.971606318331276 ], [ -3.60330943790298, 47.971289219662161 ], [ -3.603016285350843, 47.971183750250397 ], [ -3.602837775805487, 47.970988758590295 ], [ -3.602739079519314, 47.970594647337322 ], [ -3.602962815876857, 47.970109031303004 ], [ -3.602983965599005, 47.97004959987769 ], [ -3.602930631565341, 47.969573588708656 ], [ -3.602973307366997, 47.969494065012967 ], [ -3.603140164966077, 47.969446174518403 ], [ -3.603255853179841, 47.969575562495969 ], [ -3.603139182796846, 47.970005527771114 ], [ -3.60319371281026, 47.970094276811693 ], [ -3.603595060023631, 47.970331054350289 ], [ -3.603841077010536, 47.970506327155967 ], [ -3.603942344916907, 47.970229600837015 ], [ -3.603903088607778, 47.970129185628927 ], [ -3.603905924074177, 47.969678323730655 ], [ -3.604357055431682, 47.96927076303367 ], [ -3.604493521415062, 47.96923207625354 ], [ -3.60500591801867, 47.969079541955921 ], [ -3.605546908946458, 47.968916143429617 ], [ -3.605655609773359, 47.968866102721783 ], [ -3.605795422319491, 47.968906233980462 ], [ -3.605980229544358, 47.969101525615187 ], [ -3.606115144629752, 47.969193131120456 ], [ -3.606292041043174, 47.96934227315591 ], [ -3.606173919138544, 47.969168828456702 ], [ -3.606494477879209, 47.968859917737589 ], [ -3.606797351171061, 47.968814814992243 ], [ -3.607166948963162, 47.968533338007184 ], [ -3.60727442556356, 47.968446640001197 ], [ -3.607526959876236, 47.96842834619887 ], [ -3.607339126392551, 47.968264228425426 ], [ -3.607348527845938, 47.967845269235326 ], [ -3.607556892551351, 47.967580388584288 ], [ -3.60774136998488, 47.967319443287764 ], [ -3.607819525937585, 47.966906620320351 ], [ -3.607602102550318, 47.966651371976944 ], [ -3.607875529021719, 47.966213987161282 ], [ -3.607239040741177, 47.966135640098457 ], [ -3.607094575118096, 47.965735044995554 ], [ -3.607276726348078, 47.965140322619604 ], [ -3.607022544144426, 47.964985326513485 ], [ -3.606403365422698, 47.964653509131857 ], [ -3.606157249664872, 47.964293463937373 ], [ -3.60563459427756, 47.963811185478072 ], [ -3.604936820634069, 47.964180721952474 ], [ -3.604758802360696, 47.964397958838092 ], [ -3.604329386436409, 47.964287442030255 ], [ -3.604324338437942, 47.963957569610933 ], [ -3.604353341718223, 47.963333164195447 ], [ -3.603757287821705, 47.962850586159021 ], [ -3.602987963770918, 47.962992237639426 ], [ -3.602771842011173, 47.963483222493629 ], [ -3.602439728103019, 47.963872893685384 ], [ -3.602278552059545, 47.964164804772764 ], [ -3.602090625904331, 47.964576337420525 ], [ -3.602677401266453, 47.964496489374426 ], [ -3.603562317407113, 47.964773495672894 ], [ -3.603461828092364, 47.965345716946807 ], [ -3.603152810893494, 47.966009011062908 ], [ -3.603039433380677, 47.966025654721712 ], [ -3.602059078833259, 47.966185600292597 ], [ -3.601557845094913, 47.96639684465304 ], [ -3.600998351003909, 47.966667948282385 ], [ -3.600548780563629, 47.966905688683489 ], [ -3.599954941537694, 47.967340179281635 ], [ -3.599783431919032, 47.96753152777076 ], [ -3.599762349006649, 47.967707424554611 ], [ -3.599154648842445, 47.968214177924104 ], [ -3.598860403200123, 47.968502981507001 ], [ -3.598278254068939, 47.968734558675173 ], [ -3.597626086601931, 47.968845570503866 ], [ -3.596838604293925, 47.968226106430798 ], [ -3.596869234774258, 47.968180996034945 ], [ -3.59679866695951, 47.968193357756967 ], [ -3.596797371335029, 47.968217902918894 ], [ -3.596785396451332, 47.968250245206349 ], [ -3.596574698020221, 47.968959588551598 ], [ -3.596173671465444, 47.968971201477238 ], [ -3.595913848071033, 47.96959603945691 ], [ -3.595699556393849, 47.970154283734061 ], [ -3.595563437098227, 47.970203227012014 ], [ -3.594843504488663, 47.970379471933867 ], [ -3.594350686699594, 47.970759250546536 ], [ -3.594072039893813, 47.971017032770177 ], [ -3.593467823654464, 47.970967151654563 ], [ -3.593025594504738, 47.970703957060714 ], [ -3.592503011300025, 47.970967837155548 ], [ -3.592822078020176, 47.971536024691723 ], [ -3.593217881708362, 47.971221005556089 ], [ -3.594027310558446, 47.971376784885763 ], [ -3.593782792777453, 47.971752344098157 ], [ -3.593499528317311, 47.971798073187159 ], [ -3.592650384807122, 47.971819703767338 ], [ -3.593141875734868, 47.972448671879938 ], [ -3.593148711206365, 47.972454298823514 ], [ -3.593160512579405, 47.972475775797577 ], [ -3.593131937204361, 47.972466293960139 ], [ -3.592626826422451, 47.972768056441979 ], [ -3.59225786399668, 47.972912152974708 ], [ -3.591888570835325, 47.973006019324245 ], [ -3.591556893707176, 47.973341398597015 ], [ -3.592146687223745, 47.973449684206358 ], [ -3.592819216386763, 47.973508498893487 ], [ -3.592799167693606, 47.973951188847394 ], [ -3.592826409593711, 47.973996015776429 ], [ -3.592649927915059, 47.974337562495592 ], [ -3.592247352119491, 47.974516898769814 ], [ -3.592119644992096, 47.974539185138788 ], [ -3.592112173816638, 47.974540565744313 ], [ -3.591559306399758, 47.974416818244251 ], [ -3.591557830507996, 47.974416608701311 ], [ -3.591432016886152, 47.974339657368667 ], [ -3.591027537602375, 47.974048858422023 ], [ -3.591026088903015, 47.974047929381349 ], [ -3.591026218012833, 47.974044511801232 ], [ -3.59101733158541, 47.973720048377047 ], [ -3.590775018569752, 47.973516108354644 ], [ -3.590258666398171, 47.973250968247882 ], [ -3.58995431880049, 47.97309852671296 ], [ -3.590255145586296, 47.973020216748353 ], [ -3.590759034190058, 47.972633386481967 ], [ -3.590444051254252, 47.971878965193966 ], [ -3.58945347551827, 47.971971992409202 ], [ -3.589859984059706, 47.971325263947868 ], [ -3.590573242575529, 47.97159146830974 ], [ -3.590836504911143, 47.971711944157775 ], [ -3.591254598316522, 47.972064129006917 ], [ -3.591446382800841, 47.972289737682445 ], [ -3.591613179996251, 47.972243933356786 ], [ -3.591655725731026, 47.97220761301611 ], [ -3.591949101353676, 47.972051385833957 ], [ -3.592284454916579, 47.971716619440087 ], [ -3.591923677413494, 47.971044900898235 ], [ -3.591791252610462, 47.970877993654682 ], [ -3.591074736680606, 47.970324979126268 ], [ -3.590296793419758, 47.970278892876522 ], [ -3.590171794063475, 47.96952305559963 ], [ -3.590160762881998, 47.96950087370255 ], [ -3.58905439756986, 47.969616238603649 ], [ -3.588474186549066, 47.968951722300119 ], [ -3.588211232863745, 47.968264581230201 ], [ -3.587805355673598, 47.968796649473681 ], [ -3.587592048762131, 47.969111167505126 ], [ -3.587939515480033, 47.969623236613096 ], [ -3.588170900982587, 47.969791772280885 ], [ -3.587925310847116, 47.969851652398674 ], [ -3.587784056538784, 47.969810658935081 ], [ -3.587014741823888, 47.969605414569841 ], [ -3.586373817998098, 47.969438111988921 ], [ -3.586014135964545, 47.968788626219585 ], [ -3.585796458586747, 47.969482780876668 ], [ -3.585125385946874, 47.969847150843236 ], [ -3.584923711899955, 47.969952007794312 ], [ -3.58483890386857, 47.970212847779131 ], [ -3.584839495195353, 47.969942666847196 ], [ -3.583860796157775, 47.969566328477491 ], [ -3.583652743698827, 47.969506707170581 ], [ -3.582870025762719, 47.969058692362196 ], [ -3.582419534993513, 47.969562664134138 ], [ -3.582338431546649, 47.969891800040266 ], [ -3.582767478138527, 47.970109952113702 ], [ -3.583271471765419, 47.970474425067358 ], [ -3.583710181387022, 47.970751000272493 ], [ -3.584692538213988, 47.970815908392282 ], [ -3.584305922147741, 47.971464817857111 ], [ -3.583669931687417, 47.971744380207092 ], [ -3.583044681017748, 47.971407894465763 ], [ -3.582534433206831, 47.971139689384216 ], [ -3.582218587294386, 47.970724001826639 ], [ -3.58168224587463, 47.970312791280186 ], [ -3.580995818424906, 47.970171813214797 ], [ -3.580720948627395, 47.969624908872703 ], [ -3.58031471756441, 47.969998086296719 ], [ -3.580032584121883, 47.970189790121402 ], [ -3.580244281913693, 47.970505104337015 ], [ -3.580290146352457, 47.971172960000686 ], [ -3.58063406734172, 47.971552316369554 ], [ -3.580958672088532, 47.972069350136444 ], [ -3.580982630149197, 47.972395918318043 ], [ -3.581059412955485, 47.973011743420749 ], [ -3.580712037708953, 47.973270361232032 ], [ -3.580898351247182, 47.973658697819182 ], [ -3.581314499860554, 47.973914308335296 ], [ -3.581487855214649, 47.974644311111099 ], [ -3.58146268357847, 47.974848205668891 ], [ -3.581804455537475, 47.97575431308838 ], [ -3.580663247984316, 47.975757739434052 ], [ -3.580372426756616, 47.976099398745539 ], [ -3.579549732644918, 47.976516671437146 ], [ -3.579362845282112, 47.976563403598 ], [ -3.579389637672314, 47.976697959970778 ], [ -3.579534364275189, 47.976804107731063 ], [ -3.579872186196271, 47.977413217228474 ], [ -3.579661298722326, 47.97763272660206 ], [ -3.579551917099355, 47.978207547458503 ], [ -3.579411315521959, 47.978363847152806 ], [ -3.578826672453796, 47.97880273650685 ], [ -3.578689537149761, 47.978936063879402 ], [ -3.578293427818179, 47.979519153363988 ], [ -3.578250568557373, 47.979719541896465 ], [ -3.578023820115948, 47.980209554845864 ], [ -3.577695320675047, 47.980419042686385 ], [ -3.577728558316943, 47.980764611784949 ], [ -3.577456247104043, 47.981223284842635 ], [ -3.577809329981551, 47.982006870100562 ], [ -3.577908004851593, 47.982065740236351 ], [ -3.578335123200944, 47.982932089429561 ], [ -3.57864521728636, 47.983041297315275 ], [ -3.579544860539358, 47.983316186082661 ], [ -3.579549258023678, 47.983317624634715 ], [ -3.5795647944053, 47.983318837261919 ], [ -3.579948989536335, 47.983352667652028 ], [ -3.580687355600425, 47.98341963058629 ], [ -3.581420547627345, 47.983505655573225 ], [ -3.581754251396377, 47.983403546727978 ], [ -3.582085081492077, 47.983650959392065 ], [ -3.58246929742122, 47.9837723562867 ], [ -3.582382780263002, 47.984214343786334 ], [ -3.582092567240305, 47.984656468548721 ], [ -3.582007223391523, 47.984734948245915 ], [ -3.581786933392291, 47.984898651039003 ], [ -3.581869594193209, 47.98536023952758 ], [ -3.581304550116547, 47.985183632618906 ], [ -3.580841028979472, 47.985303921597861 ], [ -3.58061312724869, 47.985335701258137 ], [ -3.580606187583207, 47.9853425821317 ], [ -3.58055565031952, 47.98539349899746 ], [ -3.580544925185578, 47.985421905038692 ], [ -3.580526748142217, 47.985470682457034 ], [ -3.580328555894329, 47.985970727104913 ], [ -3.579897295398275, 47.986130363416166 ], [ -3.579401183802444, 47.985858107192563 ], [ -3.579336532511044, 47.985831244876252 ], [ -3.579298542367065, 47.985815539600665 ], [ -3.57895074531064, 47.985379935274516 ], [ -3.57889549668669, 47.985310689335989 ], [ -3.579038402750028, 47.985016097216992 ], [ -3.57883873818442, 47.984802726587169 ], [ -3.578834680584844, 47.984802104895536 ], [ -3.577748041299093, 47.984643872571617 ], [ -3.578679972687642, 47.983815772567972 ], [ -3.57868688847678, 47.983809521381033 ], [ -3.578681964819821, 47.983802401867116 ], [ -3.578169849628163, 47.983063590252257 ], [ -3.577945410814146, 47.98295565556819 ], [ -3.577575966525839, 47.982211883252027 ], [ -3.576836571957704, 47.981938315962374 ], [ -3.576798135684272, 47.981924670923796 ], [ -3.576793581038579, 47.981927369335075 ], [ -3.576789788350486, 47.981929543064034 ], [ -3.576787760321878, 47.981934092479044 ], [ -3.576787328037182, 47.981935703865823 ], [ -3.576518143815106, 47.982545917170185 ], [ -3.575821411948853, 47.982750230763735 ], [ -3.575739110291555, 47.982738851485323 ], [ -3.575220572158683, 47.982667195824959 ], [ -3.575146184335019, 47.982701338340448 ], [ -3.574919992927067, 47.982805324645092 ], [ -3.57485787682019, 47.982877696672531 ], [ -3.574679328946683, 47.983084799257959 ], [ -3.574118596151138, 47.980827947313813 ], [ -3.57408607203327, 47.98069804370229 ], [ -3.574129500623247, 47.980629255567223 ], [ -3.574098474849356, 47.980518463315903 ], [ -3.573955206809186, 47.980481191465742 ], [ -3.573924504581801, 47.98057624776667 ], [ -3.573206114869378, 47.982800638015547 ], [ -3.573529932340361, 47.980601139772688 ], [ -3.573735571547842, 47.979965080921858 ], [ -3.574692854120047, 47.980215072019384 ], [ -3.574900216573504, 47.980956396278174 ], [ -3.574611138107987, 47.981416344756163 ], [ -3.574827345446308, 47.982286015716156 ], [ -3.574915068404474, 47.982184188254308 ], [ -3.575024576122847, 47.982133832974739 ], [ -3.575787797807865, 47.982239312987872 ], [ -3.575912601084037, 47.982108710324454 ], [ -3.576130420292003, 47.981542016187937 ], [ -3.576612968843091, 47.981272092657662 ], [ -3.576544051451305, 47.980860100299637 ], [ -3.576547491219638, 47.980340479554421 ], [ -3.576653274616957, 47.980017242084429 ], [ -3.576598075257164, 47.979429926466565 ], [ -3.576665334465683, 47.979231920210395 ], [ -3.576925552245311, 47.978613157232964 ], [ -3.576155382159062, 47.977989385386287 ], [ -3.577239308672568, 47.978137500328565 ], [ -3.577805477566528, 47.97821406624022 ], [ -3.578380687816737, 47.97817965501897 ], [ -3.578557375587312, 47.978001221786371 ], [ -3.57859206523728, 47.977810749530903 ], [ -3.578327164335128, 47.977547822659105 ], [ -3.577846604448976, 47.977258951514273 ], [ -3.577856463147761, 47.976843417243799 ], [ -3.577722983797488, 47.97642193647151 ], [ -3.577261236617994, 47.976194734902251 ], [ -3.576893761687199, 47.975839553514028 ], [ -3.576222813744512, 47.975231642277691 ], [ -3.577262906560179, 47.975467799168321 ], [ -3.57821494975089, 47.975200036326584 ], [ -3.578342733630104, 47.975058781385385 ], [ -3.579141824256736, 47.974705936912386 ], [ -3.579402167424147, 47.974414700593535 ], [ -3.57962394573418, 47.974035113233711 ], [ -3.57951537472846, 47.97384643888261 ], [ -3.579282378487358, 47.972988056029457 ], [ -3.579313472910209, 47.972970230847807 ], [ -3.579299828466308, 47.972958345661496 ], [ -3.579285640768321, 47.972921698268991 ], [ -3.57922965902482, 47.972872059137956 ], [ -3.578222791592575, 47.970747393675119 ], [ -3.578227464520965, 47.970653703063675 ], [ -3.578583194967516, 47.970126238624971 ], [ -3.578152451234254, 47.969582219385124 ], [ -3.578152282919123, 47.968913123125866 ], [ -3.578629414034245, 47.968685118344709 ], [ -3.57912802282652, 47.968897395156944 ], [ -3.579797605600186, 47.969227505556155 ], [ -3.580273529732185, 47.968884623752757 ], [ -3.580407063326725, 47.968259169920877 ], [ -3.57959894988987, 47.967875423280283 ], [ -3.579300585771959, 47.967762223577928 ], [ -3.57911531667346, 47.967425298749582 ], [ -3.5795055897676, 47.966729770443585 ], [ -3.579457861239855, 47.966648526141064 ], [ -3.579145747707281, 47.965960012455049 ], [ -3.57890156556294, 47.965367819979114 ], [ -3.578837915199434, 47.965178519964276 ], [ -3.578724302897548, 47.96501566533157 ], [ -3.578233755837359, 47.964377379391443 ], [ -3.578676419898121, 47.963757164152923 ], [ -3.578876300823441, 47.963601611121625 ], [ -3.578945887218913, 47.963341640313374 ], [ -3.57862512640492, 47.962754476692346 ], [ -3.578434456342353, 47.962609061230864 ], [ -3.578513440929945, 47.961906460682044 ], [ -3.578547030124234, 47.961676366950094 ], [ -3.578338900270163, 47.961522049422484 ], [ -3.577984857688214, 47.961391523961545 ], [ -3.577473410814011, 47.961606681712475 ], [ -3.577825768469046, 47.961869390724758 ], [ -3.578121991914147, 47.962672522038005 ], [ -3.577100271866882, 47.963042018273882 ], [ -3.575758861628493, 47.963157369261481 ], [ -3.575685377461997, 47.963129426539226 ], [ -3.57479519646878, 47.962517178469483 ], [ -3.574526615899174, 47.962362984154467 ], [ -3.574582325709468, 47.962127037186086 ], [ -3.574764522716383, 47.961383768729483 ], [ -3.574896361922443, 47.961320544967343 ], [ -3.575830994513239, 47.960880641550311 ], [ -3.575824088631795, 47.960516166366055 ], [ -3.575518623316208, 47.960347100339739 ], [ -3.575010426277766, 47.960467087656916 ], [ -3.574695982849647, 47.961186987510573 ], [ -3.57407646501769, 47.960538611042253 ], [ -3.573422056816946, 47.960358897614981 ], [ -3.573269234855772, 47.960038188993458 ], [ -3.572780660128229, 47.960275837163948 ], [ -3.572110174200167, 47.96017760477185 ], [ -3.571696108603386, 47.960007234522891 ], [ -3.571245770661019, 47.959757196311863 ], [ -3.571196048730684, 47.959222737980468 ], [ -3.571474477326324, 47.958261540565644 ], [ -3.570792260297226, 47.957888010655772 ], [ -3.571048835500103, 47.957470987014837 ], [ -3.570508615314446, 47.957478070729607 ], [ -3.570129315892316, 47.957417751743392 ], [ -3.570360777927751, 47.957708102812319 ], [ -3.570404917483027, 47.957775957883662 ], [ -3.569677765234789, 47.95793919613088 ], [ -3.569658838783589, 47.957910372213561 ], [ -3.569560093096549, 47.957786600305155 ], [ -3.569385969035542, 47.957568150000974 ], [ -3.568781716634108, 47.957503907218417 ], [ -3.568660870362862, 47.957969123457168 ], [ -3.568019552502284, 47.957845984126386 ], [ -3.568057763912404, 47.957699870760777 ], [ -3.568067906349503, 47.957696475818388 ], [ -3.568251300119109, 47.957652484246026 ], [ -3.56842126088208, 47.957600930296337 ], [ -3.568490102923587, 47.957575321775039 ], [ -3.568672734716813, 47.957454090696139 ], [ -3.56874753625315, 47.957437512959821 ], [ -3.568837815378553, 47.957442939183245 ], [ -3.568979591941594, 47.957420515620335 ], [ -3.569111970582129, 47.957381971114692 ], [ -3.569401660867215, 47.9572734344206 ], [ -3.569629806572769, 47.957154742228582 ], [ -3.569682356520393, 47.957109002706261 ], [ -3.569692134357713, 47.957047097710337 ], [ -3.569676121079024, 47.957009962346945 ], [ -3.569721627596195, 47.957022492930562 ], [ -3.569763480275204, 47.95705304040446 ], [ -3.569807782980536, 47.957097137980448 ], [ -3.569877354773936, 47.9570815337987 ], [ -3.569958094349613, 47.957045364445804 ], [ -3.570053117478634, 47.957013893974811 ], [ -3.570182660724727, 47.956991311578804 ], [ -3.570312279085525, 47.956957030045196 ], [ -3.570573110177777, 47.956866087787311 ], [ -3.570686081034054, 47.956850190163784 ], [ -3.570802801033346, 47.956804036891725 ], [ -3.570919832798416, 47.956749699449865 ], [ -3.571147958490907, 47.956602202586019 ], [ -3.571215637350653, 47.956548667715282 ], [ -3.571215560445129, 47.956511764596492 ], [ -3.571164250880964, 47.95646662601316 ], [ -3.571126521233875, 47.956415461531002 ], [ -3.571115496130044, 47.956383647422697 ], [ -3.571124617608194, 47.956338919828546 ], [ -3.571262726915422, 47.956247206350454 ], [ -3.57157779505276, 47.956095255030483 ], [ -3.571673775238998, 47.956038601488835 ], [ -3.571658321337019, 47.956025688779171 ], [ -3.571762272276885, 47.955983686788315 ], [ -3.571965297307234, 47.955881673271016 ], [ -3.572102040846229, 47.955767340278861 ], [ -3.572661784333846, 47.955383527634964 ], [ -3.57313037971294, 47.955085175878892 ], [ -3.573312263218696, 47.955012344419956 ], [ -3.573353707875769, 47.954995180283589 ], [ -3.573401927696054, 47.954965642383314 ], [ -3.573416973186293, 47.95493084465685 ], [ -3.573466311397613, 47.954901149298557 ], [ -3.573543985091799, 47.954906407233025 ], [ -3.57361955116604, 47.95489884205692 ], [ -3.573705803179557, 47.954873581774443 ], [ -3.57376369106625, 47.954843338809866 ], [ -3.574029402169336, 47.954506867333009 ], [ -3.57427503513462, 47.954386088807865 ], [ -3.57425377162173, 47.954438131854118 ], [ -3.574143391042484, 47.954580990385828 ], [ -3.574085327360928, 47.95467432251673 ], [ -3.574085559296857, 47.954736429686207 ], [ -3.57414670653639, 47.954786175501532 ], [ -3.574234579116662, 47.954815759706513 ], [ -3.574331925759365, 47.954820513991152 ], [ -3.574438271541564, 47.954822659640421 ], [ -3.574555072786757, 47.954803415256428 ], [ -3.574797363712191, 47.954711999266742 ], [ -3.574881038681306, 47.954656984902336 ], [ -3.574948564043815, 47.95456834340392 ], [ -3.575123019425712, 47.954466468038397 ], [ -3.575193421654103, 47.954399665296243 ], [ -3.575331694702754, 47.95424485781033 ], [ -3.575491993213434, 47.954027671894501 ], [ -3.575526069342108, 47.953940965662127 ], [ -3.5754943287331, 47.95389802392809 ], [ -3.575496158948297, 47.953820657819641 ], [ -3.575497321993666, 47.953790080082371 ], [ -3.575512010155848, 47.953764635284706 ], [ -3.575535454341997, 47.953742967199283 ], [ -3.575575178144106, 47.95372225742252 ], [ -3.575619433922488, 47.953670137797616 ], [ -3.575620033632914, 47.953664119656921 ], [ -3.581249299665583, 47.948418700948601 ], [ -3.581253450243015, 47.948416804371824 ], [ -3.581303680902853, 47.948402424238026 ], [ -3.581364792551468, 47.948384662822647 ], [ -3.582515537052009, 47.947890375913239 ], [ -3.582509661331643, 47.947879097431468 ], [ -3.582781386516007, 47.947763235830024 ], [ -3.58290958554913, 47.94773629174427 ], [ -3.582989691293095, 47.947706490826754 ], [ -3.583485151136598, 47.947488650796572 ], [ -3.583474425692953, 47.947468364638503 ], [ -3.583539622312808, 47.947440603811479 ], [ -3.58355885556406, 47.947461420929578 ], [ -3.584325526859958, 47.947131212916624 ], [ -3.584331766393897, 47.947103527387569 ], [ -3.584507757498604, 47.947028579943215 ], [ -3.584589372516621, 47.947017618790078 ], [ -3.584727050852907, 47.946965482227235 ], [ -3.585263520866517, 47.946741347848821 ], [ -3.585244242973279, 47.94672170019075 ], [ -3.585348197812793, 47.946678876051244 ], [ -3.585357812294584, 47.946699139696541 ], [ -3.58572085994583, 47.946540823223714 ], [ -3.585732370145355, 47.946520803673081 ], [ -3.586077369524792, 47.946378864262783 ], [ -3.586094342958584, 47.946400625576381 ], [ -3.586559415860342, 47.946201332833482 ], [ -3.586920037167552, 47.946038373708667 ], [ -3.586905024843932, 47.946013771796572 ], [ -3.587029429177196, 47.945959566061155 ], [ -3.587047171039988, 47.945980622609767 ], [ -3.587745112179638, 47.945692213902142 ], [ -3.588608471271689, 47.945156910283252 ], [ -3.588582075499865, 47.94512938033558 ], [ -3.588665553355939, 47.945078852435756 ], [ -3.588693094586333, 47.945105505299956 ], [ -3.590481544727582, 47.943989313121392 ], [ -3.590712295394939, 47.943838320977463 ], [ -3.590926809485163, 47.943714723938129 ], [ -3.590935904604619, 47.943709505945982 ], [ -3.591137484804013, 47.943574939211388 ], [ -3.591513487198355, 47.943337661795972 ], [ -3.591560990270433, 47.943287311568469 ], [ -3.591600583524081, 47.943220602544621 ], [ -3.591924312669424, 47.942865274299741 ], [ -3.592301577366147, 47.942427314702442 ], [ -3.592536137240868, 47.942106291129782 ], [ -3.592689457913274, 47.941943665368257 ], [ -3.592782824712482, 47.941788029920573 ], [ -3.592814332605565, 47.941709548500448 ], [ -3.592822582216429, 47.941618631384031 ], [ -3.592816871420946, 47.941445712961006 ], [ -3.592794033135402, 47.941196130009402 ], [ -3.592773284660656, 47.941097522482714 ], [ -3.592739107606705, 47.940991266059456 ], [ -3.592945028693046, 47.940819882506773 ], [ -3.593638040193939, 47.941465831952321 ], [ -3.594306329201537, 47.942089412075219 ], [ -3.594536082423217, 47.941964403026205 ], [ -3.594512380224141, 47.941934228406041 ], [ -3.594603159158456, 47.941886452293581 ], [ -3.594633389769894, 47.941910637274262 ], [ -3.594875471874989, 47.941783083983864 ], [ -3.594876353196841, 47.94175970105379 ], [ -3.594863459661758, 47.941737842786615 ], [ -3.594605880986884, 47.941489687391361 ], [ -3.594479614497728, 47.941367549953277 ], [ -3.594442058914234, 47.941331158184674 ], [ -3.594741242505748, 47.941537754782395 ], [ -3.595238328059716, 47.941736516127548 ], [ -3.596462927982873, 47.942060153483162 ], [ -3.596802812793956, 47.94226917738218 ], [ -3.597253803453343, 47.942126890815167 ], [ -3.597659164806565, 47.941808007454981 ], [ -3.597526516965608, 47.941628684990611 ], [ -3.597541119231435, 47.941615026240136 ], [ -3.597537897825725, 47.941572570968965 ], [ -3.597529379184826, 47.941562500656062 ], [ -3.597391159911593, 47.941393327022354 ], [ -3.597294570992686, 47.941241004908754 ], [ -3.597272960934707, 47.941184772129738 ], [ -3.597283263440236, 47.941048984853069 ], [ -3.597317684654457, 47.941020961585842 ], [ -3.597360759221574, 47.941019121679041 ], [ -3.597385509580197, 47.94105102660204 ], [ -3.597377202935236, 47.941143652781314 ], [ -3.597396795446662, 47.941184544910051 ], [ -3.597511027242735, 47.94136061972403 ], [ -3.597649557255478, 47.941491998556458 ], [ -3.59775047971531, 47.941568625180231 ], [ -3.597861394734165, 47.941645721205873 ], [ -3.597896585865518, 47.941695744853902 ], [ -3.597947589574625, 47.941778754891189 ], [ -3.59797869713783, 47.94183877721985 ], [ -3.598026071271936, 47.941900024280379 ], [ -3.598065671353452, 47.94193141546868 ], [ -3.598133095889861, 47.941913050928349 ], [ -3.598206488398504, 47.94189372544767 ], [ -3.598190567397185, 47.941863616986431 ], [ -3.59810763278053, 47.941762149282191 ], [ -3.598067056796401, 47.941727138549901 ], [ -3.597995540347818, 47.941657219388489 ], [ -3.597966988856283, 47.941598238119738 ], [ -3.597965309543401, 47.941573904054991 ], [ -3.597959968486076, 47.941518806209416 ], [ -3.597939435574899, 47.941443784653188 ], [ -3.597898461264535, 47.941379965269981 ], [ -3.597792970931573, 47.941257256580023 ], [ -3.597759674980138, 47.941196290502312 ], [ -3.59776112721098, 47.941157708645655 ], [ -3.597791576258355, 47.941136716081068 ], [ -3.597832299519707, 47.941138249117351 ], [ -3.597876850322033, 47.941166139128406 ], [ -3.597938566734071, 47.941230462598604 ], [ -3.597947420499048, 47.941231629370584 ], [ -3.597975544865045, 47.941233000838231 ], [ -3.598023131243268, 47.941219640479289 ], [ -3.598207471645959, 47.941148438587831 ], [ -3.598313460530481, 47.941090432855837 ], [ -3.598571237784282, 47.94090999374751 ], [ -3.59872715497112, 47.940766492222266 ], [ -3.598830053865787, 47.940692044012295 ], [ -3.598907595848348, 47.940601789405804 ], [ -3.599119825010854, 47.940252316711437 ], [ -3.599213946457323, 47.940115501766805 ], [ -3.599378017946406, 47.939922661139114 ], [ -3.599428002985867, 47.939875057355394 ], [ -3.599447743150191, 47.93984305050671 ], [ -3.59943693894621, 47.939805034190442 ], [ -3.599463562023244, 47.939777304739323 ], [ -3.60102354056131, 47.939018829163423 ], [ -3.601767370192423, 47.939438843074747 ], [ -3.60210258454187, 47.93878536034277 ], [ -3.602118945832308, 47.938142534425552 ], [ -3.602047824612111, 47.9377166695417 ], [ -3.604648561663739, 47.935508345112687 ], [ -3.605082927203866, 47.932664578649977 ], [ -3.605293166431148, 47.932484979833497 ], [ -3.605130253212487, 47.933626463536967 ], [ -3.605738130616964, 47.932945638889862 ], [ -3.606688329086664, 47.932536402558057 ], [ -3.607235433929246, 47.931992783794691 ], [ -3.607717900039721, 47.931324036513189 ], [ -3.608557660302776, 47.930240012802386 ], [ -3.608802305882838, 47.929804228929925 ], [ -3.608621502047521, 47.929346762322275 ], [ -3.607700104281766, 47.928286421487506 ], [ -3.607439405046321, 47.92793374593947 ], [ -3.607416690619753, 47.927679312100842 ], [ -3.606597025094038, 47.928395710663999 ], [ -3.606881162626104, 47.928854785533446 ], [ -3.606880034636123, 47.928855213107944 ], [ -3.606816530843187, 47.928868350466324 ], [ -3.606769727102919, 47.928900720073393 ], [ -3.60671672685842, 47.928959966706863 ], [ -3.606673458268111, 47.928996906623603 ], [ -3.606559851366747, 47.929021647565236 ], [ -3.606513956254919, 47.929059435196372 ], [ -3.606510721533836, 47.929116071441683 ], [ -3.606538089681812, 47.929275917377225 ], [ -3.606505628847125, 47.929321172269439 ], [ -3.606102401845561, 47.929557144646594 ], [ -3.606069572995573, 47.92954299147123 ], [ -3.606079141783562, 47.929485491199713 ], [ -3.606113017152, 47.929442064577906 ], [ -3.606141300569775, 47.929379716517282 ], [ -3.606193637310144, 47.92919976567071 ], [ -3.606212868899085, 47.929082246987747 ], [ -3.60620963842351, 47.929039882295498 ], [ -3.606133877990671, 47.929053675474421 ], [ -3.606044209687765, 47.929102292302829 ], [ -3.605629438657945, 47.929359453479506 ], [ -3.605583027838628, 47.929391200417875 ], [ -3.605645958780122, 47.928978178139211 ], [ -3.608656773128225, 47.926177456198516 ], [ -3.610558638516487, 47.926481360171081 ], [ -3.610574905481844, 47.926522093376036 ], [ -3.610651881242263, 47.926644132273012 ], [ -3.610693229253958, 47.926698053427266 ], [ -3.610782692369132, 47.926783529855491 ], [ -3.610864512933855, 47.926875154559639 ], [ -3.610955422964311, 47.926921959290681 ], [ -3.610984682387286, 47.926932440094994 ], [ -3.61103902219324, 47.926936308617449 ], [ -3.611071247181093, 47.926926958115672 ], [ -3.611138346089238, 47.926886979506286 ], [ -3.611176594851087, 47.926885038574291 ], [ -3.611349695696758, 47.926914483953837 ], [ -3.611429392920572, 47.926934065582017 ], [ -3.611607474984165, 47.927058290045466 ], [ -3.61168778258189, 47.927091293684136 ], [ -3.61177384368892, 47.927109201308106 ], [ -3.612040948654268, 47.92720189101874 ], [ -3.612344965583449, 47.927328432441811 ], [ -3.612386987968788, 47.927364366187305 ], [ -3.612389987597002, 47.927413026020176 ], [ -3.612519897140221, 47.927576703754099 ], [ -3.612559431877041, 47.927669288495224 ], [ -3.612629573940044, 47.927775980335838 ], [ -3.612686178488673, 47.927848203419089 ], [ -3.612813764052654, 47.927974934461957 ], [ -3.612890503026841, 47.928034056614258 ], [ -3.613017143482432, 47.928116668356573 ], [ -3.613197455644075, 47.9282508344658 ], [ -3.613248135671164, 47.928283249503437 ], [ -3.613344403148422, 47.928325658381652 ], [ -3.613388988507204, 47.928352552483638 ], [ -3.613425890845558, 47.92838667430815 ], [ -3.613536976160263, 47.928459076986009 ], [ -3.613723721430855, 47.92855007941737 ], [ -3.613866019194633, 47.928610500342785 ], [ -3.613967236969333, 47.928649406748839 ], [ -3.614030778511284, 47.928664976197851 ], [ -3.614402541103712, 47.928734533945899 ], [ -3.614766155510911, 47.928764238689432 ], [ -3.61484969353881, 47.92877039375405 ], [ -3.614860972828739, 47.928766117179464 ], [ -3.614926288592209, 47.928744100981575 ], [ -3.615161194066785, 47.928567763106571 ], [ -3.615210845058159, 47.92853841640207 ], [ -3.617786072132125, 47.929683443021311 ], [ -3.617970494706708, 47.929817142342948 ], [ -3.619277276896065, 47.931781419133465 ], [ -3.619186510059869, 47.932386949547741 ], [ -3.619178326150626, 47.932566789244632 ], [ -3.619222015560198, 47.933025756883154 ], [ -3.619286719740778, 47.933308738507357 ], [ -3.619341574732998, 47.933497924593127 ], [ -3.619430415595594, 47.933899194427902 ], [ -3.619511414885876, 47.934172688074426 ], [ -3.619526741466335, 47.934199091272554 ], [ -3.619886020266637, 47.934604896088032 ], [ -3.620159075110577, 47.934897394868216 ], [ -3.620395324341477, 47.93516297550994 ], [ -3.620546587227556, 47.935311765497154 ], [ -3.62064876787787, 47.935384974894383 ], [ -3.620888281858679, 47.935493297400818 ], [ -3.620973631337279, 47.935560593957753 ], [ -3.621071941687599, 47.935608346249317 ], [ -3.621143667747827, 47.93563334316719 ], [ -3.621207528792156, 47.935680414920732 ], [ -3.621281452910812, 47.935716075263691 ], [ -3.621335376267995, 47.935761240657307 ], [ -3.621350068948917, 47.935964032853278 ], [ -3.62159440939531, 47.936241560805279 ], [ -3.621806713275677, 47.936443664901475 ], [ -3.621867842165297, 47.936494462358986 ], [ -3.621934833308956, 47.936527195335209 ], [ -3.622013597897978, 47.936532440423662 ], [ -3.622105529464523, 47.936522555237595 ], [ -3.622193111633878, 47.936490083883548 ], [ -3.622344817339996, 47.9364677883447 ], [ -3.622406470784702, 47.936484575499669 ], [ -3.622448953872144, 47.936548324703182 ], [ -3.622461140291307, 47.936559545357028 ], [ -3.622477520305618, 47.936717100275978 ], [ -3.622519308848165, 47.936988827903576 ], [ -3.622574341943729, 47.937173606049619 ], [ -3.622674460678242, 47.937302393412942 ], [ -3.622918505755626, 47.937548322244375 ], [ -3.622995825971671, 47.937562538186732 ], [ -3.623280795538205, 47.937575361262404 ], [ -3.623336802707652, 47.937604456600077 ], [ -3.623370093587211, 47.937666224075478 ], [ -3.623398492691083, 47.937839586226467 ], [ -3.623456077392291, 47.93808543497348 ], [ -3.623518731654292, 47.938294663331398 ], [ -3.623600544043116, 47.938487169425933 ], [ -3.62370181214094, 47.938615078536785 ], [ -3.623843754309398, 47.938725879659508 ], [ -3.623989360965384, 47.938797962434819 ], [ -3.624138421171372, 47.938836992750907 ], [ -3.624270570164016, 47.938842298979857 ], [ -3.624329941869388, 47.938840769806298 ], [ -3.624409010746306, 47.938837919006964 ], [ -3.624438623747442, 47.938879003415899 ], [ -3.624475292456784, 47.939218940318668 ], [ -3.624489483266816, 47.939266020680421 ], [ -3.624523507860382, 47.939318082189622 ], [ -3.624860844814681, 47.939647747163399 ], [ -3.625065212162264, 47.939804687910048 ], [ -3.625455430853821, 47.940048272475359 ], [ -3.625669952344853, 47.940161491689196 ], [ -3.625783201653375, 47.940236534362562 ], [ -3.625909243882703, 47.940306518944894 ], [ -3.626001842165925, 47.940368644300378 ], [ -3.62610618872913, 47.940423890976383 ], [ -3.626235857549438, 47.940456146187323 ], [ -3.626396839611307, 47.940453827734864 ], [ -3.626483775513088, 47.940608542198426 ], [ -3.626559576773167, 47.940693736440835 ], [ -3.626647293617904, 47.94075756509654 ], [ -3.626875918550616, 47.9408305592234 ], [ -3.626959157264503, 47.940885209312455 ], [ -3.626998948781979, 47.940941793677588 ], [ -3.62702667610186, 47.940963850021923 ], [ -3.627230500451301, 47.941095755638571 ], [ -3.627485179193279, 47.941225962199958 ], [ -3.627632542435429, 47.941280974384938 ], [ -3.627748920533968, 47.941341766406481 ], [ -3.627763081494087, 47.941349785299757 ], [ -3.629208326096534, 47.942655704696818 ], [ -3.62920785220724, 47.942658485407613 ], [ -3.629634660726518, 47.943845806492611 ], [ -3.629742866087561, 47.943927225856221 ], [ -3.629745054112576, 47.943998189815943 ], [ -3.629757371860416, 47.944065932973317 ], [ -3.629912690561764, 47.94431658103084 ], [ -3.630217666895808, 47.944690683507403 ], [ -3.630299844007217, 47.944774200524243 ], [ -3.630375389662975, 47.94486658720794 ], [ -3.630599371737218, 47.945155394914032 ], [ -3.630735971544551, 47.945311082540286 ], [ -3.630856858775732, 47.945410570352813 ], [ -3.630871201515395, 47.945493743440259 ], [ -3.63091810985775, 47.945558566431167 ], [ -3.630990823135326, 47.945637396834847 ], [ -3.631044741552148, 47.945713157717563 ], [ -3.631063859560001, 47.945767534253349 ], [ -3.631071649246148, 47.945957500015332 ], [ -3.631120030034237, 47.946352746551796 ], [ -3.631159737623066, 47.94644181827514 ], [ -3.63122820200424, 47.946495274666432 ], [ -3.631305572967602, 47.946508495480884 ], [ -3.63134044458822, 47.946537981241427 ], [ -3.631359729796053, 47.946587860967966 ], [ -3.631384959407272, 47.946937561865902 ], [ -3.63145067228719, 47.947195357052294 ], [ -3.631484619583562, 47.947279815421233 ], [ -3.631536053896338, 47.947362637395628 ], [ -3.631603449962637, 47.947444962994084 ], [ -3.631690074528159, 47.947508676104661 ], [ -3.631773953962647, 47.947546414819108 ], [ -3.63185385334533, 47.94756148492975 ], [ -3.631958542536909, 47.947567951899593 ], [ -3.632021703357187, 47.947594483192873 ], [ -3.632033312877084, 47.947651412124912 ], [ -3.632020347165364, 47.947731168589065 ], [ -3.632017851434351, 47.94789861207525 ], [ -3.632023274997476, 47.947992410047299 ], [ -3.632051071560046, 47.948172868887482 ], [ -3.632074919977074, 47.948259738738102 ], [ -3.632108805513537, 47.948345905759346 ], [ -3.63214551794078, 47.948425828211064 ], [ -3.632197120816778, 47.94850415314356 ], [ -3.632250228497512, 47.948571887449155 ], [ -3.632287200425883, 47.948634804692503 ], [ -3.632355698449705, 47.948687451033152 ], [ -3.632510932831241, 47.94874081100378 ], [ -3.632615151229961, 47.948760048252666 ], [ -3.632846832266775, 47.948781608665726 ], [ -3.633041026855771, 47.948744111574491 ], [ -3.63310587381608, 47.948755195096489 ], [ -3.633120577769497, 47.948798684489653 ], [ -3.633127950221814, 47.949100243921883 ], [ -3.633162975347206, 47.949255824089285 ], [ -3.633226729296841, 47.949396578108662 ], [ -3.633279409433542, 47.94947591370267 ], [ -3.633350748735874, 47.949552015566546 ], [ -3.633416039810871, 47.949591188054768 ], [ -3.633499021639711, 47.949623237697146 ], [ -3.633593641822084, 47.949641385529844 ], [ -3.63368284509109, 47.949665637039871 ], [ -3.633793400974677, 47.94968400752159 ], [ -3.633937423345368, 47.949699794733043 ], [ -3.634446800673176, 47.950413422876693 ], [ -3.634451632933421, 47.950433138017473 ], [ -3.634487703251409, 47.950490456741896 ], [ -3.634521047944255, 47.950561312191169 ], [ -3.634634533430266, 47.950731031725603 ], [ -3.634682201416984, 47.950885779539291 ], [ -3.63470602956831, 47.951073540142836 ], [ -3.634747885070798, 47.951275154691132 ], [ -3.63478060490405, 47.951362918107463 ], [ -3.634830012981706, 47.951430578592081 ], [ -3.635047339061417, 47.951569844448159 ], [ -3.635129649209975, 47.951620149943587 ], [ -3.635217381943581, 47.951654181470062 ], [ -3.635275870376224, 47.951666848945692 ], [ -3.6355609128077, 47.952100666941654 ], [ -3.635553101078978, 47.952201585448819 ], [ -3.635541988743339, 47.952361660242694 ], [ -3.635551008965226, 47.952418538124299 ], [ -3.635624914415769, 47.952565790076051 ], [ -3.635678099743016, 47.952631634239054 ], [ -3.635833686450766, 47.952695886433226 ], [ -3.635856317107957, 47.952755731239989 ], [ -3.635858256831981, 47.952933882370218 ], [ -3.635877123004062, 47.95302533391466 ], [ -3.635909163015723, 47.953101473513769 ], [ -3.635985526882558, 47.953172272118664 ], [ -3.636257859034929, 47.953358514902916 ], [ -3.6363645368498, 47.953421807416504 ], [ -3.636485271765152, 47.953506075757886 ], [ -3.637442669638641, 47.954961895525578 ], [ -3.637681714536815, 47.955407047277944 ], [ -3.63768372495676, 47.955513198642905 ], [ -3.63779367852866, 47.955648555264666 ], [ -3.63782775808742, 47.955679643473104 ], [ -3.637908257190953, 47.95582936323504 ], [ -3.637913373605851, 47.955861504066995 ], [ -3.637949761574439, 47.955940518362389 ], [ -3.637975222116609, 47.955953977356067 ], [ -3.638044959070117, 47.956083865839553 ], [ -3.638044246668117, 47.956193473967545 ], [ -3.638059402268283, 47.956385474500379 ], [ -3.638089828554765, 47.956465272007783 ], [ -3.638138716571423, 47.956547231160712 ], [ -3.638201647824648, 47.956620465181068 ], [ -3.638441386129422, 47.956856465053228 ], [ -3.638486640404417, 47.95690631226956 ], [ -3.638757614451722, 47.95741112840782 ], [ -3.639210011449634, 47.958646890473311 ], [ -3.639163794833446, 47.95881383913347 ], [ -3.639090573000342, 47.959159722827934 ], [ -3.6390260540443, 47.959470766224683 ], [ -3.6389815705812, 47.959771491703734 ], [ -3.638987041297252, 47.959854310575714 ], [ -3.639026293093074, 47.959926180573909 ], [ -3.639080455716958, 47.959965851780865 ], [ -3.639165903624125, 47.960001905335801 ], [ -3.639197798116684, 47.96004204056463 ], [ -3.639173652259871, 47.960193761143714 ], [ -3.639173870556123, 47.960288267455809 ], [ -3.639187801988273, 47.960372962009757 ], [ -3.639274470299287, 47.960536662137677 ], [ -3.639331037616615, 47.960611661063474 ], [ -3.639396901076888, 47.96067595168936 ], [ -3.639461910009124, 47.960723215177751 ], [ -3.639802762785076, 47.960933200818964 ], [ -3.639893222283523, 47.960994282413097 ], [ -3.639963593673017, 47.961057040874508 ], [ -3.639994058277645, 47.961135938746359 ], [ -3.640090736044797, 47.961299834115039 ], [ -3.6401479094236, 47.961358464118476 ], [ -3.640205512831457, 47.961365261363113 ], [ -3.64033285929714, 47.961713090665512 ], [ -3.640367860016368, 47.961829878046117 ], [ -3.640393187324901, 47.961877174615886 ], [ -3.640465969697645, 47.96207561296837 ], [ -3.640449670406069, 47.962155485891309 ], [ -3.640400846828281, 47.962573940203896 ], [ -3.640404275213606, 47.962682009748512 ], [ -3.640432074110715, 47.962873357995505 ], [ -3.640452238573384, 47.962960064482758 ], [ -3.640487323536334, 47.963044452807935 ], [ -3.640496712162175, 47.963091527567556 ], [ -3.640542700324512, 47.963091527220641 ], [ -3.640560450260739, 47.96314317564903 ], [ -3.640646313581675, 47.963298758912643 ], [ -3.640706232989322, 47.963383542981937 ], [ -3.64076909647799, 47.963448854152311 ], [ -3.640806199013471, 47.963518791515412 ], [ -3.640833872678831, 47.963603034777726 ], [ -3.640878828942932, 47.963691306166169 ], [ -3.640948091763137, 47.963794273287704 ], [ -3.641111337297869, 47.963993670700454 ], [ -3.641178182395137, 47.964061669571848 ], [ -3.641200129271276, 47.964080009203066 ], [ -3.641351385572416, 47.964493826906519 ], [ -3.641362878537549, 47.964584413812773 ], [ -3.6413866117851, 47.964674970071634 ], [ -3.641438503976806, 47.964746186478926 ], [ -3.641536826135129, 47.964815520660515 ], [ -3.641674394912456, 47.965047536011554 ], [ -3.641613400352736, 47.965162716257758 ], [ -3.641602835916653, 47.965248011776467 ], [ -3.641605553689834, 47.965405568759465 ], [ -3.64164340207612, 47.965485510717926 ], [ -3.641696141751455, 47.965563943769659 ], [ -3.641767750912251, 47.965703947218309 ], [ -3.641821111747435, 47.965866094424996 ], [ -3.641831438363182, 47.966018490082369 ], [ -3.641951153821528, 47.966191654710713 ], [ -3.641943130482898, 47.966248289278539 ], [ -3.641914178152981, 47.966289124319609 ], [ -3.641938031894662, 47.966346292057615 ], [ -3.6419733693882, 47.966393784036491 ], [ -3.642024012461768, 47.966398374119741 ], [ -3.642087533663531, 47.966415816231915 ], [ -3.642126162327173, 47.966444472021344 ], [ -3.64212193917988, 47.966488580577277 ], [ -3.64209355983726, 47.966523936735662 ], [ -3.642054290543069, 47.966552869857296 ], [ -3.642043471421828, 47.966604859679066 ], [ -3.642037835199673, 47.966757663360504 ], [ -3.642043746968879, 47.967140378649724 ], [ -3.642075901544021, 47.967334512152853 ], [ -3.642116124323441, 47.967490912401026 ], [ -3.642192316312349, 47.967637485444143 ], [ -3.642214649620552, 47.967796236077014 ], [ -3.642254049312795, 47.967874408187328 ], [ -3.642311891525114, 47.967915139762809 ], [ -3.642388799649562, 47.967941753562116 ], [ -3.642448115466879, 47.967972703609036 ], [ -3.642464976405937, 47.968048545100636 ], [ -3.642524970581429, 47.968201911558886 ], [ -3.642568658608636, 47.968294567748124 ], [ -3.642618936997753, 47.968369442242462 ], [ -3.642653218328385, 47.968445624148472 ], [ -3.642703205112554, 47.968528413117212 ], [ -3.642774474413909, 47.968607387827888 ], [ -3.642946016210004, 47.968723152677079 ], [ -3.643205616567592, 47.968925329880904 ], [ -3.643274697050748, 47.968993281209862 ], [ -3.643460019728454, 47.969228297612673 ], [ -3.643524222818342, 47.96929777355242 ], [ -3.643599933291795, 47.969356943945073 ], [ -3.643672570624962, 47.969398863801963 ], [ -3.643741682468027, 47.969405613817415 ], [ -3.643811258394208, 47.969399772517413 ], [ -3.64390780099166, 47.969356656828602 ], [ -3.643949189470896, 47.969380955754751 ], [ -3.643958103687388, 47.969400750364755 ], [ -3.643933324429116, 47.969439057468321 ], [ -3.643934327955844, 47.969482278215196 ], [ -3.643945384174552, 47.96954459579085 ], [ -3.643976220025349, 47.969613689819369 ], [ -3.644103250797475, 47.969830286267367 ], [ -3.644349074769052, 47.970134794453102 ], [ -3.644463161439417, 47.970290026119045 ], [ -3.644529141140597, 47.970351615943343 ], [ -3.644863250291302, 47.970605735195349 ], [ -3.644949206749779, 47.970658714475604 ], [ -3.645020003775652, 47.970690247215067 ], [ -3.645390538403062, 47.971315075905501 ], [ -3.646029027388022, 47.972228369287969 ], [ -3.64595036326054, 47.972682427350236 ], [ -3.64593108171956, 47.972833345443902 ], [ -3.645936796233447, 47.973020662248864 ], [ -3.645951753145332, 47.97311815682535 ], [ -3.645984025879371, 47.973208789023438 ], [ -3.646026942427194, 47.973292428660727 ], [ -3.646083343194682, 47.973332230077823 ], [ -3.646147012169139, 47.973355972789022 ], [ -3.646208238249651, 47.973405768555232 ], [ -3.646296835261148, 47.973417397092696 ], [ -3.646379243930622, 47.973395603897202 ], [ -3.64644950991267, 47.973361063440045 ], [ -3.646465918785419, 47.973358683418674 ], [ -3.64652956529634, 47.97334273433281 ], [ -3.646519174703613, 47.973483925705636 ], [ -3.646538651693484, 47.973730732657074 ], [ -3.646556631616138, 47.973816675802802 ], [ -3.646581955690904, 47.973894571951902 ], [ -3.646623854406339, 47.973965591151476 ], [ -3.646673626910323, 47.97402425353593 ], [ -3.646739745684837, 47.97408224465881 ], [ -3.64681137533169, 47.97411145237529 ], [ -3.646946467061123, 47.974109586656155 ], [ -3.647026135970592, 47.974121940504922 ], [ -3.647090670094462, 47.974122208843085 ], [ -3.647139913878071, 47.974094458206189 ], [ -3.647196011792424, 47.97408205162828 ], [ -3.647233397126918, 47.97410438118245 ], [ -3.647243263057227, 47.974138684526778 ], [ -3.647187360216164, 47.974246587691525 ], [ -3.647184361618631, 47.974297830708906 ], [ -3.647198324606196, 47.974523199491891 ], [ -3.647214928956017, 47.974606235648629 ], [ -3.647250527410251, 47.974677131776716 ], [ -3.647362118873327, 47.974809901264997 ], [ -3.64740526695204, 47.974877254427263 ], [ -3.647479612333164, 47.975044398683167 ], [ -3.647556297924677, 47.975178197536614 ], [ -3.647607816531051, 47.975219703036757 ], [ -3.647784689169148, 47.975251861660404 ], [ -3.647796453154684, 47.975405995502413 ], [ -3.64781181090438, 47.975492697408939 ], [ -3.647844518049897, 47.97557163724516 ], [ -3.647894362673956, 47.975628410435263 ], [ -3.648007966153355, 47.975736827776224 ], [ -3.64806497297191, 47.975770339783956 ], [ -3.648228612315232, 47.97581943025871 ], [ -3.648326771574455, 47.97581324289181 ], [ -3.648342342079481, 47.975722733624266 ], [ -3.648382601024782, 47.9757073176592 ], [ -3.648434037395961, 47.975720830332172 ], [ -3.648464229477014, 47.975767320008302 ], [ -3.648403412469611, 47.975877738233045 ], [ -3.648423566453652, 47.975934922642665 ], [ -3.648472981944495, 47.976003387550094 ], [ -3.648513276297556, 47.976087875191702 ], [ -3.64859817333245, 47.976200232690907 ], [ -3.648649254420378, 47.976283940429916 ], [ -3.648757181700742, 47.976415647090157 ], [ -3.648809381096309, 47.976468955634729 ], [ -3.648891493364191, 47.976495666093591 ], [ -3.648990920613963, 47.97646511207487 ], [ -3.649046245475098, 47.976544402163718 ], [ -3.648944153819504, 47.976576794388272 ], [ -3.648844700168217, 47.976618148180897 ], [ -3.648799026373217, 47.976649659330803 ], [ -3.648787503139766, 47.976700736374809 ], [ -3.648731522847795, 47.976740146948124 ], [ -3.648637893541041, 47.976764333517423 ] ], [ [ -3.617174652489443, 47.931606989817482 ], [ -3.617225906479778, 47.931614214119399 ], [ -3.617197985220409, 47.931498190637335 ], [ -3.61598549885297, 47.930912675489708 ], [ -3.617113870707581, 47.931586886835113 ], [ -3.617174652489443, 47.931606989817482 ] ], [ [ -3.624650208168375, 47.940766537707297 ], [ -3.62342752527096, 47.941175598895228 ], [ -3.624486603765684, 47.941866546045027 ], [ -3.625555680140912, 47.941989772217184 ], [ -3.626048912717116, 47.941267152573943 ], [ -3.625461271810091, 47.940868837402057 ], [ -3.624650208168375, 47.940766537707297 ] ], [ [ -3.628897843662503, 47.944329197535048 ], [ -3.628891188407437, 47.944628500681915 ], [ -3.629272228432546, 47.944751019127239 ], [ -3.629413225870157, 47.944568120338133 ], [ -3.629172148520499, 47.94420067275999 ], [ -3.628897843662503, 47.944329197535048 ] ], [ [ -3.622659638161046, 47.943928347161147 ], [ -3.622150846473825, 47.943642721070518 ], [ -3.621073834637312, 47.943373502645521 ], [ -3.620493907688737, 47.943982787994493 ], [ -3.620065478173623, 47.944296979166729 ], [ -3.620058684879472, 47.944797793344485 ], [ -3.620060824278931, 47.945267823660963 ], [ -3.620090263841053, 47.945592230951938 ], [ -3.620276735944312, 47.946349228353434 ], [ -3.621117201023043, 47.945713677454584 ], [ -3.621640608508357, 47.945447707699046 ], [ -3.622221169672567, 47.945150193133593 ], [ -3.622708037170194, 47.944730044841634 ], [ -3.623129781879962, 47.944395911151986 ], [ -3.622659638161046, 47.943928347161147 ] ], [ [ -3.633838486181749, 47.954435895602565 ], [ -3.633479037069181, 47.955150383997534 ], [ -3.633076666605501, 47.95557170306644 ], [ -3.633710688523597, 47.955463907377563 ], [ -3.634038063664855, 47.955455572466981 ], [ -3.634053295990471, 47.955154275448301 ], [ -3.633838486181749, 47.954435895602565 ] ], [ [ -3.619522803890521, 47.964441970371837 ], [ -3.61947639862537, 47.964433223313279 ], [ -3.619446505041909, 47.96443920291108 ], [ -3.619446451697928, 47.964460532525869 ], [ -3.619094681955857, 47.965231116677138 ], [ -3.619115003386748, 47.965372462750658 ], [ -3.619275177396576, 47.96556283367282 ], [ -3.61981639304663, 47.965550575122272 ], [ -3.62017918957886, 47.965021323965289 ], [ -3.619783961163184, 47.964649455931479 ], [ -3.619522803890521, 47.964441970371837 ] ], [ [ -3.634339082333921, 47.968652923217171 ], [ -3.633759192181502, 47.969168060776006 ], [ -3.633460858577276, 47.969682061659583 ], [ -3.633249830491553, 47.9699818590544 ], [ -3.633383333054018, 47.970273028204005 ], [ -3.633759834110696, 47.970392740452525 ], [ -3.634074643179872, 47.970165090400272 ], [ -3.634642232771952, 47.969922327539805 ], [ -3.635076005912163, 47.969607005543324 ], [ -3.63486791084024, 47.969176401704026 ], [ -3.634339082333921, 47.968652923217171 ] ], [ [ -3.615807251698452, 47.969627741612442 ], [ -3.615813472033313, 47.969630024785047 ], [ -3.615817770778863, 47.969624169636965 ], [ -3.615808170990922, 47.969622989631084 ], [ -3.615806230449753, 47.969625291314664 ], [ -3.61580693479236, 47.969626295288876 ], [ -3.615806921357988, 47.969626655036095 ], [ -3.615807251698452, 47.969627741612442 ] ], [ [ -3.61844055001647, 47.970697576451464 ], [ -3.618641055631933, 47.971000349958139 ], [ -3.618624097631309, 47.970669342848971 ], [ -3.618620973057431, 47.970603938741505 ], [ -3.618510133613548, 47.970552426414493 ], [ -3.618425709138925, 47.970608179908119 ], [ -3.61844055001647, 47.970697576451464 ] ], [ [ -3.629172743290741, 47.97088026891025 ], [ -3.629219790339197, 47.970731969234997 ], [ -3.629034741338102, 47.970730850185639 ], [ -3.628933830913654, 47.97077134695698 ], [ -3.628962038367644, 47.970860824628858 ], [ -3.628766526063197, 47.971461349190356 ], [ -3.628731022094442, 47.971728319774634 ], [ -3.629069097025324, 47.972013888187682 ], [ -3.629361446239671, 47.971752508206968 ], [ -3.629453690388156, 47.971445791791638 ], [ -3.629172743290741, 47.97088026891025 ] ], [ [ -3.620476883838218, 47.971206270887656 ], [ -3.62043998682471, 47.971539454348786 ], [ -3.620860041423032, 47.971465394826289 ], [ -3.620967791936634, 47.971231533517312 ], [ -3.621032460396351, 47.971038943207311 ], [ -3.620592209338988, 47.970968239391652 ], [ -3.620476883838218, 47.971206270887656 ] ], [ [ -3.622114782221102, 47.971747297549697 ], [ -3.622115490048745, 47.971748211547357 ], [ -3.622115773636824, 47.971750557226059 ], [ -3.622119797294181, 47.971752076664593 ], [ -3.622123998439885, 47.971748829434688 ], [ -3.62212423955579, 47.971742353960742 ], [ -3.622115243297994, 47.971744876560138 ], [ -3.622114782221102, 47.971747297549697 ] ], [ [ -3.638777885408407, 47.974361842083333 ], [ -3.638731715887705, 47.97449702262265 ], [ -3.638839659529614, 47.974677791382327 ], [ -3.638996802729271, 47.9745309225369 ], [ -3.639145876608281, 47.974381555487071 ], [ -3.63896563721204, 47.97427002423381 ], [ -3.638777885408407, 47.974361842083333 ] ], [ [ -3.644265278410025, 47.974925345649233 ], [ -3.644066423045751, 47.97494621361934 ], [ -3.643637084197554, 47.975101274262798 ], [ -3.643843373504129, 47.975361810885403 ], [ -3.643927359515439, 47.975257067699339 ], [ -3.644432142790349, 47.975299504806244 ], [ -3.644432880843785, 47.975299609218069 ], [ -3.644437527896571, 47.975294299777531 ], [ -3.644461845371617, 47.975268583725047 ], [ -3.644265278410025, 47.974925345649233 ] ], [ [ -3.64070436059044, 47.975332326208338 ], [ -3.640669425696679, 47.975314002402065 ], [ -3.640594504293771, 47.975343858078681 ], [ -3.640673040419206, 47.975366814780827 ], [ -3.640969400444622, 47.975478183873186 ], [ -3.64070436059044, 47.975332326208338 ] ], [ [ -3.638284457390407, 47.975477938324417 ], [ -3.638335738479763, 47.975515663587757 ], [ -3.638392316720742, 47.97550039079551 ], [ -3.638469678197182, 47.975344310252169 ], [ -3.638297065202786, 47.975427873531359 ], [ -3.638284457390407, 47.975477938324417 ] ], [ [ -3.644437036889075, 47.975519027085305 ], [ -3.644373715756076, 47.975586462965161 ], [ -3.644368910099934, 47.975586009130566 ], [ -3.644367357758209, 47.975587868881561 ], [ -3.644371630330963, 47.975592722444482 ], [ -3.644933909275427, 47.975725922418519 ], [ -3.644943116799939, 47.975727722183365 ], [ -3.644951993398518, 47.975728435455117 ], [ -3.644968671387779, 47.975718770670504 ], [ -3.644906277193732, 47.975630160158907 ], [ -3.644437036889075, 47.975519027085305 ] ], [ [ -3.641189794960086, 47.97573819162092 ], [ -3.641153632113821, 47.975934050837331 ], [ -3.641161585935753, 47.975959767181536 ], [ -3.641325282314261, 47.976077541506335 ], [ -3.641258424874287, 47.97592907958709 ], [ -3.641189794960086, 47.97573819162092 ] ], [ [ -3.646454628979377, 47.976658051222415 ], [ -3.646445133196306, 47.976664076208166 ], [ -3.646443752921754, 47.976671339512436 ], [ -3.646453804673255, 47.976670365526061 ], [ -3.646458775988481, 47.976666322358533 ], [ -3.646454628979377, 47.976658051222415 ] ], [ [ -3.64223333384701, 47.976883356840418 ], [ -3.642188510523375, 47.976760976912367 ], [ -3.641806429554145, 47.976710487712978 ], [ -3.641598911433956, 47.976604007856409 ], [ -3.641299844208844, 47.976455236387238 ], [ -3.641122140815925, 47.976546084927989 ], [ -3.641014850591606, 47.9765885384613 ], [ -3.640912801663961, 47.976880942591876 ], [ -3.640465568287548, 47.976997570155156 ], [ -3.640378631417925, 47.977071472222548 ], [ -3.640415974998571, 47.977104963742121 ], [ -3.640417047237111, 47.977106064750558 ], [ -3.64076074276055, 47.977302063017412 ], [ -3.640764591340107, 47.977308348488016 ], [ -3.64135172769136, 47.977290938135766 ], [ -3.641281316409005, 47.977691064857474 ], [ -3.64129046438861, 47.977694483820812 ], [ -3.641292668666518, 47.977695066935297 ], [ -3.641298603167106, 47.977695092959145 ], [ -3.641323242929882, 47.977680814201108 ], [ -3.641390862180896, 47.97729602338427 ], [ -3.641986225462861, 47.977216488400224 ], [ -3.642007137059641, 47.977212756980165 ], [ -3.642106620481853, 47.977200930870509 ], [ -3.642287135585395, 47.9769433601817 ], [ -3.64223333384701, 47.976883356840418 ] ], [ [ -3.611589419945378, 47.928869465607306 ], [ -3.611206714382074, 47.929479096843465 ], [ -3.612904998055214, 47.930086180395868 ], [ -3.611737817584013, 47.92886583986953 ], [ -3.611793257234053, 47.928612327713104 ], [ -3.610889538695819, 47.927702397381545 ], [ -3.610550591884135, 47.927518817982744 ], [ -3.610462897593703, 47.927742708841507 ], [ -3.610511740874207, 47.927784538796807 ], [ -3.611589419945378, 47.928869465607306 ] ], [ [ -3.631280439342445, 47.951048394102678 ], [ -3.630840507639127, 47.950652830691311 ], [ -3.630572462256599, 47.951051848680741 ], [ -3.62978947681045, 47.951108184528636 ], [ -3.629223590176979, 47.951479381344896 ], [ -3.628700967495686, 47.951763675044489 ], [ -3.628220843997057, 47.952011722070033 ], [ -3.627622501227376, 47.952417643103431 ], [ -3.627069976527489, 47.952488216513778 ], [ -3.626400319757196, 47.952607511105676 ], [ -3.625895211660206, 47.952808975243521 ], [ -3.625244379253301, 47.952930433749771 ], [ -3.624401817469664, 47.9528230138 ], [ -3.624196972687946, 47.952129290496892 ], [ -3.62388448467739, 47.952116648468277 ], [ -3.623120360621004, 47.952263400485798 ], [ -3.622928497696718, 47.952337377049204 ], [ -3.622047328808936, 47.952241417171621 ], [ -3.621803294258464, 47.952182869177925 ], [ -3.620727728276806, 47.951950218116856 ], [ -3.620619747849138, 47.951942325383072 ], [ -3.620541624931666, 47.951899381484196 ], [ -3.619261519216825, 47.951653225401486 ], [ -3.618932195101933, 47.951634746176886 ], [ -3.618816148562007, 47.951415547499487 ], [ -3.618914420673594, 47.951196445150153 ], [ -3.619313426091221, 47.951076348537093 ], [ -3.62034231861402, 47.951078227035964 ], [ -3.620485980210367, 47.951243068198472 ], [ -3.620827323334622, 47.951725290075693 ], [ -3.62191608131215, 47.951713035328645 ], [ -3.622547569509239, 47.951353970359769 ], [ -3.622952891738333, 47.950605502304242 ], [ -3.622929267529574, 47.950542844958335 ], [ -3.623045937535207, 47.950406813975377 ], [ -3.62303630537206, 47.950576007342484 ], [ -3.623053533152301, 47.95061126792357 ], [ -3.62353992374773, 47.951331426923922 ], [ -3.624196498436069, 47.951942617269005 ], [ -3.624244427890317, 47.951979923057003 ], [ -3.625310185724188, 47.952057812500016 ], [ -3.625954175610033, 47.951920648754218 ], [ -3.6264598783979, 47.951443430919291 ], [ -3.626613757690398, 47.951323699335987 ], [ -3.627568981012256, 47.951242516656229 ], [ -3.628104899798019, 47.951069552269004 ], [ -3.628665854315783, 47.950921288383675 ], [ -3.629411528244454, 47.950671263300201 ], [ -3.629705982553293, 47.950490121402268 ], [ -3.630528224761743, 47.950094802236883 ], [ -3.629774256619358, 47.949289133321876 ], [ -3.629675685988169, 47.949267574373351 ], [ -3.629630416981506, 47.94914851203167 ], [ -3.629272475019491, 47.948432529537733 ], [ -3.628713767493581, 47.948351066176045 ], [ -3.628481462968963, 47.948506247553979 ], [ -3.62761723084676, 47.948644579517911 ], [ -3.627183941516523, 47.948810201526655 ], [ -3.626529828143723, 47.949190986468274 ], [ -3.626147369512299, 47.949245733703712 ], [ -3.625462745251176, 47.949140172540531 ], [ -3.625213473377475, 47.949013307705442 ], [ -3.624659960394677, 47.948492897806204 ], [ -3.625504109288065, 47.948506026252225 ], [ -3.625983532589446, 47.948216487712422 ], [ -3.626563667440784, 47.947960521498821 ], [ -3.627014092205599, 47.947792629563686 ], [ -3.627605142301583, 47.947601944048373 ], [ -3.628195520865545, 47.947469203129458 ], [ -3.628643821445336, 47.946918666845548 ], [ -3.629280307076959, 47.947401807063343 ], [ -3.629703608480437, 47.947714968195228 ], [ -3.629995856090772, 47.94728294894022 ], [ -3.629804446227715, 47.94663558484455 ], [ -3.629310368787239, 47.946561425515029 ], [ -3.628616394949999, 47.94647874037868 ], [ -3.62750407594828, 47.946219602281879 ], [ -3.628224964453277, 47.945736805845087 ], [ -3.627916522374071, 47.945106665379981 ], [ -3.627226803192921, 47.944670259666694 ], [ -3.627151198516027, 47.944449797702575 ], [ -3.626479149797098, 47.94355796876345 ], [ -3.62645023565834, 47.943458037802969 ], [ -3.626293715638095, 47.94341985385033 ], [ -3.624796021296244, 47.943236975408261 ], [ -3.624607822280175, 47.943253155229115 ], [ -3.624561483793622, 47.943342782882887 ], [ -3.624632892126674, 47.943396571561358 ], [ -3.624951435667437, 47.94449186752594 ], [ -3.6242883224044, 47.9449560709675 ], [ -3.623950713347333, 47.945440550977089 ], [ -3.623588821123517, 47.94598962231332 ], [ -3.622716172603092, 47.946105698060755 ], [ -3.622287445455374, 47.946228549386845 ], [ -3.621938274139213, 47.946674365175383 ], [ -3.621848576298685, 47.947042141090321 ], [ -3.621810539890336, 47.947655561393688 ], [ -3.6215716727085, 47.947936781003968 ], [ -3.621329928835137, 47.948832925207135 ], [ -3.621348528733183, 47.948881083388365 ], [ -3.621394770928629, 47.949063169953675 ], [ -3.621190036326849, 47.948965255589755 ], [ -3.621118108026469, 47.948875543529972 ], [ -3.621137435907552, 47.948784663413434 ], [ -3.620930218577695, 47.947956965510912 ], [ -3.620414291291362, 47.947663089897794 ], [ -3.619883885272412, 47.947698241962271 ], [ -3.618980298282289, 47.947708375091537 ], [ -3.618793192363035, 47.947595324285835 ], [ -3.618338656797262, 47.947624228481118 ], [ -3.617605379179844, 47.947740409557134 ], [ -3.616885986423317, 47.947693057164358 ], [ -3.616112860224436, 47.947257538588964 ], [ -3.615912451873273, 47.947073927995177 ], [ -3.615770447089511, 47.946934854119078 ], [ -3.61501790000721, 47.94635582215043 ], [ -3.614366392068278, 47.945970580329551 ], [ -3.613734523718062, 47.945764467242533 ], [ -3.613532714909775, 47.945390470694932 ], [ -3.613576653716601, 47.944929002476201 ], [ -3.613825685912636, 47.944227604073113 ], [ -3.614212253791651, 47.943794345382358 ], [ -3.614902282476209, 47.94363386109071 ], [ -3.615326505562294, 47.943383327831803 ], [ -3.616193478826178, 47.943498143956901 ], [ -3.617245107573073, 47.943155258739537 ], [ -3.617848334142116, 47.942727174383513 ], [ -3.618419187608252, 47.943216911570588 ], [ -3.61950727951677, 47.943566476918413 ], [ -3.620638499043944, 47.943017228876244 ], [ -3.620813753264548, 47.942860848115082 ], [ -3.621938144484284, 47.941976377624961 ], [ -3.621947483127519, 47.941974491954404 ], [ -3.621955390116087, 47.941971228000966 ], [ -3.622023584709313, 47.941921993517511 ], [ -3.623140748595018, 47.941091279923349 ], [ -3.622048818770153, 47.940287709440724 ], [ -3.621745552261117, 47.940108739950034 ], [ -3.620796215402651, 47.93980756840746 ], [ -3.620297497792481, 47.939670724508751 ], [ -3.619898467063324, 47.939604609168114 ], [ -3.619999436684249, 47.939232829513635 ], [ -3.620456466414118, 47.937761521492689 ], [ -3.618860489467971, 47.937365384207112 ], [ -3.617308232869786, 47.937318302460305 ], [ -3.616962064991658, 47.936958558295004 ], [ -3.61589951434607, 47.936136966203136 ], [ -3.615045488675097, 47.935638637920022 ], [ -3.614675729300694, 47.934749842942352 ], [ -3.614296506468092, 47.934333094806249 ], [ -3.613646016512653, 47.933319122451593 ], [ -3.612678128109621, 47.933111741572098 ], [ -3.61146602543571, 47.933368682076292 ], [ -3.610732801533743, 47.934112120843373 ], [ -3.6096182889374, 47.933503997368199 ], [ -3.608877829408986, 47.93344006011823 ], [ -3.608366163130492, 47.933374003985051 ], [ -3.608443710541453, 47.933767949820435 ], [ -3.608642792599544, 47.933965317667948 ], [ -3.610083070601842, 47.935139996828028 ], [ -3.609884850519723, 47.93599899320207 ], [ -3.611515806274662, 47.937172129096908 ], [ -3.611534016098222, 47.937200660770834 ], [ -3.611540104948132, 47.937206361648535 ], [ -3.611536535604898, 47.937212590926457 ], [ -3.611527951715471, 47.937214130653757 ], [ -3.611519589810274, 47.937209734698946 ], [ -3.60947430228554, 47.93676638230842 ], [ -3.609036883894145, 47.936736274710235 ], [ -3.607694043331695, 47.93684891653006 ], [ -3.606479471506546, 47.936387723577546 ], [ -3.605593692573238, 47.936332844683122 ], [ -3.605239798080826, 47.93699163437941 ], [ -3.605969111439612, 47.937205676552367 ], [ -3.607077400481764, 47.937693922843316 ], [ -3.607088532420633, 47.939058747017668 ], [ -3.605634985002915, 47.939650492488042 ], [ -3.605265821169192, 47.939717579518849 ], [ -3.604334263783252, 47.940881303651018 ], [ -3.604065405987965, 47.940962353560913 ], [ -3.604090853376993, 47.941202984880995 ], [ -3.604149485819894, 47.941547238880638 ], [ -3.604593117961115, 47.941353384838855 ], [ -3.606140711412716, 47.941962705034364 ], [ -3.606982133859398, 47.94258019723943 ], [ -3.607725782115699, 47.943422994447438 ], [ -3.608277142244862, 47.943678844739019 ], [ -3.609470909834754, 47.944432829494403 ], [ -3.609523458489018, 47.944524594724122 ], [ -3.609557779032148, 47.944568477044086 ], [ -3.610079085347282, 47.945776391055233 ], [ -3.611471803537133, 47.945991051090353 ], [ -3.611762762842101, 47.946052983573125 ], [ -3.611884278087573, 47.946263747977554 ], [ -3.61242575274766, 47.947191784901442 ], [ -3.612645802925935, 47.947415032418327 ], [ -3.612482200283866, 47.94762572339188 ], [ -3.612409229416085, 47.948674959703361 ], [ -3.612440102099692, 47.948771513971423 ], [ -3.612321595513146, 47.948807325137828 ], [ -3.612427927403704, 47.949662382880568 ], [ -3.612127599719444, 47.950445386456565 ], [ -3.610970954458262, 47.950280601383895 ], [ -3.611156065222919, 47.949356621888647 ], [ -3.612140914398946, 47.948790422130415 ], [ -3.61161806039129, 47.94845469545195 ], [ -3.611341015730257, 47.947980829503884 ], [ -3.611252938617159, 47.947213165391084 ], [ -3.611077059447494, 47.94677073658319 ], [ -3.610426530198635, 47.946647215591412 ], [ -3.6097741055747, 47.946614014992463 ], [ -3.609582247998073, 47.946182786726531 ], [ -3.608628117932018, 47.946117398008461 ], [ -3.608392853032921, 47.946073213811658 ], [ -3.607821607016346, 47.945486571790397 ], [ -3.606850272139653, 47.945445305856104 ], [ -3.60629844604043, 47.945053265939769 ], [ -3.605948713572236, 47.944492528913486 ], [ -3.606802113146914, 47.94400017746193 ], [ -3.605528436936136, 47.943559039712397 ], [ -3.604858087149264, 47.943065812577444 ], [ -3.603645191856411, 47.942715053637365 ], [ -3.603204628203769, 47.942560207953882 ], [ -3.602336965171858, 47.942079775750415 ], [ -3.60173136254472, 47.941453086022371 ], [ -3.601665464735443, 47.941233518237233 ], [ -3.601472001605138, 47.941330554652751 ], [ -3.601349937792994, 47.941411913522778 ], [ -3.600749872283653, 47.942127707073759 ], [ -3.600349951004687, 47.942746056877617 ], [ -3.599418996572689, 47.943229340541983 ], [ -3.598595745657086, 47.94360874363025 ], [ -3.598263050701919, 47.943691025806061 ], [ -3.597815686809145, 47.94410114576521 ], [ -3.597448814286039, 47.944431329309204 ], [ -3.597254177040566, 47.944499984639094 ], [ -3.596633305518742, 47.945322985940173 ], [ -3.596445260695166, 47.945570876204592 ], [ -3.595817928568474, 47.946279351859651 ], [ -3.595973026736779, 47.946384513491381 ], [ -3.595748792595092, 47.946392183439407 ], [ -3.59531594027318, 47.947016340408219 ], [ -3.595401943756357, 47.947213544513026 ], [ -3.595739276407761, 47.947609096088932 ], [ -3.596006124117303, 47.947897485534035 ], [ -3.596253574876141, 47.948041392872923 ], [ -3.596641652141161, 47.948556758644322 ], [ -3.597616850513484, 47.9489497420468 ], [ -3.598059703947413, 47.948660493961043 ], [ -3.598653317491894, 47.94841448372506 ], [ -3.598681598962166, 47.948194992145844 ], [ -3.598551754265923, 47.948118059134686 ], [ -3.598410697866607, 47.948092743606431 ], [ -3.597499003159521, 47.947815518367179 ], [ -3.597405449173934, 47.947454270861741 ], [ -3.597096196489229, 47.946942912379974 ], [ -3.597991291933561, 47.946981033546301 ], [ -3.598600285863851, 47.946857914410479 ], [ -3.599201939152722, 47.946988991996243 ], [ -3.59981238515678, 47.947211683910218 ], [ -3.600159650889622, 47.94756079802773 ], [ -3.600651176167281, 47.947850145479542 ], [ -3.601452551916502, 47.948063943886098 ], [ -3.601752286874412, 47.948139038548462 ], [ -3.602124736460181, 47.948410436047197 ], [ -3.601665927703216, 47.948473656426486 ], [ -3.601248482212313, 47.948570820146003 ], [ -3.600691631587732, 47.948657823085256 ], [ -3.600383522573583, 47.949012499977947 ], [ -3.600506616961132, 47.949377573933525 ], [ -3.600543190023394, 47.949726342523384 ], [ -3.60090547154662, 47.949804756461326 ], [ -3.601584581276343, 47.950233832351834 ], [ -3.601927748824686, 47.950534888016065 ], [ -3.602546884688062, 47.950833519348542 ], [ -3.602886619818048, 47.9510879722949 ], [ -3.603207054245118, 47.951027031235597 ], [ -3.603630755259239, 47.95086239221957 ], [ -3.60407247724206, 47.950504065124612 ], [ -3.604486464959179, 47.950331309414018 ], [ -3.604985069149462, 47.950265178434641 ], [ -3.605467909359987, 47.949838362347236 ], [ -3.606138198453803, 47.949475213458911 ], [ -3.60697758981018, 47.949536542533551 ], [ -3.60733235873928, 47.949439641172134 ], [ -3.607683430218417, 47.949570010799903 ], [ -3.608518580855683, 47.949576342284182 ], [ -3.608844359864614, 47.949401998332974 ], [ -3.609674325475936, 47.949249634210986 ], [ -3.610154807088999, 47.949508747742492 ], [ -3.610563021069943, 47.950173234804247 ], [ -3.610694571558685, 47.950383480204174 ], [ -3.610769256760938, 47.950547776072426 ], [ -3.61100337716235, 47.950523980503149 ], [ -3.612105607905963, 47.950567443289799 ], [ -3.612681050645807, 47.951252608601969 ], [ -3.612749080530983, 47.951971994720566 ], [ -3.612709390724321, 47.952131051892465 ], [ -3.612899703223591, 47.952297278389025 ], [ -3.613250088134958, 47.952218630888026 ], [ -3.614121282314847, 47.952214022493997 ], [ -3.614513908360219, 47.95240414426268 ], [ -3.614959501503132, 47.952675325426931 ], [ -3.615111359539738, 47.953077132250407 ], [ -3.615430977763047, 47.953464979923012 ], [ -3.615517752063894, 47.954169975440486 ], [ -3.615815771797063, 47.954242656549617 ], [ -3.616610158730507, 47.954359360272285 ], [ -3.617276101527061, 47.954708513386151 ], [ -3.61776521186041, 47.954658875597865 ], [ -3.617954205340672, 47.954731824666545 ], [ -3.618843623949403, 47.955035075535498 ], [ -3.619588676882489, 47.955202353302347 ], [ -3.620065520735029, 47.954685801379142 ], [ -3.620280590460543, 47.95535282587965 ], [ -3.621125466594956, 47.955717549435896 ], [ -3.621504416789052, 47.955300220685977 ], [ -3.622222284208739, 47.954982731994654 ], [ -3.622627199811258, 47.955491493937309 ], [ -3.623246807995356, 47.955971008606745 ], [ -3.623563380562565, 47.95605384432632 ], [ -3.623828001847568, 47.956536434289191 ], [ -3.623972111180675, 47.956789571986747 ], [ -3.624059823835122, 47.956933864926356 ], [ -3.624440322908128, 47.957581462235957 ], [ -3.624563997998758, 47.957805845702133 ], [ -3.624867851719073, 47.958480461558814 ], [ -3.625340190786406, 47.958513530498458 ], [ -3.625974756041119, 47.958432340247725 ], [ -3.626073090773339, 47.958360835473265 ], [ -3.62612928440384, 47.95826572999087 ], [ -3.626485250435876, 47.957608074938626 ], [ -3.626654388888409, 47.957267687705901 ], [ -3.62634779139433, 47.956646574940002 ], [ -3.626215413275744, 47.956576465956246 ], [ -3.626240732174704, 47.956463922032093 ], [ -3.626378425526849, 47.956510735127303 ], [ -3.627108867347034, 47.955994107182093 ], [ -3.627440587940224, 47.95586887503601 ], [ -3.628289051840158, 47.9556188088685 ], [ -3.628470823274595, 47.955437161655176 ], [ -3.628983362808751, 47.955465515998014 ], [ -3.62949565814684, 47.955600425396526 ], [ -3.62994157769294, 47.956005293053735 ], [ -3.630523800827453, 47.956024659962935 ], [ -3.630978797712851, 47.955934871100183 ], [ -3.63141457105205, 47.955363192578147 ], [ -3.630572570390226, 47.955109399283621 ], [ -3.630013792186139, 47.955008051733301 ], [ -3.629687288489942, 47.954283146356985 ], [ -3.629577766960085, 47.95413671949435 ], [ -3.630321352659464, 47.953624020531883 ], [ -3.630771341070604, 47.953628816452806 ], [ -3.631433466503375, 47.953332583323373 ], [ -3.632028156016246, 47.952664484683638 ], [ -3.631923649663273, 47.952582780136126 ], [ -3.632055550399736, 47.95258564137184 ], [ -3.632658447381193, 47.951795658999167 ], [ -3.631987828932711, 47.951250936959319 ], [ -3.631280439342445, 47.951048394102678 ] ], [ [ -3.598555791195882, 47.949744934217854 ], [ -3.598604193340323, 47.949710079061383 ], [ -3.598581709187435, 47.949657248940504 ], [ -3.598409407911083, 47.949595038962215 ], [ -3.598529781152012, 47.949706974143083 ], [ -3.598555791195882, 47.949744934217854 ] ], [ [ -3.595379621347248, 47.950196682864181 ], [ -3.59545059400459, 47.950261553020042 ], [ -3.595539676265997, 47.950190250993835 ], [ -3.595677856150657, 47.950055848072914 ], [ -3.595451649868261, 47.950095789253879 ], [ -3.595397281033684, 47.950141324137348 ], [ -3.595379621347248, 47.950196682864181 ] ], [ [ -3.597151737526483, 47.95103130550067 ], [ -3.597295505270444, 47.951358995626734 ], [ -3.598134766030189, 47.951296276635048 ], [ -3.598223624059194, 47.950679192111423 ], [ -3.597570382506052, 47.950577950489063 ], [ -3.597227407153587, 47.950804119700614 ], [ -3.597151737526483, 47.95103130550067 ] ], [ [ -3.600911797693709, 47.953266380991693 ], [ -3.601082936687013, 47.953231630848144 ], [ -3.601341573528307, 47.953009798571017 ], [ -3.600947403885757, 47.952989972488453 ], [ -3.600669093957376, 47.952995315278628 ], [ -3.600780281988155, 47.953184197193423 ], [ -3.600911797693709, 47.953266380991693 ] ], [ [ -3.606082769085579, 47.954809455736743 ], [ -3.60608317336176, 47.954808563749104 ], [ -3.606083574264995, 47.954807761697033 ], [ -3.606082472743416, 47.954807469786921 ], [ -3.606078059911325, 47.954806482017524 ], [ -3.606080923097417, 47.95480923902651 ], [ -3.606082769085579, 47.954809455736743 ] ], [ [ -3.607605469678365, 47.957409027498436 ], [ -3.60795416426831, 47.957148917007061 ], [ -3.607483181293566, 47.95708015782813 ], [ -3.607131256271958, 47.957050483828802 ], [ -3.607360506789922, 47.957276086225562 ], [ -3.607605469678365, 47.957409027498436 ] ], [ [ -3.600344558146007, 47.960491938458361 ], [ -3.600401827866066, 47.960576513027739 ], [ -3.600861106952553, 47.961203719154696 ], [ -3.601515810067706, 47.961614759290278 ], [ -3.602345641453375, 47.961579807471324 ], [ -3.60259970108357, 47.961678110272381 ], [ -3.603636950488218, 47.961926828543042 ], [ -3.603713261240615, 47.961939057768994 ], [ -3.603900814625415, 47.961122052101246 ], [ -3.603836761611662, 47.960951301509837 ], [ -3.603661964049503, 47.960598970575738 ], [ -3.60306925286676, 47.960314642291408 ], [ -3.602552594411231, 47.960088977231813 ], [ -3.601840299008669, 47.959740338478255 ], [ -3.601457149365684, 47.959514897590779 ], [ -3.601148028694725, 47.959628712088232 ], [ -3.601027211145489, 47.959794250178582 ], [ -3.600377509168357, 47.960404662240187 ], [ -3.6003449379691, 47.960452254637573 ], [ -3.600344558146007, 47.960491938458361 ] ], [ [ -3.606727869615228, 47.959698899779148 ], [ -3.606952546277535, 47.96057099347987 ], [ -3.606945919271798, 47.960579592063425 ], [ -3.606959563445861, 47.96058166328293 ], [ -3.606994155580832, 47.960588830962159 ], [ -3.608094959502685, 47.96086352023935 ], [ -3.608555006027309, 47.960700391608064 ], [ -3.608506858050361, 47.961074837653719 ], [ -3.60920381081664, 47.961438517738614 ], [ -3.609378722728731, 47.961828372733642 ], [ -3.609029389439653, 47.962015844024769 ], [ -3.608397747887034, 47.962244869614892 ], [ -3.608053259499111, 47.962490936130543 ], [ -3.607689903140814, 47.962814839495806 ], [ -3.607447408110766, 47.963179394498553 ], [ -3.607615479431732, 47.963791154790236 ], [ -3.607396142269224, 47.964042406076523 ], [ -3.607652410673042, 47.96449787332709 ], [ -3.608053783432134, 47.964070320923362 ], [ -3.60892313620323, 47.964109815632561 ], [ -3.609646704382481, 47.963981704290767 ], [ -3.610161314585286, 47.963382056174815 ], [ -3.610275452398975, 47.963206204972636 ], [ -3.610502464734497, 47.963165617642808 ], [ -3.611232335365925, 47.963056971798828 ], [ -3.611746320394157, 47.962978961741698 ], [ -3.611883687023592, 47.9629553145868 ], [ -3.612841195467111, 47.96252131060394 ], [ -3.612864838335482, 47.96250395859883 ], [ -3.612889187365024, 47.962467719975635 ], [ -3.612834236540783, 47.962300755598122 ], [ -3.612684747537068, 47.961428725140884 ], [ -3.612362448498455, 47.961201109545598 ], [ -3.611811069431545, 47.960792095295552 ], [ -3.611496203790253, 47.960078519360991 ], [ -3.611853169814861, 47.959279983507543 ], [ -3.611908045597801, 47.959220769799941 ], [ -3.611967906412962, 47.95914725447853 ], [ -3.611938337025031, 47.959005813940443 ], [ -3.611694004748129, 47.958885315513264 ], [ -3.610779261157815, 47.958386107308208 ], [ -3.610403095580119, 47.958270640612533 ], [ -3.610044055457943, 47.958331737772575 ], [ -3.61013661641402, 47.958603222847998 ], [ -3.609936452680587, 47.959254470499069 ], [ -3.60983428336713, 47.959556562172288 ], [ -3.609402368563627, 47.95993932119648 ], [ -3.608898187650011, 47.960201750038848 ], [ -3.608684157625892, 47.959767376375979 ], [ -3.608012125257012, 47.959115368838184 ], [ -3.608012243213043, 47.959112221082236 ], [ -3.608008412913373, 47.959105574788879 ], [ -3.607962451687654, 47.959095031481439 ], [ -3.606905208873011, 47.958787005216919 ], [ -3.606473653370002, 47.959436708352357 ], [ -3.606727869615228, 47.959698899779148 ] ], [ [ -3.587257552195867, 47.963041795786431 ], [ -3.587381663870056, 47.962966881522007 ], [ -3.587895599033935, 47.962234206077746 ], [ -3.587963826027612, 47.962205152702822 ], [ -3.589109734784464, 47.961834714476367 ], [ -3.589211775934604, 47.961686183116868 ], [ -3.589234504141896, 47.961634346439283 ], [ -3.589366292994293, 47.961346365474256 ], [ -3.589550538462688, 47.96080868554931 ], [ -3.589336091067906, 47.960291009050756 ], [ -3.58933676661882, 47.960037662784735 ], [ -3.589251608070198, 47.959906441481067 ], [ -3.589063208520816, 47.959906536454532 ], [ -3.588999377177728, 47.960025411964352 ], [ -3.588353745911433, 47.960465819595051 ], [ -3.588148553129745, 47.96105698976762 ], [ -3.588850360590309, 47.961534215046434 ], [ -3.587876861651643, 47.962092254657428 ], [ -3.587836210744267, 47.962157052296007 ], [ -3.587829172247429, 47.962186252369847 ], [ -3.587226831450018, 47.962893123553783 ], [ -3.587204124430643, 47.962954140709208 ], [ -3.587257552195867, 47.963041795786431 ] ], [ [ -3.598458662553504, 47.964395483631357 ], [ -3.598907786576477, 47.96441569352308 ], [ -3.598703277151605, 47.964094531881727 ], [ -3.59918628459027, 47.963440931045959 ], [ -3.600142936078548, 47.963456586552333 ], [ -3.600522766564984, 47.963366504403638 ], [ -3.600868155586673, 47.963018595107954 ], [ -3.600337578481806, 47.962807582531184 ], [ -3.599950850644788, 47.963012100651156 ], [ -3.599184913863813, 47.963437933595856 ], [ -3.599183377309843, 47.96343934300431 ], [ -3.598350883329656, 47.963967886939017 ], [ -3.598264619130114, 47.964062379455484 ], [ -3.598247433226216, 47.964134669339138 ], [ -3.598253923106208, 47.964257833565853 ], [ -3.598458662553504, 47.964395483631357 ] ], [ [ -3.609837951196868, 47.965381718563798 ], [ -3.610254820981027, 47.965312678030955 ], [ -3.610458979228114, 47.964951495919436 ], [ -3.609922367678935, 47.964682359246559 ], [ -3.609444514104621, 47.964864671929995 ], [ -3.60929734379112, 47.965258844614304 ], [ -3.609837951196868, 47.965381718563798 ] ], [ [ -3.584159713598233, 47.964095943423899 ], [ -3.584157614025443, 47.964787581396678 ], [ -3.584221682752954, 47.964976076258964 ], [ -3.584241846696482, 47.965080165747523 ], [ -3.584869513892713, 47.96560579115247 ], [ -3.584968652532757, 47.966347074213637 ], [ -3.585002675696074, 47.966428040797538 ], [ -3.585063351257583, 47.96682374648293 ], [ -3.585408034021703, 47.966546522242069 ], [ -3.585390162624138, 47.96628389186553 ], [ -3.585613029469862, 47.96573655035737 ], [ -3.585504865249958, 47.965341152308746 ], [ -3.585544907516376, 47.964861605025128 ], [ -3.585549315484337, 47.964343631110701 ], [ -3.584928843696406, 47.964049284343254 ], [ -3.584470786919036, 47.963883210768884 ], [ -3.584196412990702, 47.963665741848601 ], [ -3.584088700864381, 47.963934130319615 ], [ -3.584159713598233, 47.964095943423899 ] ], [ [ -3.598414273920726, 47.966343174563136 ], [ -3.598881595666336, 47.966313885356719 ], [ -3.599185018332817, 47.966283575641107 ], [ -3.599155259760469, 47.965990200562047 ], [ -3.59883624258491, 47.965902744452286 ], [ -3.598621975770959, 47.966027895425569 ], [ -3.598414273920726, 47.966343174563136 ] ], [ [ -3.597223096816561, 47.967107295373104 ], [ -3.597332716568302, 47.966727687908254 ], [ -3.596910136661063, 47.966652199475902 ], [ -3.596822499895277, 47.966802646039291 ], [ -3.596770360474688, 47.966975672183381 ], [ -3.597223096816561, 47.967107295373104 ] ], [ [ -3.612256389748835, 47.968538757507687 ], [ -3.612259789391267, 47.968537114832955 ], [ -3.612269112482709, 47.968535769579674 ], [ -3.612642216130221, 47.968100258451237 ], [ -3.612645022460891, 47.968094643863196 ], [ -3.612645931899912, 47.968090161723694 ], [ -3.612642638618782, 47.968069125693845 ], [ -3.612624573073739, 47.968086048283539 ], [ -3.612617561962828, 47.968094999660991 ], [ -3.612246014717053, 47.968528561484597 ], [ -3.61225313476206, 47.968536532907436 ], [ -3.612256389748835, 47.968538757507687 ] ], [ [ -3.604224148255033, 47.97130904205256 ], [ -3.604229375765321, 47.971041384962369 ], [ -3.603896293107783, 47.970823788921429 ], [ -3.603585514130942, 47.971177799393509 ], [ -3.60380331247366, 47.971452684912386 ], [ -3.604224148255033, 47.97130904205256 ] ], [ [ -3.591456581819934, 47.97397410139699 ], [ -3.591460550471063, 47.973977060956329 ], [ -3.591896387562545, 47.974243014432936 ], [ -3.591901532794874, 47.974244287435077 ], [ -3.591930659039139, 47.974239199918337 ], [ -3.591915201526829, 47.974206489095351 ], [ -3.591508008807772, 47.973958029735023 ], [ -3.591456214147427, 47.973964193565145 ], [ -3.591456581819934, 47.97397410139699 ] ], [ [ -3.579258684603358, 47.983856670365249 ], [ -3.579269755273691, 47.983858243202377 ], [ -3.579801014075728, 47.984425704502556 ], [ -3.579420282867128, 47.985208832257207 ], [ -3.579567630194452, 47.985393067607774 ], [ -3.5799146282969, 47.985537216230064 ], [ -3.580026126121864, 47.985239110905027 ], [ -3.580558858401189, 47.98470313236642 ], [ -3.579949159693873, 47.984461896506289 ], [ -3.579836759618214, 47.984393031579629 ], [ -3.579326169501785, 47.983847947640847 ], [ -3.579276621433063, 47.983843530479497 ], [ -3.579261585477695, 47.983838907680202 ], [ -3.579268277447294, 47.983848312880539 ], [ -3.579258684603358, 47.983856670365249 ] ] ], [ [ [ -3.612485808987682, 47.97166732296143 ], [ -3.612597026812833, 47.971887155610361 ], [ -3.612364801584038, 47.971748897924385 ], [ -3.612428984198074, 47.971669256855826 ], [ -3.612461559001886, 47.971254536355197 ], [ -3.612448445723128, 47.971218365070371 ], [ -3.612493480426506, 47.971224207816618 ], [ -3.612567539198558, 47.971207764875913 ], [ -3.612540829062094, 47.971267357841661 ], [ -3.612485808987682, 47.97166732296143 ] ] ], [ [ [ -3.609648180444377, 47.971766483069729 ], [ -3.609139794933576, 47.97180175471977 ], [ -3.608853658051529, 47.971637398196513 ], [ -3.609017136665939, 47.971382693211609 ], [ -3.609316277274064, 47.971288997099464 ], [ -3.609443349151984, 47.97146153595434 ], [ -3.609654255788537, 47.971762733480865 ], [ -3.609867353188946, 47.9717776726336 ], [ -3.60965616310378, 47.971771231669912 ], [ -3.609648180444377, 47.971766483069729 ] ] ], [ [ [ -3.60828795937509, 47.971014591639971 ], [ -3.608305363333816, 47.97099558647318 ], [ -3.608341252574665, 47.970988108821224 ], [ -3.608479070995388, 47.970972754735492 ], [ -3.608443757316708, 47.971073757589011 ], [ -3.608355083667205, 47.971490063562001 ], [ -3.608394524252515, 47.971546198959743 ], [ -3.608503960061439, 47.971842863821628 ], [ -3.608524874239297, 47.972017256128055 ], [ -3.608475302121812, 47.972271072200776 ], [ -3.608206168020694, 47.972098411174322 ], [ -3.607670513929516, 47.972188126762731 ], [ -3.6074712183859, 47.972279931856853 ], [ -3.607438000912789, 47.972127075736438 ], [ -3.607549372026461, 47.9720553950864 ], [ -3.60764209197332, 47.971986493982676 ], [ -3.608185931709946, 47.97195544351478 ], [ -3.608283799720393, 47.97152149936484 ], [ -3.607902535634144, 47.971421133880874 ], [ -3.607596878927843, 47.971500566153836 ], [ -3.60738629494136, 47.971428520126551 ], [ -3.607368566533622, 47.971337444256925 ], [ -3.607402865846063, 47.971322915037 ], [ -3.607432276084061, 47.971300278358086 ], [ -3.607526241321744, 47.971247602804212 ], [ -3.607916286118739, 47.971262100567429 ], [ -3.60828795937509, 47.971014591639971 ] ] ], [ [ [ -3.61350393699086, 47.971173306694666 ], [ -3.613566037816356, 47.971169136672962 ], [ -3.613678185134833, 47.971264961737546 ], [ -3.613811554435696, 47.971477761491727 ], [ -3.613662348249418, 47.97166876354752 ], [ -3.613574098456688, 47.971955656606085 ], [ -3.613745174595445, 47.972281077794563 ], [ -3.613204302317024, 47.972341916096759 ], [ -3.612783526275428, 47.972057897998369 ], [ -3.613233489590946, 47.971849005119317 ], [ -3.613403374176801, 47.971581190263954 ], [ -3.613440102746313, 47.97124368487669 ], [ -3.613406266107784, 47.971166511627992 ], [ -3.61350393699086, 47.971173306694666 ] ] ], [ [ [ -3.61154185119019, 47.971844098244205 ], [ -3.61148053235593, 47.971946296497734 ], [ -3.611212284904143, 47.972294871356077 ], [ -3.610539304037232, 47.972386827918655 ], [ -3.610354656467313, 47.971820012448553 ], [ -3.610945604468129, 47.971996980967177 ], [ -3.611460426390494, 47.971809542454288 ], [ -3.611474729665264, 47.971794075444237 ], [ -3.611485951247848, 47.971811398621561 ], [ -3.61154185119019, 47.971844098244205 ] ] ], [ [ [ -3.626823675841751, 47.972407931779259 ], [ -3.626552038891119, 47.972670523167821 ], [ -3.62617121303179, 47.972657174254635 ], [ -3.626018635955021, 47.972400990702077 ], [ -3.626261294535697, 47.97226941459629 ], [ -3.626546580202832, 47.97217854865368 ], [ -3.626823675841751, 47.972407931779259 ] ] ], [ [ [ -3.60774169294048, 47.972941251564016 ], [ -3.60815259760298, 47.972943832079416 ], [ -3.608256616603931, 47.97289018539503 ], [ -3.608321037019796, 47.972992448779443 ], [ -3.608191075079384, 47.973015789123217 ], [ -3.608135057803074, 47.972996135941095 ], [ -3.60774169294048, 47.972941251564016 ] ] ], [ [ [ -3.628422183999978, 47.974022363705231 ], [ -3.628576239912594, 47.973909379993366 ], [ -3.628564810069481, 47.974067380718907 ], [ -3.628540572802663, 47.974090754810604 ], [ -3.628518809934034, 47.974097436981026 ], [ -3.628373171830636, 47.974113562809613 ], [ -3.628422183999978, 47.974022363705231 ] ] ], [ [ [ -3.648510757427118, 47.97746756788078 ], [ -3.648474127237943, 47.977757473119354 ], [ -3.648484394533344, 47.978083483309931 ], [ -3.648477941903473, 47.978158059915643 ], [ -3.648432467192601, 47.97828497784316 ], [ -3.648383638422226, 47.978533334242051 ], [ -3.648329273064416, 47.978669979244444 ], [ -3.648161366669433, 47.978898014644606 ], [ -3.648076609112481, 47.979043967618786 ], [ -3.647999702196297, 47.979188273493179 ], [ -3.647905084407364, 47.979410626691354 ], [ -3.647836703527054, 47.979615580641557 ], [ -3.647823334346488, 47.979575628780815 ], [ -3.647796219440262, 47.979576540343444 ], [ -3.647791688351318, 47.979598862758372 ], [ -3.647814384600996, 47.979607135376526 ], [ -3.647832523211139, 47.979628369584717 ], [ -3.647809172309617, 47.979698386761456 ], [ -3.647792739151818, 47.979771958880903 ], [ -3.647778738797962, 47.979849988564027 ], [ -3.647779720336146, 47.980055214424084 ], [ -3.647792080939737, 47.980193159871675 ], [ -3.647839997311634, 47.980332698348363 ], [ -3.647921354718248, 47.980480898823423 ], [ -3.647980276525849, 47.980553239505753 ], [ -3.648028794672141, 47.980585686092297 ], [ -3.648168860818373, 47.980640617367378 ], [ -3.648319862987786, 47.980670560717719 ], [ -3.648517867033631, 47.980693499371519 ], [ -3.648504280733817, 47.980750206545565 ], [ -3.648166319784312, 47.980921467191237 ], [ -3.647813036601209, 47.980934382914185 ], [ -3.647669008467078, 47.980946786210254 ], [ -3.647369909794236, 47.98094905621997 ], [ -3.647306291502264, 47.980964016562133 ], [ -3.647242275969831, 47.980989769487557 ], [ -3.647188660428854, 47.981015185115254 ], [ -3.647204886165435, 47.980957359486908 ], [ -3.647182947478642, 47.9809385711564 ], [ -3.646918164182857, 47.980855196009379 ], [ -3.646623374170795, 47.980690052307303 ], [ -3.646279163792283, 47.980567415355878 ], [ -3.646214000404541, 47.980553813951396 ], [ -3.64597300010337, 47.980429138932678 ], [ -3.645843637923692, 47.980365683303361 ], [ -3.645815433905564, 47.980355862770999 ], [ -3.645786243092157, 47.980362763544953 ], [ -3.645345982263586, 47.98030980212026 ], [ -3.645242147424077, 47.980248283922421 ], [ -3.644877067883609, 47.980098144290174 ], [ -3.644763938676347, 47.980057324931515 ], [ -3.644720412910515, 47.9799800627774 ], [ -3.644615381823569, 47.979689282881047 ], [ -3.644426391127968, 47.97949235711733 ], [ -3.644479894023453, 47.979329056065971 ], [ -3.644255703984565, 47.979261857239266 ], [ -3.64401904937195, 47.979311418491967 ], [ -3.643753338888232, 47.979323960608994 ], [ -3.643245467017938, 47.979404584746575 ], [ -3.643322513818039, 47.979810203414779 ], [ -3.64327562806239, 47.979864369524783 ], [ -3.643250269635911, 47.979878004698463 ], [ -3.643234540502132, 47.979882017616113 ], [ -3.643215843056475, 47.979875982209549 ], [ -3.643144858485672, 47.979869375478522 ], [ -3.643152647077683, 47.979819125888461 ], [ -3.643219120070206, 47.97940479014084 ], [ -3.64316660006619, 47.979380363463349 ], [ -3.64280507252597, 47.979194554908048 ], [ -3.642976368463545, 47.978905391471358 ], [ -3.643278356768, 47.978703743542418 ], [ -3.643809748825976, 47.978789994245112 ], [ -3.643837990309737, 47.978818896676799 ], [ -3.643884554639383, 47.978803605408721 ], [ -3.643929256054954, 47.97877846741865 ], [ -3.644461285422245, 47.978726662777802 ], [ -3.644826453605176, 47.97843111093519 ], [ -3.644832841729515, 47.978428895544631 ], [ -3.644834039997322, 47.978426578856336 ], [ -3.644834119525707, 47.978424420337966 ], [ -3.644858034285456, 47.978006913510633 ], [ -3.645362215602056, 47.978086505338652 ], [ -3.645832368329808, 47.978092888602134 ], [ -3.64593179001534, 47.977780538149851 ], [ -3.645944910472005, 47.977766753661534 ], [ -3.64641857590212, 47.977758262486276 ], [ -3.646554550687602, 47.977702412598575 ], [ -3.646941555092607, 47.977599256069475 ], [ -3.647127533504771, 47.977575701487289 ], [ -3.647468245558428, 47.977611504889751 ], [ -3.647762969843911, 47.977455424913408 ], [ -3.647892088276434, 47.977424550535623 ], [ -3.648282140001927, 47.977319108649915 ], [ -3.648354623706291, 47.977274799706045 ], [ -3.648515290340585, 47.977243459323823 ], [ -3.648670459438871, 47.977220381852938 ], [ -3.64899824254053, 47.977153775456493 ], [ -3.649266773055226, 47.977084393938242 ], [ -3.649381326536661, 47.977046033914981 ], [ -3.649382379106926, 47.977047674464629 ], [ -3.649360431994282, 47.977140129807786 ], [ -3.649126317249178, 47.977231962621183 ], [ -3.648879276113233, 47.97729195216202 ], [ -3.648549370442191, 47.977355726781006 ], [ -3.648510757427118, 47.97746756788078 ] ] ], [ [ [ -3.641632661639122, 47.978956716013279 ], [ -3.64177417560948, 47.978891709885552 ], [ -3.64200500623338, 47.978829079274753 ], [ -3.642310056819059, 47.978846201231747 ], [ -3.64263126032354, 47.978898109097564 ], [ -3.642645377576608, 47.979219425809184 ], [ -3.642164368676804, 47.979295889584598 ], [ -3.64189468715995, 47.979225006692317 ], [ -3.641734187999374, 47.979140956807797 ], [ -3.641656512735317, 47.979024144534257 ], [ -3.641632661639122, 47.978956716013279 ] ] ], [ [ [ -3.646963029079143, 47.981248934091909 ], [ -3.646888805130809, 47.981249646935737 ], [ -3.646717190925878, 47.981195088837531 ], [ -3.646676843078206, 47.981071717874201 ], [ -3.64669377375371, 47.981075378142705 ], [ -3.646986365395005, 47.981118884666891 ], [ -3.647125041456971, 47.981241832508609 ], [ -3.647151084913515, 47.981149097096569 ], [ -3.647197501265436, 47.981158012295829 ], [ -3.647213561427733, 47.98119540665386 ], [ -3.64723632441925, 47.981211960973354 ], [ -3.64737915188606, 47.981262446957793 ], [ -3.647406022690205, 47.981278271291046 ], [ -3.647412133054759, 47.98130377126428 ], [ -3.647287004167608, 47.981367124207125 ], [ -3.647259044349285, 47.981370809276747 ], [ -3.647160551265618, 47.981295086597285 ], [ -3.647113082254318, 47.981274450462905 ], [ -3.647069029191675, 47.981261801176601 ], [ -3.646963029079143, 47.981248934091909 ] ] ], [ [ [ -3.645410050776699, 47.98171276042499 ], [ -3.64524147915319, 47.981827375248486 ], [ -3.645080903411743, 47.981956546377958 ], [ -3.644895388784436, 47.982087930671575 ], [ -3.644478336225945, 47.982431702932004 ], [ -3.644250736781659, 47.982637867421062 ], [ -3.644136618480345, 47.982744543419834 ], [ -3.644004083500827, 47.98288785107615 ], [ -3.643882429370063, 47.983068092388208 ], [ -3.643801292515968, 47.98321600355434 ], [ -3.643792455432942, 47.983254442407137 ], [ -3.643640041520263, 47.983232475511116 ], [ -3.643043478818645, 47.983141711400989 ], [ -3.642623028076414, 47.983074185594241 ], [ -3.642264217468721, 47.983598554533145 ], [ -3.642093742395982, 47.983583432811024 ], [ -3.641915336421153, 47.983602267096273 ], [ -3.641391565054725, 47.983328499579343 ], [ -3.641640462560635, 47.982977851658383 ], [ -3.641784409620538, 47.982806958785751 ], [ -3.641941030018586, 47.982745037437567 ], [ -3.642367337540874, 47.982412345749715 ], [ -3.642135029809133, 47.982142566603734 ], [ -3.641890912308715, 47.982102424487373 ], [ -3.641614217658171, 47.982160918655907 ], [ -3.641228132321568, 47.982238064318857 ], [ -3.640580320876549, 47.981917946121669 ], [ -3.640566256533052, 47.981917041048881 ], [ -3.639846077703867, 47.982190425043804 ], [ -3.639380317313342, 47.982234954303159 ], [ -3.638937146559076, 47.98224041221448 ], [ -3.638288077138528, 47.982045000134214 ], [ -3.637257683932975, 47.98201870241482 ], [ -3.637122713224579, 47.98199670791621 ], [ -3.637034193118793, 47.981972653073321 ], [ -3.636009768764621, 47.981664749653206 ], [ -3.635740641539194, 47.981568751320509 ], [ -3.635102200864286, 47.981146809625372 ], [ -3.634962166327037, 47.980780630079181 ], [ -3.634549382640937, 47.980216134195125 ], [ -3.634499431825617, 47.980142431790881 ], [ -3.634370995422731, 47.980054319468714 ], [ -3.633634755240425, 47.97981963781988 ], [ -3.632796719428987, 47.979919475698374 ], [ -3.631969638368868, 47.980224100115592 ], [ -3.632119150114595, 47.981024646681561 ], [ -3.632085900797074, 47.981251072684529 ], [ -3.631884473293938, 47.981310569946352 ], [ -3.631682437568672, 47.981426487118291 ], [ -3.63074356836335, 47.981443506290681 ], [ -3.630493457243451, 47.981415191051802 ], [ -3.629882378999882, 47.981316688395182 ], [ -3.629270139539428, 47.981159567089243 ], [ -3.629213225811283, 47.981163668300333 ], [ -3.62912795283451, 47.981112219676895 ], [ -3.628406802164867, 47.98058123706744 ], [ -3.627712202229987, 47.980444447697494 ], [ -3.62723774214411, 47.980353748090479 ], [ -3.626607576616827, 47.980280142108242 ], [ -3.62557215867757, 47.980080556785467 ], [ -3.625399849205751, 47.980045301637368 ], [ -3.62493085027194, 47.979947589111227 ], [ -3.624372100794387, 47.979948909994619 ], [ -3.624041671291293, 47.97983610350412 ], [ -3.623213639273104, 47.979766317886295 ], [ -3.622630290905249, 47.979940131881449 ], [ -3.621878725175307, 47.98017794691981 ], [ -3.621424680404544, 47.980216689878219 ], [ -3.621275997862138, 47.980572960859234 ], [ -3.620895773743968, 47.980860669032694 ], [ -3.620250328366003, 47.98133637807161 ], [ -3.620046206196036, 47.981467803520282 ], [ -3.619727948578852, 47.98188426716483 ], [ -3.619438463135945, 47.981469301901811 ], [ -3.618682134634759, 47.981247081487041 ], [ -3.617687547458033, 47.981275757331481 ], [ -3.61760119830683, 47.981283230765968 ], [ -3.61686464239941, 47.981813551805033 ], [ -3.616375403946168, 47.98221807452591 ], [ -3.615967194458511, 47.982310444078045 ], [ -3.615852655929906, 47.982685205222481 ], [ -3.615503435842555, 47.983045602447007 ], [ -3.615210065875484, 47.98321188497146 ], [ -3.614477115582014, 47.983525352660173 ], [ -3.614119387293369, 47.983835085106449 ], [ -3.613563448890273, 47.984097509103812 ], [ -3.613611060012149, 47.984689600193825 ], [ -3.613343461703873, 47.984969973990403 ], [ -3.613308175648961, 47.985080160429611 ], [ -3.612679293738017, 47.985407648870229 ], [ -3.61248228701677, 47.985516610970876 ], [ -3.611917127449826, 47.985598475740424 ], [ -3.611373034441425, 47.985979840028428 ], [ -3.611159110808449, 47.98601529085385 ], [ -3.610925836395822, 47.986121641114401 ], [ -3.610193527648818, 47.986188482058161 ], [ -3.609736604997484, 47.986569947563332 ], [ -3.609504218831528, 47.98667226232336 ], [ -3.609245983570253, 47.986771273524582 ], [ -3.608522285974814, 47.986895157211201 ], [ -3.608101840754713, 47.987154304097416 ], [ -3.607730777997359, 47.987689484390273 ], [ -3.607620675405444, 47.987874957749007 ], [ -3.607540701592245, 47.987910001472841 ], [ -3.607417848844865, 47.987891270790882 ], [ -3.606916717314809, 47.987937029898951 ], [ -3.606246475560824, 47.987950894924275 ], [ -3.605904763983546, 47.987980196090774 ], [ -3.605133238850533, 47.987954239263914 ], [ -3.604361471636712, 47.987756902989574 ], [ -3.603756265973406, 47.987847020068614 ], [ -3.603068230823868, 47.987899933588999 ], [ -3.602128462660706, 47.988056017142455 ], [ -3.601964540114507, 47.98807372460719 ], [ -3.601874482666468, 47.988041329809775 ], [ -3.600819771180102, 47.987652653803103 ], [ -3.600318050314608, 47.987605485682124 ], [ -3.599617465652049, 47.987558041773845 ], [ -3.599280831647309, 47.987531260219633 ], [ -3.59874954453056, 47.987727408813271 ], [ -3.598290095609064, 47.987858294011588 ], [ -3.597780189435872, 47.988520910512555 ], [ -3.597436049612655, 47.987737931320275 ], [ -3.597051598652466, 47.987640974913184 ], [ -3.596732637614279, 47.987499691717538 ], [ -3.596232928658586, 47.987290985762691 ], [ -3.595609430433798, 47.987452696373033 ], [ -3.594943248763657, 47.987526155947563 ], [ -3.59467032488863, 47.98763014998179 ], [ -3.594161754067386, 47.987567965600356 ], [ -3.593741891102836, 47.98747551000546 ], [ -3.593765661743321, 47.987661665640729 ], [ -3.593433835432317, 47.988303790233445 ], [ -3.592498760005004, 47.988128305742308 ], [ -3.592210872845248, 47.988363042125485 ], [ -3.591785812836673, 47.988555431566013 ], [ -3.591483985708066, 47.988815268817262 ], [ -3.591071585262128, 47.989350019053695 ], [ -3.591097673573427, 47.989504090158526 ], [ -3.590624685177594, 47.99013960282177 ], [ -3.590642464229421, 47.990228793965109 ], [ -3.590699163162979, 47.99064305348125 ], [ -3.590986952196464, 47.991029985705218 ], [ -3.588082941967227, 47.991630855516874 ], [ -3.588039107288453, 47.991671379726817 ], [ -3.588029820532666, 47.991681454273021 ], [ -3.592638412269811, 47.991976575056015 ], [ -3.594487473884941, 47.99249659076451 ], [ -3.592126438089788, 47.992249133893623 ], [ -3.590887256844019, 47.991900683514302 ], [ -3.587798581087313, 47.99170283207701 ], [ -3.587916237468699, 47.991574591792165 ], [ -3.58792358523166, 47.991566728539759 ], [ -3.587958561807361, 47.991534757413618 ], [ -3.588510181023606, 47.991028728024041 ], [ -3.588508395184452, 47.991026892137143 ], [ -3.588512154004004, 47.991025617357792 ], [ -3.588515912823389, 47.991024342578278 ], [ -3.590014237111204, 47.990131523537549 ], [ -3.59025299614535, 47.989891398630718 ], [ -3.590516997846729, 47.989444766251218 ], [ -3.590694459593916, 47.98919666325947 ], [ -3.59098947923372, 47.988734179917479 ], [ -3.591060240508173, 47.98853083396687 ], [ -3.591356731415077, 47.988451531679452 ], [ -3.591703267347752, 47.988294835222042 ], [ -3.591961844918919, 47.988177960736699 ], [ -3.592136802003279, 47.98803520178744 ], [ -3.592529181929034, 47.987715700368696 ], [ -3.591963538388062, 47.987416010744759 ], [ -3.591942690217408, 47.987260694847805 ], [ -3.59206379599606, 47.98709957795873 ], [ -3.592394769003425, 47.986794689957051 ], [ -3.592841196921519, 47.986684540549824 ], [ -3.59335803989894, 47.986733755890548 ], [ -3.594130219229099, 47.986476384064161 ], [ -3.593636033177801, 47.986023502668949 ], [ -3.593577682755097, 47.985711549049739 ], [ -3.594009704061844, 47.985343782957699 ], [ -3.594193703210502, 47.985295347134702 ], [ -3.594150139625134, 47.985181430370474 ], [ -3.594365362119037, 47.984688903911717 ], [ -3.594939520825097, 47.984644392084832 ], [ -3.595390130057285, 47.984649072525862 ], [ -3.595480523666109, 47.984327940429139 ], [ -3.59571027710645, 47.984030202510233 ], [ -3.595938492588949, 47.983861770404324 ], [ -3.595819033770191, 47.983645083602937 ], [ -3.595860981209102, 47.983388597553407 ], [ -3.595740705320819, 47.983036167216731 ], [ -3.595533735771395, 47.982926548323483 ], [ -3.595767020050135, 47.982830221813387 ], [ -3.596178417249679, 47.982644476249988 ], [ -3.596316943915022, 47.982630861095863 ], [ -3.59641519513829, 47.982543987941597 ], [ -3.59631000157147, 47.982490225144062 ], [ -3.59617623161786, 47.982102064281513 ], [ -3.596253543339784, 47.981783281232623 ], [ -3.596315179568666, 47.981634294037029 ], [ -3.596366987941409, 47.981066859129726 ], [ -3.596283308734078, 47.981013255817352 ], [ -3.596348385282752, 47.980940301273826 ], [ -3.596176511177102, 47.980559210420779 ], [ -3.596094852241094, 47.980274875567929 ], [ -3.59643359263536, 47.980175703419981 ], [ -3.596619193613474, 47.980399289768748 ], [ -3.596482737558702, 47.980948743798017 ], [ -3.596560637520768, 47.980968659866662 ], [ -3.597136233590675, 47.981022811024317 ], [ -3.597422291702735, 47.980904043323036 ], [ -3.597822986617232, 47.981051185452394 ], [ -3.598294326339514, 47.981450397954447 ], [ -3.598599908220508, 47.981384579213383 ], [ -3.599101790329858, 47.981642820080189 ], [ -3.599600550916617, 47.981786960579207 ], [ -3.599389154825881, 47.982139884450135 ], [ -3.599617109092355, 47.982707407537454 ], [ -3.600124373490458, 47.983138559760185 ], [ -3.601017383405294, 47.983020266116853 ], [ -3.601629634474337, 47.982386318367233 ], [ -3.600703803428418, 47.981858540237987 ], [ -3.600213972717607, 47.98165445980684 ], [ -3.599970300154954, 47.981337017691189 ], [ -3.599730186706268, 47.981013795699774 ], [ -3.599712505014641, 47.980665395867533 ], [ -3.600271478503938, 47.980500668199255 ], [ -3.600536589330417, 47.980356633831811 ], [ -3.600937628312553, 47.980188935703957 ], [ -3.600542529537951, 47.979922570869419 ], [ -3.599982840557495, 47.979938868171502 ], [ -3.599533827132376, 47.979961779263853 ], [ -3.599294128829834, 47.979785451972191 ], [ -3.598812568238366, 47.979441123035414 ], [ -3.598807862832962, 47.979349314685763 ], [ -3.598773077850366, 47.979287867990465 ], [ -3.599041949624627, 47.978836907452468 ], [ -3.599045724340051, 47.978835182634938 ], [ -3.599047352713675, 47.978831344917154 ], [ -3.599289440203774, 47.978372379536211 ], [ -3.599667181148651, 47.978360199516771 ], [ -3.599700979677781, 47.977846498616273 ], [ -3.599774585723712, 47.977743830950239 ], [ -3.599794873393148, 47.977697613145772 ], [ -3.599832384509485, 47.977696470798243 ], [ -3.600046498615713, 47.977537020901281 ], [ -3.600527267916171, 47.977724630857793 ], [ -3.600494699678527, 47.977406986861965 ], [ -3.600751079939612, 47.977366463480124 ], [ -3.601019556619306, 47.977162102803739 ], [ -3.601138006114114, 47.977060507741491 ], [ -3.60146969526927, 47.976783061897478 ], [ -3.601115163452692, 47.976444694053974 ], [ -3.601110564985564, 47.976409140800939 ], [ -3.601108965207578, 47.976402358617321 ], [ -3.601118989904099, 47.976382397400279 ], [ -3.601262158359339, 47.976106776713827 ], [ -3.601262969206392, 47.976065480967435 ], [ -3.601576053321312, 47.975818985917044 ], [ -3.601591889435915, 47.97578257966709 ], [ -3.601667093902711, 47.975676702678633 ], [ -3.60202712314558, 47.975424661200101 ], [ -3.602211800335339, 47.975386756868339 ], [ -3.602446456476893, 47.975154088536847 ], [ -3.602496415636061, 47.975137532447022 ], [ -3.602760834268174, 47.975070343454874 ], [ -3.602773960032151, 47.9750665545751 ], [ -3.602783022909935, 47.975052424353684 ], [ -3.602807137183713, 47.975052364378833 ], [ -3.603330063453464, 47.975075283648209 ], [ -3.603463211862009, 47.974957418172437 ], [ -3.603657158873223, 47.974860293290334 ], [ -3.603810513072948, 47.974876035396093 ], [ -3.604227600189452, 47.974852652378509 ], [ -3.604317166080315, 47.974719788253182 ], [ -3.604665538542717, 47.974560390704156 ], [ -3.604938037270728, 47.974574270777772 ], [ -3.605196708075956, 47.97451182188405 ], [ -3.605566785560423, 47.974693247909244 ], [ -3.605710146171813, 47.974935778516105 ], [ -3.605990497367627, 47.974770074207804 ], [ -3.606419468373167, 47.974419934925983 ], [ -3.607095231742313, 47.974581059292461 ], [ -3.607366695923274, 47.974622543880614 ], [ -3.607556666803356, 47.974472950982104 ], [ -3.607454048690585, 47.974281364498935 ], [ -3.607239955808797, 47.973887124866806 ], [ -3.607778194674192, 47.97376848108614 ], [ -3.608105694800511, 47.973749874254516 ], [ -3.608440737500004, 47.974015018086256 ], [ -3.608508070541137, 47.974188082219221 ], [ -3.608807954301387, 47.974292770102657 ], [ -3.609084283306629, 47.974095476947504 ], [ -3.609128108468654, 47.973747492300312 ], [ -3.609204748007351, 47.973523644165759 ], [ -3.609142683691256, 47.973318823839115 ], [ -3.60943514328326, 47.973354239777237 ], [ -3.610168220182767, 47.973173388374072 ], [ -3.610209207296783, 47.973099138485189 ], [ -3.610440451687093, 47.972609696013272 ], [ -3.611314086196987, 47.972716666845947 ], [ -3.611517318270193, 47.972886303273064 ], [ -3.611820849289712, 47.972715014027678 ], [ -3.612332350360609, 47.972606528505402 ], [ -3.612670707646665, 47.972813132169343 ], [ -3.613223858844893, 47.973039111012127 ], [ -3.613599060169036, 47.972766362699637 ], [ -3.613815867796299, 47.972573009339094 ], [ -3.614297722863894, 47.972483458233526 ], [ -3.613940776616514, 47.97229773243685 ], [ -3.614210629234489, 47.971995084715054 ], [ -3.614222536832945, 47.971736020544043 ], [ -3.614123605583655, 47.971445330307702 ], [ -3.614160635670546, 47.971317988757676 ], [ -3.614302766236896, 47.971087964527612 ], [ -3.614482270718452, 47.97109853926726 ], [ -3.614519072035636, 47.971155970100703 ], [ -3.614526804917068, 47.971187264393919 ], [ -3.614543906254904, 47.971603148805819 ], [ -3.614640651398407, 47.971743939622669 ], [ -3.614521859702575, 47.972054169591821 ], [ -3.614563303136467, 47.972533358662382 ], [ -3.61502392236861, 47.972485955545245 ], [ -3.615244793207994, 47.972491497570459 ], [ -3.615779230606474, 47.972781715276923 ], [ -3.615856684566837, 47.972882971776336 ], [ -3.615899112911027, 47.972779857307032 ], [ -3.615910671300458, 47.972728604030245 ], [ -3.616237707471039, 47.97244400346765 ], [ -3.61629182031564, 47.972077590048336 ], [ -3.616327747693342, 47.972029338965498 ], [ -3.616360675914775, 47.972031610454842 ], [ -3.616371067802411, 47.972031456024681 ], [ -3.61662014267439, 47.972126026581577 ], [ -3.616729799120005, 47.972288761685313 ], [ -3.61657988195308, 47.972548696280548 ], [ -3.616699339595403, 47.972796678580409 ], [ -3.617188862780071, 47.972879262899234 ], [ -3.617087691621483, 47.972548749657456 ], [ -3.61693187283593, 47.972241366496299 ], [ -3.617331054192275, 47.972249800703167 ], [ -3.617459203514235, 47.972354398509552 ], [ -3.617706850794, 47.972566842751526 ], [ -3.617483687829175, 47.972851341437803 ], [ -3.617982990826879, 47.972930335371863 ], [ -3.618077853200218, 47.972674440807808 ], [ -3.618399265727811, 47.972599970675873 ], [ -3.618522555536649, 47.97270564119848 ], [ -3.618819047301584, 47.972951269357509 ], [ -3.618895151204563, 47.972969513784754 ], [ -3.619358557011141, 47.973106024210523 ], [ -3.61988031523654, 47.973070338624957 ], [ -3.619946340771345, 47.97307038258247 ], [ -3.620142883892299, 47.973051943239376 ], [ -3.620411222501903, 47.973207187614925 ], [ -3.620930826333323, 47.973308979538714 ], [ -3.620931170194974, 47.973309706353518 ], [ -3.620918186024434, 47.973787637911272 ], [ -3.621217517690492, 47.973877789611301 ], [ -3.621616659337606, 47.973987190815365 ], [ -3.621517175451879, 47.973700276903848 ], [ -3.621356053885451, 47.973614203957531 ], [ -3.620932679673172, 47.973309016124638 ], [ -3.621516924180503, 47.973278786295801 ], [ -3.621596550663047, 47.973312038877559 ], [ -3.62196549887661, 47.973534877180221 ], [ -3.622306343615663, 47.973486429789709 ], [ -3.622342948871797, 47.973788483058975 ], [ -3.622252825635634, 47.973947451099633 ], [ -3.622467120752815, 47.973920537374319 ], [ -3.622833434826296, 47.973965204112446 ], [ -3.622947695473628, 47.974293809695467 ], [ -3.622475471976253, 47.974592937219157 ], [ -3.622175587497922, 47.974497557953768 ], [ -3.621841928974193, 47.974283156976256 ], [ -3.6213558203833, 47.974476881770663 ], [ -3.620991565277419, 47.974585976559155 ], [ -3.620551115424947, 47.974350652730351 ], [ -3.620342888943923, 47.974085261426943 ], [ -3.619784585220894, 47.974235342040572 ], [ -3.61984391821362, 47.974544325703064 ], [ -3.620300004900602, 47.974758180390054 ], [ -3.620619967991943, 47.974902023151621 ], [ -3.620864496468472, 47.975158950267883 ], [ -3.620978083937171, 47.975485475012661 ], [ -3.621425909440768, 47.975622658847193 ], [ -3.622089476337845, 47.975783988157495 ], [ -3.622334095118048, 47.975749842474329 ], [ -3.623130731231356, 47.975884179155969 ], [ -3.623195864337113, 47.975968086686308 ], [ -3.623211471111169, 47.975877670957757 ], [ -3.623201589099516, 47.9758441748236 ], [ -3.623137382294058, 47.975785216520187 ], [ -3.622648521147955, 47.97545480311021 ], [ -3.622686414302239, 47.975004903394741 ], [ -3.623121613584086, 47.975142461162292 ], [ -3.623577081979148, 47.974994566024947 ], [ -3.623960642768102, 47.974894933464419 ], [ -3.623836392398774, 47.974625264209706 ], [ -3.623561014537796, 47.974559082991824 ], [ -3.623213483287387, 47.974328572229147 ], [ -3.623595909976454, 47.974000130283578 ], [ -3.623822130172483, 47.974270819940585 ], [ -3.624182832113341, 47.974436515897459 ], [ -3.6246700867163, 47.974181778987067 ], [ -3.624787404292231, 47.974169150209882 ], [ -3.624829233002939, 47.974181494843442 ], [ -3.624841086704292, 47.974201889147217 ], [ -3.625283235813075, 47.974441818852092 ], [ -3.625317951762526, 47.974455913240917 ], [ -3.625455245120357, 47.974534580563123 ], [ -3.62540406254177, 47.974923466638671 ], [ -3.625837873148693, 47.974869008983937 ], [ -3.626281424528319, 47.974801960949968 ], [ -3.626180399272968, 47.975184645727275 ], [ -3.626003183506081, 47.975361612591719 ], [ -3.625958490808743, 47.975625882267295 ], [ -3.625856373645107, 47.975838259170352 ], [ -3.626066107189951, 47.976213653396485 ], [ -3.626355966086958, 47.975870507959364 ], [ -3.626435468183905, 47.975707637199825 ], [ -3.626549669333396, 47.975469486770258 ], [ -3.626817648759002, 47.97550536354079 ], [ -3.626965200188882, 47.975677474286819 ], [ -3.627056214973856, 47.975833711483865 ], [ -3.627207716401056, 47.976129204223369 ], [ -3.627217452370746, 47.976246580191749 ], [ -3.627626096528247, 47.97632059462704 ], [ -3.627482670446643, 47.976047312214142 ], [ -3.627547269643424, 47.97580620453401 ], [ -3.627502056720931, 47.975495433444671 ], [ -3.627507595226278, 47.975366297724939 ], [ -3.627623107846018, 47.975362360632474 ], [ -3.627940827264824, 47.975087712129252 ], [ -3.627730234614469, 47.975404430086577 ], [ -3.627912053762739, 47.975802581995168 ], [ -3.628382633601592, 47.97590688324749 ], [ -3.628706030170205, 47.975709116864735 ], [ -3.628679242139863, 47.975461441053277 ], [ -3.62853796064161, 47.975220243592503 ], [ -3.628046063910704, 47.975040820875805 ], [ -3.628587230467632, 47.975102138430607 ], [ -3.628625210296716, 47.975118276013141 ], [ -3.629069766142264, 47.975323946100538 ], [ -3.629127509393081, 47.975347312391158 ], [ -3.629217583357481, 47.975439086818092 ], [ -3.629156927331953, 47.975794036930772 ], [ -3.62939362756899, 47.976103082123629 ], [ -3.628967360206101, 47.976303957848145 ], [ -3.628964765387956, 47.976303906819915 ], [ -3.628965436658333, 47.976305810089912 ], [ -3.628967637419524, 47.976306483391859 ], [ -3.629406082396055, 47.976517162086402 ], [ -3.63008069442663, 47.976841565087838 ], [ -3.630273449519269, 47.976335484979138 ], [ -3.630375038598773, 47.97625692858994 ], [ -3.630569259609121, 47.976271275713529 ], [ -3.63110223675944, 47.97636374069247 ], [ -3.63160761183667, 47.976300225340808 ], [ -3.632103267391472, 47.97652893720543 ], [ -3.63218449245795, 47.976149008593893 ], [ -3.632375358012119, 47.976033682021836 ], [ -3.632533933329877, 47.975698563526493 ], [ -3.632646421073528, 47.975656130350735 ], [ -3.632660821119061, 47.97565794310038 ], [ -3.632679014657857, 47.975657490238156 ], [ -3.633040880402366, 47.97591282220754 ], [ -3.633501986081352, 47.975942662517561 ], [ -3.633624568725958, 47.975898086342589 ], [ -3.633845868702729, 47.976212939384681 ], [ -3.633421128166902, 47.976072570338729 ], [ -3.633040870406389, 47.975913092020775 ], [ -3.632639763424432, 47.976196198591552 ], [ -3.632312886337859, 47.976608295849161 ], [ -3.633043623687289, 47.976689873399408 ], [ -3.6335543351601, 47.976832830981827 ], [ -3.633704299932021, 47.976990489104693 ], [ -3.634245677960606, 47.9769565588281 ], [ -3.634675819113976, 47.977472343750975 ], [ -3.634743308129186, 47.977493108039397 ], [ -3.634823043541247, 47.978155115324341 ], [ -3.634944958599845, 47.978539569865667 ], [ -3.635820462281947, 47.978850145110542 ], [ -3.635839967905876, 47.978864387945649 ], [ -3.635858232317492, 47.978862045850796 ], [ -3.635864182248834, 47.978851632095591 ], [ -3.636707651342791, 47.978664484346979 ], [ -3.636902282887959, 47.978346986242919 ], [ -3.637236582832999, 47.978074615383107 ], [ -3.637733185591982, 47.978128173506676 ], [ -3.637916059366716, 47.978158665683118 ], [ -3.638285800931038, 47.978081482498709 ], [ -3.638046334180907, 47.977936118860868 ], [ -3.637880785390136, 47.977577454808582 ], [ -3.638137862720701, 47.977467104830716 ], [ -3.637840685106667, 47.977427894405558 ], [ -3.637642558892969, 47.977298279956067 ], [ -3.637595280387336, 47.977483390396756 ], [ -3.637138926003138, 47.977605586080763 ], [ -3.63659279538533, 47.977667608757137 ], [ -3.63657371347606, 47.977672005019301 ], [ -3.636554967549992, 47.977667317543791 ], [ -3.63600370660527, 47.977436816487874 ], [ -3.635875218028595, 47.977380296126341 ], [ -3.635408591152612, 47.977338927475095 ], [ -3.63478118236794, 47.977462079686717 ], [ -3.6347763375715, 47.977382511859503 ], [ -3.634457025458409, 47.976889152007431 ], [ -3.634332660382984, 47.976861601683446 ], [ -3.634054787193907, 47.976321261886987 ], [ -3.634006280537121, 47.976288809150688 ], [ -3.634081061245189, 47.97578202863167 ], [ -3.63442131798297, 47.975609237241393 ], [ -3.634861264226511, 47.975679518143835 ], [ -3.634890445142211, 47.975682880509446 ], [ -3.634887374147767, 47.975665629697687 ], [ -3.634878303441361, 47.975660141630399 ], [ -3.634547659549902, 47.975382927596755 ], [ -3.634658339327598, 47.975078638057894 ], [ -3.634701688959359, 47.975019906269623 ], [ -3.634706561078474, 47.97501856177756 ], [ -3.634712935896248, 47.975016706739275 ], [ -3.634915003515276, 47.975019409628068 ], [ -3.635297509866409, 47.975057961315841 ], [ -3.635356342889477, 47.975071985295827 ], [ -3.635871275634821, 47.975230945273033 ], [ -3.635761276569101, 47.975637312751694 ], [ -3.635589044007875, 47.97586083404456 ], [ -3.635610115832724, 47.976143496770952 ], [ -3.635612820776133, 47.976351096913859 ], [ -3.635822652243993, 47.976414792312035 ], [ -3.636203796621829, 47.97653053659635 ], [ -3.636326114572019, 47.976533203796009 ], [ -3.636440033061294, 47.976532286141612 ], [ -3.63641903393849, 47.976438091427077 ], [ -3.63669570832247, 47.976188984317091 ], [ -3.636917636771208, 47.976256604732214 ], [ -3.636982764389103, 47.976301082160923 ], [ -3.637125421594996, 47.97644590174113 ], [ -3.637083360736653, 47.976710586787135 ], [ -3.637483818118134, 47.976966299619058 ], [ -3.63756210430626, 47.976965942889727 ], [ -3.638042993794005, 47.976972660393152 ], [ -3.638220394981687, 47.976990534514258 ], [ -3.638393099712225, 47.977115420027566 ], [ -3.638424332417418, 47.977384510642189 ], [ -3.638397952002516, 47.977435835938813 ], [ -3.638471233607564, 47.977721500362684 ], [ -3.638690579216016, 47.978049985486059 ], [ -3.638831503499394, 47.97804113360889 ], [ -3.639369606633327, 47.977995593105341 ], [ -3.639537441290328, 47.978121911529193 ], [ -3.639608630506133, 47.978163085851484 ], [ -3.63969468442765, 47.978304004381506 ], [ -3.639665018066199, 47.978605024329646 ], [ -3.639858832367103, 47.978952088216879 ], [ -3.63987403481676, 47.979002517381446 ], [ -3.639940194730049, 47.979481278395561 ], [ -3.639925542553881, 47.979526443348853 ], [ -3.639908202003201, 47.979654448628068 ], [ -3.640005540479313, 47.979941932943632 ], [ -3.640133574581808, 47.980191856299868 ], [ -3.640527112226363, 47.98019388343134 ], [ -3.640716181155553, 47.980217561691546 ], [ -3.641064260315344, 47.980124464566231 ], [ -3.641284298710529, 47.98032425354171 ], [ -3.641525933713213, 47.980351028130514 ], [ -3.641664892847395, 47.980385515566667 ], [ -3.64185121184343, 47.980554133179197 ], [ -3.641802155073387, 47.980757571564681 ], [ -3.641586026736283, 47.980914182711295 ], [ -3.641779538318358, 47.981099051652372 ], [ -3.64206196321095, 47.980975596887276 ], [ -3.642488801604877, 47.980819231984306 ], [ -3.642559226643473, 47.980881270147179 ], [ -3.64283857534154, 47.980780794136393 ], [ -3.64309471118415, 47.980756456678122 ], [ -3.643121392989336, 47.980757247877278 ], [ -3.643725386103419, 47.980565277167344 ], [ -3.643726872289592, 47.980565216186307 ], [ -3.643728745771096, 47.980564712752724 ], [ -3.643731317585957, 47.980565392996525 ], [ -3.644229560281751, 47.980736227011711 ], [ -3.644410811762999, 47.980811047927574 ], [ -3.64434979395982, 47.980966822186808 ], [ -3.64423123083687, 47.981254587633856 ], [ -3.644642071216089, 47.981391312176605 ], [ -3.644897908372713, 47.981113335783945 ], [ -3.644956988403139, 47.98095977348531 ], [ -3.645146200837216, 47.980979666623995 ], [ -3.645285523577114, 47.980943954048762 ], [ -3.64554747284417, 47.981094150225829 ], [ -3.645706322652603, 47.981132620628522 ], [ -3.645863840661749, 47.981227406749213 ], [ -3.646132696071794, 47.981280802885017 ], [ -3.646325146794988, 47.981323617890986 ], [ -3.646217464027814, 47.981376599519095 ], [ -3.646093336958915, 47.981422780065664 ], [ -3.645947264354954, 47.981460432104605 ], [ -3.645824748963932, 47.981503133672241 ], [ -3.64569139929702, 47.981557954163435 ], [ -3.645557979506783, 47.981624743545474 ], [ -3.645410050776699, 47.98171276042499 ] ], [ [ -3.612123846111536, 47.973549503676189 ], [ -3.612173700438043, 47.973773610891527 ], [ -3.612452637706841, 47.973694625979483 ], [ -3.612621668724391, 47.973529219012711 ], [ -3.612348010376892, 47.973457192863677 ], [ -3.612123846111536, 47.973549503676189 ] ], [ [ -3.610672242056876, 47.973522520754933 ], [ -3.610201152882246, 47.973205273024142 ], [ -3.60983061232092, 47.973630388803365 ], [ -3.610136846062026, 47.973971638749113 ], [ -3.610353470694115, 47.974407774253166 ], [ -3.610999947623263, 47.974013690181302 ], [ -3.611014681381469, 47.973600235427419 ], [ -3.610672242056876, 47.973522520754933 ] ], [ [ -3.618618247863795, 47.973959029892001 ], [ -3.6185473136996, 47.973931437084339 ], [ -3.618032456674598, 47.973662591120458 ], [ -3.617976391993777, 47.973624221433511 ], [ -3.617887038684315, 47.973632985493253 ], [ -3.617439984783121, 47.973515512788488 ], [ -3.617048436078521, 47.973570682550367 ], [ -3.616883240317578, 47.973842376157918 ], [ -3.616852341902381, 47.973904947518413 ], [ -3.616863780566158, 47.9739661961341 ], [ -3.617093389811749, 47.974006108445764 ], [ -3.617536426474267, 47.974121973072023 ], [ -3.61786971695105, 47.973838751014171 ], [ -3.618235814348753, 47.974088006971428 ], [ -3.617980363871539, 47.974402650085473 ], [ -3.618219134726043, 47.974773774008931 ], [ -3.618602755348808, 47.974762274873846 ], [ -3.619267994113843, 47.975266298115045 ], [ -3.619419566285567, 47.975439399018327 ], [ -3.619739627558679, 47.975381638458359 ], [ -3.619763093340298, 47.975160153267254 ], [ -3.619479900404785, 47.975025044590041 ], [ -3.618919961948835, 47.97464172796731 ], [ -3.618891234450952, 47.974467093594278 ], [ -3.618645417666873, 47.974016268990447 ], [ -3.618618247863795, 47.973959029892001 ] ], [ [ -3.624708887924865, 47.974933801232936 ], [ -3.625095016114704, 47.974924668641087 ], [ -3.625047017269456, 47.974579460300383 ], [ -3.624759422923902, 47.974452739243212 ], [ -3.624391301734927, 47.974596150403904 ], [ -3.62428634617732, 47.974894693014562 ], [ -3.624708887924865, 47.974933801232936 ] ], [ [ -3.624196714034102, 47.975150246011687 ], [ -3.624021679547058, 47.975328242782716 ], [ -3.623972923650869, 47.975502068309943 ], [ -3.624218166583547, 47.975630566861824 ], [ -3.624770427761987, 47.975702832524433 ], [ -3.625022328922912, 47.975951614943682 ], [ -3.625220758078544, 47.975723045470978 ], [ -3.62518312400698, 47.975557957918404 ], [ -3.625057069423326, 47.975416419304743 ], [ -3.624902431767841, 47.975524796722716 ], [ -3.624376837853279, 47.975353963555897 ], [ -3.624196714034102, 47.975150246011687 ] ], [ [ -3.636671242354777, 47.977231640651731 ], [ -3.636595434046326, 47.977164992977201 ], [ -3.636546420610227, 47.977176272982852 ], [ -3.636309463262132, 47.977244082008752 ], [ -3.636573957598931, 47.977605227468942 ], [ -3.636671242354777, 47.977231640651731 ] ], [ [ -3.604539883682436, 47.977610918228919 ], [ -3.604090479334507, 47.977753455488035 ], [ -3.603752005789072, 47.977737630803531 ], [ -3.603242268819135, 47.977886344478875 ], [ -3.603221265471864, 47.978317046614087 ], [ -3.603769751988912, 47.978233096913861 ], [ -3.604184793198734, 47.978057385741373 ], [ -3.604450724820444, 47.978009483251107 ], [ -3.604539883682436, 47.977610918228919 ] ], [ [ -3.600313951359198, 47.978849033861948 ], [ -3.599797486537414, 47.978929554461978 ], [ -3.599059254076466, 47.978840402666222 ], [ -3.599109678523051, 47.979284679796137 ], [ -3.599720852546792, 47.979457702653626 ], [ -3.600182839417904, 47.979237759832806 ], [ -3.600313951359198, 47.978849033861948 ] ], [ [ -3.598224720785109, 47.984155899832274 ], [ -3.598050710437566, 47.984264394735163 ], [ -3.597470548575931, 47.984172985892918 ], [ -3.597695730939521, 47.984518326905864 ], [ -3.598059079106532, 47.984515044953525 ], [ -3.598867264929383, 47.984443048820268 ], [ -3.598224720785109, 47.984155899832274 ] ] ], [ [ [ -3.606108734741798, 47.930278088505737 ], [ -3.606064018366926, 47.930284399099776 ], [ -3.606007377704497, 47.930381373498157 ], [ -3.606006245817116, 47.930391791100298 ], [ -3.605738614966857, 47.930589779271841 ], [ -3.605742711636083, 47.930549720311078 ], [ -3.605807094006288, 47.930453890054075 ], [ -3.605840533876743, 47.930382554489839 ], [ -3.605997134949822, 47.929833963660457 ], [ -3.606359384407843, 47.929563966214687 ], [ -3.606440840256552, 47.929526795887568 ], [ -3.606485180211824, 47.929570068190408 ], [ -3.606472822386745, 47.929662433394817 ], [ -3.606347071482335, 47.930090226998772 ], [ -3.606310483893111, 47.930166450135701 ], [ -3.606145409508612, 47.930288538125886 ], [ -3.606108734741798, 47.930278088505737 ] ] ], [ [ [ -3.593619993999181, 47.94056806002142 ], [ -3.593935340362907, 47.94068011999061 ], [ -3.593691947006006, 47.940783524241361 ], [ -3.593259277843769, 47.940656336082462 ], [ -3.593214330682901, 47.940609535763201 ], [ -3.593211540057538, 47.9406048898243 ], [ -3.593474009371236, 47.940536339069254 ], [ -3.593619993999181, 47.94056806002142 ] ] ], [ [ [ -3.599390386298531, 47.971934596249007 ], [ -3.599378502991918, 47.971885667173851 ], [ -3.599425282803678, 47.97178597556163 ], [ -3.599588022819241, 47.971818201644425 ], [ -3.59958403295985, 47.971924236714791 ], [ -3.599479562189444, 47.971940424530509 ], [ -3.599419241991632, 47.971985933835576 ], [ -3.599390386298531, 47.971934596249007 ] ] ], [ [ [ -3.586629684639091, 47.972673677854637 ], [ -3.586932675990767, 47.973057682973412 ], [ -3.586265237914837, 47.972805874271366 ], [ -3.585404091077161, 47.973388745420266 ], [ -3.585422300509588, 47.97387756514064 ], [ -3.584864241552417, 47.973558459228542 ], [ -3.58457430907352, 47.973221692476422 ], [ -3.585057984820732, 47.97291908620916 ], [ -3.58582000619844, 47.97263223372282 ], [ -3.586191410225802, 47.972502428502061 ], [ -3.586359312822335, 47.972623522440315 ], [ -3.586629684639091, 47.972673677854637 ] ] ], [ [ [ -3.598040416380381, 47.974056246230852 ], [ -3.598077614237043, 47.974023956869281 ], [ -3.598140294358889, 47.974043928243717 ], [ -3.598176214593467, 47.974104677603755 ], [ -3.598108409010724, 47.974210969766268 ], [ -3.598031827470406, 47.974107017195252 ], [ -3.598040416380381, 47.974056246230852 ] ] ], [ [ [ -3.586461041230103, 47.974816001305093 ], [ -3.58650687489163, 47.974830151292515 ], [ -3.586471373569804, 47.974866431073572 ], [ -3.586405214134325, 47.974850253286526 ], [ -3.586316761211235, 47.974737053415808 ], [ -3.586461041230103, 47.974816001305093 ] ] ], [ [ [ -3.589184253657933, 47.974265669652333 ], [ -3.589697484295793, 47.97415228401524 ], [ -3.590013230540836, 47.97418974895588 ], [ -3.59012851648751, 47.974240929920136 ], [ -3.590783350725177, 47.974355925520406 ], [ -3.59116498570707, 47.974564094224618 ], [ -3.591201927406829, 47.974852937564563 ], [ -3.591355473077017, 47.97506977095334 ], [ -3.591132259628179, 47.975292924717309 ], [ -3.59098284322247, 47.97561485002943 ], [ -3.590930112909628, 47.975655556620616 ], [ -3.590916763205191, 47.975704521831283 ], [ -3.59097014573434, 47.975744742286203 ], [ -3.591079907742161, 47.975745859187036 ], [ -3.591388395446722, 47.975848067887462 ], [ -3.591555923941274, 47.975881391850663 ], [ -3.591595466201929, 47.976081812944159 ], [ -3.591630957964758, 47.976271622475942 ], [ -3.591447042093576, 47.976456051517907 ], [ -3.591239622479741, 47.976555585704006 ], [ -3.591027040177832, 47.976565911735499 ], [ -3.590844769464933, 47.976480899314573 ], [ -3.59077080840586, 47.976445307106616 ], [ -3.59043533164639, 47.976262092293346 ], [ -3.590334171502167, 47.976210024434714 ], [ -3.590006280491563, 47.975983217971333 ], [ -3.589894389419087, 47.975999158208765 ], [ -3.589891671061665, 47.975914049532406 ], [ -3.589566038161561, 47.975686476898481 ], [ -3.589528446192021, 47.975640721719998 ], [ -3.589266259582045, 47.975285352547985 ], [ -3.589158920165803, 47.975700913056365 ], [ -3.589188431769963, 47.975764147380765 ], [ -3.58898297305802, 47.975821594403989 ], [ -3.588475508182325, 47.97586056891631 ], [ -3.588309339740995, 47.975977664987994 ], [ -3.587944936748595, 47.97596118106069 ], [ -3.588110605066231, 47.97570042828216 ], [ -3.588255661184961, 47.975141167353847 ], [ -3.588283302664565, 47.975096899091312 ], [ -3.588453539006427, 47.974999685685461 ], [ -3.588350143460477, 47.974565502229737 ], [ -3.588353674955387, 47.97444271694274 ], [ -3.587550788441087, 47.97453480893013 ], [ -3.587443192730708, 47.974260838316475 ], [ -3.587199004545921, 47.97390087472467 ], [ -3.587027755060833, 47.973740653045773 ], [ -3.587279087439322, 47.973313851599421 ], [ -3.587905469965553, 47.973739259517544 ], [ -3.588068445080495, 47.973882933112108 ], [ -3.588370430623448, 47.974392020222673 ], [ -3.58845483141943, 47.974386871292005 ], [ -3.589184253657933, 47.974265669652333 ] ], [ [ -3.589997517918585, 47.974301219731743 ], [ -3.589287947460415, 47.974711738662982 ], [ -3.589627718142254, 47.975045980506835 ], [ -3.589553978503221, 47.975161599347366 ], [ -3.589699392152428, 47.975151821168964 ], [ -3.58973393278711, 47.975131091888571 ], [ -3.589745229625041, 47.975107016940292 ], [ -3.590226115029839, 47.974946628529366 ], [ -3.590522332155556, 47.974696046835575 ], [ -3.589997517918585, 47.974301219731743 ] ] ], [ [ [ -3.599013468873012, 47.975395116093921 ], [ -3.599005669391544, 47.975385510118898 ], [ -3.599018880105, 47.975379473276249 ], [ -3.599034775274141, 47.975380960310524 ], [ -3.599047099073076, 47.975398486868286 ], [ -3.599022776460839, 47.975394221655804 ], [ -3.599013468873012, 47.975395116093921 ] ] ], [ [ [ -3.59386602151772, 47.975386487721131 ], [ -3.593990562217761, 47.975585816621461 ], [ -3.593737561506857, 47.975703975216867 ], [ -3.593341383941173, 47.975802079803643 ], [ -3.593195819313127, 47.975855151973846 ], [ -3.59297665529889, 47.975853199564916 ], [ -3.593068011856368, 47.975742430962157 ], [ -3.593093927551645, 47.975724138275758 ], [ -3.593598152792229, 47.97549561833614 ], [ -3.593635459278495, 47.975460542433332 ], [ -3.593664282401061, 47.975443837818425 ], [ -3.59386602151772, 47.975386487721131 ] ] ], [ [ [ -3.592088393832459, 47.976064314077796 ], [ -3.591980052338595, 47.976123799609944 ], [ -3.592012289882176, 47.975957756377575 ], [ -3.592100821416435, 47.975892384248986 ], [ -3.592223343622383, 47.975899425539822 ], [ -3.592232506976519, 47.975931830426362 ], [ -3.592213392220731, 47.975946838799537 ], [ -3.592099292017166, 47.976040950944409 ], [ -3.592088393832459, 47.976064314077796 ] ] ], [ [ [ -3.595977986899045, 47.976062764480083 ], [ -3.596210062539719, 47.976214285756228 ], [ -3.596257143011686, 47.976244657238539 ], [ -3.596264439824924, 47.976316806380382 ], [ -3.596167758290434, 47.976362308161413 ], [ -3.595973303462827, 47.976285431617008 ], [ -3.595977986899045, 47.976062764480083 ] ] ], [ [ [ -3.585901016806396, 47.975508422514011 ], [ -3.586357919192541, 47.975668346025351 ], [ -3.586870707504616, 47.975851349441108 ], [ -3.587087644423018, 47.976029768498705 ], [ -3.58738355828491, 47.976101405049398 ], [ -3.587291156121436, 47.976327714049951 ], [ -3.587342853423768, 47.976696689370833 ], [ -3.587366540723149, 47.976894184391227 ], [ -3.58720645979369, 47.977056133318975 ], [ -3.586846408475219, 47.977081315221653 ], [ -3.586287672768177, 47.97679865499515 ], [ -3.585479562901574, 47.977066856942322 ], [ -3.585419312662212, 47.977090489221077 ], [ -3.585372158871967, 47.977062181552917 ], [ -3.585342435535708, 47.977014422619469 ], [ -3.585399664606249, 47.976904055243054 ], [ -3.585726508486232, 47.976443129348766 ], [ -3.585465735235929, 47.976207664923528 ], [ -3.585276809806163, 47.975642424770953 ], [ -3.585901016806396, 47.975508422514011 ] ] ], [ [ [ -3.593234842317319, 47.976511794280967 ], [ -3.593425778179423, 47.976819466793259 ], [ -3.593613606994287, 47.976944097859793 ], [ -3.594024296205511, 47.976923685901667 ], [ -3.593769517598858, 47.976577566473431 ], [ -3.593407481401759, 47.976449092816672 ], [ -3.593735197161562, 47.976327028196344 ], [ -3.59386502167215, 47.976248709425334 ], [ -3.594397139368658, 47.976146209270325 ], [ -3.594406239305244, 47.976140990865105 ], [ -3.594495735496249, 47.976089316761374 ], [ -3.594482113309178, 47.976175088703052 ], [ -3.594409025872728, 47.976155627258358 ], [ -3.594045580882841, 47.976477509480056 ], [ -3.594129574947497, 47.976925700110563 ], [ -3.594606113910405, 47.977087150883776 ], [ -3.594948147352051, 47.976890394962744 ], [ -3.594639175904626, 47.977115442881811 ], [ -3.594615278797362, 47.977119555596595 ], [ -3.594569850588165, 47.977153569551838 ], [ -3.594129113615621, 47.97705592728466 ], [ -3.594059731104536, 47.977420048565413 ], [ -3.594102206236915, 47.977523322575379 ], [ -3.594116465592287, 47.977558349290589 ], [ -3.5941164316623, 47.977559248657016 ], [ -3.594005023494564, 47.977876987831472 ], [ -3.593968699634257, 47.977925314248473 ], [ -3.59389488874509, 47.978023293872241 ], [ -3.5937263036083, 47.978224234222687 ], [ -3.593602806066817, 47.978292058980564 ], [ -3.593552726568795, 47.978272336890257 ], [ -3.593463633513444, 47.978224743452785 ], [ -3.593423412836291, 47.978199368107909 ], [ -3.593128982344935, 47.978009332003886 ], [ -3.593119207813892, 47.978002926245701 ], [ -3.593007368786442, 47.977928956305867 ], [ -3.593006644371854, 47.977928491797456 ], [ -3.593005913167758, 47.9779282071623 ], [ -3.592927108865202, 47.977883249137989 ], [ -3.593104570669033, 47.977614264132775 ], [ -3.592709504566048, 47.977495838221095 ], [ -3.592499073708368, 47.977596484755935 ], [ -3.592416372618577, 47.977546678173951 ], [ -3.592416008718249, 47.977546490886134 ], [ -3.592415284313258, 47.977546026373922 ], [ -3.592325910925128, 47.977496086261013 ], [ -3.592316163737375, 47.977488960940136 ], [ -3.592118724144891, 47.977343794276742 ], [ -3.592051878008974, 47.977286744211106 ], [ -3.591898380452904, 47.9771862884133 ], [ -3.591890775990925, 47.977181366031409 ], [ -3.59189079297322, 47.977180916348672 ], [ -3.591883474842915, 47.977119296860167 ], [ -3.591884250185213, 47.97711841232767 ], [ -3.591996853582224, 47.976965767425106 ], [ -3.592301463519564, 47.97690561780481 ], [ -3.592302987019125, 47.976904568226381 ], [ -3.5926455309636, 47.976714129978028 ], [ -3.592664238435293, 47.976709913905459 ], [ -3.592783566984731, 47.976683679018429 ], [ -3.593234842317319, 47.976511794280967 ] ], [ [ -3.592451967490915, 47.977517688655929 ], [ -3.592745131016438, 47.977377564788725 ], [ -3.593296104196361, 47.977542490065076 ], [ -3.593048239526302, 47.977917442955672 ], [ -3.593048960546398, 47.977917997400397 ], [ -3.593050048865947, 47.977918649194265 ], [ -3.593063809354796, 47.977927564784217 ], [ -3.593231815296646, 47.977928764005803 ], [ -3.593397459243289, 47.977677993163809 ], [ -3.593729939544663, 47.977764113915107 ], [ -3.593798673472279, 47.977672873277498 ], [ -3.593799533630099, 47.977669740314958 ], [ -3.593752660740559, 47.97755521770258 ], [ -3.593382343221115, 47.977459250074553 ], [ -3.593210348061314, 47.977200108489498 ], [ -3.593075046403377, 47.977148260615209 ], [ -3.592619737321751, 47.977014138979364 ], [ -3.59253556849671, 47.977032706535766 ], [ -3.592532154206322, 47.977034708348498 ], [ -3.59193227475563, 47.977153214846624 ], [ -3.591931104949789, 47.977154721519042 ], [ -3.591931081175027, 47.977155351074863 ], [ -3.591941947118539, 47.977162318804325 ], [ -3.592514545684126, 47.977049116887621 ], [ -3.592714900751626, 47.977372549983421 ], [ -3.592435710828432, 47.977506112928012 ], [ -3.592450147989636, 47.977516752217447 ], [ -3.592451243085999, 47.977517224143945 ], [ -3.592451967490915, 47.977517688655929 ] ] ], [ [ [ -3.598319786343506, 47.977523021643783 ], [ -3.598334250114276, 47.977523130153536 ], [ -3.59835063846018, 47.977521386961023 ], [ -3.598363565279992, 47.977522904877752 ], [ -3.598422259331372, 47.977579878330239 ], [ -3.598178534520343, 47.97794430434999 ], [ -3.598256711292266, 47.978015887249022 ], [ -3.598135044693938, 47.978054952167994 ], [ -3.598104980814742, 47.977966688164685 ], [ -3.59771451989006, 47.977686274727986 ], [ -3.59769741617891, 47.977657762089891 ], [ -3.597188427881647, 47.977480916758644 ], [ -3.597165405502293, 47.977392883036067 ], [ -3.597113776344523, 47.977335509864282 ], [ -3.59720142617371, 47.977362370437035 ], [ -3.597216316187421, 47.97737085800793 ], [ -3.597222128661054, 47.97737412416506 ], [ -3.597720597531948, 47.977643103904107 ], [ -3.597721328755761, 47.97764338850741 ], [ -3.598319786343506, 47.977523021643783 ] ] ], [ [ [ -3.597918049538973, 47.98981577357582 ], [ -3.597900439952026, 47.989839993709275 ], [ -3.597848597380033, 47.989866771152215 ], [ -3.597793177048553, 47.989830923634777 ], [ -3.59666173661962, 47.989686120193539 ], [ -3.596069398187503, 47.989502926268479 ], [ -3.596166396138694, 47.989055917077138 ], [ -3.596644206171235, 47.988891115004641 ], [ -3.597657876969447, 47.988714411433087 ], [ -3.597775710073402, 47.989132315569108 ], [ -3.597956202837671, 47.989758391317494 ], [ -3.597918049538973, 47.98981577357582 ] ] ], [ [ [ -3.566811426384126, 47.958367856938857 ], [ -3.566566785027145, 47.958364704015885 ], [ -3.566400077377109, 47.958321276720504 ], [ -3.564453836725516, 47.95915588098233 ], [ -3.564188912549171, 47.959207844296948 ], [ -3.564069971652365, 47.959185722522726 ], [ -3.563988754217256, 47.959234208575459 ], [ -3.564108250101117, 47.959106034649892 ], [ -3.566440569831022, 47.958212651668724 ], [ -3.566444649465949, 47.958212644270361 ], [ -3.566579457261949, 47.958178562148369 ], [ -3.566685251446672, 47.958137052145574 ], [ -3.566811426384126, 47.958367856938857 ] ] ], [ [ [ -3.582826415676704, 47.974356467076213 ], [ -3.582277032094798, 47.974288094683963 ], [ -3.58206706217953, 47.973848342452129 ], [ -3.582661476629224, 47.973726901113373 ], [ -3.582788497279418, 47.973439098625335 ], [ -3.583036105879717, 47.973717867219278 ], [ -3.583022387232463, 47.973884010046184 ], [ -3.582978398328178, 47.973997342099878 ], [ -3.582826415676704, 47.974356467076213 ] ] ], [ [ [ -3.575092180096665, 47.974713734582913 ], [ -3.575313223965479, 47.974627196337451 ], [ -3.576109391566614, 47.975180483851574 ], [ -3.575089196647535, 47.974899354488961 ], [ -3.574865115818722, 47.974802491122304 ], [ -3.575092180096665, 47.974713734582913 ] ] ], [ [ [ -3.58301612416925, 47.976250376323392 ], [ -3.581972843363344, 47.975803960093359 ], [ -3.582961893056591, 47.975352210068955 ], [ -3.583623704503206, 47.97567457990624 ], [ -3.583753960428367, 47.976025603959407 ], [ -3.583684936131515, 47.976270920612521 ], [ -3.583384982481806, 47.976677747846388 ], [ -3.58301612416925, 47.976250376323392 ] ] ], [ [ [ -3.58420309784941, 47.987216397606183 ], [ -3.584096957735327, 47.987011484691607 ], [ -3.584219648279273, 47.986946173681822 ], [ -3.584297298093636, 47.986953222773636 ], [ -3.584341050153793, 47.986954011034946 ], [ -3.584447658592428, 47.987097639427454 ], [ -3.58420309784941, 47.987216397606183 ] ] ], [ [ [ -3.582505940550875, 47.988048887017086 ], [ -3.582612534408184, 47.987967863372063 ], [ -3.582639037808884, 47.987944094318081 ], [ -3.582645232618732, 47.987937288342508 ], [ -3.582826154452859, 47.987794393789763 ], [ -3.582830423805459, 47.98778943924286 ], [ -3.582838354034508, 47.987776007712924 ], [ -3.5830222125981, 47.987643702497913 ], [ -3.583049818747468, 47.98761041492704 ], [ -3.583262899686216, 47.98746087519919 ], [ -3.583524603187272, 47.987271719046561 ], [ -3.583553633907257, 47.987239990064474 ], [ -3.583760966752449, 47.987095194317057 ], [ -3.583808908106074, 47.987073565559079 ], [ -3.583854876327643, 47.987055047353053 ], [ -3.583957932594194, 47.987047665899205 ], [ -3.583954931169662, 47.987214925659742 ], [ -3.583800528646869, 47.987314161755016 ], [ -3.583644267448326, 47.987530907407269 ], [ -3.583554586433005, 47.987625862436232 ], [ -3.583445364632696, 47.987678392454747 ], [ -3.583099140777945, 47.987728502651613 ], [ -3.582956733955946, 47.9878439995421 ], [ -3.582837547838403, 47.987963562923767 ], [ -3.582855968650099, 47.988133323261913 ], [ -3.582868324793067, 47.988208636036333 ], [ -3.58285205721811, 47.988256012186071 ], [ -3.582807224978795, 47.988449973557159 ], [ -3.582788546347172, 47.988521782776751 ], [ -3.582744549815799, 47.988537189994467 ], [ -3.582634378120813, 47.988575569331829 ], [ -3.58236719655582, 47.988674158061265 ], [ -3.582341028405736, 47.988591277243415 ], [ -3.582349890353738, 47.988553292946143 ], [ -3.582374376695352, 47.988416436473315 ], [ -3.582383034990279, 47.988403379616564 ], [ -3.582401336596654, 47.988214375711728 ], [ -3.582415046735126, 47.988195299976979 ], [ -3.582441246665659, 47.98815019356234 ], [ -3.582505940550875, 47.988048887017086 ] ] ], [ [ [ -3.574588622728399, 47.990154984349978 ], [ -3.57441296213814, 47.9901394716873 ], [ -3.573577264499986, 47.990618910112474 ], [ -3.573585899986355, 47.990850039565771 ], [ -3.573232296235588, 47.991200230034522 ], [ -3.573284151477811, 47.990667000738881 ], [ -3.573119334396397, 47.989879903887584 ], [ -3.573412659561293, 47.989962506657626 ], [ -3.574293513647896, 47.989817092167108 ], [ -3.574498858044576, 47.989861825432712 ], [ -3.574593145282305, 47.990026457140218 ], [ -3.574588622728399, 47.990154984349978 ] ] ], [ [ [ -3.573454273657065, 47.993798772907503 ], [ -3.573884012219692, 47.993466767400868 ], [ -3.573932179027861, 47.99316666839529 ], [ -3.573869140866483, 47.993038848495772 ], [ -3.573719623344211, 47.992531618883127 ], [ -3.573716937642519, 47.992436518318613 ], [ -3.573589112973776, 47.992392447271179 ], [ -3.57351444998109, 47.992112012488263 ], [ -3.573873381448449, 47.99223580994061 ], [ -3.573945902644999, 47.992260764119472 ], [ -3.573953656935557, 47.992524818221277 ], [ -3.573955189640191, 47.992582002975482 ], [ -3.574044901848216, 47.99288632257462 ], [ -3.57416067381395, 47.993120242857863 ], [ -3.574196183307317, 47.9931914336766 ], [ -3.574169034585569, 47.993358657575222 ], [ -3.574113655980238, 47.993701994225006 ], [ -3.574145164137138, 47.993790565582863 ], [ -3.574090696829891, 47.993846891132399 ], [ -3.574007952252447, 47.99389544591854 ], [ -3.573468282115061, 47.994249266303328 ], [ -3.573288858449466, 47.994302980877023 ], [ -3.573052830584603, 47.99432297093712 ], [ -3.572684874374863, 47.994182517574004 ], [ -3.572444210895264, 47.994129417731465 ], [ -3.572190824434582, 47.99402070674315 ], [ -3.571621642132162, 47.993980325329282 ], [ -3.571527287890403, 47.993963479388142 ], [ -3.571262485897539, 47.993969293658594 ], [ -3.570781114034926, 47.994029777704426 ], [ -3.570420870599025, 47.994348774281086 ], [ -3.570628523295815, 47.993846953369513 ], [ -3.5714101800278, 47.993424227974899 ], [ -3.572272892584385, 47.993639476788154 ], [ -3.572661907367018, 47.993509617986639 ], [ -3.573200689162687, 47.9936173353505 ], [ -3.573454273657065, 47.993798772907503 ] ] ], [ [ [ -3.569353860324744, 47.995908177795364 ], [ -3.569399772362418, 47.995998391972584 ], [ -3.569344985860863, 47.996053178805099 ], [ -3.569168289353558, 47.996181017233653 ], [ -3.569116038987121, 47.995858278251262 ], [ -3.569353860324744, 47.995908177795364 ] ] ], [ [ [ -3.567372137829811, 48.003389792580357 ], [ -3.567474534668306, 48.00314794464154 ], [ -3.567460648614848, 48.003006262926952 ], [ -3.567667027135818, 48.003054179850501 ], [ -3.567713097330557, 48.002965464576022 ], [ -3.56807733694881, 48.002932326321456 ], [ -3.568145124055567, 48.002926046242486 ], [ -3.568161139405402, 48.002924569893821 ], [ -3.568185756492979, 48.002921377300773 ], [ -3.568186130780304, 48.002921294860883 ], [ -3.568746272945522, 48.002782756433604 ], [ -3.568749610608237, 48.002782823894428 ], [ -3.568848184972593, 48.002786706377215 ], [ -3.569069809882728, 48.002746362011671 ], [ -3.569448441782286, 48.002705589455807 ], [ -3.569736341087824, 48.002611048624225 ], [ -3.569873050004611, 48.002549275568775 ], [ -3.569905530045961, 48.002534540550045 ], [ -3.56991494545421, 48.002530950467772 ], [ -3.570250365899208, 48.002397045252039 ], [ -3.570282825167054, 48.002382849746887 ], [ -3.570537275973377, 48.002269989945155 ], [ -3.57070354696745, 48.002172630192881 ], [ -3.570972364085461, 48.001994444616365 ], [ -3.571320820278379, 48.001859179349495 ], [ -3.571375522055772, 48.001826171137395 ], [ -3.571487195081095, 48.001759030363274 ], [ -3.571544245639318, 48.001732549970868 ], [ -3.571886183898634, 48.001573479637152 ], [ -3.572024268539348, 48.00151443198137 ], [ -3.572033371097108, 48.001509305296324 ], [ -3.572351280189924, 48.001337957739722 ], [ -3.572364049974317, 48.001333985110541 ], [ -3.572825360945613, 48.001187941519277 ], [ -3.572940324715789, 48.001131756532686 ], [ -3.573540843859291, 48.000838567276212 ], [ -3.573186848062076, 48.000944205430272 ], [ -3.57304044161456, 48.000987965501643 ], [ -3.572969918904494, 48.000968721511313 ], [ -3.572714495229016, 48.000688688156018 ], [ -3.572802617849235, 48.000333769946863 ], [ -3.573230490127008, 48.000334571039879 ], [ -3.573400291399861, 48.000241689027341 ], [ -3.573491251980715, 48.000192039909315 ], [ -3.573541721738326, 48.000172626341232 ], [ -3.574075389591762, 47.999968092781401 ], [ -3.574094723479536, 47.999957411822578 ], [ -3.574108224227284, 47.999953723759148 ], [ -3.574110834631629, 47.999963137072235 ], [ -3.575285564812292, 48.000017959617651 ], [ -3.575451682911809, 47.999972973729164 ], [ -3.575761827986582, 47.999663840422414 ], [ -3.576149137229223, 47.999277325230054 ], [ -3.57586525092396, 47.999452428900973 ], [ -3.575755417693667, 47.999520240990798 ], [ -3.575670482662928, 47.999392160604366 ], [ -3.575779618587466, 47.999323164476486 ], [ -3.576054140750286, 47.999033294252385 ], [ -3.57608940072293, 47.998925906908447 ], [ -3.576138825462088, 47.99871934786551 ], [ -3.576142430848722, 47.998692868615535 ], [ -3.576313876387758, 47.998537011015372 ], [ -3.576310501030755, 47.998508681026252 ], [ -3.576363361897374, 47.998358085122781 ], [ -3.57642769131794, 47.998266944394153 ], [ -3.576485155748709, 47.998219678458767 ], [ -3.576653442058538, 47.998078517824183 ], [ -3.576788195721763, 47.997911569874645 ], [ -3.576860973958907, 47.99787145265573 ], [ -3.576877931167029, 47.99786468365518 ], [ -3.576885593905876, 47.997858357518822 ], [ -3.577145886570077, 47.997649564195719 ], [ -3.577157927907409, 47.997625684980726 ], [ -3.577182513393324, 47.997564705751216 ], [ -3.577218696929422, 47.997550043263949 ], [ -3.577453556237052, 47.997395190960546 ], [ -3.577508732126027, 47.997300715197746 ], [ -3.577695836420476, 47.997142740816777 ], [ -3.577663310124326, 47.997022197720391 ], [ -3.577727216362045, 47.996971370644374 ], [ -3.577703031209767, 47.996836414484982 ], [ -3.577729953980699, 47.996752980686267 ], [ -3.577770615793502, 47.996659562760648 ], [ -3.577717225957491, 47.996570461906821 ], [ -3.577870219483279, 47.996411620650093 ], [ -3.577852373506412, 47.996373458815079 ], [ -3.577944012933115, 47.996315449393848 ], [ -3.577968932872098, 47.996294439540115 ], [ -3.577714752946573, 47.996088969088639 ], [ -3.577710509837048, 47.996024889289579 ], [ -3.577684476959546, 47.995928778666816 ], [ -3.577668682179741, 47.995875717083003 ], [ -3.577968053105919, 47.995673379427444 ], [ -3.578052899820029, 47.995657356098974 ], [ -3.578112284930799, 47.99557898601347 ], [ -3.578373137151597, 47.995355080621437 ], [ -3.578575110228486, 47.995284080217004 ], [ -3.578930653887349, 47.995156045447644 ], [ -3.579083712012673, 47.995171095776733 ], [ -3.579498436724779, 47.995243433233206 ], [ -3.58012444147841, 47.995068091181402 ], [ -3.580311679006849, 47.994945307858679 ], [ -3.580736449210626, 47.994528300038255 ], [ -3.580920525281627, 47.994439834488844 ], [ -3.580955934327152, 47.994396623391168 ], [ -3.581068995249806, 47.994341112294045 ], [ -3.581545046836303, 47.994009918062481 ], [ -3.581550007149464, 47.994006327507321 ], [ -3.581554495546173, 47.99399561700141 ], [ -3.581640377677819, 47.993786009084644 ], [ -3.581873407201485, 47.993600419405155 ], [ -3.582047575948296, 47.993401315833701 ], [ -3.582279453681397, 47.993265565480506 ], [ -3.582397904770327, 47.99304833093408 ], [ -3.582593860248281, 47.992891066983965 ], [ -3.582672023713654, 47.992816312159611 ], [ -3.582936006424429, 47.992460151251841 ], [ -3.583002937628244, 47.992309745813948 ], [ -3.583246852544143, 47.992022755743477 ], [ -3.583328985876691, 47.991960681056042 ], [ -3.58338848029252, 47.992006338582662 ], [ -3.583406772943292, 47.992022996944137 ], [ -3.583409630074719, 47.992025934499594 ], [ -3.583423934729836, 47.992020551381621 ], [ -3.583472880124133, 47.992001912961271 ], [ -3.583808975029735, 47.991955377792586 ], [ -3.583835502034512, 47.991911447548787 ], [ -3.584014568343682, 47.991817746276624 ], [ -3.584191515067021, 47.99172121200391 ], [ -3.584258197778333, 47.991684928153994 ], [ -3.584295730204708, 47.991663900152304 ], [ -3.58463086398643, 47.991476214348118 ], [ -3.584647781658146, 47.991460622873753 ], [ -3.584689025006757, 47.991439579214649 ], [ -3.585019571920133, 47.991235779238181 ], [ -3.585062666103473, 47.9912540150345 ], [ -3.585880362066512, 47.991600109897654 ], [ -3.585521474562777, 47.991729269352767 ], [ -3.585500791916791, 47.991736504914613 ], [ -3.585376225056907, 47.991802140151101 ], [ -3.585060412636043, 47.992145835785152 ], [ -3.585078127142457, 47.992167972601671 ], [ -3.585373479542726, 47.992540581579497 ], [ -3.585354235844989, 47.992646942263917 ], [ -3.585245516986452, 47.992842683616885 ], [ -3.584623492631468, 47.993393818049825 ], [ -3.583719920664379, 47.994039833652764 ], [ -3.583270229558588, 47.994361215855442 ], [ -3.581272471092388, 47.99564776873251 ], [ -3.58194341099327, 47.995168379045126 ], [ -3.58337647412421, 47.993898289029929 ], [ -3.583626985218689, 47.993447259537199 ], [ -3.583671905076532, 47.993202085579817 ], [ -3.583607803171294, 47.993121323438409 ], [ -3.584761556968535, 47.991865771504216 ], [ -3.58521702470701, 47.991626225270387 ], [ -3.585291506047401, 47.991599547865242 ], [ -3.585122781433591, 47.991528118316765 ], [ -3.585049451961291, 47.99157335987902 ], [ -3.584589553908897, 47.991782934609354 ], [ -3.584492118615508, 47.991837592645581 ], [ -3.584319723715267, 47.991931518607458 ], [ -3.583745673175764, 47.992245005349602 ], [ -3.583559701884403, 47.992315256112192 ], [ -3.583519915666841, 47.992278274934861 ], [ -3.583327763782457, 47.992442997247508 ], [ -3.583259753936798, 47.992837116849685 ], [ -3.583243697852471, 47.992869106492591 ], [ -3.58303346837864, 47.993207086574003 ], [ -3.582788435543053, 47.993396217736162 ], [ -3.582590495103234, 47.993498178657809 ], [ -3.582245500663702, 47.993749654865624 ], [ -3.581938126155376, 47.994173347235936 ], [ -3.581926696014235, 47.994200749379615 ], [ -3.581913352893706, 47.994210111902817 ], [ -3.581482794406261, 47.994594155517355 ], [ -3.581212138028778, 47.994832361850449 ], [ -3.580932084229694, 47.995112771508829 ], [ -3.580703617641515, 47.995461362182688 ], [ -3.580512033972591, 47.995659483923795 ], [ -3.579707042595145, 47.996248136759128 ], [ -3.579488111614042, 47.996404034046975 ], [ -3.578879874102897, 47.996550838440903 ], [ -3.578682808394849, 47.996814821528943 ], [ -3.578493782015523, 47.996974648948544 ], [ -3.578460344208526, 47.997083063548509 ], [ -3.578089905667756, 47.997290182902475 ], [ -3.577839746429914, 47.997496122108046 ], [ -3.577721328409633, 47.99758491462957 ], [ -3.577479897779427, 47.997766187083826 ], [ -3.577371082602048, 47.997904946073369 ], [ -3.577312003936104, 47.997965410869199 ], [ -3.577251095748742, 47.998054460803438 ], [ -3.577096663476546, 47.998231453799512 ], [ -3.576965198963132, 47.998321693004435 ], [ -3.576822828048257, 47.998454735450181 ], [ -3.576731155095419, 47.998552526234512 ], [ -3.576591751811561, 47.998675817495318 ], [ -3.576504844990656, 47.998755612833278 ], [ -3.576325778035828, 47.998975221775119 ], [ -3.576056668179544, 47.99925944126597 ], [ -3.576529052015246, 47.998967975410331 ], [ -3.575884443235986, 47.99961122690673 ], [ -3.575957446843508, 47.999594516403938 ], [ -3.575395822111914, 48.000075535526854 ], [ -3.574031026932179, 48.000869693957469 ], [ -3.574347123519798, 48.000657981337795 ], [ -3.573033798613604, 48.00129862438763 ], [ -3.572407176419894, 48.001604605350465 ], [ -3.572366604110615, 48.001617467663891 ], [ -3.572338942768365, 48.001632390631002 ], [ -3.571925804080193, 48.001809466811416 ], [ -3.571754649116772, 48.001888998443725 ], [ -3.571417356334024, 48.002091635480937 ], [ -3.571224394101552, 48.002227160321148 ], [ -3.570890061147475, 48.0024396663419 ], [ -3.570421003936727, 48.002652150728551 ], [ -3.570338329141623, 48.002688733841602 ], [ -3.570290088061469, 48.002708011021852 ], [ -3.570120899104593, 48.002784519704925 ], [ -3.569446298737805, 48.003102026356636 ], [ -3.569010267742083, 48.003178271782645 ], [ -3.568800666396501, 48.003224439514405 ], [ -3.568482006881393, 48.003171914967076 ], [ -3.568467553883756, 48.003171352787881 ], [ -3.568461558397466, 48.003172851716528 ], [ -3.568140418846397, 48.003214423255947 ], [ -3.567932221612486, 48.003233525631259 ], [ -3.567795422244833, 48.003501590424911 ], [ -3.567827055599558, 48.003635350342861 ], [ -3.567628829756842, 48.00375285139657 ], [ -3.567451931052889, 48.00399211284342 ], [ -3.567186307932077, 48.004057036144296 ], [ -3.56686475093372, 48.003808323019328 ], [ -3.567055758756842, 48.003743781440754 ], [ -3.567056885076664, 48.003743444195216 ], [ -3.56707411636093, 48.003739292386364 ], [ -3.56707999197681, 48.003731220597366 ], [ -3.567085472675737, 48.003723770869016 ], [ -3.567372137829811, 48.003389792580357 ] ], [ [ -3.573772218622407, 48.00032767585855 ], [ -3.573659985970668, 48.000370685760771 ], [ -3.573457590277739, 48.000481362131666 ], [ -3.573578430700755, 48.000514401571202 ], [ -3.574377997777406, 48.0002760759754 ], [ -3.573772218622407, 48.00032767585855 ] ] ], [ [ [ -3.568234987510487, 47.996958348266865 ], [ -3.567928453626696, 47.997764909270295 ], [ -3.56795268023784, 47.997966203844904 ], [ -3.567811215683965, 47.998133275661537 ], [ -3.567191497536784, 47.998569514913349 ], [ -3.567147114857652, 47.998691836254359 ], [ -3.566914904083849, 47.998941587685351 ], [ -3.567018044028359, 47.998583017454457 ], [ -3.568219459303531, 47.996859657187329 ], [ -3.568474467488759, 47.996265189677715 ], [ -3.568543510101665, 47.996702036798276 ], [ -3.568325827376597, 47.996892409989975 ], [ -3.568234987510487, 47.996958348266865 ] ] ], [ [ [ -3.564774542305535, 48.000507588192413 ], [ -3.565225623710062, 48.000250931217039 ], [ -3.565450179670053, 48.000114346517229 ], [ -3.565667340116436, 47.999831440674122 ], [ -3.566182505728358, 47.999752400402826 ], [ -3.566187100103872, 47.999748713093794 ], [ -3.566183992492462, 47.999752340483234 ], [ -3.566183590718615, 47.999753142413503 ], [ -3.56618280436108, 47.999754296588115 ], [ -3.565812653604351, 48.000350210851529 ], [ -3.565518454183159, 48.000570803067262 ], [ -3.565219568310377, 48.000748906459258 ], [ -3.564650193312398, 48.001032060364594 ], [ -3.564608932298064, 48.001053186487091 ], [ -3.564588981901186, 48.001060523067515 ], [ -3.563961697777091, 48.001305057942282 ], [ -3.563860081228075, 48.001332251738567 ], [ -3.563782178675153, 48.0013507451417 ], [ -3.563530803112984, 48.001489663534201 ], [ -3.563503448695112, 48.00146741763951 ], [ -3.563323250998955, 48.001317505239427 ], [ -3.563898261667355, 48.000897031662753 ], [ -3.564034281887859, 48.000843622682773 ], [ -3.564358750455254, 48.000695382834323 ], [ -3.564774542305535, 48.000507588192413 ] ] ], [ [ [ -3.564746709392897, 48.004398026183701 ], [ -3.564855175025183, 48.004366559725284 ], [ -3.564903470233381, 48.004355656628597 ], [ -3.565104864860625, 48.004310770207354 ], [ -3.564913795150413, 48.004415630386518 ], [ -3.564778228902994, 48.004495782060836 ], [ -3.564711611378099, 48.004490832882816 ], [ -3.564512175677512, 48.004591202653252 ], [ -3.564244014646058, 48.004751385067244 ], [ -3.563697272113065, 48.004820236942706 ], [ -3.563820544503709, 48.004731646870177 ], [ -3.563949881986766, 48.004668831558774 ], [ -3.56430000474426, 48.004500589057891 ], [ -3.564303778747485, 48.004498955355267 ], [ -3.564308277268016, 48.004497786361313 ], [ -3.564746709392897, 48.004398026183701 ] ] ] ] } },
{ "type": "Feature", "properties": { "HAUTEUR": "10m>h>20m" }, "geometry": { "type": "MultiPolygon", "coordinates": [ [ [ [ -3.615316212725847, 47.969854641972198 ], [ -3.615313826492407, 47.969849014535768 ], [ -3.61531363278106, 47.969834340163928 ], [ -3.615322455466374, 47.969846395230761 ], [ -3.61532352708881, 47.969847496481435 ], [ -3.615323520370086, 47.969847676355037 ], [ -3.615323860780768, 47.969848493122591 ], [ -3.615324157519767, 47.969850479068633 ], [ -3.61532301535064, 47.969851266490906 ], [ -3.615316212725847, 47.969854641972198 ] ] ], [ [ [ -3.6131556405847, 47.96999267196032 ], [ -3.613154490571117, 47.969934146982204 ], [ -3.613154301515002, 47.96992928305432 ], [ -3.613159224147747, 47.969926590483787 ], [ -3.613333854194873, 47.969829336587374 ], [ -3.613200616484417, 47.9699901429466 ], [ -3.6131556405847, 47.96999267196032 ] ] ], [ [ [ -3.570974526138462, 48.000760496268391 ], [ -3.57097261362502, 48.000761987764029 ], [ -3.570745161350492, 48.00094559874826 ], [ -3.570741717432027, 48.000948319408415 ], [ -3.570735320518385, 48.000950620408126 ], [ -3.570580047139309, 48.001022460240655 ], [ -3.570576644383244, 48.001024101646891 ], [ -3.570566133898594, 48.001027219627424 ], [ -3.570414107491468, 48.001062582085979 ], [ -3.570410364771234, 48.001063406560498 ], [ -3.570386929755757, 48.001064823375984 ], [ -3.570129037736845, 48.001063754613128 ], [ -3.570121984903534, 48.001063792160188 ], [ -3.570117881634394, 48.001064339321488 ], [ -3.569971183746135, 48.001086487808521 ], [ -3.56995814597688, 48.001087754542255 ], [ -3.569954458163874, 48.001087140002831 ], [ -3.56983237237648, 48.001067302326263 ], [ -3.569806537247613, 48.001073260871415 ], [ -3.569804724234399, 48.001072144162677 ], [ -3.569714307200255, 48.001019913676458 ], [ -3.569706766823598, 48.001023001575014 ], [ -3.569699710562406, 48.001023129032035 ], [ -3.569669243312975, 48.001024043587456 ], [ -3.569560888758027, 48.000965330100357 ], [ -3.569434116337792, 48.000941887012885 ], [ -3.569370706009006, 48.000911353518575 ], [ -3.569293355069351, 48.00090574016621 ], [ -3.569220526391862, 48.000917769459235 ], [ -3.569128771135329, 48.000929776243339 ], [ -3.569027820386918, 48.000929896233174 ], [ -3.568955674935669, 48.000933748544512 ], [ -3.568699332138881, 48.000930997554505 ], [ -3.568521552047396, 48.000970157138411 ], [ -3.56841659058406, 48.00097811608105 ], [ -3.568303697077788, 48.000999415578995 ], [ -3.568250048576736, 48.00102425292102 ], [ -3.568213777859461, 48.001060512408451 ], [ -3.56808550682249, 48.001154046258328 ], [ -3.568010498617762, 48.001281419396655 ], [ -3.56795233962962, 48.001395182135205 ], [ -3.567877963324481, 48.001486565266127 ], [ -3.567818128498397, 48.001585892980735 ], [ -3.56778300280682, 48.001679599861816 ], [ -3.567751330783914, 48.001799478561857 ], [ -3.567714555031948, 48.001965517579762 ], [ -3.56767338156215, 48.002081513869712 ], [ -3.567633533957394, 48.002172515059911 ], [ -3.567577098196025, 48.002241129099232 ], [ -3.56749214796747, 48.002317807110437 ], [ -3.567462160022244, 48.002345012764792 ], [ -3.567438614187914, 48.002359027679638 ], [ -3.567398774516422, 48.002391524494627 ], [ -3.567256848744238, 48.002521774214628 ], [ -3.56720281690545, 48.00255659411679 ], [ -3.567114989291779, 48.002494873052136 ], [ -3.56710306400885, 48.002486441208681 ], [ -3.566916706880038, 48.00253622566548 ], [ -3.566908455388408, 48.002538488932679 ], [ -3.56691120565013, 48.002544215003354 ], [ -3.566975732473218, 48.002671800001124 ], [ -3.56698768904891, 48.002669701682677 ], [ -3.567099789636301, 48.00264982752428 ], [ -3.567001227682171, 48.002694187406334 ], [ -3.566990658269797, 48.002698833980062 ], [ -3.56692388656586, 48.002736816311987 ], [ -3.566922746516761, 48.002737513305526 ], [ -3.566919340117557, 48.002739244536464 ], [ -3.566908022114266, 48.002744055973295 ], [ -3.566804765962951, 48.002784990470801 ], [ -3.566775073431976, 48.002794740586701 ], [ -3.566735888478654, 48.002751824615665 ], [ -3.566691983381611, 48.002677040691225 ], [ -3.56668837651744, 48.002625753778879 ], [ -3.56665948418628, 48.002633989931915 ], [ -3.566638951124925, 48.002608012551974 ], [ -3.566656612178591, 48.002582897900425 ], [ -3.566683062827984, 48.0025802827872 ], [ -3.566725728515997, 48.002561254423291 ], [ -3.566813304787626, 48.002542144514123 ], [ -3.566858323400093, 48.002500391950434 ], [ -3.566904606079888, 48.002444983891564 ], [ -3.566962567482608, 48.00237532095052 ], [ -3.567017357842239, 48.002349787226819 ], [ -3.567024915721964, 48.002346249825322 ], [ -3.567026433484169, 48.002345380457704 ], [ -3.567143441939989, 48.002274751654888 ], [ -3.567182661183467, 48.002209929914244 ], [ -3.567217209027098, 48.002189657091485 ], [ -3.567263549237012, 48.002142440693206 ], [ -3.567326231533514, 48.00206576252944 ], [ -3.567363192925729, 48.001933749954759 ], [ -3.567342287757674, 48.00183008927862 ], [ -3.567389684688627, 48.001677496201509 ], [ -3.567434827231189, 48.001583902014438 ], [ -3.567447888935975, 48.001465447169174 ], [ -3.567517445200559, 48.001364246105013 ], [ -3.567611908504486, 48.001300811525851 ], [ -3.56768854871971, 48.001169601353446 ], [ -3.567785939830706, 48.001136378125338 ], [ -3.567870501430793, 48.000982376303909 ], [ -3.567887003890599, 48.000977849627596 ], [ -3.5679525786556, 48.000903119837517 ], [ -3.568004994252972, 48.000891128684259 ], [ -3.568144678098157, 48.00081942732691 ], [ -3.568180556842916, 48.000812862177632 ], [ -3.568371944356522, 48.000776948475206 ], [ -3.568443588392384, 48.000766785946517 ], [ -3.568662386589645, 48.000751677373856 ], [ -3.568918975805571, 48.000757673689868 ], [ -3.56897600250914, 48.000751265681885 ], [ -3.569083030580802, 48.000757209011248 ], [ -3.569122459622113, 48.000754855613387 ], [ -3.569258268827432, 48.000745719239973 ], [ -3.569311624969169, 48.000757688260215 ], [ -3.569499708800306, 48.000769409389235 ], [ -3.56952901552103, 48.000789172980433 ], [ -3.569653017036968, 48.000846312495426 ], [ -3.569761683948453, 48.000906562313062 ], [ -3.569794160060607, 48.000921079466977 ], [ -3.569866065762358, 48.000962405128611 ], [ -3.569895643707548, 48.00096534284183 ], [ -3.569964602920077, 48.000976906694888 ], [ -3.569989081786782, 48.0009773111925 ], [ -3.570097723787923, 48.00096042440979 ], [ -3.570144943995178, 48.000958138014006 ], [ -3.570378579961939, 48.000962677132712 ], [ -3.570405901772613, 48.000956658474351 ], [ -3.570521510389551, 48.000932261408529 ], [ -3.570673298508551, 48.00086422157095 ], [ -3.570686552367697, 48.000857288695421 ], [ -3.570881234454878, 48.000705778551875 ], [ -3.570886161705262, 48.000703087841082 ], [ -3.570888094803359, 48.000701056722662 ], [ -3.570948584719114, 48.000662225209723 ], [ -3.570988083239639, 48.000687234566293 ], [ -3.57103627265451, 48.000717909798304 ], [ -3.570974910699496, 48.000760144006819 ], [ -3.570974526138462, 48.000760496268391 ] ] ], [ [ [ -3.561235792952694, 48.002553648173979 ], [ -3.56103809739267, 48.002763585355702 ], [ -3.56098506518158, 48.002791581983907 ], [ -3.560808095649731, 48.002944874688374 ], [ -3.560644295206468, 48.00311283544081 ], [ -3.560584131078087, 48.003230064313207 ], [ -3.560546356083814, 48.003295723245785 ], [ -3.560486319933821, 48.00349675136399 ], [ -3.560429555927352, 48.003651132140305 ], [ -3.56041581773886, 48.003738430412476 ], [ -3.560354627565323, 48.003843667457154 ], [ -3.560328235237414, 48.003931879086473 ], [ -3.560277409027446, 48.004008794097345 ], [ -3.560267785429871, 48.004201754339988 ], [ -3.560287300654365, 48.004312319149946 ], [ -3.560313744134202, 48.004455157118606 ], [ -3.560336967119665, 48.004527094045727 ], [ -3.560367632062379, 48.004617903466531 ], [ -3.560374140771311, 48.004699852114939 ], [ -3.560404180972231, 48.004836012519839 ], [ -3.560400219758742, 48.004871575031686 ], [ -3.560324930516527, 48.004918561437293 ], [ -3.560287839209352, 48.004995395160861 ], [ -3.560307185811758, 48.005110366958917 ], [ -3.560315322694422, 48.00512079287887 ], [ -3.560263225709928, 48.005124326244285 ], [ -3.560181325022042, 48.005130765150291 ], [ -3.560176276434164, 48.005001052218354 ], [ -3.560179959660332, 48.004875926825591 ], [ -3.560167181010366, 48.00479295085772 ], [ -3.560124480968536, 48.004609459702756 ], [ -3.560103686564163, 48.004445134550174 ], [ -3.560092155374643, 48.004290898169934 ], [ -3.560085076063685, 48.004127031358067 ], [ -3.560083388130625, 48.004006477429868 ], [ -3.56008767616084, 48.003923667789834 ], [ -3.560104156136873, 48.003851996419144 ], [ -3.560133917958954, 48.003782394698518 ], [ -3.560178159880442, 48.003693285202701 ], [ -3.560227073056669, 48.00361786156477 ], [ -3.560268515317266, 48.003534005666062 ], [ -3.560306279937837, 48.003449265076483 ], [ -3.560339226791505, 48.003364336724751 ], [ -3.560387270609668, 48.00324380181285 ], [ -3.560466755961998, 48.003135695729505 ], [ -3.560543329938215, 48.003045441959905 ], [ -3.560608894514213, 48.002980976863576 ], [ -3.560707095253981, 48.002907453028385 ], [ -3.560870457913929, 48.002770265775546 ], [ -3.560949033935023, 48.002695533599884 ], [ -3.561081583935049, 48.002558531129715 ], [ -3.561221298709388, 48.002428244353872 ], [ -3.561241701428486, 48.002409126612562 ], [ -3.561299231491596, 48.002457457096497 ], [ -3.561255433338335, 48.002535055008956 ], [ -3.561235792952694, 48.002553648173979 ] ] ] ] } },
{ "type": "Feature", "properties": { "HAUTEUR": "5m>h>10m" }, "geometry": { "type": "MultiPolygon", "coordinates": [ [ [ [ -3.636770799284563, 47.975683198560041 ], [ -3.636596512199985, 47.975370623167422 ], [ -3.636786613420466, 47.975626716515329 ], [ -3.636837896985446, 47.975664352552897 ], [ -3.636863477781544, 47.975755036773364 ], [ -3.636780495131512, 47.975691848819807 ], [ -3.636770799284563, 47.975683198560041 ] ] ], [ [ [ -3.595417231660148, 47.978085933937237 ], [ -3.595429069714462, 47.977958904108512 ], [ -3.595500907821626, 47.977913176671926 ], [ -3.595593292247303, 47.977853818869299 ], [ -3.595760137358755, 47.977875962024534 ], [ -3.595762579719638, 47.977998146811579 ], [ -3.595713948567913, 47.978156483438049 ], [ -3.595417231660148, 47.978085933937237 ] ] ], [ [ [ -3.597373917391386, 47.979972341065377 ], [ -3.597339513859204, 47.979930342445691 ], [ -3.597315574071653, 47.979856781042223 ], [ -3.597410831714551, 47.979878752986288 ], [ -3.597470014188815, 47.979893254642029 ], [ -3.597494190431759, 47.979930998934734 ], [ -3.598162477188406, 47.980587324405704 ], [ -3.597406654326956, 47.979989645181085 ], [ -3.597373917391386, 47.979972341065377 ] ] ], [ [ [ -3.635485828239237, 47.974630269218295 ], [ -3.63509129318506, 47.974736387105828 ], [ -3.635009353161459, 47.974735320294847 ], [ -3.634971907929696, 47.974734765986021 ], [ -3.634603142317553, 47.974846157648024 ], [ -3.634601639622151, 47.974846668192455 ], [ -3.634600146915195, 47.974846908923702 ], [ -3.634318782927392, 47.974922032624555 ], [ -3.634300031254337, 47.974947585656437 ], [ -3.63418595821736, 47.975103033207326 ], [ -3.633881811376915, 47.975152238006984 ], [ -3.633772226738016, 47.975186449091559 ], [ -3.633376153545943, 47.975273810096972 ], [ -3.633184260970385, 47.975276794250966 ], [ -3.632751909726508, 47.975281988165584 ], [ -3.632736097024647, 47.975278257629569 ], [ -3.63233205257775, 47.975210293002029 ], [ -3.632118298592026, 47.975192595318738 ], [ -3.631917164944897, 47.975284768874459 ], [ -3.631614408494185, 47.975346415120363 ], [ -3.631369810350659, 47.975320189863943 ], [ -3.631120942001365, 47.975309090694708 ], [ -3.630855180957242, 47.975333390299824 ], [ -3.630593480925723, 47.975368209429796 ], [ -3.630295206077031, 47.97538898864719 ], [ -3.630189603562597, 47.975345781679678 ], [ -3.630111224079837, 47.975388702724736 ], [ -3.629734643037565, 47.975470403487883 ], [ -3.629724504188051, 47.975463723940145 ], [ -3.629622686514513, 47.975458482172321 ], [ -3.629423949617704, 47.975256027792952 ], [ -3.6293924978188, 47.975223908273207 ], [ -3.629170294656423, 47.975134036066137 ], [ -3.629145806200277, 47.97512419419003 ], [ -3.628956166907736, 47.975036491927462 ], [ -3.628940104020587, 47.975029515796834 ], [ -3.628472228251128, 47.974832566783938 ], [ -3.628298981008741, 47.974812958211622 ], [ -3.628282363919701, 47.974810921256612 ], [ -3.627765395041038, 47.974707416743769 ], [ -3.627431209008329, 47.974816224594555 ], [ -3.627211427446466, 47.974771127581249 ], [ -3.626867523562161, 47.974682185305099 ], [ -3.626752496823583, 47.974543295968481 ], [ -3.626284460635592, 47.974490699425054 ], [ -3.626062837111504, 47.974465274498044 ], [ -3.625793668246887, 47.97441164171439 ], [ -3.625656378062978, 47.974332884889996 ], [ -3.62559971294682, 47.974300537630228 ], [ -3.625334441814839, 47.974191988465407 ], [ -3.625321288149211, 47.974186599155949 ], [ -3.625154031971356, 47.97409573093924 ], [ -3.625149123457019, 47.974088073960402 ], [ -3.625070564545249, 47.973956201484263 ], [ -3.625059184056666, 47.973953007156048 ], [ -3.624785097899021, 47.973872093955514 ], [ -3.624747108724192, 47.97387620555623 ], [ -3.624464814553314, 47.973906283837728 ], [ -3.624353303155179, 47.973792752088585 ], [ -3.624351000953575, 47.973615310273658 ], [ -3.624128296640231, 47.97353927819043 ], [ -3.623981659310425, 47.973432703966097 ], [ -3.624031737684417, 47.973233253870603 ], [ -3.623859036277262, 47.9731891679805 ], [ -3.623500992243194, 47.973091835796822 ], [ -3.623520529469318, 47.972985477153209 ], [ -3.623357496590243, 47.972980642492622 ], [ -3.623055933242958, 47.972990356335629 ], [ -3.622599791948021, 47.972997290374543 ], [ -3.622537483201597, 47.972997051337352 ], [ -3.622493020004395, 47.972995724238785 ], [ -3.621984874103894, 47.972765551202016 ], [ -3.621810106876044, 47.972677409640561 ], [ -3.621735786664479, 47.972561458910796 ], [ -3.621409335668916, 47.972472573437678 ], [ -3.621061240793945, 47.972486763508542 ], [ -3.620877233652796, 47.972547123468942 ], [ -3.62074573670487, 47.972532197017792 ], [ -3.620573462232033, 47.972526545668863 ], [ -3.620146166710446, 47.97257571039016 ], [ -3.619857358352152, 47.972581617042188 ], [ -3.619509635172067, 47.972516156537992 ], [ -3.619153556611691, 47.972416148549414 ], [ -3.618853400191087, 47.972248931872549 ], [ -3.618624833165829, 47.972081779089372 ], [ -3.618236803133765, 47.972013087789456 ], [ -3.617905722824133, 47.971959021437819 ], [ -3.617728201910167, 47.971875318909319 ], [ -3.617512383690646, 47.971754317493406 ], [ -3.61733364974766, 47.971822425988904 ], [ -3.617084384442149, 47.971832347232848 ], [ -3.616833840151901, 47.971926215765322 ], [ -3.616720089566809, 47.971883104318543 ], [ -3.616603056950473, 47.971838487774555 ], [ -3.616290199462569, 47.971842829102201 ], [ -3.616284632877779, 47.971842898980469 ], [ -3.616266500861682, 47.971841730226636 ], [ -3.615984944058802, 47.971822389004998 ], [ -3.615758447487893, 47.971808636806927 ], [ -3.615520042510237, 47.972024337197311 ], [ -3.615498500772203, 47.972084663184113 ], [ -3.615417273751593, 47.972094396018477 ], [ -3.61533182277769, 47.972028532302474 ], [ -3.61511897117354, 47.971848092469209 ], [ -3.614962882019114, 47.971796490776107 ], [ -3.614815816963667, 47.971582791322767 ], [ -3.614763044602159, 47.971506053667369 ], [ -3.614753711137658, 47.971279330285284 ], [ -3.614707836039713, 47.971097425186116 ], [ -3.614703639226741, 47.971080691466135 ], [ -3.614684018496644, 47.971049881850874 ], [ -3.614471673187782, 47.970717075054097 ], [ -3.614468340694648, 47.970716919064024 ], [ -3.614459829177828, 47.970716390513509 ], [ -3.614462769889047, 47.970707178394534 ], [ -3.61429627698277, 47.970417940803024 ], [ -3.614348274648691, 47.970197742229971 ], [ -3.614545490105897, 47.969972498870263 ], [ -3.614302625297331, 47.969851045421102 ], [ -3.614202173772332, 47.969740062118071 ], [ -3.613919104039811, 47.969672173588172 ], [ -3.613768378227878, 47.969765041698864 ], [ -3.613683277925242, 47.969838778821014 ], [ -3.61346002568525, 47.96996666122719 ], [ -3.613439089345248, 47.970199265194395 ], [ -3.613419507726824, 47.970266649814285 ], [ -3.613226446544276, 47.970469922754553 ], [ -3.61319709657545, 47.970629907335507 ], [ -3.613036858927604, 47.97063978296125 ], [ -3.612597872154002, 47.970743858186964 ], [ -3.612527099385638, 47.970761716307599 ], [ -3.612100365822702, 47.970508448693153 ], [ -3.612046422141539, 47.970492888803818 ], [ -3.611931492015183, 47.970451728945754 ], [ -3.611569481122202, 47.970401890017939 ], [ -3.611423129087354, 47.970248862316552 ], [ -3.611166058220913, 47.97007104787064 ], [ -3.610889942316243, 47.970114713557578 ], [ -3.610544712897344, 47.970121996193221 ], [ -3.610323515150266, 47.970135338661336 ], [ -3.610024168680298, 47.970333797300384 ], [ -3.609962682394965, 47.970371098760289 ], [ -3.609527050587042, 47.970395395060741 ], [ -3.609462196919926, 47.970354236352875 ], [ -3.609202699686748, 47.970310654215162 ], [ -3.608938927031487, 47.97033169910884 ], [ -3.608521503255855, 47.97048379786176 ], [ -3.608470903009125, 47.970487923336265 ], [ -3.608121236009477, 47.970286931969518 ], [ -3.607954468534703, 47.970282989862326 ], [ -3.607766241787354, 47.970396345917592 ], [ -3.607788295121842, 47.970589751622185 ], [ -3.607796939593264, 47.970685687136573 ], [ -3.607609739902622, 47.970910127831274 ], [ -3.607647686436144, 47.970976404229226 ], [ -3.607425649690648, 47.971101058688198 ], [ -3.607374883092223, 47.971129391336596 ], [ -3.607245771981611, 47.971229070426659 ], [ -3.607234311815299, 47.971237933109016 ], [ -3.607221116405102, 47.971243611187596 ], [ -3.607069594795441, 47.971307833420049 ], [ -3.607077084204426, 47.971345513749434 ], [ -3.607155239965004, 47.971744162752472 ], [ -3.607164027800219, 47.97174721746763 ], [ -3.607183439893305, 47.971753813399992 ], [ -3.607165877128772, 47.971767145022341 ], [ -3.607162066026512, 47.971769859417115 ], [ -3.60715750012228, 47.971772918829998 ], [ -3.607143441867129, 47.97178181989316 ], [ -3.607095771906367, 47.971786903011065 ], [ -3.606613779615784, 47.971800816354708 ], [ -3.606487503273425, 47.971973183974072 ], [ -3.606384910412064, 47.972008586517006 ], [ -3.606147955672316, 47.972075879724464 ], [ -3.605955033515378, 47.972165828669418 ], [ -3.605740163710646, 47.972267311448576 ], [ -3.605600858239691, 47.972233220517026 ], [ -3.605497948684078, 47.972366000022738 ], [ -3.605216561194179, 47.972510171055688 ], [ -3.60513473611841, 47.972456701689886 ], [ -3.604893364639394, 47.972414279792432 ], [ -3.604769968437523, 47.97246033756619 ], [ -3.604499928848005, 47.9725887118245 ], [ -3.604469091155212, 47.972659201399409 ], [ -3.604358382349876, 47.972772383957363 ], [ -3.604284526126007, 47.972941381930355 ], [ -3.604280622848682, 47.972956424923019 ], [ -3.604282245756083, 47.972972477893506 ], [ -3.604317357993317, 47.973183335406041 ], [ -3.604292934860453, 47.973221281180479 ], [ -3.604388985354643, 47.97334046700108 ], [ -3.604546228229462, 47.973529182909274 ], [ -3.604506091146377, 47.973669510588735 ], [ -3.604582713881159, 47.974049321090469 ], [ -3.604595144487348, 47.974054158547332 ], [ -3.604594631275164, 47.97406782893237 ], [ -3.604582277588626, 47.974070823345151 ], [ -3.604579288587334, 47.97407139391791 ], [ -3.604575952550166, 47.974071327560289 ], [ -3.604570773288332, 47.974070954526916 ], [ -3.604049731353208, 47.974264808029098 ], [ -3.604030503749762, 47.974302677148465 ], [ -3.603802144868907, 47.9744271991134 ], [ -3.603763007155134, 47.974442081024812 ], [ -3.603684860914445, 47.974458526791935 ], [ -3.603459354319055, 47.974516951916293 ], [ -3.603360119088089, 47.97454179814283 ], [ -3.603279991804675, 47.974551723910999 ], [ -3.603107550242796, 47.974589873516308 ], [ -3.603037528032912, 47.974607290567185 ], [ -3.60284709826544, 47.97458117887134 ], [ -3.602787239630114, 47.974594657903324 ], [ -3.602753426148383, 47.974606045291893 ], [ -3.602690894353402, 47.974690664220148 ], [ -3.60265737623565, 47.974743549308307 ], [ -3.602656577434906, 47.974745063473414 ], [ -3.602655451892339, 47.974745401081414 ], [ -3.602374244971079, 47.974825036070662 ], [ -3.602361513570855, 47.974828202724986 ], [ -3.602359259099046, 47.974828967871602 ], [ -3.602319062791683, 47.974842388136807 ], [ -3.601983515826177, 47.974847856842104 ], [ -3.601869406912273, 47.974774931154499 ], [ -3.601595218511176, 47.974717177751366 ], [ -3.601449823566672, 47.974815356157094 ], [ -3.601364498869237, 47.974854968337233 ], [ -3.601305102879078, 47.974856125226871 ], [ -3.60124823212545, 47.974898644254615 ], [ -3.601258407829806, 47.974983180778601 ], [ -3.601236596938302, 47.975020637984521 ], [ -3.601241897455729, 47.975047384784396 ], [ -3.601106156924999, 47.975135404642586 ], [ -3.601027819614806, 47.975206207199534 ], [ -3.601037304423535, 47.975289379941778 ], [ -3.601082742571423, 47.975491714387893 ], [ -3.601017092398851, 47.97551119737399 ], [ -3.60108899960941, 47.975571942701983 ], [ -3.601003852133803, 47.975735043829893 ], [ -3.600958762909309, 47.975839090295914 ], [ -3.600939266252452, 47.975854452567027 ], [ -3.600937054227022, 47.97596259346664 ], [ -3.600931169238773, 47.976020438880958 ], [ -3.600934966024897, 47.976027984872566 ], [ -3.600927867568393, 47.976039183964239 ], [ -3.600794700789987, 47.976305283061585 ], [ -3.600791464713889, 47.976312418915114 ], [ -3.600817072098419, 47.976410763680107 ], [ -3.60081770184855, 47.976413746365616 ], [ -3.60081969457188, 47.976429806813577 ], [ -3.600849877069172, 47.976682689916366 ], [ -3.600730049953223, 47.976781467050905 ], [ -3.600517682877399, 47.976963633993748 ], [ -3.600421489323747, 47.977075122363097 ], [ -3.600077342672104, 47.977190489254035 ], [ -3.600014414313778, 47.977246027652839 ], [ -3.599962061445348, 47.97729655657097 ], [ -3.599860159794849, 47.977372379039309 ], [ -3.599752919284539, 47.977452055181864 ], [ -3.599734344075217, 47.977452764943443 ], [ -3.599574999085057, 47.97745804873329 ], [ -3.599485696135863, 47.977662378157824 ], [ -3.599478798657766, 47.977678081399105 ], [ -3.599453744111313, 47.97771295357321 ], [ -3.599349194119785, 47.97785910618191 ], [ -3.599068581645953, 47.977715444312416 ], [ -3.598939126774302, 47.977626368662527 ], [ -3.598828340422764, 47.977603098297436 ], [ -3.598628294564667, 47.977408479464138 ], [ -3.598600029110185, 47.977380824412279 ], [ -3.598472634973221, 47.977365142808004 ], [ -3.598466356925157, 47.977364387553379 ], [ -3.598305779648337, 47.977382695521847 ], [ -3.598298325184083, 47.977383626872424 ], [ -3.598292023431111, 47.977383501165008 ], [ -3.598151868240706, 47.977381605297353 ], [ -3.59788011648155, 47.977436216579491 ], [ -3.597879752564119, 47.977436029310027 ], [ -3.597788810116679, 47.977407933539709 ], [ -3.597545934313371, 47.977276991174762 ], [ -3.597438935109069, 47.977212302947514 ], [ -3.597436394482642, 47.977210812177567 ], [ -3.597429486882004, 47.977207074156183 ], [ -3.59713407919043, 47.97704277095648 ], [ -3.597107674198538, 47.97703468357696 ], [ -3.596918064563637, 47.976976806374481 ], [ -3.596895991140517, 47.976784836563453 ], [ -3.597106228815077, 47.976472397799149 ], [ -3.597092211824384, 47.976381663717675 ], [ -3.5969367016359, 47.976108006835595 ], [ -3.596955552329425, 47.976060590843254 ], [ -3.596815007719163, 47.975970661233589 ], [ -3.596518930764439, 47.975775111501655 ], [ -3.596430773312068, 47.975692887595081 ], [ -3.596360056890652, 47.975679415093069 ], [ -3.596077751798016, 47.97539413485358 ], [ -3.595961270217829, 47.975276063284205 ], [ -3.595522990932433, 47.975152914442106 ], [ -3.595417149281325, 47.975136399594014 ], [ -3.595357949743742, 47.97510281551564 ], [ -3.594868620733529, 47.975034986888446 ], [ -3.59470533006721, 47.975036854397153 ], [ -3.594396700581518, 47.975036717241046 ], [ -3.594212727659815, 47.975085332926199 ], [ -3.594093071417551, 47.975090861737407 ], [ -3.593984577752575, 47.975154486308355 ], [ -3.593761466667257, 47.975217889673416 ], [ -3.59366922138665, 47.975244126948418 ], [ -3.593532318675358, 47.975323293924816 ], [ -3.59351942377524, 47.975330776493593 ], [ -3.593502506470317, 47.97534654904446 ], [ -3.593324447526463, 47.975513637220367 ], [ -3.593057237743984, 47.975634750297786 ], [ -3.59304352327827, 47.975644286525977 ], [ -3.592832779812825, 47.975792719502557 ], [ -3.592793507813403, 47.975840536465817 ], [ -3.592651609119924, 47.976012667050142 ], [ -3.592534369239112, 47.976140828522816 ], [ -3.592347763977173, 47.976337625827952 ], [ -3.592244773563232, 47.976432230407205 ], [ -3.592111419253881, 47.976564659368016 ], [ -3.59195978378725, 47.9767391145513 ], [ -3.591798222193659, 47.976950452809611 ], [ -3.59174697963468, 47.977040152062266 ], [ -3.591734293109257, 47.97708139029676 ], [ -3.591759187436112, 47.977237506183016 ], [ -3.591753160609521, 47.977298858677322 ], [ -3.591927767174016, 47.977469040489957 ], [ -3.59203328857524, 47.977543245193736 ], [ -3.592225659066977, 47.977645828487788 ], [ -3.592348553353601, 47.977731540964584 ], [ -3.592565356856148, 47.977835512415076 ], [ -3.592808077052057, 47.977960522751779 ], [ -3.592858555158043, 47.977999154113199 ], [ -3.593194733561699, 47.978233047881112 ], [ -3.593237633322188, 47.97829555874582 ], [ -3.593478538941222, 47.978350777764099 ], [ -3.593483973816474, 47.978354216586105 ], [ -3.593484334331362, 47.978354493807117 ], [ -3.593484705028357, 47.978354501218114 ], [ -3.593496401025439, 47.97835914526631 ], [ -3.593804305223443, 47.978546119520317 ], [ -3.593887747903195, 47.978566508369106 ], [ -3.594328191422913, 47.978642724558902 ], [ -3.594536681232099, 47.97865256113981 ], [ -3.594650574989843, 47.978662307307864 ], [ -3.594715481177604, 47.9787315575973 ], [ -3.594641113423794, 47.978765623445248 ], [ -3.594627885267756, 47.979027812327864 ], [ -3.594470281517315, 47.978829443255577 ], [ -3.594119933596128, 47.979069234218464 ], [ -3.594115132347527, 47.97915716271681 ], [ -3.594205392912558, 47.979193528374296 ], [ -3.594638391226978, 47.979280394987065 ], [ -3.594669731786411, 47.979324853417843 ], [ -3.594708059669059, 47.979282417048815 ], [ -3.59516009269715, 47.979287577738319 ], [ -3.595471622867878, 47.979201545871305 ], [ -3.595621267367377, 47.978991223999572 ], [ -3.596119958722059, 47.979106848052567 ], [ -3.596430337138476, 47.979395839203775 ], [ -3.596166231546644, 47.979631148212249 ], [ -3.595766254986518, 47.979632611661337 ], [ -3.595452544933778, 47.979737051832565 ], [ -3.595100478726962, 47.979983022142363 ], [ -3.594990191994712, 47.979985769183799 ], [ -3.594820646378218, 47.980123599141713 ], [ -3.594677966887969, 47.980286806937379 ], [ -3.594510732728982, 47.980392821019066 ], [ -3.594368301458427, 47.980460898527276 ], [ -3.594438862268828, 47.980498310388732 ], [ -3.594463846726944, 47.980760453135545 ], [ -3.594353982954271, 47.98083062150198 ], [ -3.594563748508419, 47.981190421516843 ], [ -3.594588917734456, 47.981241147033693 ], [ -3.594626057535094, 47.981279421065047 ], [ -3.59474924522994, 47.981328144757107 ], [ -3.595116299023946, 47.98150153627099 ], [ -3.595103479669649, 47.981625036630355 ], [ -3.595165590066623, 47.981817717309859 ], [ -3.595014751773003, 47.982049616441969 ], [ -3.594816704019538, 47.982274091924097 ], [ -3.594587388039861, 47.982461940458087 ], [ -3.594331117485457, 47.982547994567334 ], [ -3.594184907062134, 47.982519421407481 ], [ -3.593737203148699, 47.982526674336896 ], [ -3.593412026640045, 47.982511713661616 ], [ -3.593226339686642, 47.982575594980148 ], [ -3.593211256115814, 47.982582043773384 ], [ -3.593070152078004, 47.982663917095557 ], [ -3.592906447971901, 47.98286288464999 ], [ -3.592736366263309, 47.98296541928346 ], [ -3.592491320738129, 47.983156909334689 ], [ -3.592255387899794, 47.983333010315796 ], [ -3.591944274516423, 47.983456394117546 ], [ -3.591784286721276, 47.983615742387641 ], [ -3.591454768921264, 47.983705724850715 ], [ -3.591301269656694, 47.983447759411121 ], [ -3.591060320309345, 47.98337354382808 ], [ -3.590996910586695, 47.983431588055772 ], [ -3.590632909749659, 47.983589731677817 ], [ -3.590597836767978, 47.983594969956862 ], [ -3.590507702408704, 47.983623857396658 ], [ -3.59014989730382, 47.983853587451847 ], [ -3.589974159685778, 47.98382090725358 ], [ -3.589604376735741, 47.983798201752585 ], [ -3.589447931057007, 47.983736115377909 ], [ -3.589275207801737, 47.983751287062574 ], [ -3.589088393272764, 47.983736834581869 ], [ -3.588879147073588, 47.983932904186993 ], [ -3.588870296431618, 47.984098246145351 ], [ -3.588621554472074, 47.984122154507695 ], [ -3.588367970082254, 47.984323095244179 ], [ -3.588351257473063, 47.984500070370657 ], [ -3.588348768739707, 47.984683540879701 ], [ -3.588387917875652, 47.984904027767428 ], [ -3.588499796791499, 47.985143882910236 ], [ -3.588544737042081, 47.985240728772887 ], [ -3.588491024317404, 47.985513088208116 ], [ -3.588379243485613, 47.985800215118459 ], [ -3.588368854578256, 47.985898292603707 ], [ -3.588465212723461, 47.986038471209412 ], [ -3.588496586423992, 47.986062411142804 ], [ -3.588706325904933, 47.986177229534476 ], [ -3.588722410638406, 47.986213013808104 ], [ -3.588805579215773, 47.986446893302919 ], [ -3.58867955082125, 47.986590807028563 ], [ -3.58867370380646, 47.986598250328925 ], [ -3.588665550718388, 47.986597996987101 ], [ -3.588433286729937, 47.986705850142052 ], [ -3.588396506876449, 47.986765956752116 ], [ -3.588326607348681, 47.98684826107592 ], [ -3.588230900576888, 47.986975230882706 ], [ -3.588105441112528, 47.987113845137486 ], [ -3.588077031791174, 47.987158638498109 ], [ -3.588024356704234, 47.98720735584147 ], [ -3.587931565256762, 47.987257249342164 ], [ -3.587865356262864, 47.987281213956287 ], [ -3.587783963317223, 47.987304424194789 ], [ -3.587714060518219, 47.98731814409264 ], [ -3.587628517936907, 47.987333350583846 ], [ -3.587505852231151, 47.987349072985864 ], [ -3.587398152795301, 47.98736149504159 ], [ -3.58730430399031, 47.987370684436002 ], [ -3.587177890377151, 47.987367790247518 ], [ -3.587064282946154, 47.987369652919391 ], [ -3.586942686487292, 47.987347323879675 ], [ -3.586780741839057, 47.987342096749934 ], [ -3.586598663697069, 47.987349246407057 ], [ -3.586447865990036, 47.987333801686475 ], [ -3.586319187583912, 47.98732213056023 ], [ -3.586257325688354, 47.987329260388577 ], [ -3.586105817785228, 47.987303180317056 ], [ -3.586057768865067, 47.987249293447206 ], [ -3.585838017651437, 47.98718332189528 ], [ -3.585757615385291, 47.987121585461665 ], [ -3.585677731120497, 47.9870461785491 ], [ -3.585581137591082, 47.987000498136439 ], [ -3.58526899938271, 47.986983524913946 ], [ -3.585181139355953, 47.986912997891629 ], [ -3.58496134728602, 47.986926498431913 ], [ -3.584925321098067, 47.986907864395498 ], [ -3.58470632907235, 47.986733809332144 ], [ -3.58459728506202, 47.986722980226531 ], [ -3.584555525894936, 47.986728352429296 ], [ -3.584380514928204, 47.986725289561598 ], [ -3.584363457027931, 47.986725037158422 ], [ -3.584333508105821, 47.986722275849473 ], [ -3.584154916655206, 47.986705999961664 ], [ -3.584058134811971, 47.986694696434697 ], [ -3.583978811451575, 47.986692653865944 ], [ -3.583816048996887, 47.986689475975687 ], [ -3.583597477184496, 47.986788233332859 ], [ -3.583531912386363, 47.986785386652016 ], [ -3.583384738229901, 47.986850565220678 ], [ -3.583176410306838, 47.986913975355307 ], [ -3.583000692589925, 47.987027363077118 ], [ -3.582997052813332, 47.987093983982071 ], [ -3.582908779376508, 47.987190946847235 ], [ -3.58289228509402, 47.987293221722041 ], [ -3.582862431245023, 47.987415119452741 ], [ -3.582778027298001, 47.987517650307012 ], [ -3.5827710296354, 47.987526060257508 ], [ -3.582724868558794, 47.987559425051217 ], [ -3.582638132856106, 47.987703851523207 ], [ -3.582636135790827, 47.987707591633885 ], [ -3.582634968937957, 47.987709008280476 ], [ -3.582589934736744, 47.987761566829192 ], [ -3.582539428930179, 47.987801864699698 ], [ -3.582484118012315, 47.987861237180844 ], [ -3.582482189167866, 47.98786317855032 ], [ -3.582474501083387, 47.987870224532358 ], [ -3.582414193909795, 47.987924366293591 ], [ -3.582353817229126, 47.987990117338015 ], [ -3.582293062750033, 47.98808538256884 ], [ -3.582258112323573, 47.988145974088212 ], [ -3.582249773614875, 47.988160387436288 ], [ -3.582245085654945, 47.988166593629522 ], [ -3.582178518088909, 47.988258591823303 ], [ -3.582172421867611, 47.988321473195953 ], [ -3.582169655932185, 47.988325917895935 ], [ -3.582098320381093, 47.988436001371007 ], [ -3.582089824435182, 47.988483893610777 ], [ -3.582086724063282, 47.988497152131899 ], [ -3.582034983068873, 47.9887264366374 ], [ -3.582019458605834, 47.988754206417624 ], [ -3.581999797722595, 47.988783423171689 ], [ -3.581999937412688, 47.988809077562863 ], [ -3.582041876577917, 47.988847902646832 ], [ -3.582137915926582, 47.989005992078553 ], [ -3.582296566355201, 47.989117726462304 ], [ -3.582330108006624, 47.989152962503042 ], [ -3.582364387817999, 47.989188303369424 ], [ -3.582455888432911, 47.989309579065306 ], [ -3.582555775905022, 47.989356498552397 ], [ -3.582589064346494, 47.989437542266266 ], [ -3.582611060292492, 47.989483706972734 ], [ -3.582699014431471, 47.989571339141456 ], [ -3.58272576213059, 47.98959005756857 ], [ -3.582812354193871, 47.98969404330191 ], [ -3.582864467995595, 47.989738562783749 ], [ -3.58288755483084, 47.989765758168943 ], [ -3.582920502610046, 47.989826453683357 ], [ -3.582974906317648, 47.989898650824898 ], [ -3.583022874324161, 47.99000357072633 ], [ -3.583060230704433, 47.990065434815293 ], [ -3.583108667333328, 47.990148222716989 ], [ -3.58316412047332, 47.990241682170762 ], [ -3.583227123676952, 47.990351314224547 ], [ -3.583276373959731, 47.990432228280795 ], [ -3.583337275723539, 47.990538577872989 ], [ -3.58336821707088, 47.9906032832275 ], [ -3.583364289084558, 47.990628585936733 ], [ -3.58342816230556, 47.990754436373734 ], [ -3.583354643866151, 47.99088292820143 ], [ -3.583361176045896, 47.990906370839255 ], [ -3.58331859515787, 47.990933327500947 ], [ -3.583127692208175, 47.991065222234212 ], [ -3.582901130718839, 47.991149147469024 ], [ -3.582760908668319, 47.991206814784803 ], [ -3.582464488373495, 47.991332448619737 ], [ -3.582457393527366, 47.991353187412649 ], [ -3.582335381721108, 47.991537228044372 ], [ -3.582319922443666, 47.991641504114007 ], [ -3.582316981107587, 47.991689688093246 ], [ -3.58231974815963, 47.991763458382778 ], [ -3.582305107322024, 47.992022200779587 ], [ -3.582008282748464, 47.992129014217113 ], [ -3.581756303141839, 47.992012343660569 ], [ -3.581639607030375, 47.992046450851625 ], [ -3.581624844805144, 47.992063885316661 ], [ -3.58158008191553, 47.992089627425379 ], [ -3.58141271939301, 47.992158358405391 ], [ -3.581387848204251, 47.992168389199747 ], [ -3.581211569942907, 47.99220804882227 ], [ -3.581181705728103, 47.992212758871247 ], [ -3.581148330322596, 47.99222198862909 ], [ -3.58092785116831, 47.992253018799403 ], [ -3.580904712256218, 47.992256513886062 ], [ -3.580783643686746, 47.992268930884443 ], [ -3.580747139420528, 47.992272607261746 ], [ -3.580619835734518, 47.992283098605931 ], [ -3.580579345018061, 47.992284264618043 ], [ -3.580423258571548, 47.992300297407233 ], [ -3.580291295084751, 47.992306464395547 ], [ -3.580265813365836, 47.992303251803605 ], [ -3.580064198418959, 47.992296767120571 ], [ -3.580042204083213, 47.992289664353976 ], [ -3.580014126889742, 47.992286399503961 ], [ -3.579737691293758, 47.992364275006736 ], [ -3.579726567725801, 47.992364051264929 ], [ -3.579658666322172, 47.992383476810843 ], [ -3.579597141333598, 47.992557390647164 ], [ -3.579396716519988, 47.992548858543927 ], [ -3.579315888575614, 47.992586205026264 ], [ -3.579044031773658, 47.992494689844442 ], [ -3.57900949907395, 47.992505065747693 ], [ -3.578999873989225, 47.992514232695207 ], [ -3.578991872167345, 47.992519742062093 ], [ -3.57884909160167, 47.992615245529755 ], [ -3.578706903786828, 47.992665847804091 ], [ -3.578688022612333, 47.992674468436952 ], [ -3.578582151026236, 47.992745872687117 ], [ -3.578562548740248, 47.992753938751875 ], [ -3.578480774890527, 47.992806386593628 ], [ -3.578463792016839, 47.99281387531731 ], [ -3.578458113965914, 47.992816821243615 ], [ -3.578347023695696, 47.992869309011994 ], [ -3.578327284589897, 47.992880972520133 ], [ -3.578194637967949, 47.992983159584696 ], [ -3.578190841184254, 47.992985423316888 ], [ -3.578136271073762, 47.993034818241959 ], [ -3.578171312714652, 47.993069635834814 ], [ -3.578177133143385, 47.9931410377066 ], [ -3.578177317120615, 47.993282620787348 ], [ -3.578211015085368, 47.993479692092492 ], [ -3.578224689372295, 47.993520199998265 ], [ -3.578247041767355, 47.993595984905447 ], [ -3.578294459760689, 47.993900709524354 ], [ -3.578415701770477, 47.994293865781927 ], [ -3.578449814292479, 47.994372677544625 ], [ -3.578381677617141, 47.99439821805084 ], [ -3.578371120907198, 47.99440259589376 ], [ -3.578352917590393, 47.994403129591142 ], [ -3.577693475675217, 47.994384365124219 ], [ -3.577420607992329, 47.994651049669095 ], [ -3.577281808778445, 47.994768503021376 ], [ -3.577266922173247, 47.994818426662682 ], [ -3.577267709639419, 47.994826993098052 ], [ -3.577260587292976, 47.994887423783901 ], [ -3.577237748607995, 47.995078136864038 ], [ -3.577253982265979, 47.995226973838228 ], [ -3.577257429724496, 47.995253415049802 ], [ -3.577237347154289, 47.995391170067762 ], [ -3.577214092811167, 47.995534261597868 ], [ -3.577206053516401, 47.995570012165985 ], [ -3.577207996891078, 47.995762844470072 ], [ -3.577206375553426, 47.995805474740521 ], [ -3.577222301258089, 47.995864839465526 ], [ -3.577225224763337, 47.995924572419952 ], [ -3.577280341670773, 47.996095073857219 ], [ -3.577289152951195, 47.996126843444451 ], [ -3.577294068633772, 47.996143953591293 ], [ -3.577402718098623, 47.996302211953996 ], [ -3.577408374301891, 47.996358399691353 ], [ -3.57745154801582, 47.996394101349608 ], [ -3.577452649939831, 47.996462708252501 ], [ -3.577517899495271, 47.996513165338889 ], [ -3.577528708142246, 47.996560726209822 ], [ -3.577542941068587, 47.996615826536427 ], [ -3.577563563868206, 47.996649274008021 ], [ -3.577565997253513, 47.996712147328246 ], [ -3.57756510752188, 47.99675506237584 ], [ -3.57753039650271, 47.996809087318809 ], [ -3.577518131742305, 47.99682909178933 ], [ -3.577484545871759, 47.99685352732952 ], [ -3.577441340183485, 47.996906481161268 ], [ -3.577403036252217, 47.996928121499828 ], [ -3.577263632908631, 47.99706131405798 ], [ -3.577246844355967, 47.997092928226962 ], [ -3.577213526413368, 47.997120069275411 ], [ -3.577083967283313, 47.997238338809105 ], [ -3.577014885845855, 47.997288611286081 ], [ -3.576967173504932, 47.997333193631171 ], [ -3.576866327172896, 47.997447810862568 ], [ -3.576813796045535, 47.99748248542074 ], [ -3.576751565411512, 47.997518494715074 ], [ -3.576706635772018, 47.997577714022732 ], [ -3.576614049570882, 47.997641013818921 ], [ -3.576578588214355, 47.997665951373378 ], [ -3.57647580013118, 47.997724275245609 ], [ -3.57639432619602, 47.997749095985263 ], [ -3.576327718568951, 47.997822099488999 ], [ -3.57622332786924, 47.99786400970612 ], [ -3.576210194402307, 47.997916578846706 ], [ -3.576198904519113, 47.997940203089627 ], [ -3.576121233184869, 47.997982111436194 ], [ -3.576093071472489, 47.998010256117531 ], [ -3.576055443072773, 47.998062871811754 ], [ -3.576018033506999, 47.998080479437959 ], [ -3.5760008643282, 47.998180580617657 ], [ -3.575964342309375, 47.998184615150997 ], [ -3.575793894037912, 47.998265516951697 ], [ -3.575792229356167, 47.99829950581519 ], [ -3.575660933710456, 47.998443750715531 ], [ -3.575658879835075, 47.998497713156816 ], [ -3.575649699250493, 47.998563412841357 ], [ -3.575428514298461, 47.998729247888399 ], [ -3.575521941920287, 47.999033912135104 ], [ -3.575517744095738, 47.99904669846326 ], [ -3.57551079531707, 47.999053758952883 ], [ -3.575508131051552, 47.999055505393912 ], [ -3.575445376432957, 47.999095463754102 ], [ -3.574936056978873, 47.999148203523944 ], [ -3.574651584670246, 47.999017000292419 ], [ -3.574078775628958, 47.999041274191029 ], [ -3.574065281945046, 47.999044782373637 ], [ -3.573633800237697, 47.998788293209827 ], [ -3.573062671743884, 47.999002239266076 ], [ -3.572943708683373, 47.999406938744578 ], [ -3.572913033811836, 47.99947175463587 ], [ -3.572651940388265, 47.999554873258667 ], [ -3.572374817601515, 47.999571693004675 ], [ -3.572263457211802, 47.999669713040575 ], [ -3.571849534586144, 47.999614645619317 ], [ -3.57182128711553, 47.999703361977176 ], [ -3.571818276357221, 47.999714192001754 ], [ -3.5717541799207, 47.999837917359059 ], [ -3.571741383919799, 47.999862050853167 ], [ -3.571724300013427, 47.999901308906935 ], [ -3.571594077315528, 48.000085173896004 ], [ -3.571572169833058, 48.000143865998361 ], [ -3.571447836658134, 48.000290046971315 ], [ -3.571435256920472, 48.000318235105887 ], [ -3.571393029247522, 48.000306401794504 ], [ -3.571322832028619, 48.000405161983359 ], [ -3.57136000907725, 48.00042292380094 ], [ -3.571285899029499, 48.000565888253853 ], [ -3.571225115576135, 48.000641616747409 ], [ -3.571179349995505, 48.000693346631692 ], [ -3.571111091175877, 48.000770454257321 ], [ -3.571070317119462, 48.000798343112976 ], [ -3.570872572119962, 48.00094259121758 ], [ -3.570805170311824, 48.000997214311212 ], [ -3.570679501530145, 48.001042110058727 ], [ -3.570631138425644, 48.00106462511485 ], [ -3.570485413072798, 48.00110992565758 ], [ -3.570441980330298, 48.001119939269692 ], [ -3.570173440463404, 48.001135306806034 ], [ -3.570105157679948, 48.001135187606721 ], [ -3.570065968841248, 48.001140966474402 ], [ -3.569958682699576, 48.001151490147109 ], [ -3.569928067641958, 48.001146551353216 ], [ -3.569728483728309, 48.001193013020661 ], [ -3.569712870515409, 48.001183966924458 ], [ -3.569652949042183, 48.001207868156705 ], [ -3.56959611076389, 48.001209329966279 ], [ -3.569500200509398, 48.001242674730172 ], [ -3.569294301204913, 48.001269836570451 ], [ -3.569226303270997, 48.001271972746451 ], [ -3.569058672541422, 48.001288296600208 ], [ -3.569005858488967, 48.001291279539025 ], [ -3.568820725866396, 48.001338301648637 ], [ -3.568702574510353, 48.001409809099187 ], [ -3.56867441102771, 48.001418420522576 ], [ -3.568656768443425, 48.001433365062965 ], [ -3.568508299950105, 48.001540712255313 ], [ -3.568350250782662, 48.001646245458389 ], [ -3.568340904005663, 48.001657757388585 ], [ -3.568272248407523, 48.001764557610812 ], [ -3.568257939279416, 48.001818542440425 ], [ -3.568173320709112, 48.002100353221827 ], [ -3.568131897744566, 48.002193752915645 ], [ -3.56806466563652, 48.002331274187981 ], [ -3.568025612200327, 48.002391779257188 ], [ -3.567834169414624, 48.002506717425781 ], [ -3.567819953250658, 48.002519390957808 ], [ -3.567805513560259, 48.002547631159459 ], [ -3.567659847535556, 48.002736940312893 ], [ -3.56761980063524, 48.002813716428129 ], [ -3.567604574401223, 48.002843110796469 ], [ -3.567536523495839, 48.002827153494415 ], [ -3.56743792906163, 48.00280436796195 ], [ -3.567225369377583, 48.002801689055929 ], [ -3.567133221712779, 48.002843298579634 ], [ -3.567110084250146, 48.002856331617821 ], [ -3.56703605006398, 48.002890116814214 ], [ -3.566965823984697, 48.00292136879348 ], [ -3.566884808384186, 48.002963023286561 ], [ -3.566821147487545, 48.002997288207133 ], [ -3.566774821102968, 48.003014982466802 ], [ -3.566561367433995, 48.003103641251606 ], [ -3.566518062713533, 48.003119956429387 ], [ -3.566480839447124, 48.003132524336003 ], [ -3.566181134086653, 48.003215296933504 ], [ -3.566147262123484, 48.003227572516664 ], [ -3.565857932833365, 48.003310734228599 ], [ -3.565847023309603, 48.003314563750834 ], [ -3.565677478115131, 48.003361356174111 ], [ -3.565530105933961, 48.00344946034037 ], [ -3.565434485370856, 48.003475066947644 ], [ -3.565092473859802, 48.003373275895513 ], [ -3.565002680263639, 48.003401790309944 ], [ -3.564712975593878, 48.003465589916971 ], [ -3.564333846397504, 48.003480324033092 ], [ -3.564296390008749, 48.003479565442397 ], [ -3.564233497850359, 48.003493682888241 ], [ -3.563808415668087, 48.003593891255491 ], [ -3.563714268089709, 48.00361007546514 ], [ -3.563272695707102, 48.003665934243955 ], [ -3.563125611788213, 48.003678525131583 ], [ -3.562765966661573, 48.003736852041662 ], [ -3.562650497191329, 48.003757373589281 ], [ -3.562262456993947, 48.003839965313929 ], [ -3.562188629958642, 48.003858540301927 ], [ -3.562152510887916, 48.003929453777822 ], [ -3.561970660867551, 48.004171396641048 ], [ -3.561787768865818, 48.00444050031853 ], [ -3.561764656881742, 48.004481885053934 ], [ -3.561762885031894, 48.004508761281436 ], [ -3.56165651575255, 48.004834230770605 ], [ -3.561731485361773, 48.004969951657991 ], [ -3.561726810793657, 48.005004779683318 ], [ -3.561142155859979, 48.005045847915525 ], [ -3.560386024995821, 48.005116016829561 ], [ -3.560315322694422, 48.00512079287887 ], [ -3.560307185811758, 48.005110366958917 ], [ -3.560287839209352, 48.004995395160861 ], [ -3.560324930516527, 48.004918561437293 ], [ -3.560400219758742, 48.004871575031686 ], [ -3.560404180972231, 48.004836012519839 ], [ -3.560374140771311, 48.004699852114939 ], [ -3.560367632062379, 48.004617903466531 ], [ -3.560336967119665, 48.004527094045727 ], [ -3.560313744134202, 48.004455157118606 ], [ -3.560287300654365, 48.004312319149946 ], [ -3.560267785429871, 48.004201754339988 ], [ -3.560277409027446, 48.004008794097345 ], [ -3.560328235237414, 48.003931879086473 ], [ -3.560354627565323, 48.003843667457154 ], [ -3.56041581773886, 48.003738430412476 ], [ -3.560429555927352, 48.003651132140305 ], [ -3.560486319933821, 48.00349675136399 ], [ -3.560546356083814, 48.003295723245785 ], [ -3.560584131078087, 48.003230064313207 ], [ -3.560644295206468, 48.00311283544081 ], [ -3.560808095649731, 48.002944874688374 ], [ -3.56098506518158, 48.002791581983907 ], [ -3.56103809739267, 48.002763585355702 ], [ -3.561235792952694, 48.002553648173979 ], [ -3.561255433338335, 48.002535055008956 ], [ -3.561299231491596, 48.002457457096497 ], [ -3.561241701428486, 48.002409126612562 ], [ -3.561381903477515, 48.002275789300668 ], [ -3.561531012996818, 48.002161803969926 ], [ -3.56164085332944, 48.002075014363264 ], [ -3.561731272306774, 48.002039854924618 ], [ -3.561814387746923, 48.002030649368216 ], [ -3.56191458152862, 48.002030970736023 ], [ -3.56203290423515, 48.002042460406138 ], [ -3.562121359538688, 48.002058564846209 ], [ -3.56224221282257, 48.002071815723191 ], [ -3.56230009923812, 48.002072089124063 ], [ -3.562379532607348, 48.002071809196373 ], [ -3.562503571913682, 48.002060012404797 ], [ -3.56261218480521, 48.002034311738647 ], [ -3.562747204455412, 48.001997445259434 ], [ -3.563046666387245, 48.001930698556791 ], [ -3.56317850431273, 48.001909068265491 ], [ -3.563267854842113, 48.001901788090649 ], [ -3.563340911310929, 48.00190326839671 ], [ -3.563406344331781, 48.001909994609996 ], [ -3.563462463993675, 48.001927332923707 ], [ -3.563501459399886, 48.001946034393264 ], [ -3.563529953194427, 48.001977304074074 ], [ -3.563550562629719, 48.002049727216438 ], [ -3.563558165872889, 48.002112886152602 ], [ -3.563586172370932, 48.002215071460206 ], [ -3.563644431960886, 48.002118324162687 ], [ -3.56369872129948, 48.002028336942672 ], [ -3.563768098885965, 48.001970787856891 ], [ -3.563778721729242, 48.001984144074591 ], [ -3.563790556048783, 48.002004635384651 ], [ -3.563810968018353, 48.002024040360311 ], [ -3.563905694606619, 48.00210903571049 ], [ -3.563908565009374, 48.002111614051337 ], [ -3.563990721793445, 48.002185643870668 ], [ -3.563994701303097, 48.00218833468233 ], [ -3.564064423240139, 48.002238170706327 ], [ -3.564072045841586, 48.002242645439921 ], [ -3.564134172829318, 48.002287287189048 ], [ -3.564257564028462, 48.002224531311477 ], [ -3.564488334996143, 48.002129477287241 ], [ -3.564634429413031, 48.002113534358053 ], [ -3.564766993659257, 48.002111718375829 ], [ -3.565175116709962, 48.002076148283955 ], [ -3.565539969523134, 48.001997757581847 ], [ -3.565616427406331, 48.00196852283716 ], [ -3.566041436521497, 48.001792160498709 ], [ -3.566107570651349, 48.001790258605986 ], [ -3.566236286567391, 48.00175317027572 ], [ -3.566119755489586, 48.001821017522268 ], [ -3.566228714652698, 48.002048329674302 ], [ -3.566444968376838, 48.002002841635502 ], [ -3.566464934337195, 48.002033937965869 ], [ -3.566476700017085, 48.002075669202995 ], [ -3.566596492329389, 48.002194381828112 ], [ -3.566649891961115, 48.002253786670472 ], [ -3.566693382706359, 48.002290849320914 ], [ -3.56684176065434, 48.002176302063411 ], [ -3.566880676273386, 48.002158277870677 ], [ -3.566888275381259, 48.002153661230842 ], [ -3.566892653724572, 48.002145919202476 ], [ -3.566902691718925, 48.00211632998402 ], [ -3.56680109705927, 48.001929310607302 ], [ -3.566771689085813, 48.001873361443529 ], [ -3.566769237533185, 48.001869531558533 ], [ -3.566748143267404, 48.00179997952884 ], [ -3.566684627819223, 48.001577997707464 ], [ -3.566688231259106, 48.001541977860057 ], [ -3.566692872682702, 48.001138931108621 ], [ -3.566912537910713, 48.001033206695084 ], [ -3.567155593313476, 48.000800955390773 ], [ -3.56751667808957, 48.000752904406674 ], [ -3.567691022565817, 48.000648242076196 ], [ -3.567726846500048, 48.000633395347919 ], [ -3.567825713157702, 48.000600381967807 ], [ -3.568109376045194, 48.000393071645298 ], [ -3.568130036811391, 48.000367117403044 ], [ -3.568168779614731, 48.000314706738507 ], [ -3.56841690935849, 48.000017390630184 ], [ -3.568529472862565, 47.999800589859404 ], [ -3.568648357048299, 47.999544583874588 ], [ -3.569006126065716, 47.999116543106652 ], [ -3.569033598194717, 47.999067684700535 ], [ -3.569073341882925, 47.998998732806243 ], [ -3.569358350739224, 47.998580831487125 ], [ -3.569417989688793, 47.998311476883686 ], [ -3.569154238318078, 47.998172577105088 ], [ -3.569130828083917, 47.997998391327485 ], [ -3.569174865875552, 47.997807207356914 ], [ -3.56950292279417, 47.99764192434413 ], [ -3.569738741675752, 47.997569463640801 ], [ -3.569865344065744, 47.997276260182645 ], [ -3.570051542574801, 47.99694807804088 ], [ -3.570068489112857, 47.996892976416383 ], [ -3.57021862008658, 47.996712486092896 ], [ -3.570388110987706, 47.996520595815518 ], [ -3.570420123554352, 47.996488840121977 ], [ -3.570509700969305, 47.996455906957316 ], [ -3.570922996802599, 47.996351655871401 ], [ -3.570960323148509, 47.996297325727532 ], [ -3.571017136991924, 47.996228268020538 ], [ -3.57112982876562, 47.996046570555947 ], [ -3.571188353248367, 47.996010489650388 ], [ -3.571231290388333, 47.995984174698627 ], [ -3.571460177992557, 47.995898609655015 ], [ -3.571598357060779, 47.995865936808876 ], [ -3.57166815453513, 47.995865095702612 ], [ -3.571802441700715, 47.995798231635014 ], [ -3.571813802502717, 47.995792250529085 ], [ -3.571826296296117, 47.995785752254612 ], [ -3.572229002415024, 47.995667061628964 ], [ -3.572255257091968, 47.995659760956947 ], [ -3.572581159812441, 47.995589382474044 ], [ -3.572599517807143, 47.995584802573937 ], [ -3.572839880719755, 47.995568051060978 ], [ -3.572870420426561, 47.995565157002183 ], [ -3.573031111432978, 47.995594140846549 ], [ -3.573052947837457, 47.995595661467483 ], [ -3.573081891925962, 47.995605426042651 ], [ -3.573237292652117, 47.995685606425781 ], [ -3.573249534121245, 47.995705204721489 ], [ -3.573346334163047, 47.995784562810719 ], [ -3.573364028145071, 47.995807151282335 ], [ -3.573422617462574, 47.995876467871391 ], [ -3.573445548105125, 47.995907712556559 ], [ -3.573504264020798, 47.996012674145696 ], [ -3.573518165921034, 47.996056877621115 ], [ -3.573567049209077, 47.996166681207299 ], [ -3.573563422333399, 47.99628136608623 ], [ -3.573564295696655, 47.996297404823906 ], [ -3.573564776920059, 47.996304255009228 ], [ -3.573571818224258, 47.996382432498791 ], [ -3.573573934222058, 47.996395076061155 ], [ -3.573609769110512, 47.9965259479617 ], [ -3.573612076990049, 47.996533555040628 ], [ -3.573678591201416, 47.996765042731049 ], [ -3.573680284239706, 47.996769307174745 ], [ -3.573746046126248, 47.996864690093147 ], [ -3.57374772889441, 47.996869224347797 ], [ -3.573758146748682, 47.99687825507425 ], [ -3.574096439544525, 47.996813972168383 ], [ -3.574270111969614, 47.996755549736129 ], [ -3.574333157787946, 47.996727388854495 ], [ -3.574448836581172, 47.996681387786062 ], [ -3.574849719783054, 47.996522867814086 ], [ -3.575256025560445, 47.996553288847522 ], [ -3.575273411582089, 47.99654499864387 ], [ -3.57528258023711, 47.996557604292676 ], [ -3.575698275353367, 47.996721602169444 ], [ -3.576044216573882, 47.996700040333025 ], [ -3.576044014038498, 47.996588338498412 ], [ -3.576063753033427, 47.996449946552588 ], [ -3.576041354471141, 47.996151124653061 ], [ -3.576015767008437, 47.996053132409621 ], [ -3.575886033193024, 47.995688423594814 ], [ -3.575835147082386, 47.995660396442879 ], [ -3.575793673781734, 47.995619058001189 ], [ -3.575726547662893, 47.995442463380236 ], [ -3.575623611446618, 47.995261006839684 ], [ -3.575602388109364, 47.995126379964553 ], [ -3.57546315659984, 47.99492358047501 ], [ -3.575522142987886, 47.994816761813475 ], [ -3.575574388774892, 47.994643292762035 ], [ -3.575614594380536, 47.994357163443354 ], [ -3.575595799101914, 47.994285499846107 ], [ -3.575968125046064, 47.99390174574792 ], [ -3.576033917656893, 47.993879309741189 ], [ -3.576058182398091, 47.993865757672822 ], [ -3.576066399092655, 47.993844861798898 ], [ -3.5763052022833, 47.993615297063727 ], [ -3.576539759985154, 47.993672855613902 ], [ -3.576547241323548, 47.993622512922911 ], [ -3.576547147667533, 47.993615220547198 ], [ -3.576520638424287, 47.993502449036953 ], [ -3.576762468879839, 47.993417584062065 ], [ -3.576779589785159, 47.993386966826918 ], [ -3.576925477858283, 47.993405026084936 ], [ -3.576956345951992, 47.993403217593801 ], [ -3.57704453286538, 47.993406613703193 ], [ -3.577098976346419, 47.993399609566922 ], [ -3.577194730248175, 47.993379666371943 ], [ -3.577255621426112, 47.993349480442923 ], [ -3.577346248275989, 47.993298471813517 ], [ -3.577464697093796, 47.99321841133839 ], [ -3.577530678407942, 47.993181217281311 ], [ -3.577586433364534, 47.993129956372265 ], [ -3.577687348373146, 47.993052332839326 ], [ -3.577732392682976, 47.993009496801271 ], [ -3.577848974666771, 47.992919947736851 ], [ -3.577889329937097, 47.99288331766158 ], [ -3.577974356052434, 47.992833185867241 ], [ -3.578063245289764, 47.992788802147743 ], [ -3.578100907205948, 47.992764448599097 ], [ -3.578146750354456, 47.992739629674844 ], [ -3.578281907835188, 47.992668995306339 ], [ -3.578293617619363, 47.992663560621054 ], [ -3.578327532038765, 47.992649932282632 ], [ -3.578382238116078, 47.992616471069304 ], [ -3.578434556920089, 47.992597002706567 ], [ -3.578505015692109, 47.992529836240735 ], [ -3.578575549143683, 47.992499753670344 ], [ -3.578619478535697, 47.992427642948428 ], [ -3.57867230979479, 47.992394683907477 ], [ -3.578700131157571, 47.992326569285794 ], [ -3.578824795642859, 47.992258603324174 ], [ -3.57887926872829, 47.992211726319027 ], [ -3.578902802520628, 47.992188078292244 ], [ -3.578960298114489, 47.99214954260998 ], [ -3.578978432401771, 47.992131276281135 ], [ -3.579088037529721, 47.992098289324659 ], [ -3.579107133747904, 47.992084002588221 ], [ -3.579182824885115, 47.992084175384946 ], [ -3.579213864746449, 47.992068058793777 ], [ -3.579268000835979, 47.99205933731114 ], [ -3.57938166221147, 47.99205631361361 ], [ -3.579437756452846, 47.992054651896417 ], [ -3.579513968671242, 47.992050874688331 ], [ -3.579596996855887, 47.99205326492558 ], [ -3.579701357865076, 47.992050863863845 ], [ -3.579779130177503, 47.992054858352603 ], [ -3.579933608742256, 47.992071376275362 ], [ -3.580060604984156, 47.992088511351298 ], [ -3.580128302841042, 47.992084202453242 ], [ -3.580221371868562, 47.992115325985644 ], [ -3.580449418761718, 47.992090209799123 ], [ -3.580480046974084, 47.992094695907532 ], [ -3.580514564033945, 47.992094489892381 ], [ -3.580630758390691, 47.992054073399636 ], [ -3.580708551054264, 47.991989123182861 ], [ -3.580914206382141, 47.991898931684155 ], [ -3.580995362871375, 47.991833328857865 ], [ -3.581246727960321, 47.991799949227229 ], [ -3.581350190399729, 47.991772326913477 ], [ -3.581366387967797, 47.991756181419454 ], [ -3.581367971416649, 47.991743792449824 ], [ -3.581369356865137, 47.991736619835073 ], [ -3.581287067197543, 47.991509501403641 ], [ -3.581309482454655, 47.991446857919428 ], [ -3.581406959000773, 47.991254314745746 ], [ -3.581449140031118, 47.99119881895205 ], [ -3.581662565318526, 47.991099331732222 ], [ -3.581737912416711, 47.991040092088284 ], [ -3.581841052737881, 47.990991581556841 ], [ -3.582072731137663, 47.990880399611036 ], [ -3.582196592218106, 47.99084319578936 ], [ -3.582297364915027, 47.990817948746098 ], [ -3.582456276499366, 47.990600177422095 ], [ -3.582467083553947, 47.990598954441296 ], [ -3.582487232753616, 47.990586218402306 ], [ -3.582602206725941, 47.990499602515811 ], [ -3.58277776925551, 47.990292785965742 ], [ -3.582635720523998, 47.990066088571353 ], [ -3.582606377153359, 47.990017976144827 ], [ -3.582503459725017, 47.989923742887477 ], [ -3.5821998053533, 47.989751221817009 ], [ -3.582064538679357, 47.989697920753756 ], [ -3.581984312957819, 47.989670657100298 ], [ -3.581650825558602, 47.989453252223811 ], [ -3.581631604972801, 47.989441525229445 ], [ -3.581604460907057, 47.989413707993208 ], [ -3.581335000873765, 47.989063840608011 ], [ -3.581319579542478, 47.989030228559372 ], [ -3.581311012909529, 47.9889919839976 ], [ -3.581287000197525, 47.988627518748309 ], [ -3.58141597958466, 47.988514004127026 ], [ -3.581539679997346, 47.988344039798911 ], [ -3.581604525020154, 47.98821924533398 ], [ -3.581632716779455, 47.988190110112157 ], [ -3.581657860525377, 47.988163073758379 ], [ -3.581822567162142, 47.987860905170564 ], [ -3.581818658875839, 47.987807453364894 ], [ -3.581837382543365, 47.987763816954562 ], [ -3.581988556875278, 47.987456425989699 ], [ -3.582026108564121, 47.987180593798875 ], [ -3.582024462829829, 47.987038172107155 ], [ -3.582128891641051, 47.986681688904895 ], [ -3.582165908843402, 47.986625279283736 ], [ -3.582224716957092, 47.986610619987445 ], [ -3.582692714552185, 47.986343165950551 ], [ -3.582724936529203, 47.986334902718284 ], [ -3.582758584736773, 47.986347729385486 ], [ -3.583157442277385, 47.986406414050187 ], [ -3.583226639068438, 47.986411314028622 ], [ -3.58336026267275, 47.986400136814218 ], [ -3.58344757933053, 47.986396850037636 ], [ -3.58388260153468, 47.986264996913931 ], [ -3.58395916211862, 47.986232242036621 ], [ -3.58399075233117, 47.986211274998325 ], [ -3.584129022858421, 47.986185159258078 ], [ -3.584482622664461, 47.985901000292671 ], [ -3.584608449747143, 47.985880124516669 ], [ -3.584984493068001, 47.985845639120633 ], [ -3.585474791395189, 47.985733340163307 ], [ -3.585484263785178, 47.985737940469285 ], [ -3.585669373060844, 47.98615018810532 ], [ -3.585752323095864, 47.98624257749465 ], [ -3.585626112290623, 47.986302959231281 ], [ -3.585597940776144, 47.986605891908802 ], [ -3.585711082275625, 47.98663588333249 ], [ -3.585759104247975, 47.986670868694596 ], [ -3.586168114985645, 47.986765297968795 ], [ -3.586206864739876, 47.986741413704408 ], [ -3.586283180893593, 47.986754284970289 ], [ -3.586628762300823, 47.986730703496612 ], [ -3.586847442322027, 47.986942550527196 ], [ -3.587023846788931, 47.986997030355226 ], [ -3.587092803585574, 47.986988692261072 ], [ -3.587397684491249, 47.986981753358876 ], [ -3.587418398939132, 47.986983428658405 ], [ -3.587478518889282, 47.986973293089747 ], [ -3.587486867432393, 47.986919367266779 ], [ -3.587483893189716, 47.986488182493304 ], [ -3.587480563537017, 47.986478125169981 ], [ -3.587478985510892, 47.986470803114663 ], [ -3.587476407290446, 47.986470301408694 ], [ -3.587336338307816, 47.986053829640618 ], [ -3.587327366427741, 47.986026198197862 ], [ -3.587301606095918, 47.985981399231228 ], [ -3.587253663792567, 47.985679640755009 ], [ -3.587250288152788, 47.985621789750212 ], [ -3.587240210425426, 47.985505751045444 ], [ -3.586969104920803, 47.985345956888906 ], [ -3.5869986726867, 47.985152948584449 ], [ -3.586886650209792, 47.984917049115367 ], [ -3.586868324069917, 47.984744501807739 ], [ -3.586899556389293, 47.98451732503878 ], [ -3.586817777200584, 47.984335224996286 ], [ -3.586907297808156, 47.983979609708364 ], [ -3.586908858267165, 47.983908986999083 ], [ -3.586920998585359, 47.983872508345875 ], [ -3.587102598644095, 47.983603254029042 ], [ -3.587207385240533, 47.983422554594476 ], [ -3.587213051702279, 47.983419878040515 ], [ -3.587214725249883, 47.983414871309371 ], [ -3.587770990165641, 47.98306852204788 ], [ -3.587777010276653, 47.983066302579672 ], [ -3.587778591877288, 47.983063724134617 ], [ -3.587890109341843, 47.983058038794177 ], [ -3.588218115873106, 47.98272367335349 ], [ -3.588223065191192, 47.982681110177033 ], [ -3.588679430987603, 47.982582248451699 ], [ -3.589081666263385, 47.982443148410283 ], [ -3.589282853278687, 47.982499291112433 ], [ -3.589375597958429, 47.982342470026126 ], [ -3.589772663345336, 47.982183012867623 ], [ -3.590046301455945, 47.982079316212761 ], [ -3.590117088641652, 47.981884972944322 ], [ -3.590378601862443, 47.981719199422336 ], [ -3.590583683233702, 47.981564266337671 ], [ -3.590739039372667, 47.981389976616775 ], [ -3.590857645001579, 47.981176969124235 ], [ -3.590943230631925, 47.981013073315381 ], [ -3.590998495006477, 47.980728684275405 ], [ -3.591056387644259, 47.980639838181347 ], [ -3.59121381908991, 47.980498891261071 ], [ -3.591459248229994, 47.980297061734156 ], [ -3.591608604140507, 47.980242177228256 ], [ -3.591956248572332, 47.979927095825424 ], [ -3.591975506361108, 47.979819925504628 ], [ -3.592127753531256, 47.979806320313557 ], [ -3.592412446336788, 47.979527330265725 ], [ -3.592275927310433, 47.979379872133009 ], [ -3.592304460318136, 47.979302138845043 ], [ -3.592311258301824, 47.979171228094664 ], [ -3.592260899636607, 47.979090116670754 ], [ -3.592238949065614, 47.979072126689609 ], [ -3.592224613434227, 47.979058789259838 ], [ -3.592109174279196, 47.978834528653877 ], [ -3.592102916020209, 47.978823422898522 ], [ -3.592095280247872, 47.978809499443479 ], [ -3.592000805107573, 47.978717784862994 ], [ -3.591994390155556, 47.978701005677308 ], [ -3.591955481794511, 47.978660535255067 ], [ -3.591714666438266, 47.978642216531192 ], [ -3.591601615247811, 47.978600352486275 ], [ -3.591354710120254, 47.978517377801531 ], [ -3.591217660314574, 47.978501944472683 ], [ -3.590987309374012, 47.978452151917715 ], [ -3.59089212852114, 47.978447906705568 ], [ -3.590553439176843, 47.978388654296083 ], [ -3.590486899836774, 47.978205692901376 ], [ -3.590400401112869, 47.978168049342862 ], [ -3.590334807840292, 47.97797970653366 ], [ -3.590321534021109, 47.977967740176339 ], [ -3.590333732099157, 47.977929642438305 ], [ -3.590344060985713, 47.977793762289302 ], [ -3.590459053457898, 47.977627125919255 ], [ -3.590188857837768, 47.977512720664009 ], [ -3.589797801259965, 47.977680938919995 ], [ -3.589717952953977, 47.977693110529437 ], [ -3.58940067277949, 47.977362109289693 ], [ -3.589363147154511, 47.977157587260457 ], [ -3.589559150794433, 47.976869538323449 ], [ -3.589712723875054, 47.976859923451698 ], [ -3.590004352517323, 47.976652542867683 ], [ -3.590053217941792, 47.976625799979999 ], [ -3.590072204479924, 47.976624020061664 ], [ -3.590091327154571, 47.976628453178016 ], [ -3.590614063723427, 47.976715603000407 ], [ -3.590804948983336, 47.976798448138155 ], [ -3.591123406880845, 47.976823453266974 ], [ -3.591173829200392, 47.976883145360922 ], [ -3.591260765221834, 47.976830612537803 ], [ -3.591339138304437, 47.976788708824991 ], [ -3.591362154077705, 47.976768648398469 ], [ -3.591676448478519, 47.976619049899021 ], [ -3.59182333398449, 47.976452510475333 ], [ -3.592028302965915, 47.976339245505116 ], [ -3.592091184729462, 47.976304771746918 ], [ -3.592128680473996, 47.976284370822306 ], [ -3.592222799137865, 47.976080863547075 ], [ -3.592228059468666, 47.97606926820243 ], [ -3.592285485315295, 47.976022084585871 ], [ -3.592295044395416, 47.976014535424696 ], [ -3.592472833999699, 47.97587435471528 ], [ -3.592468912128265, 47.975860325587291 ], [ -3.592380649014599, 47.975555065282833 ], [ -3.59237214038036, 47.975554445060922 ], [ -3.592343264787145, 47.975552877403125 ], [ -3.592302871656332, 47.975502656985114 ], [ -3.592370927138526, 47.975449025665164 ], [ -3.59255266572217, 47.975410538839419 ], [ -3.59281889059935, 47.975256555738923 ], [ -3.59287709852682, 47.975227928398517 ], [ -3.593031494449055, 47.974989984404409 ], [ -3.593436374857907, 47.974965858642292 ], [ -3.593550060855332, 47.974892437958296 ], [ -3.593732205681215, 47.974862777765452 ], [ -3.59400606817188, 47.974732345720945 ], [ -3.594105560531961, 47.974681141848336 ], [ -3.594440715171885, 47.974774604360782 ], [ -3.594627146883252, 47.974739448091334 ], [ -3.594761813914634, 47.974709647485788 ], [ -3.594886891765304, 47.974688205525219 ], [ -3.595083706188141, 47.974662976391897 ], [ -3.595212262568106, 47.974608301991083 ], [ -3.595451358904691, 47.974661950537104 ], [ -3.59562385428927, 47.974661885854999 ], [ -3.595780201739875, 47.974765453266521 ], [ -3.5958762686752, 47.974834605034815 ], [ -3.595978511890356, 47.97490721021493 ], [ -3.596107226061819, 47.975005815095408 ], [ -3.59633745332571, 47.975147218678693 ], [ -3.596502944918791, 47.975254297767755 ], [ -3.596621656672749, 47.975332901396342 ], [ -3.596757619118028, 47.975426249944846 ], [ -3.596926340698183, 47.975516562064925 ], [ -3.597101297258978, 47.975589087522742 ], [ -3.597207863539388, 47.975694719363482 ], [ -3.597399493490002, 47.975876122222772 ], [ -3.597425609486474, 47.975911565057693 ], [ -3.59748493625507, 47.976010763622902 ], [ -3.59751880661627, 47.97609640354694 ], [ -3.597590287426557, 47.976168393301741 ], [ -3.59783679815401, 47.976281497233828 ], [ -3.597675246832653, 47.976453782067452 ], [ -3.597666903059472, 47.976488177216858 ], [ -3.597926686630441, 47.97663304728318 ], [ -3.597933158407825, 47.976677908532089 ], [ -3.597929130167517, 47.976932630302656 ], [ -3.59795330134579, 47.977009886218404 ], [ -3.598015903396091, 47.977032016188886 ], [ -3.598050592040149, 47.977056559385403 ], [ -3.598114714501608, 47.977058018641678 ], [ -3.598185275984588, 47.977046105668613 ], [ -3.598522738883916, 47.976822606289709 ], [ -3.598885799226958, 47.977012915992532 ], [ -3.598905105526252, 47.977012490971639 ], [ -3.598927275774406, 47.977014823189243 ], [ -3.598970419610756, 47.976982291984172 ], [ -3.599100844224463, 47.97674989170936 ], [ -3.599439975106636, 47.976659359135297 ], [ -3.599624101351518, 47.97664610923507 ], [ -3.599634889243283, 47.976556590092514 ], [ -3.599670596728854, 47.976534350872768 ], [ -3.599799061790351, 47.976373644192016 ], [ -3.599950337183945, 47.976188370911728 ], [ -3.600080709329351, 47.976085394657353 ], [ -3.600315780880586, 47.975901161104424 ], [ -3.600426650112775, 47.975754503795557 ], [ -3.600357271481696, 47.975665997125397 ], [ -3.600451280742064, 47.975474451771362 ], [ -3.600443733257447, 47.975329934751599 ], [ -3.600528748474741, 47.9752492752148 ], [ -3.600540825885607, 47.975085978441982 ], [ -3.600551272349539, 47.975015353397602 ], [ -3.60066898140791, 47.974953076103731 ], [ -3.600615264595154, 47.974734195811273 ], [ -3.600565749121493, 47.974640324881499 ], [ -3.600936400304036, 47.974470762610913 ], [ -3.601006199779122, 47.974508604952945 ], [ -3.601025875868677, 47.974458864725136 ], [ -3.601088026450317, 47.974443632243137 ], [ -3.60137225615053, 47.974362530758768 ], [ -3.60145903829508, 47.974303866781547 ], [ -3.60155696030816, 47.974274495931631 ], [ -3.601760003348198, 47.973984767100291 ], [ -3.601812414130307, 47.974001651663599 ], [ -3.602279178956025, 47.974067739571787 ], [ -3.602283405051876, 47.974063863548267 ], [ -3.602284887733692, 47.974063893071886 ], [ -3.602288550498173, 47.974065136057575 ], [ -3.602759761524001, 47.974190623027845 ], [ -3.602855814024394, 47.974210985999989 ], [ -3.602974007872275, 47.974145565835563 ], [ -3.603198990852723, 47.974022058479463 ], [ -3.603228181144431, 47.974005358718593 ], [ -3.603272004689998, 47.974003980858349 ], [ -3.603294161339278, 47.973927648485542 ], [ -3.603288399040796, 47.973893422306944 ], [ -3.603238575884805, 47.97360027791791 ], [ -3.603244321233011, 47.973565830767896 ], [ -3.603319712574319, 47.973277068717685 ], [ -3.603333720584305, 47.973239905899739 ], [ -3.603378641475214, 47.973209298585729 ], [ -3.603356939935097, 47.973076020937604 ], [ -3.603281752357616, 47.972796502512452 ], [ -3.603498201413371, 47.972702526187831 ], [ -3.60369429574194, 47.972548021836523 ], [ -3.603669721423081, 47.972392456210969 ], [ -3.603816737694238, 47.972290347292471 ], [ -3.603876923010546, 47.972248343059839 ], [ -3.603955339746344, 47.972185100645405 ], [ -3.603956873039814, 47.972183781097087 ], [ -3.603956893303519, 47.972183241477481 ], [ -3.603951183978263, 47.972157476792532 ], [ -3.604000186853627, 47.97213667089995 ], [ -3.60418111842162, 47.972059897381001 ], [ -3.604289988938008, 47.972084564302989 ], [ -3.604409929854294, 47.9720514889068 ], [ -3.604708208470769, 47.971961298237701 ], [ -3.605061216599126, 47.971954638650793 ], [ -3.605403501550486, 47.971739496051555 ], [ -3.605490898811388, 47.971683991481306 ], [ -3.605768351059481, 47.971506170298419 ], [ -3.605871762670031, 47.971201763614921 ], [ -3.605884897668084, 47.971128491736252 ], [ -3.605972603949055, 47.971064712635879 ], [ -3.606300166407176, 47.971053943143026 ], [ -3.606578344388714, 47.971044531317574 ], [ -3.606640878084244, 47.971009052588279 ], [ -3.606659586799607, 47.970984943396864 ], [ -3.60667236208517, 47.970950905892337 ], [ -3.606686249307776, 47.970916890484666 ], [ -3.60658132767565, 47.970757298994506 ], [ -3.606423995039981, 47.970561114308907 ], [ -3.606435122439204, 47.970452341088382 ], [ -3.606626918784876, 47.97020432284009 ], [ -3.606681266958261, 47.97008047793917 ], [ -3.606715949830992, 47.970065596569206 ], [ -3.607234761900703, 47.969969521340197 ], [ -3.607238869340422, 47.969968792914699 ], [ -3.607240365407215, 47.969968462624252 ], [ -3.607482947156921, 47.96990910942354 ], [ -3.607693757932367, 47.969826533718035 ], [ -3.607702606383655, 47.96981806914242 ], [ -3.60798417849743, 47.969549691146575 ], [ -3.607981530667427, 47.969511477070967 ], [ -3.60797656842984, 47.969445945968182 ], [ -3.608110522679214, 47.969365353162459 ], [ -3.608439227275285, 47.96937332083067 ], [ -3.608605964975824, 47.969427483591346 ], [ -3.608825458794089, 47.969469462986048 ], [ -3.609060105636277, 47.969562414694977 ], [ -3.609418135541504, 47.969520289564834 ], [ -3.609805187521404, 47.969356874535272 ], [ -3.609808914139827, 47.969356408467412 ], [ -3.609811569250496, 47.969354841094706 ], [ -3.61030321994537, 47.969310234438069 ], [ -3.61050501023468, 47.969428812100062 ], [ -3.610809982014241, 47.969565456658394 ], [ -3.611210579744453, 47.969585102274579 ], [ -3.611560661323448, 47.969507531142781 ], [ -3.611700702061174, 47.969482226756291 ], [ -3.611922863503287, 47.969522362655788 ], [ -3.61224147442673, 47.969413474301128 ], [ -3.612346770724213, 47.969642729937924 ], [ -3.61246184454457, 47.969739514294098 ], [ -3.612558998850311, 47.969978238739522 ], [ -3.612668539017907, 47.969994900192418 ], [ -3.612724518615073, 47.969975848814684 ], [ -3.612750769192298, 47.969958278347725 ], [ -3.612985721265839, 47.969775457139541 ], [ -3.612985133251547, 47.96975150459285 ], [ -3.613008617627471, 47.969738469429068 ], [ -3.613101082509395, 47.969457871047055 ], [ -3.613175719833589, 47.969415968279343 ], [ -3.613257539599949, 47.969271243959255 ], [ -3.613383578115271, 47.969064843351013 ], [ -3.613572336516878, 47.968966609048415 ], [ -3.614038015621229, 47.968991493655182 ], [ -3.614068577002756, 47.968997499132868 ], [ -3.614079678474414, 47.968988268655345 ], [ -3.61464315748727, 47.968927064364266 ], [ -3.614651173768582, 47.968930913219914 ], [ -3.61520055343892, 47.969048533349032 ], [ -3.615310001709135, 47.969335740114502 ], [ -3.615391304386497, 47.969373530677444 ], [ -3.615473886230826, 47.969545901384222 ], [ -3.615501404664814, 47.969603598108677 ], [ -3.615501761871924, 47.969603965191581 ], [ -3.615577708331635, 47.969705731937367 ], [ -3.615591835435531, 47.969724732210082 ], [ -3.615592202720774, 47.969724829482303 ], [ -3.615592175849298, 47.969725548976733 ], [ -3.615610928986445, 47.969799452800892 ], [ -3.615663514640974, 47.970010291171469 ], [ -3.615525922327016, 47.970079300735755 ], [ -3.615673410903791, 47.970152512231692 ], [ -3.615776737791317, 47.970355444419184 ], [ -3.615787815966904, 47.97037663441828 ], [ -3.615787508164593, 47.970394808997575 ], [ -3.615786600290042, 47.970578037801829 ], [ -3.615550285449222, 47.970757777986037 ], [ -3.615507272254577, 47.970836849680907 ], [ -3.615536779830911, 47.971159105702895 ], [ -3.615927634499926, 47.971281054680986 ], [ -3.616064570852415, 47.971309145153889 ], [ -3.61639751932256, 47.971313032290247 ], [ -3.616568998707355, 47.971349815779291 ], [ -3.616986259254548, 47.971340788341543 ], [ -3.617038875449703, 47.971342278966382 ], [ -3.617426345353255, 47.971445704847888 ], [ -3.61760056317872, 47.971468770327363 ], [ -3.617867992052045, 47.971479007748599 ], [ -3.618105619331679, 47.971482715199706 ], [ -3.618471640985183, 47.971584453281544 ], [ -3.618745206098118, 47.971748445452853 ], [ -3.618952531931061, 47.971868466531788 ], [ -3.619335083212455, 47.971994559145891 ], [ -3.619540943637523, 47.972014646454376 ], [ -3.619887785153186, 47.972014117062379 ], [ -3.620052065019307, 47.972104844764338 ], [ -3.620243177190062, 47.972311666319669 ], [ -3.620746553584051, 47.972311165048517 ], [ -3.620879037723313, 47.972279669299773 ], [ -3.621248067450858, 47.972111717457949 ], [ -3.621426062856355, 47.971903992960776 ], [ -3.621445008034423, 47.971863415395013 ], [ -3.621447436330464, 47.971857973122923 ], [ -3.621449760779348, 47.971855318901646 ], [ -3.621502454929412, 47.971794976666594 ], [ -3.621543333089141, 47.971862655823301 ], [ -3.621548561345757, 47.97187166932509 ], [ -3.621548554646277, 47.971871849199353 ], [ -3.621551771010995, 47.971895043507175 ], [ -3.621554136680309, 47.971911200773931 ], [ -3.621715436554542, 47.972181603574235 ], [ -3.621964530300635, 47.972465168892832 ], [ -3.622049867638149, 47.972484493313118 ], [ -3.622604151612859, 47.972501548408495 ], [ -3.622618146407223, 47.972504254547637 ], [ -3.622817399592667, 47.972542475915127 ], [ -3.622869502424032, 47.972547823702392 ], [ -3.623408650283952, 47.972602827512461 ], [ -3.623566776353953, 47.972570034028287 ], [ -3.623574510089151, 47.972571536558227 ], [ -3.62387568514426, 47.972632016171715 ], [ -3.623919973691315, 47.972687881212906 ], [ -3.624001102341757, 47.972690740530247 ], [ -3.624223499021623, 47.972914552114034 ], [ -3.624138059576249, 47.973137246098155 ], [ -3.624140118711867, 47.973201548999171 ], [ -3.624444000098235, 47.973299071660399 ], [ -3.624528798605574, 47.973472559036558 ], [ -3.624656728747117, 47.973543572588085 ], [ -3.624917960094062, 47.973620992725557 ], [ -3.625146594356738, 47.973737101434914 ], [ -3.625299537067543, 47.973823817545622 ], [ -3.625495579028512, 47.973898691966866 ], [ -3.62578222323986, 47.973961130016221 ], [ -3.625979024939419, 47.973935754908176 ], [ -3.626104171173617, 47.974051803515813 ], [ -3.626394391918553, 47.974157781918812 ], [ -3.626832881074847, 47.974236797341469 ], [ -3.626994546022336, 47.974208658602016 ], [ -3.627529447539116, 47.974108842523272 ], [ -3.627553047075625, 47.974112637063726 ], [ -3.627768703761072, 47.974378610095599 ], [ -3.628370007017159, 47.974518514878561 ], [ -3.628449345155766, 47.974509725183601 ], [ -3.628479894239132, 47.974506185956905 ], [ -3.628907997490546, 47.974375461209171 ], [ -3.628908000828917, 47.974375371271663 ], [ -3.628910305004875, 47.97437325651083 ], [ -3.628911687557342, 47.974375983796008 ], [ -3.629281398351283, 47.974749116998957 ], [ -3.629315819157316, 47.97481117598263 ], [ -3.629346799877261, 47.974845986353486 ], [ -3.629658310763963, 47.974998276125611 ], [ -3.629869391192078, 47.974998015494052 ], [ -3.629894156678042, 47.975000392386214 ], [ -3.630104356032197, 47.974913890939504 ], [ -3.630195106462233, 47.974937455402582 ], [ -3.630403365054562, 47.974943258489496 ], [ -3.630571538118664, 47.974979684561895 ], [ -3.63060006128382, 47.975000765788529 ], [ -3.630634361911398, 47.975026100682868 ], [ -3.63113482120472, 47.974984811996784 ], [ -3.631153051226278, 47.974983370076835 ], [ -3.631167487739722, 47.974984193709943 ], [ -3.631558653118146, 47.975009248268918 ], [ -3.631622031014257, 47.974980702080025 ], [ -3.631893139953144, 47.974852102056445 ], [ -3.631911636609388, 47.974843464998045 ], [ -3.632062430405021, 47.974858396705692 ], [ -3.632073941466375, 47.9748580827331 ], [ -3.632462996749238, 47.974849971463314 ], [ -3.632467962225469, 47.974846108817559 ], [ -3.632507656016424, 47.974816017082802 ], [ -3.632823191082383, 47.974699717416065 ], [ -3.633044995080124, 47.974680310475797 ], [ -3.633491437866079, 47.97471517336939 ], [ -3.633557543765376, 47.974733121189267 ], [ -3.633951415180074, 47.974675057424228 ], [ -3.633998253880187, 47.974672376266938 ], [ -3.634026128030352, 47.974670943074756 ], [ -3.634035067607084, 47.974669948423085 ], [ -3.634480490083922, 47.974622164447709 ], [ -3.634556471350631, 47.974613844473737 ], [ -3.634568713717024, 47.974613814590874 ], [ -3.63492664118287, 47.974614804295541 ], [ -3.635007555548396, 47.97461351098088 ], [ -3.635140666560413, 47.974595060539144 ], [ -3.635088168890754, 47.97458026063984 ], [ -3.635409785124124, 47.97440971104907 ], [ -3.635423409059635, 47.974402417917723 ], [ -3.635443578704888, 47.974398673235015 ], [ -3.635548537615561, 47.974379130327939 ], [ -3.635894144792302, 47.974582742002696 ], [ -3.635839757584522, 47.974598956456951 ], [ -3.635972477722594, 47.974631169009712 ], [ -3.63630892160996, 47.974861960632118 ], [ -3.636376686103639, 47.974935381053761 ], [ -3.636541735998073, 47.975287017046092 ], [ -3.636252275057997, 47.975009445370567 ], [ -3.635906501662931, 47.974790171072478 ], [ -3.635815674599761, 47.974758599663453 ], [ -3.635485828239237, 47.974630269218295 ] ], [ [ -3.615323520370086, 47.969847676355037 ], [ -3.615381256983333, 47.96982127813564 ], [ -3.615591835435531, 47.969724732210082 ], [ -3.615323520370086, 47.969847676355037 ] ], [ [ -3.61532352708881, 47.969847496481435 ], [ -3.615322455466374, 47.969846395230761 ], [ -3.61531363278106, 47.969834340163928 ], [ -3.615313826492407, 47.969849014535768 ], [ -3.615316212725847, 47.969854641972198 ], [ -3.61532301535064, 47.969851266490906 ], [ -3.615324157519767, 47.969850479068633 ], [ -3.615323860780768, 47.969848493122591 ], [ -3.615323517010725, 47.969847766291828 ], [ -3.615320875465056, 47.96984897405278 ], [ -3.615323520370086, 47.969847676355037 ], [ -3.61532352708881, 47.969847496481435 ] ], [ [ -3.613154301515002, 47.96992928305432 ], [ -3.613154490571117, 47.969934146982204 ], [ -3.6131556405847, 47.96999267196032 ], [ -3.613200616484417, 47.9699901429466 ], [ -3.613333854194873, 47.969829336587374 ], [ -3.613159224147747, 47.969926590483787 ], [ -3.613154301515002, 47.96992928305432 ] ], [ [ -3.591130336539299, 47.976983709978136 ], [ -3.590738001053423, 47.976920864211849 ], [ -3.590751086631264, 47.977134166872666 ], [ -3.59096250260693, 47.977272595480706 ], [ -3.59109862965062, 47.977145443536479 ], [ -3.591117493325668, 47.977127280149546 ], [ -3.591137199602044, 47.977086812502826 ], [ -3.591130336539299, 47.976983709978136 ] ], [ [ -3.5907021086928, 47.97739950988344 ], [ -3.590569981008349, 47.977450237568647 ], [ -3.590512609103846, 47.977594086368207 ], [ -3.590739587763052, 47.977467943559034 ], [ -3.590742594069702, 47.977466923683593 ], [ -3.590863439413357, 47.977361337196811 ], [ -3.5907021086928, 47.97739950988344 ] ], [ [ -3.577057542978356, 47.994274353894454 ], [ -3.577061144220091, 47.99429674792129 ], [ -3.577060303424779, 47.994299341165103 ], [ -3.577079787406481, 47.994323675149431 ], [ -3.577275752009409, 47.994313040328493 ], [ -3.577187917300808, 47.994261318270482 ], [ -3.577057542978356, 47.994274353894454 ] ], [ [ -3.573309066559928, 47.99841847732862 ], [ -3.573272684702119, 47.998418823526521 ], [ -3.573241936448611, 47.998407672521573 ], [ -3.572943390992072, 47.998480405494874 ], [ -3.573182715468059, 47.998608092363114 ], [ -3.573633443116698, 47.998787925981475 ], [ -3.573309066559928, 47.99841847732862 ] ], [ [ -3.5703358907571, 47.998686897286703 ], [ -3.570195638711118, 47.998793152240843 ], [ -3.570317823628955, 47.99884917421489 ], [ -3.570356904963508, 47.99886562474893 ], [ -3.570407405497324, 47.998845403221367 ], [ -3.570419363381483, 47.998794611023946 ], [ -3.5703358907571, 47.998686897286703 ] ], [ [ -3.571840424462264, 47.999113845277819 ], [ -3.571840785002968, 47.999114122574838 ], [ -3.571841159260245, 47.999114040122571 ], [ -3.571841179835098, 47.999113500498645 ], [ -3.571840455324551, 47.999113035841916 ], [ -3.571840424462264, 47.999113845277819 ] ], [ [ -3.570988083239639, 48.000687234566293 ], [ -3.570948584719114, 48.000662225209723 ], [ -3.570888094803359, 48.000701056722662 ], [ -3.570886161705262, 48.000703087841082 ], [ -3.570881234454878, 48.000705778551875 ], [ -3.570686552367697, 48.000857288695421 ], [ -3.570673298508551, 48.00086422157095 ], [ -3.570521510389551, 48.000932261408529 ], [ -3.570405901772613, 48.000956658474351 ], [ -3.570378579961939, 48.000962677132712 ], [ -3.570144943995178, 48.000958138014006 ], [ -3.570097723787923, 48.00096042440979 ], [ -3.569989081786782, 48.0009773111925 ], [ -3.569964602920077, 48.000976906694888 ], [ -3.569895643707548, 48.00096534284183 ], [ -3.569866065762358, 48.000962405128611 ], [ -3.569794160060607, 48.000921079466977 ], [ -3.569761683948453, 48.000906562313062 ], [ -3.569653017036968, 48.000846312495426 ], [ -3.56952901552103, 48.000789172980433 ], [ -3.569499708800306, 48.000769409389235 ], [ -3.569311624969169, 48.000757688260215 ], [ -3.569258268827432, 48.000745719239973 ], [ -3.569122459622113, 48.000754855613387 ], [ -3.569083030580802, 48.000757209011248 ], [ -3.56897600250914, 48.000751265681885 ], [ -3.568918975805571, 48.000757673689868 ], [ -3.568662386589645, 48.000751677373856 ], [ -3.568443588392384, 48.000766785946517 ], [ -3.568371944356522, 48.000776948475206 ], [ -3.568180556842916, 48.000812862177632 ], [ -3.568144678098157, 48.00081942732691 ], [ -3.568004994252972, 48.000891128684259 ], [ -3.5679525786556, 48.000903119837517 ], [ -3.567887003890599, 48.000977849627596 ], [ -3.567870501430793, 48.000982376303909 ], [ -3.567785939830706, 48.001136378125338 ], [ -3.56768854871971, 48.001169601353446 ], [ -3.567611908504486, 48.001300811525851 ], [ -3.567517445200559, 48.001364246105013 ], [ -3.567447888935975, 48.001465447169174 ], [ -3.567434827231189, 48.001583902014438 ], [ -3.567389684688627, 48.001677496201509 ], [ -3.567342287757674, 48.00183008927862 ], [ -3.567363192925729, 48.001933749954759 ], [ -3.567326231533514, 48.00206576252944 ], [ -3.567263549237012, 48.002142440693206 ], [ -3.567217209027098, 48.002189657091485 ], [ -3.567182661183467, 48.002209929914244 ], [ -3.567143441939989, 48.002274751654888 ], [ -3.567026433484169, 48.002345380457704 ], [ -3.567024915721964, 48.002346249825322 ], [ -3.567017357842239, 48.002349787226819 ], [ -3.566962567482608, 48.00237532095052 ], [ -3.566904606079888, 48.002444983891564 ], [ -3.566858323400093, 48.002500391950434 ], [ -3.566813304787626, 48.002542144514123 ], [ -3.566725728515997, 48.002561254423291 ], [ -3.566683062827984, 48.0025802827872 ], [ -3.566656612178591, 48.002582897900425 ], [ -3.566638951124925, 48.002608012551974 ], [ -3.56665948418628, 48.002633989931915 ], [ -3.56668837651744, 48.002625753778879 ], [ -3.566691983381611, 48.002677040691225 ], [ -3.566735888478654, 48.002751824615665 ], [ -3.566775073431976, 48.002794740586701 ], [ -3.566804765962951, 48.002784990470801 ], [ -3.566908022114266, 48.002744055973295 ], [ -3.566919340117557, 48.002739244536464 ], [ -3.566922746516761, 48.002737513305526 ], [ -3.56692388656586, 48.002736816311987 ], [ -3.566990658269797, 48.002698833980062 ], [ -3.567001227682171, 48.002694187406334 ], [ -3.567099789636301, 48.00264982752428 ], [ -3.56698768904891, 48.002669701682677 ], [ -3.566975732473218, 48.002671800001124 ], [ -3.56691120565013, 48.002544215003354 ], [ -3.566908455388408, 48.002538488932679 ], [ -3.566916706880038, 48.00253622566548 ], [ -3.56710306400885, 48.002486441208681 ], [ -3.567114989291779, 48.002494873052136 ], [ -3.56720281690545, 48.00255659411679 ], [ -3.567256848744238, 48.002521774214628 ], [ -3.567398774516422, 48.002391524494627 ], [ -3.567438614187914, 48.002359027679638 ], [ -3.567462160022244, 48.002345012764792 ], [ -3.56749214796747, 48.002317807110437 ], [ -3.567577098196025, 48.002241129099232 ], [ -3.567633533957394, 48.002172515059911 ], [ -3.56767338156215, 48.002081513869712 ], [ -3.567714555031948, 48.001965517579762 ], [ -3.567751330783914, 48.001799478561857 ], [ -3.56778300280682, 48.001679599861816 ], [ -3.567818128498397, 48.001585892980735 ], [ -3.567877963324481, 48.001486565266127 ], [ -3.56795233962962, 48.001395182135205 ], [ -3.568010498617762, 48.001281419396655 ], [ -3.56808550682249, 48.001154046258328 ], [ -3.568213777859461, 48.001060512408451 ], [ -3.568250048576736, 48.00102425292102 ], [ -3.568303697077788, 48.000999415578995 ], [ -3.56841659058406, 48.00097811608105 ], [ -3.568521552047396, 48.000970157138411 ], [ -3.568699332138881, 48.000930997554505 ], [ -3.568955674935669, 48.000933748544512 ], [ -3.569027820386918, 48.000929896233174 ], [ -3.569128771135329, 48.000929776243339 ], [ -3.569220526391862, 48.000917769459235 ], [ -3.569293355069351, 48.00090574016621 ], [ -3.569370706009006, 48.000911353518575 ], [ -3.569434116337792, 48.000941887012885 ], [ -3.569560888758027, 48.000965330100357 ], [ -3.569669243312975, 48.001024043587456 ], [ -3.569699710562406, 48.001023129032035 ], [ -3.569706766823598, 48.001023001575014 ], [ -3.569714307200255, 48.001019913676458 ], [ -3.569804724234399, 48.001072144162677 ], [ -3.569806537247613, 48.001073260871415 ], [ -3.56983237237648, 48.001067302326263 ], [ -3.569954458163874, 48.001087140002831 ], [ -3.56995814597688, 48.001087754542255 ], [ -3.569971183746135, 48.001086487808521 ], [ -3.570117881634394, 48.001064339321488 ], [ -3.570121984903534, 48.001063792160188 ], [ -3.570129037736845, 48.001063754613128 ], [ -3.570386929755757, 48.001064823375984 ], [ -3.570410364771234, 48.001063406560498 ], [ -3.570414107491468, 48.001062582085979 ], [ -3.570566133898594, 48.001027219627424 ], [ -3.570576644383244, 48.001024101646891 ], [ -3.570580047139309, 48.001022460240655 ], [ -3.570735320518385, 48.000950620408126 ], [ -3.570741717432027, 48.000948319408415 ], [ -3.570745161350492, 48.00094559874826 ], [ -3.57097261362502, 48.000761987764029 ], [ -3.570974526138462, 48.000760496268391 ], [ -3.570974910699496, 48.000760144006819 ], [ -3.57103627265451, 48.000717909798304 ], [ -3.570988083239639, 48.000687234566293 ] ], [ [ -3.567043406842201, 48.002542208863375 ], [ -3.566978912692601, 48.002559445693471 ], [ -3.567001344143736, 48.00260373280998 ], [ -3.567104849751139, 48.002585394920217 ], [ -3.567043406842201, 48.002542208863375 ] ] ], [ [ [ -3.587575480599523, 47.991254273496871 ], [ -3.587414859819116, 47.991429445178525 ], [ -3.586903125242489, 47.991499111880763 ], [ -3.586823808769448, 47.991496711635676 ], [ -3.586795606766785, 47.99146734442175 ], [ -3.586812552657507, 47.991411790711886 ], [ -3.587177931714491, 47.991101216050595 ], [ -3.587501547670541, 47.990942992645195 ], [ -3.587699296595457, 47.99113974778404 ], [ -3.587699657162654, 47.991140025026802 ], [ -3.587584328505921, 47.991245990307675 ], [ -3.587577021586064, 47.991252774287481 ], [ -3.587575480599523, 47.991254273496871 ] ] ] ] } }
]
}
