{
"type": "FeatureCollection",
"name": "rs_hydro",
"crs": { "type": "name", "properties": { "name": "urn:ogc:def:crs:OGC:1.3:CRS84" } },
"features": [
{ "type": "Feature", "properties": { "ID": "COURDEAU0000002000804226", "CODE_HYDRO": "06C0000002000804226", "TOPONYME": "Poga", "STATUT_TOP": "Validé", "IMPORTANCE": "5", "DATE_CREAT": "2017-01-24 16:06:18", "DATE_MAJ": "2022-07-27 21:56:55", "DATE_APP": null, "DATE_CONF": null, "SOURCE": null, "ID_SOURCE": null, "STATUT": "Validé", "MAREE": null, "PERMANENT": null, "COMMENT": null }, "geometry": { "type": "MultiLineString", "coordinates": [ [ [ -2.941728742766874, 47.915730393596242 ], [ -2.941962666638001, 47.916049766303402 ], [ -2.942677236310687, 47.916671524895243 ], [ -2.943143121460933, 47.917275105272751 ], [ -2.943378337183113, 47.91754319486477 ], [ -2.943788223851664, 47.91840728543206 ], [ -2.943941872254302, 47.918953226766263 ], [ -2.944049069890608, 47.919514164193487 ], [ -2.944073847842169, 47.91994152284429 ], [ -2.944248130772991, 47.92052040955307 ], [ -2.944535955010932, 47.921102248792565 ], [ -2.944913038924527, 47.921703512825445 ], [ -2.9454691240277, 47.922308528731421 ], [ -2.94580985417089, 47.922744100357917 ], [ -2.945888718804327, 47.92297571195509 ], [ -2.945940084411624, 47.923289431107158 ], [ -2.946026045721111, 47.923502322015814 ], [ -2.946106711867422, 47.923596243226797 ], [ -2.946135101760902, 47.923672601429409 ], [ -2.94616481817798, 47.923822814003898 ], [ -2.946229264713283, 47.923919914577191 ], [ -2.946303628851918, 47.924016372599979 ], [ -2.946373981054044, 47.924093821216999 ], [ -2.946483960614583, 47.92419480559451 ], [ -2.946529805850244, 47.924268016314763 ], [ -2.946551980149545, 47.924319906352601 ], [ -2.946566045083427, 47.924385989556889 ], [ -2.946583370785604, 47.924435953116749 ], [ -2.946612378013595, 47.924499723852819 ], [ -2.946652889123451, 47.924555691307553 ], [ -2.946730647556735, 47.924633332133972 ], [ -2.946828991194051, 47.924719609935046 ], [ -2.946981466847932, 47.924861308614858 ], [ -2.947232200104658, 47.925091082752921 ], [ -2.947394071110745, 47.925293341204238 ], [ -2.947606817761883, 47.925592346675806 ], [ -2.947738582236489, 47.925753311666043 ], [ -2.947870565300637, 47.925884574140404 ], [ -2.948132060258049, 47.926096620790105 ], [ -2.948467791181925, 47.926357407090578 ], [ -2.948691955777432, 47.926574784730853 ], [ -2.948971235813509, 47.926928629313366 ], [ -2.949290152525771, 47.927331214994723 ], [ -2.949447504435548, 47.927600871342555 ], [ -2.949456237838654, 47.927649711200921 ], [ -2.949456686181401, 47.927716340889873 ], [ -2.949492965144559, 47.92811158945743 ], [ -2.94951591425291, 47.928349849606256 ], [ -2.949533088003419, 47.928579857685712 ], [ -2.94954553889877, 47.928754828293641 ], [ -2.949558860734286, 47.928836196078116 ], [ -2.949590696763674, 47.928918044393626 ], [ -2.949615476104316, 47.928967300741064 ], [ -2.94966053167119, 47.929006280394674 ], [ -2.949712066527366, 47.929039126475487 ], [ -2.949761531640887, 47.929089023465259 ], [ -2.949798126329553, 47.929149389349931 ], [ -2.949835735509835, 47.929214282775135 ], [ -2.949887593671121, 47.929366869723275 ], [ -2.949929988839563, 47.929637143175512 ], [ -2.94997062859802, 47.929968587774667 ], [ -2.950007330573806, 47.930178397112364 ], [ -2.950011262633129, 47.930249618534631 ], [ -2.950001133628571, 47.930330377774602 ], [ -2.949980291563008, 47.930402756802934 ], [ -2.949964958332719, 47.930463575596789 ], [ -2.949956371347752, 47.930538073144483 ], [ -2.94995836241606, 47.930598441270938 ], [ -2.949966525061814, 47.930658969554422 ], [ -2.949983415881664, 47.930717923845656 ], [ -2.950011723396333, 47.930770872677705 ], [ -2.950045147233591, 47.930845560167768 ], [ -2.950074469331284, 47.930903036542169 ], [ -2.950096209676366, 47.930963917154372 ], [ -2.95010234671927, 47.931040597302172 ], [ -2.950101825338725, 47.931101800494353 ], [ -2.950084246384142, 47.931183266721064 ], [ -2.950061554181817, 47.931268201250809 ], [ -2.950065046664988, 47.931348413778387 ], [ -2.950084588592061, 47.931454249668981 ], [ -2.950115679309318, 47.931551382775083 ], [ -2.950152015270162, 47.931642350257214 ], [ -2.950191303692795, 47.931723491630748 ], [ -2.950248488547623, 47.931792493907452 ], [ -2.950696635067286, 47.932080496726996 ], [ -2.951402407164333, 47.932635350985997 ], [ -2.951872133238868, 47.932987825985101 ], [ -2.952143330503413, 47.933204615664295 ], [ -2.952340463179842, 47.933394277482229 ], [ -2.95240770717723, 47.933485145315601 ], [ -2.952436501585928, 47.933528203439202 ], [ -2.952488657177397, 47.9335484608035 ], [ -2.952643226545063, 47.93359748034802 ], [ -2.95276468756404, 47.933641140166102 ], [ -2.952864369203832, 47.933675232811716 ], [ -2.952958546753734, 47.933746092796049 ], [ -2.953017762018783, 47.933798941768934 ], [ -2.95305400727637, 47.933841292607283 ], [ -2.953075615666891, 47.933879663057716 ], [ -2.953091623198246, 47.933906185124663 ], [ -2.953092203134362, 47.933944910758761 ], [ -2.953083747017566, 47.933991504398563 ], [ -2.953051086308021, 47.934027567937413 ], [ -2.952998148190816, 47.934073908823287 ], [ -2.952935993798953, 47.934106507087584 ], [ -2.95288393411364, 47.934134865758999 ], [ -2.952838841419977, 47.93417240747597 ], [ -2.952835146912393, 47.934222725529175 ], [ -2.952870250118323, 47.934288453252933 ], [ -2.952903723641515, 47.934362240944751 ], [ -2.953000239374752, 47.93443586224798 ], [ -2.953185702938686, 47.934662130172278 ], [ -2.953443036319215, 47.934935272760811 ], [ -2.953520075935921, 47.93505340119372 ], [ -2.95355544395222, 47.935113734081732 ], [ -2.953613207164239, 47.935171046336833 ], [ -2.953668453044407, 47.935203986652418 ], [ -2.95376977233866, 47.935255225554506 ], [ -2.953833878881864, 47.935283894155226 ], [ -2.953901820483644, 47.935309961349496 ], [ -2.953987351383418, 47.935330182530627 ], [ -2.954077820013851, 47.935350531581292 ], [ -2.9541772370092, 47.935364810672624 ], [ -2.95424742319915, 47.935370230119084 ], [ -2.954316682342822, 47.935369323772733 ], [ -2.954376993204877, 47.935374487283511 ], [ -2.954442066125826, 47.935383375118775 ], [ -2.954501806242169, 47.935400226983589 ], [ -2.954548719247458, 47.935426649233733 ], [ -2.954602067820456, 47.935447836697591 ], [ -2.954665511311863, 47.935464784407436 ], [ -2.954740415842857, 47.935474826993051 ], [ -2.954810997326899, 47.935472154088082 ], [ -2.954862974695199, 47.935470799730084 ], [ -2.954965782800452, 47.935466260745791 ], [ -2.955034559178738, 47.935475244148066 ], [ -2.955100691151465, 47.935487760001088 ], [ -2.955179787258985, 47.935513215040395 ], [ -2.955279912509733, 47.935538314412419 ], [ -2.955353719935778, 47.935570834323364 ], [ -2.95542973294587, 47.935608812782576 ], [ -2.955513415944471, 47.935641588336082 ], [ -2.955582022600347, 47.935679374883378 ], [ -2.955663813048173, 47.935725605007974 ], [ -2.955727657739994, 47.935759667160021 ], [ -2.955792693049894, 47.93579466035024 ], [ -2.955856137274725, 47.935811607367611 ], [ -2.955924250263216, 47.93580886980935 ], [ -2.955993109248077, 47.93579084733171 ], [ -2.956058879246933, 47.935760141380335 ], [ -2.956113144408227, 47.935737239735069 ], [ -2.95618737974918, 47.935710353874946 ], [ -2.956272286074073, 47.935692746701797 ], [ -2.956334182894029, 47.935690748200663 ], [ -2.956402345489906, 47.935712318283187 ], [ -2.956462443446872, 47.935747183239556 ], [ -2.956505791917741, 47.935796018499602 ], [ -2.956539133403307, 47.935847295427422 ], [ -2.95654078057268, 47.935914856551626 ], [ -2.956546745279626, 47.935969925997142 ], [ -2.956563776025636, 47.936026182158571 ], [ -2.956602938883961, 47.936084811740876 ], [ -2.956724739415356, 47.936223001665169 ], [ -2.956828161612891, 47.93638322190565 ], [ -2.956870232562012, 47.936432924200879 ], [ -2.956940382574106, 47.936464448084386 ], [ -2.957044971670519, 47.936524770939535 ], [ -2.957157318580698, 47.93657809250039 ], [ -2.957259877850749, 47.936629360140905 ], [ -2.957325886349961, 47.936669779050256 ], [ -2.957397628572718, 47.936719348768165 ], [ -2.957492399620692, 47.936828930662884 ], [ -2.957587396738885, 47.936959223998763 ], [ -2.957631016661417, 47.937027871256454 ], [ -2.95769584174351, 47.937092565973238 ], [ -2.957754933239256, 47.937148109822999 ], [ -2.957830868733468, 47.937213091945019 ], [ -2.957914956677273, 47.937262980753992 ], [ -2.957949302315304, 47.937268370643103 ], [ -2.958038898362928, 47.937306698660066 ], [ -2.958190355895415, 47.937369133234625 ], [ -2.95826822149401, 47.937394554118057 ], [ -2.958403536991862, 47.937433164364883 ], [ -2.958509137807511, 47.93747280626328 ], [ -2.958572679219649, 47.937513160570781 ], [ -2.958594204985292, 47.937553328248804 ], [ -2.95860876926568, 47.937609520288156 ], [ -2.958602216057821, 47.937667866812319 ], [ -2.958606479902055, 47.937783208699678 ], [ -2.958602534010949, 47.937864128848815 ], [ -2.958600078784213, 47.937914479166167 ], [ -2.958595599894259, 47.937980981584055 ], [ -2.958607958388739, 47.938031715098035 ], [ -2.958621996685762, 47.938098696510501 ], [ -2.958637043404178, 47.938144998325456 ], [ -2.958654909850933, 47.938184171099898 ], [ -2.958684989613726, 47.938226360529882 ], [ -2.958715332471695, 47.938263155274221 ], [ -2.958766442383405, 47.938304988402791 ], [ -2.958833118428443, 47.938357126845823 ], [ -2.958908699029712, 47.938404094075011 ], [ -2.958982606889505, 47.938460020458081 ], [ -2.959063658803609, 47.938521533038411 ], [ -2.959166405687915, 47.938594409597989 ], [ -2.95932052650262, 47.938703724262062 ], [ -2.959381644689048, 47.938743115168784 ], [ -2.959478650954418, 47.93878163357973 ], [ -2.959550792130024, 47.938823109924854 ], [ -2.95963898185961, 47.938865001196177 ], [ -2.959705213731112, 47.938900923153049 ], [ -2.959782556165361, 47.938937132344378 ], [ -2.959825639511727, 47.938966153962987 ], [ -2.959902105632594, 47.93902034535153 ], [ -2.96000542416045, 47.939081532658847 ], [ -2.960067829044938, 47.939145263106155 ], [ -2.96011471136643, 47.939197789248809 ], [ -2.960149913569061, 47.939261716624266 ], [ -2.960195525295052, 47.939340317053308 ], [ -2.960222707158454, 47.93941664052624 ], [ -2.960240013014243, 47.939492708684455 ], [ -2.960257976196527, 47.939555290125512 ], [ -2.960289825785154, 47.939611928813591 ], [ -2.960317263195748, 47.939657650466025 ], [ -2.960357922140577, 47.939685708947181 ], [ -2.96042331523756, 47.939713506541601 ], [ -2.960487692958592, 47.939736776612001 ], [ -2.960601889502732, 47.939752331906 ], [ -2.960709913527987, 47.93976772753642 ], [ -2.960784561854901, 47.9397831606667 ], [ -2.960878612018558, 47.939806297176261 ], [ -2.960956613529206, 47.939829018828824 ], [ -2.961047406282233, 47.939868275451751 ], [ -2.961103939257667, 47.939900344880314 ], [ -2.961153949256725, 47.939939447683358 ], [ -2.961184258787315, 47.940002348027342 ], [ -2.961207467877188, 47.940058763140541 ], [ -2.961237594296853, 47.940100052804468 ], [ -2.961294390423825, 47.940126727447065 ], [ -2.961372392533358, 47.940149448805791 ], [ -2.961449912898598, 47.940182060378774 ], [ -2.961503714556262, 47.940219460498405 ], [ -2.961555799968377, 47.940266718964345 ], [ -2.96155903807831, 47.940327119203502 ], [ -2.961553240293945, 47.940395388192307 ], [ -2.961527383394614, 47.94046944060478 ], [ -2.961488077964015, 47.940540444770001 ], [ -2.961457230862508, 47.940590061548768 ], [ -2.961446968489752, 47.940623105528942 ], [ -2.961462858472589, 47.940677530978945 ], [ -2.961488485255376, 47.940709701832773 ], [ -2.961645022222554, 47.940896496828501 ], [ -2.961720274539949, 47.941001069407847 ], [ -2.96177051314701, 47.941060883526141 ], [ -2.961852245206579, 47.941159321696034 ], [ -2.962332467642993, 47.94190813036181 ], [ -2.962808720001912, 47.941977147122941 ], [ -2.963115163591002, 47.942004866603938 ], [ -2.963266008364912, 47.942029467609103 ], [ -2.963564020292727, 47.942027259910347 ], [ -2.963601084439826, 47.94210383769493 ], [ -2.963648453844899, 47.942146472128556 ], [ -2.963769784465756, 47.942244130698342 ], [ -2.964009556235611, 47.942371854249465 ], [ -2.964038442059068, 47.942387904159617 ], [ -2.964080601891394, 47.942410598463397 ], [ -2.96417568276043, 47.9424634667918 ], [ -2.964338512397974, 47.942699033603525 ], [ -2.964370299014179, 47.942807883819732 ], [ -2.964723479813813, 47.943170796940798 ], [ -2.964789870221504, 47.943254432924675 ], [ -2.964822392164266, 47.943322790840661 ], [ -2.964819557985407, 47.943406440760086 ], [ -2.964728780154384, 47.943544536663744 ], [ -2.964624406014433, 47.943758802711315 ], [ -2.964590209792894, 47.94392806707215 ], [ -2.964616568332663, 47.94402147296281 ], [ -2.964677802355872, 47.944109477205856 ], [ -2.964795250443139, 47.944185428447312 ], [ -2.964994839652384, 47.944249995566437 ], [ -2.965191075422746, 47.944307273790514 ], [ -2.965350175756539, 47.944340187018568 ], [ -2.965475066780124, 47.94439022234225 ], [ -2.965587164514303, 47.944423722980076 ], [ -2.96576575689255, 47.944462539971717 ], [ -2.965947868357418, 47.944479841486704 ], [ -2.966148421951586, 47.944524625853603 ], [ -2.966382014847086, 47.944601770706484 ], [ -2.966520740217246, 47.94462155318476 ], [ -2.966622558131037, 47.944637682885229 ], [ -2.966639207795476, 47.944702029901912 ], [ -2.966646700825449, 47.944802150694322 ], [ -2.966691986457461, 47.944913148890009 ], [ -2.966776591293887, 47.945207011241138 ], [ -2.966883355857439, 47.945451931347385 ], [ -2.966886883161265, 47.94555735138875 ], [ -2.966917999377185, 47.945629273436566 ], [ -2.967052497417745, 47.94576147724586 ], [ -2.967199025953009, 47.94587508586504 ], [ -2.967327483085098, 47.946004432816963 ], [ -2.967409264672352, 47.94607676078806 ], [ -2.967561869795592, 47.946167119106903 ], [ -2.967649956328257, 47.946236908693479 ], [ -2.967770122302487, 47.946358839369644 ], [ -2.967810243244598, 47.946448998272544 ], [ -2.967821737574283, 47.946517713490607 ], [ -2.967846321588142, 47.946571461910366 ], [ -2.967916719452754, 47.946623690562092 ], [ -2.968011974638906, 47.946647751947438 ], [ -2.968120581716652, 47.946651451680751 ], [ -2.968213411396651, 47.946674550118225 ], [ -2.968252549685606, 47.946734075067148 ], [ -2.968268284102614, 47.946817303504432 ], [ -2.968293087155152, 47.9468665562217 ], [ -2.968379886126146, 47.946912005294898 ], [ -2.968469449267336, 47.946926016826204 ], [ -2.968540055387108, 47.946948542216575 ], [ -2.968600882794652, 47.94699422202072 ], [ -2.968664409390681, 47.947060677072763 ], [ -2.968753340084176, 47.947138589732575 ], [ -2.968839746616605, 47.947192130553354 ], [ -2.968941056862341, 47.947244254844357 ], [ -2.969037221562784, 47.947325954665104 ], [ -2.969112440581004, 47.947406214459228 ], [ -2.969187659809197, 47.947486474205867 ], [ -2.969241004332852, 47.947558968308023 ], [ -2.969334983250883, 47.947583895859061 ], [ -2.969450269354799, 47.947628277494388 ], [ -2.969577628795082, 47.947653164561189 ], [ -2.969669051275671, 47.947679826455733 ], [ -2.969738741580943, 47.947721232675192 ], [ -2.969800150314661, 47.947780430494539 ], [ -2.969782276673255, 47.947842987494283 ], [ -2.969755049544931, 47.947894500560814 ], [ -2.969749479111878, 47.947958274742767 ], [ -2.969789298540501, 47.948054726885324 ], [ -2.969846435802438, 47.948125517887995 ], [ -2.969942702445117, 47.948230625988927 ], [ -2.969993448182571, 47.948305753524892 ], [ -2.970042161364573, 47.948371826193167 ], [ -2.970114913738036, 47.948452021747308 ], [ -2.970218303749399, 47.948512300615562 ], [ -2.970356464574009, 47.948620287842111 ], [ -2.970489631321965, 47.948703839547257 ], [ -2.970649644406089, 47.948769177187906 ], [ -2.970797846830994, 47.948848614447506 ], [ -2.970959762544133, 47.948925703849525 ], [ -2.971029760890918, 47.948960815401485 ], [ -2.971085148630836, 47.948965842502027 ], [ -2.971159898993858, 47.948979470341222 ], [ -2.971279068080835, 47.949020348946256 ], [ -2.971384580562629, 47.949087883306262 ], [ -2.971448536704619, 47.949120138278964 ], [ -2.971539351290573, 47.949159386379648 ], [ -2.971588952506186, 47.949232683182899 ], [ -2.971644072761717, 47.949319625772532 ], [ -2.971678708103499, 47.949446552233162 ], [ -2.971691236750421, 47.949545001905491 ], [ -2.971734852031549, 47.949639750544513 ], [ -2.971817835423217, 47.949713006289997 ], [ -2.971919296443701, 47.949787637823214 ], [ -2.972017751792944, 47.949847787908588 ], [ -2.972103672599214, 47.949886009310326 ], [ -2.972248861067552, 47.949925755984808 ], [ -2.972377256265455, 47.949980374524046 ], [ -2.972503007680228, 47.950038525869417 ], [ -2.972856061548374, 47.950227660557452 ], [ -2.973082391791012, 47.95035321705069 ], [ -2.973546782090144, 47.950515505648958 ], [ -2.974061214110751, 47.950818617860222 ], [ -2.974443825044513, 47.951010307903687 ], [ -2.97477503165373, 47.951063836990009 ], [ -2.975183231622928, 47.951033820832507 ], [ -2.976140277108129, 47.950775742979786 ], [ -2.97630466001656, 47.950751159543785 ], [ -2.976435326774081, 47.950759018636269 ], [ -2.976837859878238, 47.950845882949572 ], [ -2.977002156781641, 47.950899617820625 ], [ -2.977101810553463, 47.95096069419035 ], [ -2.97714348905007, 47.95104458775986 ], [ -2.977201306792724, 47.951127095437499 ], [ -2.977389125874705, 47.951282261766906 ], [ -2.977585748444032, 47.951408845952734 ], [ -2.977672648727689, 47.951452489477511 ], [ -2.977722549377233, 47.951494282352513 ], [ -2.977766829386823, 47.951575541757016 ], [ -2.977817877885022, 47.951619164565592 ], [ -2.977910837240572, 47.951690871206964 ], [ -2.977993483055475, 47.951771315371907 ], [ -2.978140745298382, 47.951870523621849 ], [ -2.978202471946412, 47.951923422951189 ], [ -2.978227096055384, 47.951951062750716 ], [ -2.978283302121232, 47.951990316540531 ], [ -2.97834722181614, 47.952023466641869 ], [ -2.978416531736692, 47.952072959584015 ], [ -2.9784891822228, 47.952104533294907 ], [ -2.978575866534383, 47.952152671768431 ], [ -2.978649577838443, 47.952187873599989 ], [ -2.978707323996808, 47.952220864969888 ], [ -2.97878601818448, 47.952255294396402 ], [ -2.978829528674183, 47.952301423921746 ], [ -2.978878821379711, 47.952355804115676 ], [ -2.97897980153814, 47.952415112265051 ], [ -2.979140618196526, 47.952464253201398 ], [ -2.979285584452888, 47.952483278825149 ], [ -2.979429300011068, 47.952477065203567 ], [ -2.979560319331533, 47.952477727494575 ], [ -2.979730765192834, 47.952481202054152 ], [ -2.979892045217951, 47.952495244082783 ], [ -2.980037767889629, 47.952524190832158 ], [ -2.980185829759917, 47.952555898154039 ], [ -2.980268012119604, 47.952594917230556 ], [ -2.980589159795148, 47.952754399354461 ], [ -2.980671044251719, 47.952876233268469 ], [ -2.980741902771062, 47.952995983740394 ], [ -2.980846151406487, 47.953192211638218 ], [ -2.980926858612947, 47.953466157082332 ], [ -2.981081672951526, 47.953767210549678 ], [ -2.981106888196702, 47.95388488966605 ], [ -2.981137183403376, 47.95394868419757 ], [ -2.981177775608258, 47.953978533425001 ], [ -2.981269561533979, 47.953997992601259 ], [ -2.981400540842357, 47.953999551802056 ], [ -2.981568886563907, 47.954020974452753 ], [ -2.981703804897792, 47.954043340022686 ], [ -2.981826766420795, 47.954057296545415 ], [ -2.981924144396555, 47.954063394852461 ], [ -2.982002156440794, 47.954060894213114 ], [ -2.982050636565569, 47.954081042654984 ], [ -2.982084011435074, 47.954132312403388 ], [ -2.982144187703657, 47.954166264453619 ], [ -2.982240609203984, 47.954192143400888 ], [ -2.982331900231713, 47.954196284756819 ], [ -2.982408520967629, 47.954222556080779 ], [ -2.982540509485938, 47.9542799551404 ], [ -2.982639548878104, 47.954328407045281 ], [ -2.982762850496617, 47.95438648335606 ], [ -2.982821201390387, 47.954458198636253 ], [ -2.982908554100269, 47.954569368038477 ], [ -2.982982567109323, 47.954649586973737 ], [ -2.98306631111276, 47.954707549104562 ], [ -2.983146767832212, 47.9547312174792 ], [ -2.983281445308823, 47.954784183296759 ], [ -2.983430271492036, 47.954825808364106 ], [ -2.983537243288901, 47.954863659763753 ], [ -2.983617700420672, 47.954887327791653 ], [ -2.983652033376408, 47.954918816139738 ], [ -2.983705515554585, 47.954963398711605 ], [ -2.98382258394643, 47.954997007340658 ], [ -2.983935756093534, 47.955008910045755 ], [ -2.984116584655021, 47.955027947799998 ], [ -2.984248801243704, 47.955029535204361 ], [ -2.984358765117433, 47.955056659469449 ], [ -2.984436405522016, 47.955087456688624 ], [ -2.984530167846114, 47.955091659474483 ], [ -2.984620808723724, 47.955109285923122 ], [ -2.984684717240926, 47.95511722496024 ], [ -2.984808047710453, 47.955149192440381 ], [ -2.985101286251458, 47.955221522061365 ], [ -2.985278454721115, 47.95523956385226 ], [ -2.985360191396267, 47.955262363088274 ], [ -2.985443789746682, 47.955297813407228 ], [ -2.985545110649993, 47.955324715082128 ], [ -2.985696843930195, 47.955357408957362 ], [ -2.98595867298763, 47.955414527865322 ], [ -2.986156617923381, 47.955437601465356 ], [ -2.986354538626579, 47.955486781249 ], [ -2.986442233314778, 47.955514233436062 ], [ -2.986512813600747, 47.955537646398007 ], [ -2.986618032857324, 47.955586252789622 ], [ -2.986717319248452, 47.955604098790495 ], [ -2.986825833437084, 47.95563568463065 ], [ -2.986879038993739, 47.955660453062301 ], [ -2.986969507835094, 47.955681674098187 ], [ -2.987088161761956, 47.955708117742837 ], [ -2.987190762441172, 47.955734150360989 ], [ -2.987277980412463, 47.955771492372634 ], [ -2.987372868191118, 47.955803629132056 ], [ -2.987505279809223, 47.955826823437967 ], [ -2.987575233690371, 47.955837616203908 ], [ -2.987643301678717, 47.955861864365339 ], [ -2.987706734029142, 47.955879692124114 ], [ -2.987781043655187, 47.955877092519174 ], [ -2.987820409844972, 47.955855593731897 ], [ -2.987840779500324, 47.955792197462245 ], [ -2.987845249664359, 47.955699586433397 ], [ -2.987851885760588, 47.955613332563438 ], [ -2.987838069531922, 47.955540959274344 ], [ -2.987835039636058, 47.955501270887133 ], [ -2.987862707850498, 47.955465969047154 ], [ -2.987916134654768, 47.955434927333471 ], [ -2.987976493232561, 47.955413965682482 ], [ -2.988031478335071, 47.955401868966923 ], [ -2.988089844453778, 47.95537095356093 ], [ -2.988136035432317, 47.955336125612739 ], [ -2.988174840730705, 47.955275001526466 ], [ -2.988188558142691, 47.955221337731999 ], [ -2.988221078668262, 47.955187960464336 ], [ -2.988292507241553, 47.955168182138998 ], [ -2.988362050037805, 47.955161859213121 ], [ -2.988432460618506, 47.955137553521666 ], [ -2.988490415784286, 47.955089522728237 ], [ -2.988536823235468, 47.955050198936362 ], [ -2.988634140186899, 47.955031982957593 ], [ -2.988717005919538, 47.955031402122472 ], [ -2.988801690607461, 47.955044371444345 ], [ -2.988922987311338, 47.955067279703108 ], [ -2.989019369992797, 47.955094051776101 ], [ -2.989142182276134, 47.955136803961942 ], [ -2.989208668210418, 47.955168212633971 ], [ -2.989272120591278, 47.955211246871819 ], [ -2.989288107381003, 47.955238663137692 ], [ -2.989290834629483, 47.955284645432144 ], [ -2.989324954048669, 47.955320627675711 ], [ -2.989393499288981, 47.955334984227676 ], [ -2.989490403121478, 47.955350966248353 ], [ -2.98954395654468, 47.95536854027452 ], [ -2.989619997844258, 47.955381287894852 ], [ -2.989699029357195, 47.955383308979464 ], [ -2.989778690879784, 47.955346635548992 ], [ -2.989801527926199, 47.955283302090514 ], [ -2.989809806765448, 47.955214194878423 ], [ -2.989844535864579, 47.95518627509928 ], [ -2.989857384343232, 47.955150593829401 ], [ -2.989825864519696, 47.955111977503137 ], [ -2.98979588317955, 47.955067098790856 ], [ -2.989790665280424, 47.954995845960447 ], [ -2.989796711758629, 47.954947387324232 ], [ -2.989827151792762, 47.954905854197804 ], [ -2.98988538634122, 47.954877635245836 ], [ -2.989942406580514, 47.954874592084309 ], [ -2.989994660848726, 47.954867826044428 ], [ -2.990065266542268, 47.954813816218952 ], [ -2.990114055676148, 47.954776353182496 ], [ -2.990153442906063, 47.954728747033869 ], [ -2.9902001731796, 47.954708335979639 ], [ -2.990258299880227, 47.954656707710562 ], [ -2.990314324422564, 47.954623030569429 ], [ -2.99037188726463, 47.954583091016282 ], [ -2.990413700489362, 47.954536447058807 ], [ -2.990474274001204, 47.954510988349071 ], [ -2.990543664825568, 47.954482154045991 ], [ -2.990590070382181, 47.954442829392725 ], [ -2.990676315382958, 47.954423428332859 ], [ -2.99073470003754, 47.954417718914144 ], [ -2.990780649503462, 47.95441349207119 ], [ -2.990866807693235, 47.954395889133245 ], [ -2.990953637127132, 47.954390006467072 ], [ -2.991035504890913, 47.954410104001802 ], [ -2.991161415972222, 47.954414222568502 ], [ -2.991250671753003, 47.954409301925715 ], [ -2.991345473721869, 47.954391919536334 ], [ -2.991453837680868, 47.954349676826091 ], [ -2.99152933740679, 47.954296691440177 ], [ -2.991694179148251, 47.954236986723075 ], [ -2.991842512796043, 47.954160655533336 ], [ -2.991912184387546, 47.954100319021272 ], [ -2.991950746682437, 47.954018481940246 ], [ -2.992030578209087, 47.953978210344978 ], [ -2.992134846391433, 47.953943964539896 ], [ -2.992226939396686, 47.953905806587258 ], [ -2.992314071290899, 47.953842314982268 ], [ -2.992380470770364, 47.953772892168509 ], [ -2.992421588497279, 47.953689319762844 ], [ -2.992576180376758, 47.953560033182207 ], [ -2.992614026642482, 47.953518688592077 ], [ -2.992657072102199, 47.953472075351236 ], [ -2.992753258376829, 47.953425919370765 ], [ -2.992806594004476, 47.953396673566864 ], [ -2.992887051958281, 47.953317706940815 ], [ -2.992947687805796, 47.95326524123076 ], [ -2.99305526877191, 47.953239181413664 ], [ -2.993150220219983, 47.95324430741838 ], [ -2.993249547907352, 47.953261248271858 ], [ -2.993330635250868, 47.953297528519364 ], [ -2.993406263664935, 47.953344472202765 ], [ -2.993452342981705, 47.953388860696052 ], [ -2.993509059416117, 47.953443423498499 ], [ -2.993567487180008, 47.95348812730105 ], [ -2.993616209626834, 47.953528982250901 ], [ -2.993704100273932, 47.953578039351434 ], [ -2.993758563997483, 47.953628043278258 ], [ -2.993808608141097, 47.953667131404067 ], [ -2.99395739575031, 47.953709641127745 ], [ -2.994084909164753, 47.953731802105587 ], [ -2.994186208886578, 47.953733488300379 ], [ -2.994272278419484, 47.953717680940343 ], [ -2.994445151495077, 47.953619466792311 ], [ -2.994556719325078, 47.953613312602535 ], [ -2.994692637444353, 47.953614981843067 ], [ -2.994777537841776, 47.953623450797338 ], [ -2.994847576983979, 47.95363244057986 ], [ -2.994938088862029, 47.953652755799347 ], [ -2.994988350260837, 47.953687347692913 ], [ -2.995020954917508, 47.953703484035081 ], [ -2.99507424878628, 47.953726450135868 ], [ -2.995138786067716, 47.953747002451095 ], [ -2.995195351699468, 47.953779054422462 ], [ -2.995243426312515, 47.953833395718235 ], [ -2.995298803153897, 47.953915830878984 ], [ -2.995336912695439, 47.953971718292657 ], [ -2.995359728125152, 47.954037118041214 ], [ -2.9953630025223, 47.954097517867538 ], [ -2.99536257239366, 47.954157823153047 ], [ -2.995385387926408, 47.954223222904979 ], [ -2.995423584315854, 47.954277312024089 ], [ -2.995469362982483, 47.954327993658374 ], [ -2.995486241097618, 47.954362633613044 ], [ -2.99550468007682, 47.954416218497983 ], [ -2.995532738227912, 47.954475450313382 ], [ -2.995560903203655, 47.954506777318592 ], [ -2.995611015703951, 47.954570172889603 ], [ -2.995688055612615, 47.954613549982142 ], [ -2.995743387548202, 47.954645570176901 ], [ -2.995806994165181, 47.954659796627354 ], [ -2.995879893900124, 47.954660756520553 ], [ -2.995950973007315, 47.954648166268129 ], [ -2.996025626835362, 47.954638367906398 ], [ -2.996099718132058, 47.954640258297488 ], [ -2.996184533713956, 47.954650524434051 ], [ -2.996263674362607, 47.954675949848351 ], [ -2.996349032629268, 47.954700633582895 ], [ -2.996433718551176, 47.954713596941822 ], [ -2.996505493516286, 47.954737934027804 ], [ -2.996584461378363, 47.95476695576572 ], [ -2.996671573906781, 47.954780881079714 ], [ -2.996740596195435, 47.954785342451977 ], [ -2.99685769146479, 47.954792830470645 ], [ -2.996918699031327, 47.954809690693182 ], [ -2.996998036944374, 47.954856726413126 ], [ -2.9970543256419, 47.954920278812374 ], [ -2.997083014934238, 47.954992129694901 ], [ -2.997099658432569, 47.955057371650838 ], [ -2.99711478382889, 47.955102769549292 ], [ -2.997145054184865, 47.955167458803153 ], [ -2.99718832208863, 47.955218975895491 ], [ -2.997269371426703, 47.955256152388692 ], [ -2.997325353626601, 47.955274684696143 ], [ -2.997416085213447, 47.955290502172979 ], [ -2.997502766254009, 47.955313418221984 ], [ -2.997593305675183, 47.95535893865457 ], [ -2.997667143214027, 47.95541753676553 ], [ -2.997707182849767, 47.955459068655927 ], [ -2.997742177335946, 47.955528379410886 ], [ -2.99777760434824, 47.955588698757296 ], [ -2.997805189731539, 47.955657820576064 ], [ -2.997826989976303, 47.95571869269758 ], [ -2.997832390874334, 47.955786348617252 ], [ -2.997844355385036, 47.955846069709068 ], [ -2.997872503130151, 47.955903502699599 ], [ -2.997893174292453, 47.955936438496131 ], [ -2.997940018374306, 47.955990747195337 ], [ -2.997990456587782, 47.956021741194178 ], [ -2.998047371969671, 47.956046598606889 ], [ -2.998117846966951, 47.956046594888221 ], [ -2.998192329289418, 47.956040391587031 ], [ -2.99827779586083, 47.956037168988836 ], [ -2.998385663313719, 47.956030916405027 ], [ -2.99846606061469, 47.956030265159804 ], [ -2.998545179795179, 47.956030481517359 ], [ -2.998669860076141, 47.9560345598928 ], [ -2.998750559983994, 47.956027614451664 ], [ -2.998946320419385, 47.956019100362866 ], [ -2.999041604150519, 47.9560431346504 ], [ -2.999114530319345, 47.956069299787316 ], [ -2.999180028659033, 47.956121382608679 ], [ -2.999242365790911, 47.956187788708377 ], [ -2.999294823935591, 47.956253943017856 ], [ -2.999340805194894, 47.956326233947379 ], [ -2.999392158343309, 47.956389659323506 ], [ -2.99944585174035, 47.956455845038214 ], [ -2.999504787375093, 47.956515862609571 ], [ -2.999564958031338, 47.956575911618174 ], [ -2.99961652773104, 47.956634841192205 ], [ -2.999660688130209, 47.956693581950887 ], [ -2.999695574411736, 47.956739482990685 ], [ -2.999741859063834, 47.956805479784123 ], [ -2.99980809343774, 47.956842276845393 ], [ -3.000010865661635, 47.956919462467859 ], [ -3.000103681516666, 47.956943432914599 ], [ -3.000252698291319, 47.956981438391807 ], [ -3.000408303835724, 47.957036716107012 ], [ -3.000578944607959, 47.957087875353146 ], [ -3.000694334959871, 47.957105218350229 ], [ -3.000846902300381, 47.957120807367211 ], [ -3.001000204037488, 47.957121110749689 ], [ -3.001129671413533, 47.957102802092706 ], [ -3.001265270067932, 47.957085549660654 ], [ -3.001434798301263, 47.957082664673209 ], [ -3.001665899301152, 47.957084948147077 ], [ -3.001791903365858, 47.957087256093835 ], [ -3.001909893446646, 47.957101963252249 ], [ -3.002032063288655, 47.95710687402805 ], [ -3.0021487926028, 47.95709634205253 ], [ -3.002257810182291, 47.957091915335333 ], [ -3.002337259095245, 47.957111042362087 ], [ -3.002428435670832, 47.95716917825272 ], [ -3.00250696109017, 47.957233293739009 ], [ -3.002578707721492, 47.957309840013046 ], [ -3.002623019494442, 47.95746851021535 ], [ -3.002668902587525, 47.957568704670443 ], [ -3.002726962403864, 47.957672809994641 ], [ -3.002776843495108, 47.957715490669329 ], [ -3.002884653555271, 47.957736239336533 ], [ -3.002986747032501, 47.957773046770022 ], [ -3.003065161214078, 47.957813752718835 ], [ -3.003177091205594, 47.957851710533248 ], [ -3.003299332370077, 47.957880928189567 ], [ -3.003381684160462, 47.957891125872742 ], [ -3.003559620223687, 47.95799648047695 ], [ -3.003630565821106, 47.95806400323621 ], [ -3.003724361047937, 47.958093396888529 ], [ -3.003819822820455, 47.958113830437476 ], [ -3.003952817682151, 47.95817662987821 ], [ -3.004033487228974, 47.958221893693398 ], [ -3.004223548580972, 47.958280743054694 ], [ -3.004333857014799, 47.958326760573989 ], [ -3.004495445272925, 47.958360578660276 ], [ -3.004609129886987, 47.958387776687459 ], [ -3.004785796590173, 47.958416576385268 ], [ -3.005079696660841, 47.958450157522051 ], [ -3.005133861573233, 47.958455135860724 ], [ -3.005240783965577, 47.958468657634491 ], [ -3.005501098050035, 47.958480678033467 ], [ -3.006009835937775, 47.958520619032271 ], [ -3.006140724575233, 47.958550053252999 ], [ -3.006198492896306, 47.958583030132914 ], [ -3.006219111304983, 47.958642970158934 ], [ -3.006203053976424, 47.958719982755653 ], [ -3.006165026201334, 47.958791035435198 ], [ -3.006112480732449, 47.958855417381315 ], [ -3.006086845397692, 47.958925884815891 ], [ -3.006099650614349, 47.959019835449276 ], [ -3.006140185425697, 47.959102787818239 ], [ -3.006205533483482, 47.959209777183418 ], [ -3.006383729134068, 47.9595419945449 ], [ -3.006433211280227, 47.959618872536176 ], [ -3.006568449121247, 47.959789754713192 ], [ -3.006633139383717, 47.959858916952975 ], [ -3.006696394443724, 47.959906436872231 ], [ -3.00678131877141, 47.959966210585307 ], [ -3.006873954871732, 47.960019878509968 ], [ -3.006980693142317, 47.96006310180433 ], [ -3.007107406736274, 47.960102331357298 ], [ -3.007502210736479, 47.960197885602369 ], [ -3.007770229980728, 47.960229901436946 ], [ -3.008126493383459, 47.960252454950584 ], [ -3.008257990220471, 47.960269298591577 ], [ -3.008355797936595, 47.960292488357233 ], [ -3.008536924110724, 47.960357404711608 ], [ -3.008618361451712, 47.960412587174339 ], [ -3.008686587534232, 47.960485438901486 ], [ -3.00874433080815, 47.960570627759303 ], [ -3.008813749153381, 47.960644409924697 ], [ -3.008907537088059, 47.960699905795572 ], [ -3.00900806011208, 47.960743869461524 ], [ -3.009218713119933, 47.960786128111295 ], [ -3.009352221699313, 47.960786817124955 ], [ -3.009455544470594, 47.960772335755316 ], [ -3.009547292403962, 47.960741356091184 ], [ -3.009651188669012, 47.960689078963547 ], [ -3.009720935602187, 47.960626932431211 ], [ -3.009870148489456, 47.960402959206675 ], [ -3.00993640517171, 47.96033622276051 ], [ -3.010090273036598, 47.960247403600484 ], [ -3.010164514766335, 47.960220480307591 ], [ -3.010213483537254, 47.960230725619276 ], [ -3.010274242477132, 47.96025297328255 ], [ -3.010341378138212, 47.960296988531368 ], [ -3.01039751471058, 47.960364130845903 ], [ -3.010465457804856, 47.960494589626414 ], [ -3.010517174124237, 47.960628237524674 ], [ -3.010550107478673, 47.96076681017847 ], [ -3.010554921148248, 47.960847053789678 ], [ -3.010575028334881, 47.960917782868492 ], [ -3.010645310388368, 47.96097358090686 ], [ -3.010849389776873, 47.961049878685003 ], [ -3.010957338129483, 47.961067921930464 ], [ -3.011063548235229, 47.961070616865499 ], [ -3.011213284667964, 47.961068114357516 ], [ -3.011340029460215, 47.961055125684815 ], [ -3.011739864247538, 47.960994149974411 ], [ -3.012029211224773, 47.960968180529036 ], [ -3.013083870631906, 47.960969719320595 ], [ -3.013735047964385, 47.961005132688982 ], [ -3.01405248634591, 47.961012278569314 ], [ -3.014963241669614, 47.961023655230555 ], [ -3.015509703301992, 47.961051003219374 ], [ -3.015700183532494, 47.961075633575931 ], [ -3.015815199752373, 47.961101052890776 ], [ -3.016027383898995, 47.961163142208967 ], [ -3.01613153227566, 47.961208991426837 ], [ -3.016252122558698, 47.961247154785745 ], [ -3.016386426970835, 47.96128296458668 ], [ -3.016509025787117, 47.961304974216034 ], [ -3.016628692833416, 47.961310705166788 ], [ -3.016774724620352, 47.961308101162707 ], [ -3.016888946793833, 47.961298389899554 ], [ -3.016997681048244, 47.961274135752582 ], [ -3.017077676886867, 47.961230248904485 ], [ -3.017115854146681, 47.961181702325582 ], [ -3.017102042686042, 47.96110843332783 ], [ -3.017055702146546, 47.961017236237637 ], [ -3.016928892940421, 47.960876289127157 ], [ -3.016879524524953, 47.960796718402463 ], [ -3.016843741211404, 47.960717491630938 ], [ -3.016843558106886, 47.960643667443215 ], [ -3.016871532697549, 47.960549850726288 ], [ -3.016929780702884, 47.960469403850375 ], [ -3.017051860371202, 47.960295147827644 ], [ -3.017197017505028, 47.960129578102112 ], [ -3.017327697565206, 47.959956439823706 ], [ -3.017380284725349, 47.959865046610254 ], [ -3.017463153382921, 47.959657389066763 ], [ -3.017523524113424, 47.959480670300074 ], [ -3.017566735808143, 47.959404343747934 ], [ -3.017676913584229, 47.959272097125087 ], [ -3.017754822598079, 47.959220054966849 ], [ -3.017864358193808, 47.959204822750372 ], [ -3.017974527662136, 47.959202209786618 ], [ -3.018087962740026, 47.959234788603446 ], [ -3.018393336402096, 47.959364949114772 ], [ -3.018550458338945, 47.959414837240601 ], [ -3.018637368623226, 47.959433240709949 ], [ -3.018721132004861, 47.959439861402551 ], [ -3.018797581079431, 47.959418389618243 ], [ -3.01886654407433, 47.959372421977413 ], [ -3.018912085481645, 47.959324961463572 ], [ -3.018952181546637, 47.959262059137714 ], [ -3.01897209850496, 47.95918154175834 ], [ -3.01898147778949, 47.959036840975223 ], [ -3.018983070615289, 47.958873938474738 ], [ -3.018955286566047, 47.958808418487365 ], [ -3.018990099082622, 47.958752584391299 ], [ -3.019034576598363, 47.958701495999641 ], [ -3.019146452039068, 47.958689022435564 ], [ -3.019254622568277, 47.958676455028709 ], [ -3.019341670102942, 47.958666053861997 ], [ -3.019463572477668, 47.958598919232969 ], [ -3.019626623390281, 47.958498616378527 ], [ -3.019818788485956, 47.958435959369375 ], [ -3.019975636203192, 47.95841381963448 ], [ -3.020166461817324, 47.958405142289088 ], [ -3.020350597910408, 47.958407098268331 ], [ -3.020537752618559, 47.958423534033777 ], [ -3.020733243091421, 47.958472588719836 ], [ -3.020893760573004, 47.958554967760911 ], [ -3.02102441654436, 47.958667199602687 ], [ -3.021135142180009, 47.958782528365845 ], [ -3.021219976977003, 47.958896302253983 ], [ -3.021516334482514, 47.959137855082894 ], [ -3.021699496397428, 47.959264016593679 ], [ -3.021857590403414, 47.959345432673786 ], [ -3.02218702966891, 47.959489694051079 ], [ -3.022359909868862, 47.959546276446503 ], [ -3.022542506737752, 47.959580598192417 ], [ -3.022709820562731, 47.95959832924494 ], [ -3.02315572500304, 47.959633901006121 ], [ -3.023326494622935, 47.959631012990435 ], [ -3.023523291948075, 47.959600874847887 ], [ -3.023865616761076, 47.959526699382266 ], [ -3.024160533287799, 47.959487335065674 ], [ -3.02434877052992, 47.959455178815205 ], [ -3.024649825400917, 47.95939076162162 ], [ -3.024783038092225, 47.95937161908806 ], [ -3.024946347327035, 47.959395547221504 ], [ -3.025081288321509, 47.959443965532039 ], [ -3.025199960776273, 47.959496474172042 ], [ -3.025235982407745, 47.959518989095088 ], [ -3.025278007680122, 47.959545256490678 ], [ -3.025372659349759, 47.959608861634329 ], [ -3.025516539139608, 47.959677310173994 ], [ -3.025631813771105, 47.959697324130296 ], [ -3.02577818352574, 47.959687514776306 ], [ -3.025912209865963, 47.959651286929173 ], [ -3.0261529150018, 47.959607848379882 ], [ -3.026334426467823, 47.959561115233527 ], [ -3.026394909972131, 47.959511328051519 ], [ -3.026434569990934, 47.959457414490487 ], [ -3.026454005753806, 47.959386786418953 ], [ -3.026456151861412, 47.959315722101472 ], [ -3.026469284303085, 47.95924763569306 ], [ -3.02641781373752, 47.959004174144127 ], [ -3.026433691451123, 47.958852435311883 ], [ -3.026476958335176, 47.958670779645551 ], [ -3.02651186137247, 47.95856093161634 ], [ -3.026544771272583, 47.958415023973068 ], [ -3.026648158720906, 47.958269094075959 ], [ -3.026778965186566, 47.958144561230341 ], [ -3.026870662792881, 47.958088359524517 ], [ -3.026967893100978, 47.958045800815533 ], [ -3.027069506799166, 47.958015055627172 ], [ -3.027182699676591, 47.95800080662648 ], [ -3.027296522660325, 47.958025283403487 ], [ -3.027519579964081, 47.958222659229058 ], [ -3.02771337930903, 47.958437301341071 ], [ -3.027776051346089, 47.95849739706901 ], [ -3.027851794722241, 47.958568625202091 ], [ -3.027944191588567, 47.958627669997568 ], [ -3.028071007313723, 47.958638970097539 ], [ -3.028182795129585, 47.958628285520668 ], [ -3.028287552728548, 47.958635428213348 ], [ -3.028499142517984, 47.95871008117949 ], [ -3.028633833505642, 47.958737783359702 ], [ -3.028766348899889, 47.958785235636313 ], [ -3.028986204814258, 47.958842091375786 ], [ -3.029191488240364, 47.958945391422787 ], [ -3.029331333743621, 47.958968721485235 ], [ -3.029594509791902, 47.958972653919879 ], [ -3.029866411497288, 47.959001111874613 ], [ -3.030196784357347, 47.959022040155325 ], [ -3.030308016929309, 47.959023042401817 ], [ -3.030394934778283, 47.959015329826435 ], [ -3.030502765927343, 47.958983837822814 ], [ -3.030604379392991, 47.958953089301694 ], [ -3.030811866383861, 47.958879996289816 ], [ -3.030858418857201, 47.958837057664169 ], [ -3.030907701719284, 47.95876267969529 ], [ -3.030935310620561, 47.958676052721074 ], [ -3.030978166216052, 47.958580807502884 ], [ -3.031101092445734, 47.958413760255482 ], [ -3.031171966976589, 47.958327322845754 ], [ -3.031477979322466, 47.958054158369769 ], [ -3.031558557673161, 47.957997672773587 ], [ -3.031653698911666, 47.957946955266721 ], [ -3.031763484684144, 47.957926314096568 ], [ -3.03188165499575, 47.957937392034118 ], [ -3.031981980871775, 47.957959723495414 ], [ -3.032088225301329, 47.957987605277573 ], [ -3.032191188491853, 47.958032508716336 ], [ -3.032368494493006, 47.958152202543317 ], [ -3.032452037149074, 47.958215521605204 ], [ -3.032551762484949, 47.958276547324346 ], [ -3.032703989922943, 47.95837760459461 ], [ -3.032804274188098, 47.958400834458025 ], [ -3.032908693624497, 47.958389059326407 ], [ -3.033077593215084, 47.95832129239497 ], [ -3.033162640560102, 47.958274820650175 ], [ -3.033242153378794, 47.958214706086778 ], [ -3.03332098605325, 47.958142871359769 ], [ -3.033450503147979, 47.957993091954407 ], [ -3.033579820877763, 47.957717275219153 ], [ -3.033599289959991, 47.957645746800452 ], [ -3.033626777920657, 47.957457390322062 ], [ -3.033630158799751, 47.957308037283212 ], [ -3.033664074336104, 47.957140547885096 ], [ -3.033685714187506, 47.957075375724159 ], [ -3.033728177006126, 47.957014328505366 ], [ -3.033791163960974, 47.956963700290302 ], [ -3.033894985865047, 47.956938405816068 ], [ -3.034038706623297, 47.956932119802715 ], [ -3.034286798524302, 47.956941062886237 ], [ -3.034421786860763, 47.956962463754806 ], [ -3.034543871322435, 47.956995242794633 ], [ -3.034920353305924, 47.957008314620857 ], [ -3.035050741344759, 47.957048503785359 ], [ -3.035283368363114, 47.957148878918282 ], [ -3.035595074528479, 47.957250342043139 ], [ -3.035687863091834, 47.957275181194724 ], [ -3.035775244788388, 47.957283680183671 ], [ -3.03601098913982, 47.957292308780737 ], [ -3.036375507837008, 47.957296972633806 ], [ -3.036526766742058, 47.957288172137133 ], [ -3.036702000982412, 47.957269171385818 ], [ -3.036814168244431, 47.957250385513689 ], [ -3.037535802603024, 47.95710288089289 ], [ -3.037829675496988, 47.957058952657341 ], [ -3.037960706854451, 47.957033437810246 ], [ -3.037985703752786, 47.957027764298537 ], [ -3.038173031185914, 47.956988359827221 ], [ -3.038392127124418, 47.956904741776938 ], [ -3.038492242836437, 47.956853243252155 ], [ -3.03858554464341, 47.956815076880488 ], [ -3.038872900913995, 47.956725970821751 ], [ -3.039304315789427, 47.956675590905725 ], [ -3.039593117472072, 47.956660337892686 ], [ -3.039846361790672, 47.956638789940207 ], [ -3.040050209056021, 47.956642107753339 ], [ -3.040347058840796, 47.956665764549776 ], [ -3.040814755017228, 47.95676302639496 ], [ -3.041095679876601, 47.956809687284384 ], [ -3.041286497523555, 47.956827079363677 ], [ -3.041437925930166, 47.956866888540624 ], [ -3.041557927376284, 47.956891505278655 ], [ -3.041674990194814, 47.956899844073625 ], [ -3.041771143605084, 47.956879751086838 ], [ -3.041835996597309, 47.956815661816542 ], [ -3.041898336210051, 47.956726303125002 ], [ -3.042001256992451, 47.956615456925739 ], [ -3.042124276509122, 47.956497913086793 ], [ -3.042242569585607, 47.956401855972565 ], [ -3.042607925953553, 47.956205769748024 ], [ -3.042770249040352, 47.956119818806307 ], [ -3.042947260340596, 47.955984723653323 ], [ -3.043112178336787, 47.95587003012615 ], [ -3.043246563326868, 47.955747368865261 ], [ -3.043306174590754, 47.955663342443394 ], [ -3.043353650819347, 47.955600617076477 ], [ -3.043486969882779, 47.955474327941396 ], [ -3.043573110326302, 47.955404470019737 ], [ -3.043733213406099, 47.955286954260025 ], [ -3.043832853756597, 47.955245341603408 ], [ -3.043946972505081, 47.955211293657349 ], [ -3.044059896934989, 47.955150208929247 ], [ -3.044144544344938, 47.955059608015276 ], [ -3.044255332925383, 47.954912948285958 ], [ -3.04443399506306, 47.95474278366553 ], [ -3.044642080708249, 47.954577857445521 ], [ -3.044833471991153, 47.95439990932028 ], [ -3.044836026758432, 47.954398172906757 ], [ -3.045010218121257, 47.954270205914732 ], [ -3.045231206302745, 47.954146112110202 ], [ -3.045402421148011, 47.954081085559558 ], [ -3.045599997815149, 47.954059930002977 ], [ -3.045781311170292, 47.954068974177332 ], [ -3.045912722552989, 47.954113676927733 ], [ -3.04603890265344, 47.954216762930926 ], [ -3.046143070642336, 47.954340902681942 ], [ -3.046246559315708, 47.954479428880099 ], [ -3.046299758212301, 47.954609493422971 ], [ -3.046338906296183, 47.954749108424501 ], [ -3.046426342637014, 47.954887232348383 ], [ -3.046575736334163, 47.955022407004897 ], [ -3.046680965916874, 47.955097960791235 ], [ -3.046815872646213, 47.955147251066293 ], [ -3.047000724406449, 47.955159982631379 ], [ -3.047164622298909, 47.955145182460932 ], [ -3.047301264232799, 47.955105393513684 ], [ -3.047431133634419, 47.955051931475829 ], [ -3.047753571892054, 47.954769232955705 ], [ -3.047852132793713, 47.954645669460049 ], [ -3.047886865168676, 47.954538512352293 ], [ -3.047859722567855, 47.954406400371177 ], [ -3.047692236813222, 47.95399980776628 ], [ -3.047691922276416, 47.953875569269698 ], [ -3.047745729447088, 47.953757186982095 ], [ -3.048031898143692, 47.953299837277335 ], [ -3.048085569431287, 47.953131939331811 ], [ -3.048183604571064, 47.95262666891491 ], [ -3.04822905546077, 47.952449563009445 ], [ -3.048290346633711, 47.952277354750834 ], [ -3.048362415059993, 47.95213872442757 ], [ -3.048487322175754, 47.951980711653384 ], [ -3.048771971861567, 47.951712369120102 ], [ -3.048952189063158, 47.951561141571702 ], [ -3.049088889743526, 47.951415126260258 ], [ -3.049249097749644, 47.951294905223548 ], [ -3.049369112237755, 47.951188081707421 ], [ -3.049458642247675, 47.951098499660276 ], [ -3.049556684021109, 47.950985724833068 ], [ -3.049663543103962, 47.950895676033134 ], [ -3.049816047091166, 47.950807669391466 ], [ -3.049934324566682, 47.950763817204653 ], [ -3.050077259983587, 47.950747588338885 ], [ -3.050208832195138, 47.950762582683701 ], [ -3.050350452560766, 47.950774227344709 ], [ -3.050525450300012, 47.950759700135606 ], [ -3.050641733685657, 47.950758107592968 ], [ -3.050791531211833, 47.950779858608179 ], [ -3.05097931581532, 47.950834967305774 ], [ -3.051378325540758, 47.951051095410968 ], [ -3.05178543612094, 47.951305233718656 ], [ -3.052440240358634, 47.951576364495473 ], [ -3.052599876875392, 47.951599259099908 ], [ -3.052839559182546, 47.951602548713311 ], [ -3.053068933284844, 47.95158847605483 ], [ -3.053242353024845, 47.951555000393022 ], [ -3.053345938714881, 47.951508076718362 ], [ -3.053447690157779, 47.951447603849971 ], [ -3.053548920721922, 47.951345707855339 ], [ -3.053708361833504, 47.951084127130642 ], [ -3.053883174606208, 47.950653689406231 ], [ -3.054021754176535, 47.950414992911327 ], [ -3.054101977675511, 47.950260359180326 ], [ -3.054257031192702, 47.950013071856354 ], [ -3.054467938500682, 47.949734771677072 ], [ -3.054573806897111, 47.949639292327205 ], [ -3.054680619903362, 47.949576244268343 ], [ -3.054826564402707, 47.949522275334147 ], [ -3.055015732567859, 47.949495491879844 ], [ -3.055197160034914, 47.949501822805388 ], [ -3.055434505157996, 47.949554560411727 ], [ -3.055558547389539, 47.949598167186046 ], [ -3.05571213275941, 47.949618205554302 ], [ -3.055886702315403, 47.949612661295802 ], [ -3.056062372372229, 47.949583738617804 ], [ -3.056701161318808, 47.949538467854161 ], [ -3.05703469764521, 47.949464871687205 ], [ -3.057915272973878, 47.949377915605346 ], [ -3.058353855500037, 47.949331241629608 ], [ -3.05868973964785, 47.949286505889582 ], [ -3.058794517793879, 47.949266613473064 ], [ -3.058951621452795, 47.949238123399077 ], [ -3.059167773970115, 47.949189500298424 ], [ -3.059602200401152, 47.94907340122792 ], [ -3.059832432461756, 47.948988219068944 ], [ -3.060021662954246, 47.948907415718921 ], [ -3.060112872488665, 47.948807965039755 ], [ -3.060251394264077, 47.948490941646902 ], [ -3.060422482886016, 47.948164827506453 ], [ -3.060501047258704, 47.948071362937604 ], [ -3.060638921480768, 47.947978476184204 ], [ -3.060800856363389, 47.947899692046832 ], [ -3.060908396500231, 47.94787356502674 ], [ -3.061128688062226, 47.947868251581347 ], [ -3.061331420385127, 47.947815689155171 ], [ -3.061365687834868, 47.947796738233343 ], [ -3.061498799731446, 47.947726237117074 ], [ -3.061677830515325, 47.947599266177477 ], [ -3.061818161306151, 47.947480333075752 ], [ -3.061929280241541, 47.947351670054701 ], [ -3.062003915732228, 47.947236501588321 ], [ -3.062117972178235, 47.946887359713386 ], [ -3.062172778807292, 47.946694279106943 ], [ -3.062205159079517, 47.946531247123403 ], [ -3.062244155158471, 47.946411590074419 ], [ -3.062289165805749, 47.946321789797359 ], [ -3.062365603144842, 47.946247175597833 ], [ -3.062442187275732, 47.946222076618952 ], [ -3.062576042663592, 47.946214607672687 ], [ -3.063023155272955, 47.946275253138559 ], [ -3.063335590117566, 47.946308238098382 ], [ -3.06386239041561, 47.946330354521628 ], [ -3.06413564186301, 47.946329054015145 ], [ -3.064361203631523, 47.946316663651643 ], [ -3.064939617582457, 47.94626624210342 ], [ -3.065119759055291, 47.946273424850759 ], [ -3.065396135321413, 47.9463109079513 ], [ -3.065649696622836, 47.946360425751095 ], [ -3.065920881759109, 47.946403179625577 ], [ -3.066191127754502, 47.946439607987905 ], [ -3.066377232688832, 47.946451437991087 ], [ -3.066512798608238, 47.946460210495609 ], [ -3.066760248020732, 47.946455561101757 ], [ -3.066886851539522, 47.946418199601034 ], [ -3.067102498516424, 47.946327238803377 ], [ -3.067243640522199, 47.946243427474627 ], [ -3.067422009366309, 47.946103828234222 ], [ -3.067547761009628, 47.94597912455307 ], [ -3.067685236070727, 47.945709778545144 ], [ -3.067777198415391, 47.945620243112842 ], [ -3.067868191238778, 47.945551388314364 ], [ -3.067931755020433, 47.945461146918404 ], [ -3.067959798922567, 47.945258396839421 ], [ -3.06800981009602, 47.9451408123373 ], [ -3.068050187720325, 47.944912262801871 ], [ -3.06810729882056, 47.94477505018132 ], [ -3.068172213561217, 47.944576817361828 ], [ -3.068207348880486, 47.944512875607565 ], [ -3.06824757856653, 47.944419353599571 ], [ -3.068278339269709, 47.944290488168818 ], [ -3.068310415096321, 47.944239073272591 ], [ -3.06837598262234, 47.944158783833593 ], [ -3.068470031573906, 47.944077401723362 ], [ -3.068668838725471, 47.943791575024356 ], [ -3.068695191019806, 47.943704009545499 ], [ -3.068690657109985, 47.94340502818541 ], [ -3.068634773615816, 47.943093968429245 ], [ -3.068627213430394, 47.943044269200065 ], [ -3.068615051698438, 47.942987253973783 ], [ -3.068605443530502, 47.942928501789517 ], [ -3.068597462119163, 47.942887794161059 ], [ -3.068566294884974, 47.942708778781316 ], [ -3.068552464439851, 47.942634618169862 ], [ -3.068572701586529, 47.942492888462866 ], [ -3.06857342106301, 47.942398384685667 ], [ -3.068584075938185, 47.942250115441176 ], [ -3.068608463921972, 47.942151698810008 ], [ -3.068680652165659, 47.942035565662991 ], [ -3.068772046445466, 47.941931612400609 ], [ -3.068887500949206, 47.94184175999775 ], [ -3.069047751437963, 47.941771924808997 ], [ -3.069224991354909, 47.941708812926109 ], [ -3.06947937997803, 47.941661120396411 ], [ -3.069692534018391, 47.941649311440628 ], [ -3.069913403952996, 47.941657498229674 ], [ -3.070205334387485, 47.941679152059486 ], [ -3.070605069472718, 47.94172148620315 ], [ -3.070846184650117, 47.941772483430839 ], [ -3.070940759257946, 47.94181174000704 ], [ -3.070986833034453, 47.941830888031596 ], [ -3.071179504442454, 47.941966201199236 ], [ -3.071338154308363, 47.942088966786116 ], [ -3.071545993891477, 47.942243560131473 ], [ -3.071703985409587, 47.942327600013897 ], [ -3.071768873873234, 47.94234091326156 ], [ -3.071863084574234, 47.942335149732607 ], [ -3.071953871408968, 47.942296893771577 ], [ -3.072053117724246, 47.942236342566311 ], [ -3.07214663891169, 47.942139641010399 ], [ -3.072289627140115, 47.941963148557882 ], [ -3.072504990156725, 47.941639918187931 ], [ -3.072831811924466, 47.941179921406921 ], [ -3.072892119277764, 47.941000476744669 ], [ -3.072904084131594, 47.940929657515831 ], [ -3.07290368804613, 47.940832425705977 ], [ -3.072970350955276, 47.940675643830204 ], [ -3.073009461786495, 47.94057939220589 ], [ -3.073285724538345, 47.940090233992258 ], [ -3.073443894187941, 47.939826797445789 ], [ -3.073472201963082, 47.939750082222268 ], [ -3.073490545499832, 47.939595702412973 ], [ -3.073488757376317, 47.939448925061406 ], [ -3.07348035250715, 47.939417209488461 ], [ -3.073470151285741, 47.939371046117557 ], [ -3.073474524327663, 47.939277533555533 ], [ -3.073485295588644, 47.939205784567321 ], [ -3.073529144246576, 47.939061039515956 ], [ -3.073542143897479, 47.938941635104335 ], [ -3.073534297353902, 47.938845118852491 ], [ -3.073466798577361, 47.938729118832882 ], [ -3.073459670428174, 47.938696534740792 ], [ -3.073484801966442, 47.938502714566027 ], [ -3.073528779745436, 47.938434489947511 ], [ -3.073556696657553, 47.938418978816536 ], [ -3.073600899736116, 47.938372364604326 ], [ -3.07366422111535, 47.938260509888337 ], [ -3.073845060741577, 47.938120062977482 ], [ -3.07389338739036, 47.938064548931607 ], [ -3.073953061665439, 47.937977809270834 ], [ -3.073978803440509, 47.937955942688077 ], [ -3.074052340460836, 47.937916357267 ], [ -3.074185471456815, 47.937871048139471 ], [ -3.074292566413396, 47.937853899621565 ], [ -3.07434326649043, 47.937853356521188 ], [ -3.074420874181414, 47.937858881857558 ], [ -3.07445995904526, 47.937868853081071 ], [ -3.074573946068239, 47.937915789459566 ], [ -3.074596561698077, 47.937934354262957 ], [ -3.074614969369902, 47.937963617132588 ], [ -3.074667754823916, 47.9381035569426 ], [ -3.074763355628614, 47.938226554308152 ], [ -3.074834024195787, 47.93830122276772 ], [ -3.075002548147628, 47.938424227538782 ], [ -3.075041481277409, 47.938463901419972 ], [ -3.075059343045332, 47.938504853296564 ], [ -3.075087375413836, 47.938539755906724 ], [ -3.075213589582499, 47.938668913024138 ], [ -3.075293043219839, 47.938767204195472 ], [ -3.075326308222608, 47.938795935048923 ], [ -3.075495254842587, 47.93890994750133 ], [ -3.075578648954933, 47.938976829090187 ], [ -3.075625762632976, 47.93902660774075 ], [ -3.075689555926147, 47.939063296767642 ], [ -3.075868868460971, 47.93914065729561 ], [ -3.075957547114927, 47.939147356073342 ], [ -3.076066373249504, 47.939172558101262 ], [ -3.076135256909389, 47.939179666369519 ], [ -3.07657272229712, 47.939128392656642 ], [ -3.076714118085786, 47.939091386952235 ], [ -3.076754968058594, 47.939063592622645 ], [ -3.07680099155032, 47.939004419426773 ], [ -3.076804216606718, 47.938988295714438 ], [ -3.076897421999773, 47.938950996040809 ], [ -3.077004232670529, 47.938887027323418 ], [ -3.077230249120245, 47.938705384618601 ], [ -3.077378890950208, 47.938619046571567 ], [ -3.077413567494842, 47.938591099102162 ], [ -3.077482483648799, 47.938518089507355 ], [ -3.077705102992852, 47.938223836792872 ], [ -3.077761487855598, 47.938128011695298 ], [ -3.077806971546901, 47.938027415597325 ], [ -3.077886684508676, 47.937802539463391 ], [ -3.078013896761743, 47.937566236852085 ], [ -3.078117367960222, 47.937414865164961 ], [ -3.078163605991023, 47.93729808409438 ], [ -3.07818575827169, 47.937194209563103 ], [ -3.07820520690005, 47.937121775051608 ], [ -3.078396838529413, 47.936908672166915 ], [ -3.078656583786127, 47.936639642765975 ], [ -3.078692223708848, 47.93659101425979 ], [ -3.078732172152097, 47.936555995394784 ], [ -3.078886163827835, 47.936460786080794 ], [ -3.079068296910522, 47.936371674416343 ], [ -3.079316409973162, 47.936219381450009 ], [ -3.079594928868799, 47.93602463104498 ], [ -3.079764552609504, 47.935885697812957 ], [ -3.080153711429644, 47.935703586483413 ], [ -3.08029461148223, 47.935703472287955 ], [ -3.080631740847485, 47.935629895922496 ], [ -3.08082681409783, 47.935607716225412 ], [ -3.08096610206463, 47.935615663053404 ], [ -3.081269680137097, 47.935651978945003 ], [ -3.082116500893124, 47.93567382238043 ], [ -3.082797271464072, 47.93570505726494 ], [ -3.082966104034656, 47.93571553228341 ], [ -3.083048709055501, 47.935746380513713 ], [ -3.083084822239369, 47.9357670775088 ], [ -3.083143282081899, 47.935785626273535 ], [ -3.083538318791739, 47.935848501705323 ], [ -3.084002823430223, 47.935905890698216 ], [ -3.084260624600248, 47.935916761683188 ], [ -3.08438742304073, 47.93590099040577 ], [ -3.084422030922555, 47.935900945248456 ], [ -3.084580569636397, 47.935920165366703 ], [ -3.084701676327187, 47.935920456632736 ], [ -3.084925184370728, 47.935898071816801 ], [ -3.085013713082683, 47.935881354479676 ], [ -3.085243917052172, 47.935821326199459 ], [ -3.085352637440316, 47.935769099483615 ], [ -3.085429826149203, 47.935677385532038 ], [ -3.085468870871312, 47.935582028925459 ], [ -3.08550703706605, 47.935452443203573 ], [ -3.085509339226598, 47.93540298932875 ], [ -3.085501661749468, 47.935275872221695 ], [ -3.085481513252875, 47.93520425921718 ], [ -3.085454522655501, 47.935146880350437 ], [ -3.085416338044428, 47.935091025404709 ], [ -3.085275421456329, 47.934905705661436 ], [ -3.085250042432472, 47.934840264798439 ], [ -3.085205707215107, 47.934757252022962 ], [ -3.085160241842113, 47.934698516574372 ], [ -3.085113897437818, 47.934658663483901 ], [ -3.085093623058371, 47.934642859385463 ], [ -3.085055544305762, 47.934558200700387 ], [ -3.08504640167032, 47.93451566571737 ], [ -3.085052114551555, 47.93447259748821 ], [ -3.08516673604053, 47.934240477931183 ], [ -3.08519508777268, 47.934188966942209 ], [ -3.085291838039076, 47.934075231550025 ], [ -3.085396098966753, 47.933985986832738 ], [ -3.085540426985561, 47.933912134670805 ], [ -3.085609410410384, 47.93389043327317 ], [ -3.085690361674848, 47.933877129130906 ], [ -3.085788176783868, 47.933873243314927 ], [ -3.08600062903091, 47.933875788932291 ], [ -3.086269761792348, 47.933908539795326 ], [ -3.086360484076794, 47.933924282602945 ], [ -3.086497132449095, 47.933935758001979 ], [ -3.087014810591867, 47.933965640854574 ], [ -3.087161941878339, 47.933990877063778 ], [ -3.087349371873562, 47.934053115390967 ], [ -3.087497279141863, 47.934141383831012 ], [ -3.087670463092851, 47.934270784526113 ], [ -3.087814102668084, 47.934344544112221 ], [ -3.087946046918444, 47.934430617637624 ], [ -3.087992351283478, 47.934471368672405 ], [ -3.088021122196191, 47.934517088235417 ], [ -3.088046838767695, 47.934575335139996 ], [ -3.088056759863296, 47.934680902575806 ], [ -3.088086681775729, 47.934728450910676 ], [ -3.088144202233585, 47.934793783842935 ], [ -3.088188038072692, 47.934834473889815 ], [ -3.088442012658728, 47.93500727546602 ], [ -3.088560608880388, 47.935061512155116 ], [ -3.088807466423662, 47.935121613078593 ], [ -3.089057671295057, 47.935162891923099 ], [ -3.089131406104261, 47.935171912026959 ], [ -3.089310364949265, 47.935177225755524 ], [ -3.089538995888865, 47.935177462727204 ], [ -3.089591786295569, 47.935185065845019 ], [ -3.089720301670407, 47.935238645637654 ], [ -3.089751437187973, 47.935260117808703 ], [ -3.089808101689377, 47.935317326977767 ], [ -3.089895336077913, 47.935381591205221 ], [ -3.089990080325622, 47.935417234329471 ], [ -3.090299482271332, 47.93548787574732 ], [ -3.090367694771436, 47.935509361565884 ], [ -3.090579883743239, 47.935544298523112 ], [ -3.090687076004805, 47.935551441681028 ], [ -3.0907975122583, 47.935568566813458 ], [ -3.090873424438041, 47.935583940734283 ], [ -3.090931761287652, 47.935605182787192 ], [ -3.091004011830137, 47.93561956617593 ], [ -3.091436861188025, 47.935640135282178 ], [ -3.091504466253078, 47.935648102510868 ], [ -3.091670139641479, 47.93564678358613 ], [ -3.091707550447404, 47.935639603626839 ], [ -3.091882533423994, 47.935624110673807 ], [ -3.092253926764246, 47.935610755434091 ], [ -3.092441677770862, 47.935639685547407 ], [ -3.092672195120965, 47.935652565027077 ], [ -3.092742645071515, 47.935652499817216 ], [ -3.092985125575357, 47.93562066365795 ], [ -3.093149999378363, 47.935583315092572 ], [ -3.09321264249948, 47.935565053485114 ], [ -3.093311145309115, 47.935519768914006 ], [ -3.093487671601565, 47.935471004288424 ], [ -3.093759104148567, 47.935401171055197 ], [ -3.093918871941037, 47.935367296409929 ], [ -3.094009991381743, 47.935347935022882 ], [ -3.094089183062659, 47.93531927801569 ], [ -3.094200221136288, 47.935296806046857 ], [ -3.094251335976364, 47.935287261991292 ], [ -3.09449465776619, 47.935157322360304 ], [ -3.094708683337797, 47.935152687982423 ], [ -3.094935854355955, 47.935184384338172 ], [ -3.095154033829795, 47.935250066220824 ], [ -3.095354447061897, 47.935299107065966 ], [ -3.095609711759185, 47.935284683309675 ], [ -3.095863116403736, 47.935283716061655 ], [ -3.096080287548519, 47.935317864560503 ], [ -3.096266195872476, 47.935333239829092 ], [ -3.096595831562561, 47.935367452962126 ], [ -3.09671667108546, 47.935400131129072 ], [ -3.096879062950822, 47.935309604687198 ], [ -3.097059289052463, 47.935260925327576 ], [ -3.097266892295757, 47.935261529112722 ], [ -3.097470167008106, 47.935275528934369 ], [ -3.097968694268069, 47.935292285562177 ], [ -3.098211696655107, 47.935275753889762 ], [ -3.098723640405418, 47.93521632066642 ], [ -3.098962828750579, 47.935175388472999 ], [ -3.099213861955747, 47.935145549065979 ], [ -3.099378313947508, 47.935117182705774 ], [ -3.09997529727293, 47.935009422308539 ], [ -3.100184121184848, 47.934956939352531 ], [ -3.100456555329908, 47.934918620851207 ], [ -3.100604957727416, 47.934889858508399 ], [ -3.100904647212457, 47.93482340217075 ], [ -3.101128838283406, 47.934732586661148 ], [ -3.101163168045114, 47.934711825011007 ], [ -3.101296492128133, 47.934634981550069 ], [ -3.101695172526222, 47.934432324384098 ], [ -3.101952663589679, 47.934316219235889 ], [ -3.102186768414058, 47.93422474480689 ], [ -3.102622393739974, 47.934024791547287 ], [ -3.10280498135595, 47.9339248501635 ], [ -3.103004476609598, 47.933833425020332 ], [ -3.103159130419258, 47.93380301231111 ], [ -3.103326112866323, 47.933719790799771 ], [ -3.1035125136204, 47.933644246895064 ], [ -3.103923390439919, 47.933551704012288 ], [ -3.104142343000987, 47.933467055413594 ], [ -3.104466277634794, 47.933357075059888 ], [ -3.104884623417324, 47.933209800439073 ], [ -3.105044224426536, 47.933152500834851 ], [ -3.105184975967571, 47.933101940387196 ], [ -3.10539156856879, 47.93304399194222 ], [ -3.105656500405533, 47.933007277194825 ], [ -3.105913621496549, 47.932952366663308 ], [ -3.106163893803033, 47.932938696227616 ], [ -3.106441063272483, 47.932958090988109 ], [ -3.106740090565641, 47.932959116693709 ], [ -3.107031492452515, 47.93299146124378 ], [ -3.107281742645198, 47.933031798794865 ], [ -3.107547501415932, 47.933084218033535 ], [ -3.107751745549577, 47.933130629087017 ], [ -3.107970978930199, 47.933253922560844 ], [ -3.108141343537807, 47.933338211106303 ], [ -3.108345039056191, 47.933423315536082 ], [ -3.108536141584739, 47.933513512349869 ], [ -3.108587397648975, 47.933554375460425 ], [ -3.108633840415664, 47.93359242014418 ], [ -3.108928732829503, 47.933763473446625 ], [ -3.109020073937336, 47.933899837082599 ], [ -3.109040594130608, 47.934044369027554 ], [ -3.109123502052013, 47.934176025219003 ], [ -3.109268144387998, 47.934282186916697 ], [ -3.109356584595226, 47.93458861429751 ], [ -3.109347841478684, 47.934751333856866 ], [ -3.109249002841453, 47.935072081214898 ], [ -3.109222934873869, 47.935235276949371 ], [ -3.109192010685751, 47.935289431334553 ], [ -3.109139633412076, 47.935379968206156 ], [ -3.109045812019541, 47.935484793719084 ], [ -3.109007823311782, 47.935611690213598 ], [ -3.109084550704983, 47.935770200823235 ], [ -3.109308913567078, 47.936077255079006 ], [ -3.109399180653519, 47.936236997071966 ], [ -3.109518423055626, 47.936384845541163 ], [ -3.109853752083689, 47.936644203999407 ], [ -3.110076331008253, 47.936668554448566 ], [ -3.110353117839666, 47.93677704787688 ], [ -3.110526647894111, 47.936792995831155 ], [ -3.11071222926163, 47.936708417457396 ], [ -3.110895727699559, 47.936695802723442 ], [ -3.111029807814235, 47.936790001242095 ], [ -3.111066465981709, 47.936933127322668 ], [ -3.111115778354549, 47.937016250433125 ], [ -3.111212873987034, 47.93708163832391 ], [ -3.111321155400183, 47.937413754868295 ], [ -3.111360555784677, 47.937604657841398 ], [ -3.111379917339163, 47.937667244236664 ], [ -3.111418723482723, 47.937790618679614 ], [ -3.111634396407202, 47.938179372554089 ], [ -3.111700902749157, 47.938291721868559 ], [ -3.111846753314498, 47.938398809806252 ], [ -3.111978692578484, 47.938512758897019 ], [ -3.112136682736726, 47.938624644191364 ], [ -3.11238938011918, 47.938692935055336 ], [ -3.112631299454699, 47.938619632527043 ], [ -3.112802002730149, 47.938482475879788 ], [ -3.113008963383395, 47.938336303131045 ], [ -3.113203022335454, 47.93825552831472 ], [ -3.113274834291134, 47.938252782412711 ], [ -3.113272249080064, 47.938228414204005 ], [ -3.113259778738358, 47.938096682254589 ], [ -3.1132289061178, 47.937988805599716 ], [ -3.113305274459275, 47.937887150576643 ], [ -3.113460703646759, 47.937759521820325 ], [ -3.11366575611578, 47.937788837589892 ], [ -3.114111573226988, 47.93787714639636 ], [ -3.114296767535906, 47.937988792875714 ], [ -3.114412860766175, 47.9381248564057 ], [ -3.114507801286107, 47.938264003848502 ], [ -3.114640170739459, 47.938476080334617 ], [ -3.114678472504684, 47.93866425456924 ], [ -3.114728992431192, 47.939016561122116 ], [ -3.114743145214691, 47.939326570893776 ], [ -3.114821756466305, 47.939444614985391 ], [ -3.114891436068747, 47.939568742186523 ], [ -3.114980097731265, 47.939656425290899 ], [ -3.115128207980695, 47.939660942611575 ], [ -3.115258303303152, 47.939627211976536 ], [ -3.115401779259157, 47.939571303270739 ], [ -3.115524232582866, 47.939488775663072 ], [ -3.115730548862481, 47.939275968193357 ], [ -3.115797658593999, 47.939160582540076 ], [ -3.115886335381787, 47.939033120810954 ], [ -3.115976611883169, 47.938924601984567 ], [ -3.116138990229835, 47.938807041064159 ], [ -3.116551841526578, 47.938618177943404 ], [ -3.116776057496367, 47.938553436044501 ], [ -3.117007998450823, 47.938535691840976 ], [ -3.117186970327549, 47.938540959564527 ], [ -3.117403794176343, 47.938583158007113 ], [ -3.117509423769046, 47.938624443335314 ], [ -3.117605342328651, 47.938661890881974 ], [ -3.117807635420593, 47.938724438220177 ], [ -3.117988155404735, 47.938803557528189 ], [ -3.118340974060374, 47.938925587295955 ], [ -3.118535335356801, 47.938945631093041 ], [ -3.118714107586721, 47.938928386777363 ], [ -3.119065266657579, 47.93892524801835 ], [ -3.119245562575986, 47.938901738696543 ], [ -3.119627157507407, 47.938774214644532 ], [ -3.119814007785346, 47.938688751491561 ], [ -3.119939330200226, 47.938624292773312 ], [ -3.12007988544021, 47.938524197881449 ], [ -3.120165788426088, 47.938429972150452 ], [ -3.120324958653212, 47.938247513828678 ], [ -3.120409677261724, 47.938098347884633 ], [ -3.120510316018218, 47.937979275960984 ], [ -3.120588613082827, 47.93783535451896 ], [ -3.120692257142808, 47.937704653333441 ], [ -3.12074733999441, 47.937581770467901 ], [ -3.120796502353636, 47.937426336727228 ], [ -3.120788379515176, 47.93728030916062 ], [ -3.120761614607376, 47.937136527846071 ], [ -3.120702627795631, 47.936994661814779 ], [ -3.12062594936775, 47.936834360936842 ], [ -3.120569762754887, 47.936685361634574 ], [ -3.120552461830944, 47.936550812792269 ], [ -3.120611825799231, 47.936415431907832 ], [ -3.120754559061239, 47.936294685355676 ], [ -3.120909178016344, 47.936211135748934 ], [ -3.121123260201378, 47.936124534002673 ], [ -3.1213555292016, 47.93604557643539 ], [ -3.121600753607855, 47.936007442195276 ], [ -3.121825808265161, 47.936004823319287 ], [ -3.122030408669223, 47.936017008818688 ], [ -3.122243436433757, 47.936087910986622 ], [ -3.12238815299174, 47.936166150801945 ], [ -3.122672698013933, 47.936267599733419 ], [ -3.122826593889092, 47.936334360133309 ], [ -3.123001191878234, 47.936380920233809 ], [ -3.123187313628781, 47.936418758817481 ], [ -3.123413188264349, 47.936452163821016 ], [ -3.123593007359069, 47.936546559668258 ], [ -3.123690312774915, 47.936688456547394 ], [ -3.123792683871388, 47.936800770669684 ], [ -3.123908476710592, 47.936863001244227 ], [ -3.124126162414132, 47.936913308834725 ], [ -3.124340601632047, 47.936926629541709 ], [ -3.124563396914439, 47.936919449003973 ], [ -3.12473389325987, 47.936866886530275 ], [ -3.124821719056286, 47.936784406610286 ], [ -3.124899869029283, 47.936751201142265 ], [ -3.125392145694518, 47.936500325451497 ], [ -3.125612147482817, 47.936419260053576 ], [ -3.12580498895985, 47.9363375335857 ], [ -3.126018487096908, 47.936263510647784 ], [ -3.126440951767702, 47.936160362355224 ], [ -3.126642427126339, 47.936159860602082 ], [ -3.126778549353891, 47.936236985248513 ], [ -3.126917798591145, 47.936326788265852 ], [ -3.12712676075175, 47.93637867805478 ], [ -3.127480249253822, 47.936378269606763 ], [ -3.127712624231168, 47.936485638333167 ], [ -3.127903851021135, 47.936546997491703 ], [ -3.128531692007191, 47.93665497351266 ], [ -3.129121635884426, 47.936726918224181 ], [ -3.129299491548229, 47.93675644377646 ], [ -3.129485536315431, 47.936796069915616 ], [ -3.129889436244145, 47.93690940039852 ], [ -3.130038651322434, 47.936943630223425 ], [ -3.130197537407853, 47.936955590208271 ], [ -3.130280951542338, 47.936969318061443 ], [ -3.130347699413227, 47.936969138480784 ], [ -3.130459508073298, 47.937010561027584 ], [ -3.130499918925452, 47.937018743655841 ], [ -3.130646747896667, 47.937024108972238 ], [ -3.13070921606615, 47.93700942239964 ], [ -3.130839008149246, 47.936954962029041 ], [ -3.130905385579542, 47.936935869359765 ], [ -3.130956331187664, 47.936929904706496 ], [ -3.131008182023314, 47.936904158074789 ], [ -3.131057028663923, 47.936863035456462 ], [ -3.131184761585974, 47.936691501508122 ], [ -3.131265294051315, 47.936606139035128 ], [ -3.131321629773977, 47.93656339774622 ], [ -3.131491706418917, 47.936438800394292 ], [ -3.131579893309074, 47.93642923846442 ], [ -3.131659149586308, 47.936371750282838 ], [ -3.131776881933163, 47.936310694936303 ], [ -3.131920909968366, 47.936269181340315 ], [ -3.132089216505398, 47.936210253148673 ], [ -3.132169172508486, 47.936191489243761 ], [ -3.132458585921476, 47.936132798586591 ], [ -3.132631624913103, 47.936105490614999 ], [ -3.132844168684456, 47.936079140728538 ], [ -3.132911038864686, 47.936076262030092 ], [ -3.133040541124335, 47.936082104010282 ], [ -3.13309420260831, 47.936097808514539 ], [ -3.13318436672407, 47.936153106026381 ], [ -3.133228276569767, 47.936192878714515 ], [ -3.133274985627788, 47.936252523180769 ], [ -3.133312806375011, 47.936317353108741 ], [ -3.133364456241563, 47.936431128018569 ], [ -3.133396024798897, 47.936551617281999 ], [ -3.133395865369609, 47.936663235427673 ], [ -3.133379080073603, 47.936760047500208 ], [ -3.133306454772668, 47.936915817129808 ], [ -3.133169552491612, 47.937125838707004 ], [ -3.133068489172104, 47.937254813294757 ], [ -3.13284838029926, 47.937581639769412 ], [ -3.13281723038081, 47.937641196069251 ], [ -3.13278793369454, 47.937741305353349 ], [ -3.132752792083958, 47.937807066060913 ], [ -3.132753040708073, 47.937855681734845 ], [ -3.132795018918016, 47.937937716157897 ], [ -3.132995685561007, 47.938144223909127 ], [ -3.13303931115188, 47.938244301775896 ], [ -3.133067049645391, 47.938286382829972 ], [ -3.133145283666285, 47.938359394576544 ], [ -3.133336319371758, 47.938479250928381 ], [ -3.133397886501101, 47.938538355574096 ], [ -3.133522459958449, 47.938625093404134 ], [ -3.13360571422765, 47.938669420839354 ], [ -3.133702506574307, 47.938687971324981 ], [ -3.133816047384495, 47.938691624820031 ], [ -3.133868475454402, 47.938680293636338 ], [ -3.133927446357172, 47.938661019470942 ], [ -3.134094521673232, 47.938575052732538 ], [ -3.134168841679013, 47.938544448282705 ], [ -3.134246043399252, 47.938531917221191 ], [ -3.134842757975471, 47.938537381223497 ], [ -3.134959055333717, 47.938534799096907 ], [ -3.135092223954723, 47.938514622198873 ], [ -3.135175762680076, 47.938498643361072 ], [ -3.135415182982416, 47.938425230162188 ], [ -3.135616620529436, 47.938371600130523 ], [ -3.135763654072687, 47.938318451829737 ], [ -3.135856655825576, 47.938284698227498 ], [ -3.1368144934143, 47.938014444966882 ], [ -3.137357434523834, 47.937816953136505 ], [ -3.137503520976921, 47.937784483700113 ], [ -3.137647100333742, 47.937779858841338 ], [ -3.137798213522903, 47.937799720976074 ], [ -3.13819160023182, 47.937900163019059 ], [ -3.138608657762111, 47.938050686271197 ], [ -3.13872006044737, 47.938074086780183 ], [ -3.139001338557147, 47.938085395355941 ], [ -3.139091343455097, 47.938117279383398 ], [ -3.139198021211101, 47.938190074747133 ], [ -3.139331248761338, 47.938304020402725 ], [ -3.139485464753585, 47.938418473746623 ], [ -3.139737135842559, 47.938564090425317 ], [ -3.139848626284143, 47.938612696809976 ], [ -3.139991022638859, 47.938661150582355 ], [ -3.140129305405654, 47.938718506416393 ], [ -3.140255985079841, 47.938786383512877 ], [ -3.14041019965983, 47.938873830180945 ], [ -3.140493710184808, 47.938939762628195 ], [ -3.140570186936853, 47.939024428591033 ], [ -3.14059019110908, 47.939046516654223 ], [ -3.14067074559009, 47.939150184875807 ], [ -3.141006660438635, 47.93950847727276 ], [ -3.141092441696132, 47.939605970341297 ], [ -3.141137271218921, 47.939679968679016 ], [ -3.141197586796079, 47.93982095453206 ], [ -3.141280985194967, 47.940160537388756 ], [ -3.141335077556447, 47.940248262281919 ], [ -3.14140892408865, 47.940336464773239 ], [ -3.141495030093351, 47.940399758663538 ], [ -3.141716622695765, 47.940500534731029 ], [ -3.141816679046959, 47.940556064020555 ], [ -3.141891346306704, 47.940626282477474 ], [ -3.141952022993926, 47.940705164456872 ], [ -3.14203455448511, 47.940792676279102 ], [ -3.142145523864043, 47.940879975244151 ], [ -3.142276329757415, 47.940965953189561 ], [ -3.142381285048831, 47.941022500528391 ], [ -3.142659312067845, 47.941159745468688 ], [ -3.142959066751515, 47.941281311512576 ], [ -3.143441474858935, 47.94143609525954 ], [ -3.143662741170852, 47.941517055472893 ], [ -3.144032676667899, 47.941671820002277 ], [ -3.144182170822202, 47.941754646263739 ], [ -3.144372047089453, 47.941873554456699 ], [ -3.144391562415231, 47.941906432120973 ], [ -3.144391282240607, 47.941939731897463 ], [ -3.144400879362093, 47.941973270211783 ], [ -3.144443730508915, 47.942009411955425 ], [ -3.144615320762453, 47.942068466438009 ], [ -3.144671665008171, 47.942079728967634 ], [ -3.144975201227862, 47.942145569654301 ], [ -3.145154350608625, 47.942147194469143 ], [ -3.14521217527652, 47.942153091395816 ], [ -3.145321371677331, 47.94219803590908 ], [ -3.145418221565055, 47.942242682259575 ], [ -3.145563060016154, 47.942292087640787 ], [ -3.145599240721432, 47.942311864714569 ], [ -3.145754421108575, 47.94240562812994 ], [ -3.145816250721583, 47.942459330757565 ], [ -3.145850924714639, 47.942539383214367 ], [ -3.145887562897244, 47.942576274588212 ], [ -3.146070781021963, 47.942705821146056 ], [ -3.146196583650608, 47.942820479138859 ], [ -3.146437316321921, 47.943017125951577 ], [ -3.146559702657459, 47.943125399839651 ], [ -3.14662219578025, 47.943191720484457 ], [ -3.146646480496462, 47.943201308215521 ], [ -3.146802713418602, 47.94321768028427 ], [ -3.146882975858792, 47.943246622073808 ], [ -3.146916279206513, 47.943275331043147 ], [ -3.147097717639253, 47.943498451272326 ], [ -3.147174987260783, 47.943566028242451 ], [ -3.147285479025135, 47.943664112405443 ], [ -3.147345095201725, 47.943739364994599 ], [ -3.147423427023432, 47.943919489526117 ], [ -3.147465749886723, 47.943967319603722 ], [ -3.147547419886786, 47.944019699437405 ], [ -3.147651192117952, 47.944075312827934 ], [ -3.147741047623789, 47.944110786575898 ], [ -3.147836250974665, 47.94413738745412 ], [ -3.148019527756127, 47.944157110465859 ], [ -3.148087028000195, 47.944167740029386 ], [ -3.148199231384356, 47.944201051777483 ], [ -3.148281474737156, 47.944240842392531 ], [ -3.148380063936348, 47.944301731149167 ], [ -3.148563439934907, 47.944373665875659 ], [ -3.148722481474682, 47.944409906709353 ], [ -3.149016606467208, 47.944465606944014 ], [ -3.149230752661976, 47.944486072022876 ], [ -3.149412583215613, 47.94448325337077 ], [ -3.149493747734076, 47.944492411037544 ], [ -3.149572034217043, 47.944510501044455 ], [ -3.149718543105698, 47.944604949819315 ], [ -3.149768594650139, 47.944618758513386 ], [ -3.149983477090751, 47.944623036653958 ], [ -3.150028753247042, 47.944633129445869 ], [ -3.150098070198647, 47.944658204339099 ], [ -3.15014677371625, 47.944701686196602 ], [ -3.150211251908864, 47.944778854657343 ], [ -3.1503004431972, 47.944910629120848 ], [ -3.150331134765378, 47.944996885383347 ], [ -3.150343550551084, 47.945077300247689 ], [ -3.150340922885374, 47.945216764323781 ], [ -3.150354192611765, 47.945387217454055 ], [ -3.150381952518898, 47.945565221134991 ], [ -3.150378797804492, 47.945607453444573 ], [ -3.150361897497362, 47.945652955285333 ], [ -3.150278075815973, 47.945702245789839 ], [ -3.150198235060041, 47.945718325601334 ], [ -3.150116750966797, 47.945743367529538 ], [ -3.150017294854086, 47.945810284665278 ], [ -3.149899907300102, 47.945918177772427 ], [ -3.149813029328342, 47.946061912929089 ], [ -3.14974651992569, 47.946192636240241 ], [ -3.149723953340027, 47.94628120999279 ], [ -3.149737285351433, 47.946395853848706 ], [ -3.149776293314803, 47.946489512200252 ], [ -3.149843128940009, 47.946596443621942 ], [ -3.149940507110976, 47.946711312413818 ], [ -3.150049325445797, 47.946819255356807 ], [ -3.150167972376379, 47.946901329847876 ], [ -3.150303947315985, 47.946982921521247 ], [ -3.150405503119406, 47.947033077733195 ], [ -3.150542886184711, 47.947138107649835 ], [ -3.150686883586405, 47.947206389432296 ], [ -3.150859526317455, 47.947269959970342 ], [ -3.150927153269899, 47.94727789020768 ], [ -3.151064663034836, 47.947271300444768 ], [ -3.151248318455095, 47.947282925296598 ], [ -3.151412584990273, 47.947285981293561 ], [ -3.152109725781416, 47.947259559854309 ], [ -3.152432391098755, 47.947204315677695 ], [ -3.152570216796519, 47.947163524887287 ], [ -3.152776026305571, 47.947095564693967 ], [ -3.152894880931425, 47.947064218805856 ], [ -3.153032185909653, 47.94706212252202 ], [ -3.153181348943621, 47.947071113574061 ], [ -3.153400456077506, 47.947118694885518 ], [ -3.153766137495203, 47.947286825611997 ], [ -3.154007749581646, 47.947410562017581 ], [ -3.154473637883813, 47.947631511037919 ], [ -3.154748866518137, 47.947722747842512 ], [ -3.15498946964941, 47.947787046076478 ], [ -3.155209745745223, 47.947863457420091 ], [ -3.155319939400396, 47.947886811343594 ], [ -3.155400160283922, 47.947889640546038 ], [ -3.155464655022651, 47.947884890135285 ], [ -3.155535609124301, 47.947873993765199 ], [ -3.155620675948406, 47.947851734383043 ], [ -3.155825249522514, 47.947783738678858 ], [ -3.155938594028876, 47.9477648594371 ], [ -3.155998067885595, 47.947761788358619 ], [ -3.156428660293933, 47.947725330040619 ], [ -3.156536820787121, 47.94771172663161 ], [ -3.156555464926767, 47.947709474225711 ], [ -3.156777784456143, 47.947659006643498 ], [ -3.156970753887706, 47.947601532058165 ], [ -3.157182313825041, 47.947515698246463 ], [ -3.15740740250493, 47.947404084018345 ], [ -3.157546651040174, 47.947331815018167 ], [ -3.158025173319774, 47.947001244614874 ], [ -3.158452342824726, 47.946794563192284 ], [ -3.158541912651578, 47.946727401023502 ], [ -3.158694904796395, 47.946569944167216 ], [ -3.158777350428216, 47.946496309513002 ], [ -3.158859510819638, 47.946428969175351 ], [ -3.158923081367884, 47.946389987942005 ], [ -3.158988890330683, 47.946383466699075 ], [ -3.159054210693911, 47.946387735774465 ], [ -3.159136003488213, 47.946410403834221 ], [ -3.159326577427821, 47.946514899090751 ], [ -3.159430067106225, 47.946549790135755 ], [ -3.159504410959002, 47.946573179240623 ], [ -3.159675026165923, 47.946599779707249 ], [ -3.16006899903463, 47.946607436791233 ], [ -3.160276725230672, 47.946606121523523 ], [ -3.16054902567906, 47.946598254033013 ], [ -3.160763454634504, 47.94658539643526 ], [ -3.160917908718921, 47.946559397039628 ], [ -3.161107912585852, 47.946512646246937 ], [ -3.161333343903494, 47.946447841464675 ], [ -3.161550985557097, 47.946363945717493 ], [ -3.161855792111405, 47.946265937306578 ], [ -3.162227570478041, 47.946108322569508 ], [ -3.162328724638543, 47.946085543738754 ], [ -3.162655636376137, 47.946072679536719 ], [ -3.162724376332906, 47.946083329611668 ], [ -3.162785016588528, 47.94610908835805 ], [ -3.162878847921472, 47.946166248790263 ], [ -3.162941835894781, 47.946194764257456 ], [ -3.16300814717885, 47.946204455743519 ], [ -3.163074865009269, 47.946205155209931 ], [ -3.163160470140257, 47.946198205908587 ], [ -3.163235409537961, 47.946181098938496 ], [ -3.163333143680394, 47.94615193597582 ], [ -3.163495435720221, 47.946089213808641 ], [ -3.163693032226296, 47.946011134571954 ], [ -3.163861131504251, 47.945956652632802 ], [ -3.163994713541071, 47.945927448145746 ], [ -3.164182706000155, 47.945897747155414 ], [ -3.164426928208164, 47.9458819957283 ], [ -3.164711369089538, 47.945878909670533 ], [ -3.164906379370792, 47.945885382459615 ], [ -3.165361314180942, 47.945911584245508 ], [ -3.16556933839617, 47.945930969985007 ], [ -3.165706656631309, 47.945955863189823 ], [ -3.165836989008614, 47.945998592332252 ], [ -3.166043788088129, 47.946099863404285 ], [ -3.16626125414496, 47.9462112913941 ], [ -3.166368167573253, 47.946252558907922 ], [ -3.166504674945928, 47.946295435091869 ], [ -3.16687388709363, 47.946331280079221 ], [ -3.167168915321818, 47.946340143216858 ], [ -3.16737103474506, 47.946326077775446 ], [ -3.168057738926819, 47.946229091142861 ], [ -3.168283746929444, 47.946178688667828 ], [ -3.168424492408271, 47.946155051188647 ], [ -3.168484288474574, 47.946144779666234 ], [ -3.168602645779413, 47.946124206981203 ], [ -3.168745675556019, 47.946132129708054 ], [ -3.168858422041974, 47.946153730523449 ], [ -3.169118565318149, 47.946250870690911 ], [ -3.169269932505002, 47.946293198620531 ], [ -3.169414459049825, 47.94632276034131 ], [ -3.169531721497878, 47.946326465049083 ], [ -3.169621111434249, 47.946317800838585 ], [ -3.170081606193512, 47.946220792371115 ], [ -3.170420886524815, 47.946180295261357 ], [ -3.170668447717484, 47.946172711141173 ], [ -3.170759923185194, 47.946145192295674 ], [ -3.171116494480052, 47.945995285696306 ], [ -3.171233029406324, 47.945960263904141 ], [ -3.171477068727669, 47.945921087864811 ], [ -3.171650137841199, 47.945920722958157 ], [ -3.171742258710176, 47.945933726344549 ], [ -3.171816080071571, 47.945968796610352 ], [ -3.171891722818505, 47.94601831305237 ], [ -3.171968621605584, 47.946039954208025 ], [ -3.172080458449027, 47.946054328559271 ], [ -3.172158775214182, 47.946044497539049 ], [ -3.172449109401172, 47.945938012548915 ], [ -3.17257143302086, 47.945884224085084 ], [ -3.17274442205187, 47.945830745565985 ], [ -3.172855571127211, 47.945805495270385 ], [ -3.173184847505911, 47.945767451182718 ], [ -3.173252415304176, 47.945749261157097 ], [ -3.173376518938733, 47.945710817193216 ], [ -3.17360521275787, 47.945573151623989 ], [ -3.173693467435335, 47.945534751444789 ], [ -3.173800000382761, 47.945502188640646 ], [ -3.174175830355523, 47.945418444432875 ], [ -3.174393145544112, 47.945313811860188 ], [ -3.174676284797011, 47.945119833139948 ], [ -3.174868132228085, 47.944921874549053 ], [ -3.17504269202152, 47.944723503093726 ], [ -3.175279009553468, 47.944608520403307 ], [ -3.175411469299525, 47.944576574810192 ], [ -3.175592509122551, 47.944563791574545 ], [ -3.176094620084783, 47.944557767926248 ], [ -3.176160667681525, 47.944545841059977 ], [ -3.176315715985762, 47.9445063317443 ], [ -3.176472769723488, 47.944504677039433 ], [ -3.176570820439702, 47.944523218780461 ], [ -3.176735042764483, 47.944582045827765 ], [ -3.176736237061594, 47.944582974478635 ], [ -3.176938860817375, 47.944694926744113 ], [ -3.177165576876097, 47.944875865785377 ], [ -3.17722877591496, 47.944954787145591 ], [ -3.17725896045855, 47.945025719898844 ], [ -3.177262972830996, 47.945101429564112 ], [ -3.177246744088927, 47.945187458576093 ], [ -3.177177097606902, 47.945279415136937 ], [ -3.177131091556206, 47.945340429569988 ], [ -3.176941213106108, 47.945522236023649 ], [ -3.176909700201784, 47.945590797353226 ], [ -3.176909986191471, 47.945639413192943 ], [ -3.176955513464921, 47.945699009792385 ], [ -3.177041890535161, 47.945784785208211 ], [ -3.177192030774657, 47.945881982886853 ], [ -3.177335692803816, 47.945958322040916 ], [ -3.177428160372211, 47.945991132507174 ], [ -3.177574208095856, 47.94601441836415 ], [ -3.177844419755957, 47.94602536127146 ], [ -3.177957371547499, 47.946042456607231 ], [ -3.178074391467269, 47.946051547295944 ], [ -3.178179508328864, 47.946050452295964 ], [ -3.178309643839788, 47.946042752189392 ], [ -3.178516069952898, 47.946015266216889 ], [ -3.178769129411645, 47.945940282194854 ], [ -3.178876225907219, 47.945895125543593 ], [ -3.178999732847316, 47.94578734819121 ], [ -3.179083916352355, 47.945756948181199 ], [ -3.179178970212033, 47.94573220811882 ], [ -3.179559311485696, 47.945685459689528 ], [ -3.179806096217791, 47.945640029319883 ], [ -3.179938717377795, 47.94560448135713 ], [ -3.180679412232354, 47.945295362401943 ], [ -3.180799523045674, 47.945263116169791 ], [ -3.181042318138486, 47.945223889219598 ], [ -3.181360731800285, 47.945152255774211 ], [ -3.181724055967594, 47.945043883557346 ], [ -3.182012608022895, 47.944949033298265 ], [ -3.182070576588239, 47.944924308248353 ], [ -3.182296776980612, 47.944786565650155 ], [ -3.182557226212218, 47.944656838946052 ], [ -3.182823549677599, 47.944561457666019 ], [ -3.182938839830324, 47.944526393950156 ], [ -3.183066154494052, 47.944498817515623 ], [ -3.183262121202602, 47.94442876617078 ], [ -3.1834207631024, 47.944364127728399 ], [ -3.183557300459055, 47.944296262764155 ], [ -3.183801355125891, 47.944201249627262 ], [ -3.183961497465711, 47.944158250044687 ], [ -3.184087722120452, 47.944154950935882 ], [ -3.184202229388272, 47.944164875472858 ], [ -3.184270406579035, 47.944188100736142 ], [ -3.184332919167891, 47.944227394189532 ], [ -3.184372546454729, 47.944308451074228 ], [ -3.184388713897541, 47.944388950078299 ], [ -3.184377354326156, 47.944476895969153 ], [ -3.184336804508377, 47.944554245919299 ], [ -3.184267170131337, 47.94464620699172 ], [ -3.184188020487294, 47.944729840270021 ], [ -3.18407458005752, 47.944806356837404 ], [ -3.18396814454771, 47.944892041538516 ], [ -3.183874887673653, 47.944987041233915 ], [ -3.183754193190336, 47.945142599413771 ], [ -3.183685065991811, 47.945250775210674 ], [ -3.183577865889873, 47.945491269681106 ], [ -3.18348385317144, 47.945795989497917 ], [ -3.183479255205486, 47.945898498901975 ], [ -3.183491912876864, 47.946057229003117 ], [ -3.183514495432918, 47.946132479866478 ], [ -3.183557383545554, 47.946223516537323 ], [ -3.183664489509209, 47.946370990745962 ], [ -3.183896665997528, 47.946596153238339 ], [ -3.184358746393228, 47.946987011771654 ], [ -3.18468880980374, 47.947262208905414 ], [ -3.185030876415272, 47.947517886727233 ], [ -3.185158551614593, 47.947647845127534 ], [ -3.185220192690744, 47.947761831067062 ], [ -3.185228872822456, 47.947843952447286 ], [ -3.185216989857856, 47.947943588341296 ], [ -3.185185349838057, 47.948042754598717 ], [ -3.185123615976893, 47.948179012439802 ], [ -3.185115386130473, 47.948224725251748 ], [ -3.185124887125505, 47.948260957732103 ], [ -3.185185308704269, 47.94834700960115 ], [ -3.185239223001632, 47.948385197973046 ], [ -3.185466935909576, 47.948489628780571 ], [ -3.185738392432395, 47.94858339655039 ], [ -3.186093979284051, 47.9486755621326 ], [ -3.186362996370365, 47.948713460076021 ], [ -3.186590204811819, 47.948718858282021 ], [ -3.186958600470104, 47.948690703139569 ], [ -3.187258127346192, 47.948654609874467 ], [ -3.188631977732529, 47.948422583962476 ], [ -3.188921932658953, 47.948406962717456 ], [ -3.189168937548678, 47.948411925271678 ], [ -3.189361758511409, 47.948439905800001 ], [ -3.189667165030532, 47.948520966828049 ], [ -3.190194027860471, 47.948736004620393 ], [ -3.190286173144892, 47.948803902661325 ], [ -3.190380856557745, 47.948897965593524 ], [ -3.190421557326598, 47.949010551475567 ], [ -3.190424098918726, 47.949119531641124 ], [ -3.190341531062459, 47.949555953003113 ], [ -3.190332761250724, 47.949751980853769 ], [ -3.190417666149113, 47.95025808732354 ], [ -3.190471279789918, 47.950358377277844 ], [ -3.190493656123586, 47.950383212528017 ], [ -3.190544180928036, 47.950442021584038 ], [ -3.190598261648753, 47.950476610505426 ], [ -3.190653187141717, 47.950492315969839 ], [ -3.190901866471991, 47.950515317385047 ], [ -3.191100117418149, 47.950532621482189 ], [ -3.191274475366614, 47.950531355325218 ], [ -3.191622398669539, 47.950518901565651 ], [ -3.1919630446582, 47.950475668570625 ], [ -3.192179117903253, 47.950453785972137 ], [ -3.192700317146689, 47.950353619468885 ], [ -3.193036635605226, 47.950268873035967 ], [ -3.193405822961109, 47.950167801285062 ], [ -3.193722783266898, 47.950073592469202 ], [ -3.194106917387679, 47.949942266955588 ], [ -3.194146673881601, 47.949937807715564 ], [ -3.194190175113458, 47.949932536999874 ], [ -3.194318600408222, 47.949935578950999 ], [ -3.194452517216892, 47.949954053591192 ], [ -3.19490776873576, 47.950001741821595 ], [ -3.195284863366061, 47.950055679101027 ], [ -3.195703211812821, 47.950154699653837 ], [ -3.195913410189219, 47.95018127940277 ], [ -3.196066894682019, 47.950176810979215 ], [ -3.196227115389026, 47.950159899494217 ], [ -3.196301096190444, 47.950136445906885 ], [ -3.19640515512959, 47.950103802333061 ], [ -3.196752558531731, 47.949964396984981 ], [ -3.196915698589891, 47.949909746765258 ], [ -3.197081660203441, 47.949874966639413 ], [ -3.197503406492913, 47.949814731884743 ], [ -3.198032120126835, 47.949712017436788 ], [ -3.198170472516539, 47.949686484448016 ], [ -3.198225207201556, 47.949678777318624 ], [ -3.198282531894662, 47.949668430929151 ], [ -3.198314918849907, 47.949662895726348 ], [ -3.198354714927386, 47.949657535731134 ], [ -3.198385826912272, 47.94965287051766 ], [ -3.198400805577901, 47.949649624093091 ], [ -3.198407060055509, 47.94964797167782 ], [ -3.198535252590056, 47.94962849909956 ], [ -3.198766820038837, 47.949591667169479 ], [ -3.19907159634511, 47.949576369147508 ], [ -3.199387518414365, 47.949588338589031 ], [ -3.199551545796466, 47.949624621759263 ], [ -3.199685095125111, 47.949679087671988 ], [ -3.199817642699534, 47.949756033769745 ], [ -3.199929871779193, 47.949845101749275 ], [ -3.200025647234781, 47.949942782371096 ], [ -3.200176175477484, 47.950115570055516 ], [ -3.2005601314532, 47.950459502943502 ], [ -3.200783767950765, 47.950600711187867 ], [ -3.201008053599019, 47.95069962670928 ], [ -3.201301333109593, 47.950803772137043 ], [ -3.201669380832874, 47.950922284891696 ], [ -3.201930889239919, 47.950962666928412 ], [ -3.202277411347914, 47.950981651519761 ], [ -3.202741842156395, 47.951017821199137 ], [ -3.203177236686721, 47.951039801103924 ], [ -3.203456155190614, 47.951077889887543 ], [ -3.203692098832426, 47.951081657848881 ], [ -3.204070814940966, 47.951071691123587 ], [ -3.204353764371453, 47.951074766437465 ], [ -3.204529753288003, 47.951092420781023 ], [ -3.204620975030569, 47.951098173416632 ], [ -3.204903324595171, 47.951114735544948 ], [ -3.205639398859959, 47.951130295071991 ], [ -3.20586434880748, 47.951131098576482 ], [ -3.206139529442114, 47.951142087479859 ], [ -3.20710653317844, 47.951135176314089 ], [ -3.207483055083211, 47.951146749787888 ], [ -3.208166389654202, 47.951152947937558 ], [ -3.208898201462877, 47.951180987121724 ], [ -3.209733468403446, 47.951189853255592 ], [ -3.211069665895637, 47.951192498249739 ], [ -3.21190182527104, 47.951215677069349 ], [ -3.212335472946858, 47.951221376160781 ], [ -3.212558829509295, 47.951230229709594 ], [ -3.212836362055724, 47.951243957360347 ], [ -3.213050078857822, 47.951247182275409 ], [ -3.213619168739323, 47.951209252557973 ], [ -3.213728356922938, 47.951228022045854 ], [ -3.21380280861964, 47.951249575555345 ], [ -3.213882120238409, 47.951273043558437 ], [ -3.2139122751746, 47.951289955166637 ], [ -3.213988838078921, 47.951319659581728 ], [ -3.214073687342833, 47.951329755242789 ], [ -3.214157819880513, 47.951328131951868 ], [ -3.214272147955918, 47.951314616034793 ], [ -3.214328395910807, 47.951300635248117 ], [ -3.214410218565138, 47.951267451989999 ], [ -3.214521280630435, 47.951216052480575 ], [ -3.214616607206514, 47.951184986714786 ], [ -3.214725716370232, 47.951177648792019 ], [ -3.215156097606394, 47.951173358130752 ], [ -3.215486253002713, 47.951199117127814 ], [ -3.215710048204961, 47.951225977606043 ], [ -3.215916674353378, 47.951221829074171 ], [ -3.216025066519711, 47.951230675818046 ], [ -3.216130590661748, 47.951248456661553 ], [ -3.216169510011323, 47.951262872981744 ], [ -3.21620269328375, 47.951295157708493 ], [ -3.216240977182575, 47.951463485792338 ], [ -3.216253645148718, 47.951484486867187 ], [ -3.21628706754008, 47.951511376246678 ], [ -3.216367894197067, 47.951528576886915 ], [ -3.21646537197845, 47.951532666106665 ], [ -3.216902608426592, 47.951569036442756 ], [ -3.21730757777901, 47.95158034339012 ], [ -3.21752161451949, 47.951576365721017 ], [ -3.217829224357124, 47.951552979930995 ], [ -3.217919452044988, 47.951553297070063 ], [ -3.218096442720415, 47.951576353712163 ], [ -3.218158267608787, 47.951576004153573 ], [ -3.218253713511446, 47.951570142370947 ], [ -3.218454602461845, 47.95152804782645 ], [ -3.218515989615835, 47.951537589505037 ], [ -3.218630994965783, 47.951536687070849 ], [ -3.218754046310918, 47.951521570785914 ], [ -3.21881272340359, 47.951508544834212 ], [ -3.219078781468236, 47.951446374222137 ], [ -3.219206611225216, 47.9514070653291 ], [ -3.219333685059308, 47.951384841507185 ], [ -3.219384316061082, 47.951386029017705 ], [ -3.21955592969618, 47.95141885886526 ], [ -3.219701053754219, 47.951463669402486 ], [ -3.220012616252685, 47.951574493230702 ], [ -3.220218695743195, 47.95169454503818 ], [ -3.220394979161242, 47.951817498514636 ], [ -3.220588112368378, 47.951922843603406 ], [ -3.220750649113015, 47.951993265240034 ], [ -3.220956172499577, 47.952097999941223 ], [ -3.221246786942323, 47.952207428975498 ], [ -3.221316382530516, 47.952227063125818 ], [ -3.221671770727429, 47.95232540683601 ], [ -3.221976323247916, 47.952371249488181 ], [ -3.2224050839917, 47.952403798227216 ], [ -3.222491012348667, 47.952417513134662 ], [ -3.222650761716419, 47.952467163012003 ], [ -3.222801505833027, 47.952496798328987 ], [ -3.22294057606745, 47.952510857397122 ], [ -3.223250860875187, 47.952510922809545 ], [ -3.223573820451501, 47.952559892443446 ], [ -3.223867277510593, 47.952717089055412 ], [ -3.223934206216817, 47.952741159831561 ], [ -3.224140325262142, 47.952776590424776 ], [ -3.224300985890923, 47.952777650833944 ], [ -3.224386513985328, 47.952772451613328 ], [ -3.224575653117151, 47.952744473132242 ], [ -3.224773520465146, 47.952742803063906 ], [ -3.224923864948375, 47.952753522808706 ], [ -3.225210776060413, 47.952807044811209 ], [ -3.225289534175905, 47.952815188771119 ], [ -3.225464974487807, 47.952817493434054 ], [ -3.225691920120441, 47.952801199421394 ], [ -3.226193621628968, 47.952805734439927 ], [ -3.226399578362355, 47.952816852763497 ], [ -3.226506660880488, 47.952827458608205 ], [ -3.226829743987494, 47.952873720879261 ], [ -3.227413717054598, 47.952918880681338 ], [ -3.227433396785023, 47.952921141083387 ], [ -3.22814929904637, 47.952918072490483 ], [ -3.228657579148391, 47.952941653045379 ], [ -3.228893135799727, 47.952954358444231 ], [ -3.229119209267102, 47.952957840243954 ], [ -3.229130323737603, 47.95295809991638 ], [ -3.229297397400594, 47.952953901824756 ], [ -3.229497814450951, 47.952950482383393 ], [ -3.229668315578785, 47.952952664853171 ], [ -3.229863000584643, 47.952967113890615 ], [ -3.230008050341341, 47.952985804255235 ], [ -3.23015752505819, 47.953016299742266 ], [ -3.230281303753815, 47.953040794037818 ], [ -3.230450458659739, 47.953073549004174 ], [ -3.230659891744073, 47.953118045999332 ], [ -3.230824867081679, 47.953161504607706 ], [ -3.230985900254957, 47.953210271838174 ], [ -3.231158404572596, 47.953251205246701 ], [ -3.231368036798607, 47.953291204741362 ], [ -3.231591728801273, 47.953320730166595 ], [ -3.231832512436438, 47.953355154775686 ], [ -3.23204863690061, 47.953388103241636 ], [ -3.23224476491537, 47.953425985577084 ], [ -3.232461966546268, 47.953462558950797 ], [ -3.23269431278215, 47.953520188699123 ], [ -3.232942634787125, 47.953579990927665 ], [ -3.233425379335471, 47.953706470679094 ], [ -3.23362040181956, 47.953769528942907 ], [ -3.233754309455913, 47.953816759222562 ], [ -3.233919654004111, 47.953880024983249 ], [ -3.234052089892414, 47.953932621475843 ], [ -3.234212574328083, 47.95399397315105 ], [ -3.234394655838685, 47.95407023052897 ], [ -3.234561553109289, 47.954126330279522 ], [ -3.23472968567586, 47.95418245856419 ], [ -3.234866500015769, 47.954219853536038 ], [ -3.235011998870826, 47.954256550605251 ], [ -3.235128253875202, 47.954283564366442 ], [ -3.23524498334162, 47.954299787245162 ], [ -3.235359559147883, 47.954308758596177 ], [ -3.235456163752137, 47.9543047089022 ], [ -3.235556710409578, 47.95429535008023 ], [ -3.235645786569619, 47.954293825231382 ], [ -3.2357268205365, 47.954306515326195 ], [ -3.235790969942252, 47.954337715097616 ], [ -3.235843728003542, 47.954374950459211 ], [ -3.235882624763009, 47.954418163877001 ], [ -3.235921452433328, 47.954491080654563 ], [ -3.235931796645764, 47.954565134061212 ], [ -3.235926520844553, 47.954628921862501 ], [ -3.23592136358889, 47.954690011975401 ], [ -3.235923062953431, 47.95476386396728 ], [ -3.235930057933578, 47.954829737989208 ], [ -3.235942032393464, 47.954894827883031 ], [ -3.235944690146018, 47.954975003274221 ], [ -3.235932962741151, 47.955044941834338 ], [ -3.235922944530852, 47.955104118404257 ], [ -3.235885025343411, 47.955235557153095 ], [ -3.235867310575631, 47.955272950759358 ], [ -3.235757424964742, 47.955579142364599 ], [ -3.235678364504221, 47.955746528683804 ], [ -3.235646253895005, 47.955858299438852 ], [ -3.235618016030341, 47.955994464547267 ], [ -3.235611020134937, 47.956153628459944 ], [ -3.235708279019752, 47.956416038781597 ], [ -3.235733552318519, 47.956459834993595 ], [ -3.235770296545932, 47.956495797110342 ], [ -3.235843696242631, 47.956541614818605 ], [ -3.235926136417183, 47.956578641588969 ], [ -3.236079516656469, 47.956689333258083 ], [ -3.236153312015275, 47.956726158445768 ], [ -3.236272329268153, 47.956774838909098 ], [ -3.236399231046536, 47.95681290107926 ], [ -3.236455884269431, 47.956817821399696 ], [ -3.236515244625353, 47.956817403835643 ], [ -3.236759403986451, 47.956775382875925 ], [ -3.236875852079256, 47.956769993694252 ], [ -3.236968202573676, 47.956778445601955 ], [ -3.237035101988772, 47.956803407594748 ], [ -3.23713087306409, 47.956902854388268 ], [ -3.237162193818343, 47.956921586824976 ], [ -3.237250771042886, 47.956959655635863 ], [ -3.237527934689143, 47.95706692659332 ], [ -3.237738960316189, 47.957160054872162 ], [ -3.237927648341855, 47.957283267873194 ], [ -3.23805800289959, 47.957383518942251 ], [ -3.23810380027999, 47.957438594189981 ], [ -3.238169143486439, 47.957555334760045 ], [ -3.238209312194543, 47.957682291118346 ], [ -3.238215457008555, 47.957908372391877 ], [ -3.238198638109355, 47.958094312448999 ], [ -3.238125451659824, 47.958296943458421 ], [ -3.237914580165183, 47.958509871510479 ], [ -3.237820126619698, 47.958633693993086 ], [ -3.237782464302591, 47.958703029109337 ], [ -3.23776620380802, 47.958791765701143 ], [ -3.237739025101223, 47.959185400076848 ], [ -3.237727941691641, 47.959268856307773 ], [ -3.237723855843688, 47.959418186666852 ], [ -3.237734242758357, 47.959491340930626 ], [ -3.237774264675255, 47.959649799579751 ], [ -3.237803390053833, 47.959859313315825 ], [ -3.237802966433005, 47.959897109914799 ], [ -3.237800765613529, 47.959975372065443 ], [ -3.237816531293459, 47.960151269120189 ], [ -3.237834684504871, 47.960216502822924 ], [ -3.237876157582711, 47.960313784802644 ], [ -3.238006117237104, 47.960507642832631 ], [ -3.238100373680599, 47.960585449893721 ], [ -3.238208453527321, 47.960658177709071 ], [ -3.23825839335088, 47.960703447682995 ], [ -3.238311119366273, 47.960741581250268 ], [ -3.238377589643068, 47.960776434073139 ], [ -3.238706541478328, 47.960915512433971 ], [ -3.238772735844453, 47.960956659667062 ], [ -3.239135332029866, 47.961230642613081 ], [ -3.239254175284991, 47.961311721189915 ], [ -3.239289594329033, 47.961406161311331 ], [ -3.239333647850247, 47.961472897530179 ], [ -3.239407028855545, 47.961547517280636 ], [ -3.239461950391275, 47.961592002435466 ], [ -3.239585972187914, 47.961667800192465 ], [ -3.240058361984325, 47.961891225009374 ], [ -3.240133086043202, 47.961935270247615 ], [ -3.240211239439185, 47.961985696271647 ], [ -3.240329336123747, 47.962083859211894 ], [ -3.240612833522608, 47.962301088104091 ], [ -3.240654643480368, 47.962334465893498 ], [ -3.240712522642341, 47.962396122108728 ], [ -3.24078861092261, 47.962550017448798 ], [ -3.240884250032473, 47.962765577834162 ], [ -3.24089910884909, 47.962849637695548 ], [ -3.240874454841913, 47.962960683644447 ], [ -3.240849500037479, 47.963022214091943 ], [ -3.240772783907459, 47.963164455087508 ], [ -3.24073204787538, 47.963219317491522 ], [ -3.240680353050595, 47.963270324442369 ], [ -3.240622916252503, 47.963311296147509 ], [ -3.24042306441666, 47.963413767209651 ], [ -3.240294918834508, 47.963488200445703 ], [ -3.240187916758305, 47.963531619846101 ], [ -3.240135893558161, 47.963561915355804 ], [ -3.240108337047258, 47.963598180822494 ], [ -3.24003637740545, 47.963688323022836 ], [ -3.239912670237069, 47.96380246592512 ], [ -3.239804822619189, 47.963921478389842 ], [ -3.239718750279168, 47.963995089345772 ], [ -3.239687053611854, 47.964041160136233 ], [ -3.239666118360838, 47.96409558265389 ], [ -3.23965504850654, 47.964206944483763 ], [ -3.239662601452357, 47.964260229382212 ], [ -3.239676172496316, 47.964317254897026 ], [ -3.239727335858551, 47.964419262506262 ], [ -3.239761262093428, 47.964463259155629 ], [ -3.239806344596933, 47.964506615137999 ], [ -3.239926628083646, 47.964583225709283 ], [ -3.24006810756291, 47.964655828339723 ], [ -3.240331793250032, 47.964733073121025 ], [ -3.240481659079895, 47.96475546148892 ], [ -3.240750735521627, 47.9647662190498 ], [ -3.24088520230616, 47.964745041319773 ], [ -3.240983678058915, 47.964698722454067 ], [ -3.241111773591489, 47.96459728246294 ], [ -3.241175295978188, 47.964530347402153 ], [ -3.241284559852502, 47.964463575505796 ], [ -3.241368816624212, 47.964431328259955 ], [ -3.241411325932006, 47.964420614401128 ], [ -3.241463282941045, 47.964420021849321 ], [ -3.241691585260667, 47.96431730988246 ], [ -3.241969530927316, 47.964210350279522 ], [ -3.242028504575679, 47.96421892208285 ], [ -3.242123272218829, 47.964257130642785 ], [ -3.242162443460264, 47.964266142335411 ], [ -3.242275844445148, 47.964274178500354 ], [ -3.242308077685005, 47.964272227055886 ], [ -3.242400467417497, 47.964251870036307 ], [ -3.242494039769367, 47.964204535770563 ], [ -3.242632762053761, 47.964170852639342 ], [ -3.242703680271511, 47.964160798346882 ], [ -3.242925015552117, 47.964160539644652 ], [ -3.24314431399172, 47.964150331474336 ], [ -3.243197230044836, 47.964156061458951 ], [ -3.243302681556302, 47.964204418849178 ], [ -3.243555963494026, 47.964349825804398 ], [ -3.243642034479801, 47.964445440922766 ], [ -3.243722954264561, 47.964517532318212 ], [ -3.243809394122803, 47.964632959273757 ], [ -3.243901184808484, 47.9648520282243 ], [ -3.243910043921147, 47.964960252538816 ], [ -3.243896249657213, 47.965105757306361 ], [ -3.24382503255714, 47.965320140675374 ], [ -3.243821289290058, 47.965405568489473 ], [ -3.243800922818425, 47.965475307627614 ], [ -3.243754827415289, 47.965567853292065 ], [ -3.243635397580238, 47.96586663173575 ], [ -3.24360818467192, 47.965951514510785 ], [ -3.243540971451822, 47.966046270142485 ], [ -3.24350403410142, 47.966127326431007 ], [ -3.243455900731558, 47.966209922987325 ], [ -3.243417255003717, 47.966301741453684 ], [ -3.243368595517587, 47.966368122959807 ], [ -3.243326165006233, 47.966461653813774 ], [ -3.243323104403413, 47.966559699742113 ], [ -3.243340556485486, 47.966641119158119 ], [ -3.243396538796985, 47.966802647250425 ], [ -3.243409365349455, 47.966876757980657 ], [ -3.243396318160167, 47.967005177304799 ], [ -3.243469345779327, 47.967229212085975 ], [ -3.24351046519458, 47.967306680404036 ], [ -3.243648632078054, 47.967426909608783 ], [ -3.243766339755941, 47.967590771195148 ], [ -3.243842520086984, 47.967658251711981 ], [ -3.24392833252744, 47.967703451925843 ], [ -3.244047576097412, 47.967747628032001 ], [ -3.244255196015978, 47.967863168027073 ], [ -3.244340654518695, 47.967916461098966 ], [ -3.244431251240655, 47.967965372609378 ], [ -3.244509298423971, 47.968018493481111 ], [ -3.24458555897955, 47.968084175012507 ], [ -3.244625839156874, 47.968152621856255 ], [ -3.244708099778207, 47.968420077709439 ], [ -3.244780830189909, 47.968594596143049 ], [ -3.244836925671409, 47.968810135629958 ], [ -3.244849674691359, 47.969196598993221 ], [ -3.244844264110146, 47.969291890080356 ], [ -3.244822031962396, 47.969375988820801 ], [ -3.244821838263705, 47.969465099913116 ], [ -3.244882600257446, 47.969687048910437 ], [ -3.244896009315656, 47.969804380647759 ], [ -3.24492089074926, 47.969913877259124 ], [ -3.245085055149711, 47.970203037582685 ], [ -3.245154000480698, 47.970294653531454 ], [ -3.24525673688426, 47.970461766768715 ], [ -3.245336549985067, 47.970531130870718 ], [ -3.245433815400567, 47.970597299282154 ], [ -3.245708879698991, 47.970726103576752 ], [ -3.245813346296798, 47.970769034624269 ], [ -3.246039599205273, 47.970826493182116 ], [ -3.246275169170291, 47.970868864715527 ], [ -3.246747624200638, 47.97095183641396 ], [ -3.246944687702158, 47.97096990925499 ], [ -3.247014983846836, 47.970974240012865 ], [ -3.24726198800353, 47.971009673289615 ], [ -3.247352734049925, 47.971027080244887 ], [ -3.247462852076493, 47.971053937882118 ], [ -3.24807311003974, 47.971209411032675 ], [ -3.248230856415758, 47.97124997416639 ], [ -3.248421343923784, 47.971333603350153 ], [ -3.248544013164805, 47.971356249997733 ], [ -3.248649426980022, 47.971377596435246 ], [ -3.248766548942469, 47.971385711746471 ], [ -3.249019542879235, 47.971369070660408 ], [ -3.249334854483108, 47.971341270694076 ], [ -3.249692341378807, 47.971338751117997 ], [ -3.250082986053891, 47.971341499183588 ], [ -3.250400391567005, 47.971350651060348 ], [ -3.25067026448667, 47.971372203631127 ], [ -3.250852192110128, 47.971397120059962 ], [ -3.25098103918812, 47.97141990697969 ], [ -3.251104866384954, 47.971444377830039 ], [ -3.251208439276352, 47.971451276629345 ], [ -3.251312169351918, 47.971454578342609 ], [ -3.251608103312682, 47.971474031442405 ], [ -3.251815210066027, 47.97148872722849 ], [ -3.252142360136607, 47.971529605004605 ], [ -3.25233003364428, 47.971564553630124 ], [ -3.252496117302005, 47.971612504669586 ], [ -3.252619727941781, 47.971670274532961 ], [ -3.252748965865834, 47.971740776642214 ], [ -3.252850712100959, 47.971817843766132 ], [ -3.252919103891029, 47.971894139092456 ], [ -3.252959357397507, 47.971963482275996 ], [ -3.252979609609659, 47.972037763636976 ], [ -3.252989272204536, 47.972128002810749 ], [ -3.252977737271008, 47.972222252349837 ], [ -3.252960261042403, 47.972310963499282 ], [ -3.252926999796223, 47.972393008352967 ], [ -3.252865086265863, 47.972536501086466 ], [ -3.252754104496729, 47.972784176826345 ], [ -3.252657704298489, 47.973151010637253 ], [ -3.25261519880661, 47.973359763724318 ], [ -3.252600110627838, 47.973507040387005 ], [ -3.252607395336037, 47.97368003915328 ], [ -3.252637606185439, 47.973809460698874 ], [ -3.252675504484633, 47.973932759014431 ], [ -3.252737425436024, 47.974044010940908 ], [ -3.252810290136964, 47.974131211781987 ], [ -3.252891392125199, 47.974199699841506 ], [ -3.25298267354229, 47.9742333171938 ], [ -3.253102487310276, 47.974264894063118 ], [ -3.253241499832285, 47.974281612238279 ], [ -3.253364766158977, 47.974290764742193 ], [ -3.253779255051943, 47.974342659081351 ], [ -3.253922876971212, 47.974338779360885 ], [ -3.254027769328308, 47.974343905553887 ], [ -3.254088990508397, 47.974357923498403 ], [ -3.254219138944614, 47.974407741248463 ], [ -3.254534518733443, 47.974577061783734 ], [ -3.254649155688155, 47.974670628076495 ], [ -3.25472033801436, 47.974739785546639 ], [ -3.25476665509012, 47.974811968758601 ], [ -3.254788263780205, 47.974883580743651 ], [ -3.254793282830852, 47.974938606374998 ], [ -3.254781652764844, 47.975006749474751 ], [ -3.254766355621945, 47.975073907643427 ], [ -3.254753647020009, 47.975138425184127 ], [ -3.254749547174471, 47.975204041905045 ], [ -3.254758958609663, 47.975271771302012 ], [ -3.254781488992383, 47.975350605877459 ], [ -3.25480707887847, 47.975416008814378 ], [ -3.254872808392952, 47.975610162068712 ], [ -3.25488478953378, 47.975647345507014 ], [ -3.254905555607196, 47.975709936443572 ], [ -3.254906750800431, 47.975767574176686 ], [ -3.254898315939306, 47.975904203197899 ], [ -3.254845736748485, 47.976117225349924 ], [ -3.254808827933593, 47.976226191418448 ], [ -3.254753897245688, 47.976323038802413 ], [ -3.254711731165261, 47.976495794571889 ], [ -3.254696747467222, 47.976555758791804 ], [ -3.254725140469309, 47.976698640231689 ], [ -3.254881549275566, 47.976968702918953 ], [ -3.254930496241226, 47.977037346288704 ], [ -3.254944986922761, 47.97713039760302 ], [ -3.254987325128368, 47.977208789930138 ], [ -3.255067610117719, 47.977296160803128 ], [ -3.255139619329357, 47.977403143826272 ], [ -3.255314231729539, 47.977596213019041 ], [ -3.255399832122214, 47.977703509993859 ], [ -3.255487570586151, 47.977790152657036 ], [ -3.255589370430225, 47.977866318293643 ], [ -3.255685757869036, 47.977953160667646 ], [ -3.255771830181696, 47.978049666344759 ], [ -3.255926953253387, 47.978292693101942 ], [ -3.256114083088983, 47.978539159630735 ], [ -3.256643650329086, 47.979072585894123 ], [ -3.256774930374954, 47.979181837108065 ], [ -3.256909270075769, 47.97927765643697 ], [ -3.257397916354226, 47.979586894266056 ], [ -3.257575441971623, 47.979656705216648 ], [ -3.257794033570516, 47.979692357813789 ], [ -3.258216859198141, 47.979695818289372 ], [ -3.258383457449855, 47.979647454786289 ], [ -3.258517380578512, 47.979554229044183 ], [ -3.258585193524032, 47.979473879807074 ], [ -3.258836204979847, 47.979162817301827 ], [ -3.258943137776299, 47.979007757411622 ], [ -3.259018790440019, 47.978860977166541 ], [ -3.259037106142202, 47.978837995728178 ], [ -3.259320232180195, 47.97847096352649 ], [ -3.259443715221649, 47.978333388174576 ], [ -3.259549704863087, 47.978199909876281 ], [ -3.259811715133815, 47.978005219742357 ], [ -3.260257829190471, 47.977785970798386 ], [ -3.260602617356306, 47.977649898175777 ], [ -3.260865827625256, 47.977569553310772 ], [ -3.261143840828741, 47.977461644303609 ], [ -3.261426420416004, 47.977334036454337 ], [ -3.261726865701725, 47.97722214243047 ], [ -3.262015195810352, 47.977161277253394 ], [ -3.262343832904551, 47.977168852017449 ], [ -3.262834168106406, 47.977240462359866 ], [ -3.263474145826575, 47.977397432062638 ], [ -3.263915972080313, 47.977503926170385 ], [ -3.264048998078926, 47.977544796599751 ], [ -3.264184807983227, 47.977578529731538 ], [ -3.264307184036666, 47.977608352697438 ], [ -3.264447506225543, 47.977652091121456 ], [ -3.264687966300691, 47.977725139817373 ], [ -3.26500151646245, 47.97779536995106 ], [ -3.265180100866101, 47.977840888459866 ], [ -3.265343561911569, 47.977864454806181 ], [ -3.265626866110535, 47.977890779392006 ], [ -3.265868139277568, 47.977888231094447 ], [ -3.266113328731092, 47.977852466641707 ], [ -3.266358297913163, 47.977793292542415 ], [ -3.266650165667635, 47.977679387331563 ], [ -3.26683852457091, 47.97755679902528 ], [ -3.266937380991026, 47.977444753616574 ], [ -3.267088269514368, 47.977359109403615 ], [ -3.267305809476037, 47.977247993480596 ], [ -3.267440114307501, 47.977202474302779 ], [ -3.267664505608717, 47.977132922377479 ], [ -3.267839633370572, 47.977058636493368 ], [ -3.268123755856882, 47.976980555569732 ], [ -3.268380072692357, 47.976916237082854 ], [ -3.268488743129517, 47.976862926038393 ], [ -3.268629289009988, 47.976759038946604 ], [ -3.268888855936435, 47.976591276379644 ], [ -3.269053615593283, 47.976470842486918 ], [ -3.26918571938869, 47.976418969582035 ], [ -3.269281786504227, 47.976399573934799 ], [ -3.269402172743392, 47.976389738656238 ], [ -3.269596842845137, 47.976378009767451 ], [ -3.269815247063536, 47.97638932973986 ], [ -3.270033339365646, 47.976407843326619 ], [ -3.270214043398154, 47.976461503588745 ], [ -3.27045654782595, 47.976544488032175 ], [ -3.270613805495506, 47.976625513717927 ], [ -3.270743481138499, 47.976743712027151 ], [ -3.270902409411793, 47.976985903019674 ], [ -3.271007196790041, 47.97716473976314 ], [ -3.271037642967431, 47.977204145612099 ], [ -3.271127395410316, 47.977330428059233 ], [ -3.271281783467926, 47.977449193275021 ], [ -3.271487154470827, 47.977618637419212 ], [ -3.27173424903163, 47.977824145146663 ], [ -3.272043849314669, 47.978042789296211 ], [ -3.272270874585699, 47.978140716801683 ], [ -3.272420437129936, 47.97817115458038 ], [ -3.272581130647103, 47.978173042737282 ], [ -3.27266588520911, 47.978157885139233 ], [ -3.272836512829958, 47.978130295876788 ], [ -3.272954848511655, 47.978139312724451 ], [ -3.273049581753057, 47.978179293159123 ], [ -3.273098718270184, 47.978215526712411 ], [ -3.273200698012464, 47.978288078808312 ], [ -3.27328565974893, 47.978439453771536 ], [ -3.273380049519065, 47.978573041941296 ], [ -3.273446356103874, 47.978641174659543 ], [ -3.273729114975611, 47.978908706434588 ], [ -3.274161694253045, 47.979257987427722 ], [ -3.274493833936639, 47.979442035442311 ], [ -3.274565902542818, 47.979491396396845 ], [ -3.274675766772045, 47.979553326060511 ], [ -3.274827123287468, 47.979656713988007 ], [ -3.274995329616482, 47.979827999556747 ], [ -3.275127093362848, 47.979984046842866 ], [ -3.275149362111429, 47.980012462182074 ], [ -3.275256503491621, 47.980137339547944 ], [ -3.275376088552108, 47.980231896878337 ], [ -3.276096767380311, 47.980583273833552 ], [ -3.276304789224796, 47.98063484932085 ], [ -3.276523746271632, 47.980662370848769 ], [ -3.276757072656547, 47.980672218114869 ], [ -3.277187077679787, 47.980709974785881 ], [ -3.277304114915867, 47.980691952432331 ], [ -3.277480031243042, 47.980685180366741 ], [ -3.277854008857673, 47.980731552657346 ], [ -3.278144798609013, 47.980842629953621 ], [ -3.278353234084909, 47.980941919027941 ], [ -3.278516731634701, 47.981022175711438 ], [ -3.278570008306676, 47.981048599841323 ], [ -3.278898185579734, 47.981267649281286 ], [ -3.279177400556529, 47.981503580000272 ], [ -3.279405438396876, 47.981664526103721 ], [ -3.279612286016, 47.98180068262355 ], [ -3.279888981270953, 47.982095063749334 ], [ -3.280208076560914, 47.982238288460046 ], [ -3.280442934318945, 47.982327376143139 ], [ -3.280660967683043, 47.982376471698053 ], [ -3.280946034496948, 47.982419898919879 ], [ -3.281179633626154, 47.982452246563454 ], [ -3.281391885202436, 47.98246340197678 ], [ -3.281939606010413, 47.982467825446037 ], [ -3.282115643673159, 47.982458348060675 ], [ -3.282467226923081, 47.982393473423599 ], [ -3.282601874791395, 47.982368646650286 ], [ -3.282931926775176, 47.982229465896175 ], [ -3.283394098591744, 47.981951979580089 ], [ -3.283669830589131, 47.981753045572312 ], [ -3.283940961847112, 47.981574709301775 ], [ -3.284311752182211, 47.981379745822998 ], [ -3.284660134119609, 47.981245479601967 ], [ -3.285367465703756, 47.981018592167509 ], [ -3.286063473322311, 47.980824747338723 ], [ -3.286292251609739, 47.980796663932409 ], [ -3.28656620323951, 47.980782213129736 ], [ -3.286863243113372, 47.980777290008632 ], [ -3.287132015848299, 47.980796925283073 ], [ -3.287368044267615, 47.980830215215526 ], [ -3.28757839334426, 47.98088542253835 ], [ -3.287730779791382, 47.98099421634403 ], [ -3.287842160488059, 47.981107475464277 ], [ -3.28801821760891, 47.981212308053081 ], [ -3.288188914028139, 47.981269310162901 ], [ -3.288549041703831, 47.981321630485382 ], [ -3.288670357632737, 47.981347800804663 ], [ -3.288832406026677, 47.981404604682552 ], [ -3.289449632910876, 47.981661716895495 ], [ -3.289550445280389, 47.981704521652652 ], [ -3.289650445164022, 47.981766210928818 ], [ -3.289684190369845, 47.981786783388806 ], [ -3.289725116971899, 47.981812920420154 ], [ -3.289939253504486, 47.981895213875589 ], [ -3.290279999262505, 47.981995694669173 ], [ -3.29041961923381, 47.982027680998655 ], [ -3.290533910757128, 47.982044687640126 ], [ -3.290611289164371, 47.98205725251087 ], [ -3.290863967719728, 47.982077411837281 ], [ -3.291017373174927, 47.982105210709022 ], [ -3.291196148197902, 47.982118284735463 ], [ -3.291409829430668, 47.982124952353978 ], [ -3.291639882829748, 47.982124791242562 ], [ -3.291852252822618, 47.982104423662932 ], [ -3.291948747061674, 47.982075115914888 ], [ -3.292063544710837, 47.982022821017274 ], [ -3.292278083100372, 47.981865679432744 ], [ -3.29236940647198, 47.981755240242947 ], [ -3.292394430206101, 47.981690999323746 ], [ -3.292415244621515, 47.981638364490358 ], [ -3.292464870555431, 47.981433360461025 ], [ -3.292495649357517, 47.981321542727066 ], [ -3.292530209543368, 47.98126562025827 ], [ -3.292621303247462, 47.981074162406699 ], [ -3.292723899465607, 47.980960379078873 ], [ -3.292831901324444, 47.980835916960544 ], [ -3.292969168883713, 47.980749927144053 ], [ -3.293077940677704, 47.980665088829312 ], [ -3.293134201059308, 47.980564652804041 ], [ -3.293143317568249, 47.980438839705727 ], [ -3.293110812370093, 47.980274273038205 ], [ -3.292991781851258, 47.980051027522251 ], [ -3.292851439848391, 47.979805693211446 ], [ -3.292741834227001, 47.979535854378632 ], [ -3.292610453739389, 47.979254717948727 ], [ -3.29246362713568, 47.979045241415989 ], [ -3.292343482106507, 47.978819269454242 ], [ -3.292295884631113, 47.978631855347984 ], [ -3.292305622502073, 47.97846284958991 ], [ -3.292332577510631, 47.978353645536984 ], [ -3.292412159788848, 47.978199732359911 ], [ -3.29255212585907, 47.978079599263395 ], [ -3.292817884866435, 47.97788131677823 ], [ -3.293154569046971, 47.97764414166442 ], [ -3.293191828279518, 47.977611684413702 ], [ -3.293261250062617, 47.977550254449064 ], [ -3.293352139690435, 47.977449706695715 ], [ -3.293478050278575, 47.977253640451153 ], [ -3.293530290309372, 47.977189118850205 ], [ -3.293676042729294, 47.977078117643771 ], [ -3.293711795397947, 47.977051926969068 ], [ -3.293979088517533, 47.976932889621516 ], [ -3.294421587845047, 47.976823238890866 ], [ -3.295105584067121, 47.976734382061196 ], [ -3.295532520968886, 47.976699084865757 ], [ -3.295723518921601, 47.976686325535688 ], [ -3.29604655919283, 47.976680168736067 ], [ -3.296308983498336, 47.976674433218712 ], [ -3.296338673704673, 47.976674208057091 ], [ -3.296603375998198, 47.976673024334254 ], [ -3.297198994158835, 47.976655057024992 ], [ -3.297381768668404, 47.976661010908074 ], [ -3.297763804688822, 47.976692195353507 ], [ -3.298022138279989, 47.97672416875703 ], [ -3.298173177615789, 47.976749203466731 ], [ -3.298283214655831, 47.976778707419207 ], [ -3.298425568962741, 47.976833249200418 ], [ -3.298663908021184, 47.976927776889006 ], [ -3.298811900812398, 47.976995048217134 ], [ -3.299038971526478, 47.977150528865835 ], [ -3.299134534814651, 47.977229211113837 ], [ -3.299310834037012, 47.977357434103055 ], [ -3.299464121974953, 47.977474332617518 ], [ -3.29954648347404, 47.977572517896682 ], [ -3.299635056744732, 47.977612334842775 ], [ -3.299757643933239, 47.977637621476667 ], [ -3.299867529350221, 47.977670720913601 ], [ -3.300157344371685, 47.977805119938715 ], [ -3.300384265153142, 47.977935390299578 ], [ -3.30044287902245, 47.977981727745622 ], [ -3.300627991760715, 47.978164157153728 ], [ -3.300727422393697, 47.978268129738638 ], [ -3.300808284904928, 47.978401385605977 ], [ -3.300949039674197, 47.978608912034098 ], [ -3.301017204201497, 47.978778785503351 ], [ -3.301028727095902, 47.978942873046591 ], [ -3.301062454242433, 47.979137169147968 ], [ -3.301111576783915, 47.979231898629585 ], [ -3.301144169141004, 47.979279445578285 ], [ -3.301194290248554, 47.979321989353636 ], [ -3.301254603894858, 47.979357563201987 ], [ -3.301365151326413, 47.979404178241651 ], [ -3.301460599601422, 47.979427947042936 ], [ -3.301668254941257, 47.979488466552844 ], [ -3.301817377876359, 47.979558459741241 ], [ -3.30188239991192, 47.979570736298392 ], [ -3.301995996898096, 47.979603917698448 ], [ -3.3021477071347, 47.979671268674096 ], [ -3.302249222042946, 47.979726679376419 ], [ -3.302737950517374, 47.97995289608734 ], [ -3.303185216554642, 47.980194373201755 ], [ -3.303377938430433, 47.980286055852858 ], [ -3.303657270366493, 47.980405805372264 ], [ -3.304148621519896, 47.98054206068992 ], [ -3.304248899718987, 47.980568636866735 ], [ -3.304303072537746, 47.98057436510225 ], [ -3.304425240290579, 47.980580733813376 ], [ -3.304486014103358, 47.980576709946142 ], [ -3.30452886974338, 47.980557877783646 ], [ -3.304612994423663, 47.980499474172127 ], [ -3.304697585289572, 47.980459083924636 ], [ -3.304768974241062, 47.98043819767534 ], [ -3.305057154482756, 47.980351111100973 ], [ -3.305210436662827, 47.980323978314352 ], [ -3.30529078183516, 47.980296093454832 ], [ -3.305413592368573, 47.980229564063691 ], [ -3.305648103133836, 47.980153862401671 ], [ -3.305784350358543, 47.980091237481382 ], [ -3.305884535371781, 47.980033196642474 ], [ -3.3059600913314, 47.980001602290038 ], [ -3.306336580059264, 47.979960619023835 ], [ -3.306585427159431, 47.979954550922521 ], [ -3.306886590396231, 47.97993976490276 ], [ -3.307139259292438, 47.979931081617011 ], [ -3.307419462369065, 47.979943724122649 ], [ -3.307692565845728, 47.97997780865277 ], [ -3.307882733388107, 47.980013616557976 ], [ -3.307998850730575, 47.980074753001936 ], [ -3.308183481764695, 47.980211250970356 ], [ -3.308372954084708, 47.980408167630671 ], [ -3.308637549369092, 47.980699497800636 ], [ -3.308827140043562, 47.980893715916224 ], [ -3.309017991988829, 47.981029452997554 ], [ -3.309222820194351, 47.981156504369125 ], [ -3.309452828950257, 47.981302127551004 ], [ -3.309638688362363, 47.981381041686987 ], [ -3.309806813000841, 47.981411847032021 ], [ -3.31009281807967, 47.981433615059082 ], [ -3.310257927071364, 47.98144814897622 ], [ -3.310478553403183, 47.981436933194125 ], [ -3.310632304144063, 47.981427806140594 ], [ -3.310818141891418, 47.981420304139242 ], [ -3.311007456194238, 47.981418281228834 ], [ -3.311271596531688, 47.981401746123332 ], [ -3.31146464767088, 47.981370102186823 ], [ -3.311672057149071, 47.981320779456311 ], [ -3.311880233247014, 47.981253470835341 ], [ -3.312034388071392, 47.98117684036847 ], [ -3.312206714010935, 47.981051112365073 ], [ -3.312383896166556, 47.980898489571892 ], [ -3.31252447005722, 47.980734238117783 ], [ -3.312652342360684, 47.980577800954947 ], [ -3.312735656684806, 47.980422157786037 ], [ -3.312782564038231, 47.980279194584149 ], [ -3.312822756659775, 47.980148681719022 ], [ -3.312871385903712, 47.980081369150213 ], [ -3.312925617879524, 47.980027685171798 ], [ -3.313003670426205, 47.979966437760019 ], [ -3.313165876167002, 47.979845880804632 ], [ -3.313374295088118, 47.979714665123097 ], [ -3.313540061980571, 47.979626593077235 ], [ -3.313610211128493, 47.979605673131125 ], [ -3.313670015948936, 47.979595321310953 ], [ -3.313725769213473, 47.97959297925852 ], [ -3.313816510593963, 47.979611229987476 ], [ -3.313894053514731, 47.979648985802996 ], [ -3.313944423738358, 47.979714932723105 ], [ -3.313989114372741, 47.979769049620771 ], [ -3.314049168210156, 47.979810911289199 ], [ -3.314176133992568, 47.979849782332948 ], [ -3.314357886071817, 47.979879988045134 ], [ -3.314520913372198, 47.979914271621489 ], [ -3.314610190118416, 47.979937889459471 ], [ -3.314730327584194, 47.979991908134217 ], [ -3.314850858208635, 47.980065738606044 ], [ -3.314988638803207, 47.980112053797129 ], [ -3.315037525305248, 47.980125758646146 ], [ -3.31510471556044, 47.980145277234193 ], [ -3.315334819573098, 47.980201775967011 ], [ -3.31563404971783, 47.980290438069808 ], [ -3.315801878479311, 47.980357232989178 ], [ -3.315883983149605, 47.980404091622361 ], [ -3.315933886439741, 47.980452024275692 ], [ -3.316002974275174, 47.980485087176532 ], [ -3.316120555922089, 47.980512042468909 ], [ -3.316352012814431, 47.980565869093915 ], [ -3.316524774773576, 47.980603969656705 ], [ -3.316776422678406, 47.980648349065 ], [ -3.317001549757378, 47.98070563213971 ], [ -3.317161065561084, 47.980735331830793 ], [ -3.317277680528963, 47.980755963089152 ], [ -3.317381163321776, 47.980765496578719 ], [ -3.317504989375793, 47.980761986369622 ], [ -3.317626841611073, 47.98074672973457 ], [ -3.317734911098991, 47.98073566306298 ], [ -3.317791786118049, 47.980736044592561 ], [ -3.317879091629753, 47.98074791347274 ], [ -3.318131506223673, 47.98077430421057 ], [ -3.318398442079569, 47.980808222613526 ], [ -3.318671085433448, 47.980824266155643 ], [ -3.318902763454839, 47.980843886994499 ], [ -3.319114289918084, 47.980872054859923 ], [ -3.319353929216265, 47.980908056521208 ], [ -3.31945858398146, 47.98094821910648 ], [ -3.319566933375365, 47.980959660364149 ], [ -3.319646851971841, 47.980941656910957 ], [ -3.319792588247353, 47.980888229714026 ], [ -3.319960921259476, 47.98085601425835 ], [ -3.320108911429746, 47.980836842634901 ], [ -3.320258226149136, 47.980844704764159 ], [ -3.32044851903028, 47.980877792832764 ], [ -3.320676695006716, 47.980921634752818 ], [ -3.320878312653645, 47.980979280671022 ], [ -3.321034061058864, 47.981039494502497 ], [ -3.321184905628419, 47.981098697616517 ], [ -3.321398435134875, 47.98119621665851 ], [ -3.321619697821968, 47.981315512563164 ], [ -3.32179781665144, 47.981402332575527 ], [ -3.321894984046271, 47.981444124595207 ], [ -3.322062365177802, 47.981521701226676 ], [ -3.322244841299342, 47.981593316165757 ], [ -3.322444106219372, 47.981648205780537 ], [ -3.322592583375005, 47.981675848834584 ], [ -3.322732564155467, 47.98169970006149 ], [ -3.32285034233064, 47.981722151688963 ], [ -3.322898492768003, 47.981724134599389 ], [ -3.322945407603091, 47.981726089703841 ], [ -3.323011390975195, 47.981715871641548 ], [ -3.323126402736502, 47.981686952931149 ], [ -3.323230141257857, 47.981661381183855 ], [ -3.323319600984183, 47.981651690778058 ], [ -3.323433734592566, 47.981643455161503 ], [ -3.323529334109376, 47.981634802757064 ], [ -3.323677272587949, 47.981587720825118 ], [ -3.323837514260179, 47.981513011009504 ], [ -3.32400009773393, 47.981412249638062 ], [ -3.324140134631116, 47.981318182387753 ], [ -3.32420941333759, 47.981259430298245 ], [ -3.324302755177472, 47.981216521297732 ], [ -3.324423928546977, 47.981158935367155 ], [ -3.324721098368414, 47.981034193403531 ], [ -3.324920609010777, 47.980966665424511 ], [ -3.325231154507797, 47.98087642783198 ], [ -3.325424753023542, 47.980802465186123 ], [ -3.32561356123335, 47.980724794064876 ], [ -3.325788548726887, 47.980652213021628 ], [ -3.325955550362811, 47.980592954388015 ], [ -3.326118158650757, 47.980549799282684 ], [ -3.32623434147253, 47.980551508296095 ], [ -3.326342973999076, 47.980585452515577 ], [ -3.326493289169593, 47.980657238142534 ], [ -3.326652139465431, 47.980731915600813 ], [ -3.326824886555823, 47.980799703737922 ], [ -3.326991211432913, 47.980843943896261 ], [ -3.327116021951487, 47.980875550108749 ], [ -3.327338025052727, 47.980919239333154 ], [ -3.327525050894558, 47.980971144402957 ], [ -3.327626347626963, 47.981003122392387 ], [ -3.327719033421573, 47.981034006896479 ], [ -3.328016860925625, 47.98112710356903 ], [ -3.328350293170934, 47.981226399087824 ], [ -3.328654605383362, 47.981312438392571 ], [ -3.328829925108875, 47.98134877625823 ], [ -3.329016005722347, 47.98136465210527 ], [ -3.329229993135134, 47.981364050985313 ], [ -3.329343744569186, 47.981364801962847 ], [ -3.32959489691669, 47.981333528922498 ], [ -3.329848959566672, 47.981262714637943 ], [ -3.330093669702326, 47.981179088200797 ], [ -3.330273861729967, 47.981100315744712 ], [ -3.330547902574373, 47.980995742668604 ], [ -3.330812230033271, 47.980857646249063 ], [ -3.330984628078808, 47.980729190608457 ], [ -3.331096900196348, 47.980589485733944 ], [ -3.331214704708128, 47.980406698337866 ], [ -3.331286621776137, 47.980197678776776 ], [ -3.331348977945434, 47.979951539486635 ], [ -3.331434562859051, 47.979682517291309 ], [ -3.331481024430675, 47.979519734224432 ], [ -3.331559648307939, 47.979356771728888 ], [ -3.331637510974248, 47.979211794803682 ], [ -3.331757837220846, 47.979115476337604 ], [ -3.331928383838772, 47.979001380158287 ], [ -3.33214348560387, 47.978886481641453 ], [ -3.332269740507585, 47.978825400641924 ], [ -3.332432168221168, 47.978757028599375 ], [ -3.332634209031903, 47.978687743338078 ], [ -3.332913974548182, 47.978622898847746 ], [ -3.333293932099091, 47.978499088275761 ], [ -3.333683886339899, 47.97837279984067 ], [ -3.334033655708314, 47.978260912729304 ], [ -3.334298800790189, 47.978220041022389 ], [ -3.334402357826655, 47.978227759697774 ], [ -3.334489225273253, 47.978220702639952 ], [ -3.334813547215555, 47.978330575886943 ], [ -3.335015114003139, 47.978418798630258 ], [ -3.335258102295892, 47.978551154064021 ], [ -3.335459824967269, 47.978694287445414 ], [ -3.335649324706412, 47.978804742291679 ], [ -3.335873592954451, 47.978941178191903 ], [ -3.33605113899298, 47.979071167819029 ], [ -3.336153372156854, 47.97916886828947 ], [ -3.336220706280326, 47.979272989197987 ], [ -3.336280879082847, 47.979458861853125 ], [ -3.336320140848093, 47.979612762239505 ], [ -3.336311481355489, 47.97975929000053 ], [ -3.336296837150972, 47.979959691829883 ], [ -3.336277171250686, 47.980103273083323 ], [ -3.336228534735429, 47.980230004064055 ], [ -3.336148783849, 47.980419948527725 ], [ -3.336071237822562, 47.980616243208949 ], [ -3.336028760935004, 47.980772816295001 ], [ -3.336010843827439, 47.980933539232957 ], [ -3.33603345300479, 47.981071765169133 ], [ -3.336091632084766, 47.98127559619823 ], [ -3.336188205420128, 47.981390272634236 ], [ -3.336324984685022, 47.981519350117956 ], [ -3.33645111686493, 47.981607683368928 ], [ -3.336613537711733, 47.981686026319352 ], [ -3.336761680140605, 47.981721743536895 ], [ -3.337017776558426, 47.981749072517744 ], [ -3.337432752804665, 47.98176284992482 ], [ -3.337794766154645, 47.981742137159777 ], [ -3.33830153022204, 47.98166164849782 ], [ -3.338545129734714, 47.981604082218979 ], [ -3.338784127673719, 47.981538311418973 ], [ -3.33892741437623, 47.981483904004477 ], [ -3.33895782747516, 47.981466580773883 ], [ -3.33901101242981, 47.981437164384815 ], [ -3.339151160679204, 47.981369184607864 ], [ -3.339389224690149, 47.98129619061072 ], [ -3.339666925571465, 47.98125108524583 ], [ -3.339878722063689, 47.981214408959076 ], [ -3.340153397673386, 47.981153032454245 ], [ -3.340496500658352, 47.981052677040623 ], [ -3.340914837235109, 47.980927896113613 ], [ -3.341212462624268, 47.980791418301315 ], [ -3.341524762159989, 47.980658867702061 ], [ -3.341927864297724, 47.980513940190079 ], [ -3.342241230542253, 47.980414716228559 ], [ -3.342708238726751, 47.980279312758078 ], [ -3.343194232727132, 47.980133529180968 ], [ -3.343658324510566, 47.979979154001803 ], [ -3.344170690137784, 47.97979434851171 ], [ -3.344679143619274, 47.979643658391758 ], [ -3.345030513170807, 47.979522770410597 ], [ -3.345331134743969, 47.979432255115846 ], [ -3.345591460882654, 47.97935884385619 ], [ -3.345826041659755, 47.979338866149888 ], [ -3.345998869556204, 47.979346316512043 ], [ -3.346192992416372, 47.979376744097763 ], [ -3.346335183859948, 47.979406914870999 ], [ -3.346962717513785, 47.979571210605705 ], [ -3.347294620970388, 47.979619105951294 ], [ -3.347494809930474, 47.979652366608299 ], [ -3.347662080663766, 47.979703796834499 ], [ -3.347833424937644, 47.979776020397352 ], [ -3.348086846683059, 47.979837468596678 ], [ -3.348393323295006, 47.979901897067741 ], [ -3.348738319337587, 47.97999148513545 ], [ -3.349009181490062, 47.980079422872279 ], [ -3.349233658705315, 47.980152826203287 ], [ -3.349564877320569, 47.98024660575679 ], [ -3.349846295926433, 47.980348278063147 ], [ -3.35028188006723, 47.980519086866558 ], [ -3.350568092684363, 47.98062446436473 ], [ -3.350774012143472, 47.980668647800208 ], [ -3.350930857400544, 47.980673934655748 ], [ -3.351080185560222, 47.980652050391214 ], [ -3.351286737875354, 47.980592732326592 ], [ -3.351503259409831, 47.9805021310002 ], [ -3.351785285182744, 47.980353576508492 ], [ -3.352001785673973, 47.980204465562991 ], [ -3.352166729983915, 47.980046107645371 ], [ -3.352276609337916, 47.979844220246164 ], [ -3.352315871575177, 47.979645264572817 ], [ -3.352325395399761, 47.97947715264155 ], [ -3.352313244671367, 47.979295057314495 ], [ -3.352306328967924, 47.979135581450358 ], [ -3.352352156268293, 47.979015982764722 ], [ -3.352427505730363, 47.978959148579968 ], [ -3.352613695998897, 47.978854369607362 ], [ -3.352814770149987, 47.978807528947712 ], [ -3.352963338657003, 47.978803627871372 ], [ -3.35315510535868, 47.978831290239462 ], [ -3.353242746030383, 47.978864740989998 ], [ -3.353306052606448, 47.978888650019705 ], [ -3.353407954711482, 47.978935919219765 ], [ -3.353471072952376, 47.978964324593697 ], [ -3.353723554831817, 47.979048241788774 ], [ -3.353976640467187, 47.979117769790655 ], [ -3.35430513392913, 47.979188071015876 ], [ -3.354552532881848, 47.979245769795376 ], [ -3.354844420521904, 47.97927475124407 ], [ -3.355155068013135, 47.979298747443643 ], [ -3.355446315907581, 47.97934301518206 ], [ -3.355763579327328, 47.979415763138775 ], [ -3.355971397599731, 47.979503184776291 ], [ -3.356243723024265, 47.979615440044391 ], [ -3.356592316564205, 47.979737487155312 ], [ -3.356926498676154, 47.979849312200649 ], [ -3.357046268236043, 47.979883472235102 ], [ -3.357188014962571, 47.979924420271686 ], [ -3.357338078675245, 47.979943949525186 ], [ -3.357470436685648, 47.97994328332414 ], [ -3.357650461884024, 47.979926571257437 ], [ -3.35790088986549, 47.97985291132062 ], [ -3.358198801971371, 47.979737997362371 ], [ -3.35850903686098, 47.979594551730642 ], [ -3.35881338191528, 47.97950318192234 ], [ -3.35906803428094, 47.979446715328741 ], [ -3.359269368485458, 47.979393567655677 ], [ -3.359477820244761, 47.979318074198716 ], [ -3.359637369830939, 47.979258599569405 ], [ -3.359805638116095, 47.979227221623994 ], [ -3.360014980747668, 47.979189552062444 ], [ -3.360198789678668, 47.97914141534114 ], [ -3.360372117204833, 47.979077744149656 ], [ -3.360441168227072, 47.979023465476104 ], [ -3.360476788509878, 47.97894054276685 ], [ -3.360495369136163, 47.97888064595908 ], [ -3.360539487833948, 47.978801511896592 ], [ -3.360614232295711, 47.978729356745262 ], [ -3.360822045621391, 47.978639444743287 ], [ -3.361161958916851, 47.978495748820258 ], [ -3.361493254946116, 47.978380665063163 ], [ -3.361788564316648, 47.978298088471263 ], [ -3.362052867444669, 47.978247229399003 ], [ -3.362264604892084, 47.978181704860745 ], [ -3.362417377406651, 47.978077070315081 ], [ -3.362582726410356, 47.977997017068326 ], [ -3.362815132211859, 47.977910345826331 ], [ -3.363092951966163, 47.977831879535564 ], [ -3.363297911671265, 47.977750901098482 ], [ -3.36346584546007, 47.977638499393194 ], [ -3.363577316166999, 47.977545551652192 ], [ -3.363720347351832, 47.977466803488461 ], [ -3.363725364556199, 47.977465114188014 ], [ -3.36398412549165, 47.977369121998947 ], [ -3.364289763469221, 47.977246261808311 ], [ -3.364463155794276, 47.977180785586199 ], [ -3.364615203424254, 47.977152642336783 ], [ -3.364783535286622, 47.977149162035602 ], [ -3.36497238587105, 47.977128132555485 ], [ -3.365017277500341, 47.977119223360589 ], [ -3.365106125296303, 47.977094183285203 ], [ -3.365148695876292, 47.977081622264564 ], [ -3.365497795993227, 47.976984022474227 ], [ -3.365701101222681, 47.976912904444156 ], [ -3.365851916062487, 47.976825324383526 ], [ -3.366064435224579, 47.976681499610443 ], [ -3.366352919621922, 47.976524950509315 ], [ -3.3666241786426, 47.97639592394232 ], [ -3.366934522934717, 47.976278561278633 ], [ -3.367424204316051, 47.976101248977834 ], [ -3.36771339087432, 47.976016721421644 ], [ -3.367931963696909, 47.97599454281228 ], [ -3.368156750501111, 47.976001304694449 ], [ -3.368582176046162, 47.976000792400875 ], [ -3.368868775637325, 47.976008016736614 ], [ -3.369248300308752, 47.976010989602507 ], [ -3.369420559910163, 47.975972484257461 ], [ -3.369463877601535, 47.975941935724258 ], [ -3.36968068996762, 47.975813500930514 ], [ -3.36989776335816, 47.97564906680747 ], [ -3.370214423443157, 47.975439122315692 ], [ -3.370481400410948, 47.975293789975872 ], [ -3.370729433054231, 47.975217348311894 ], [ -3.370868219418396, 47.975210506929102 ], [ -3.371009177369583, 47.975210914175264 ], [ -3.371161891533712, 47.975225982258095 ], [ -3.371332838801626, 47.975248652962229 ], [ -3.371520521891042, 47.975285194012919 ], [ -3.371639129940246, 47.97531751201047 ], [ -3.37172187145029, 47.975349939536386 ], [ -3.371823146505502, 47.97541247928087 ], [ -3.372102337850563, 47.975597754889222 ], [ -3.372274411188807, 47.975652853083844 ], [ -3.372382125316692, 47.975679529519063 ], [ -3.372672244813901, 47.975721025799309 ], [ -3.372786847209218, 47.975730751367962 ], [ -3.372973521631189, 47.975761866945504 ], [ -3.373141402018103, 47.975798869060341 ], [ -3.373475068163346, 47.97589352903946 ], [ -3.373721348799192, 47.975948458881305 ], [ -3.373921687606837, 47.975948369639902 ], [ -3.374083237666291, 47.975929423706816 ], [ -3.374349275304064, 47.975836267992527 ], [ -3.374553982896271, 47.975701256426682 ], [ -3.374747009625129, 47.975579489133331 ], [ -3.374989415308741, 47.975430004619533 ], [ -3.375171392686702, 47.975276489422676 ], [ -3.375415772650565, 47.975049637609843 ], [ -3.375632300858041, 47.974868078351513 ], [ -3.375901396349309, 47.974730880737013 ], [ -3.376211043954928, 47.974659382793476 ], [ -3.376467870844098, 47.974638928807046 ], [ -3.376775915727261, 47.974635802700966 ], [ -3.377100174889289, 47.974659135574385 ], [ -3.377366967789806, 47.974696505906593 ], [ -3.377480221501705, 47.974708897225518 ], [ -3.37759643133539, 47.974709651935143 ], [ -3.377789352932949, 47.974709392578674 ], [ -3.377885757763566, 47.974710611712155 ], [ -3.377985495940475, 47.974720905169185 ], [ -3.378111030033796, 47.97473536599275 ], [ -3.378226866865751, 47.974745112963845 ], [ -3.378365278154675, 47.974747254929291 ], [ -3.378466662292126, 47.974747682865932 ], [ -3.378522258988243, 47.974748904698764 ], [ -3.378691445457227, 47.974754422913293 ], [ -3.378886092244002, 47.974772201783523 ], [ -3.379050789204153, 47.97479652316909 ], [ -3.379275843487117, 47.974856374646556 ], [ -3.379516661269456, 47.974923772837741 ], [ -3.379583830032598, 47.974944150708211 ], [ -3.379776725472222, 47.975004194817075 ], [ -3.379895603780892, 47.975059912573876 ], [ -3.379972619477992, 47.975081406586796 ], [ -3.380396670003709, 47.975173529573333 ], [ -3.381011590054692, 47.975285143185168 ], [ -3.381327733720136, 47.975325387299442 ], [ -3.381540313538306, 47.9753282530693 ], [ -3.381769141084977, 47.97532697443642 ], [ -3.381981304890596, 47.975310027730657 ], [ -3.382118401308707, 47.975284232527507 ], [ -3.382299900934166, 47.975261211657994 ], [ -3.382443218357114, 47.975264356150589 ], [ -3.38259132882303, 47.975271206056988 ], [ -3.382851385375525, 47.975292212965549 ], [ -3.383010354803721, 47.975305601289236 ], [ -3.383108673282456, 47.975320359418632 ], [ -3.383202875803046, 47.97534492841848 ], [ -3.383279558069476, 47.975374513750559 ], [ -3.383339843893027, 47.975411840436806 ], [ -3.383697765125801, 47.975578109454439 ], [ -3.38393024765064, 47.975667817731562 ], [ -3.384271165274582, 47.975796807385827 ], [ -3.384563065657275, 47.975885116546458 ], [ -3.38472882542407, 47.97594365676958 ], [ -3.384764811807453, 47.975970548794926 ], [ -3.384812558078179, 47.976012100357337 ], [ -3.384860461032167, 47.976079758588156 ], [ -3.38499971211603, 47.976270934000837 ], [ -3.385028168465242, 47.976420076193683 ], [ -3.385019349576841, 47.976483790904439 ], [ -3.385008163348407, 47.976515049684949 ], [ -3.384985031088926, 47.97653614541688 ], [ -3.384708200816381, 47.976681296928753 ], [ -3.38461626629164, 47.976751290827508 ], [ -3.384592798920634, 47.97678048015441 ], [ -3.384585281782352, 47.976812719442428 ], [ -3.384590834552536, 47.976857846800151 ], [ -3.384611734617482, 47.976890708984435 ], [ -3.384622423260386, 47.976961152079461 ], [ -3.384629197443528, 47.977096317509137 ], [ -3.384638710875004, 47.977254945933197 ], [ -3.384664986940692, 47.977516554699697 ], [ -3.384682076738828, 47.977581737441724 ], [ -3.38470361735583, 47.977629015471464 ], [ -3.384800706340771, 47.977793163862131 ], [ -3.384841040842736, 47.977834552985499 ], [ -3.38488578893968, 47.977858936670067 ], [ -3.385038372861302, 47.977907286353314 ], [ -3.385238102091401, 47.977981872112679 ], [ -3.385337565778856, 47.978058761054577 ], [ -3.385387004186901, 47.978119251839189 ], [ -3.385389371787398, 47.978151707800627 ], [ -3.385377962255417, 47.978188362446971 ], [ -3.385374912122329, 47.978262104917526 ], [ -3.385382787989551, 47.978310883622477 ], [ -3.385532889653875, 47.978449189553132 ], [ -3.38565949160607, 47.978497869171939 ], [ -3.385740927398905, 47.978502353678024 ], [ -3.385958982082861, 47.97849272889092 ], [ -3.386013793237986, 47.978483128235219 ], [ -3.386065381097064, 47.978461755470306 ], [ -3.386105133863573, 47.978427521846179 ], [ -3.386234834130994, 47.978311547920413 ], [ -3.386312491629628, 47.978198034416081 ], [ -3.386349698585056, 47.97816554518046 ], [ -3.386378860069718, 47.978148181638538 ], [ -3.386470245622153, 47.978121379575576 ], [ -3.386534569018081, 47.978120988134727 ], [ -3.386635550220487, 47.978131300724236 ], [ -3.386723469532853, 47.978158429316608 ], [ -3.387095883018182, 47.978243994069231 ], [ -3.38742966066683, 47.978336812693705 ], [ -3.387535259380028, 47.978385030265066 ], [ -3.387657942469487, 47.978468726124483 ], [ -3.387791160799799, 47.978596757985258 ], [ -3.387920060098454, 47.978799404519648 ], [ -3.388022334926208, 47.978987966481114 ], [ -3.388069723967305, 47.979068213636943 ], [ -3.388098337544457, 47.979094043059185 ], [ -3.388140802613075, 47.979113874838333 ], [ -3.38820899199374, 47.979139670271088 ], [ -3.388507157932164, 47.979196601694355 ], [ -3.388785609748628, 47.979191893261543 ], [ -3.389067116943234, 47.979143145431387 ], [ -3.389302589895149, 47.979041183339945 ], [ -3.389387797609092, 47.979014243657943 ], [ -3.389431154275414, 47.979012491723459 ], [ -3.389483011459735, 47.979014526160775 ], [ -3.389530567794372, 47.979030868300399 ], [ -3.389616771567217, 47.979069658444203 ], [ -3.389854611820788, 47.97920987722798 ], [ -3.390061330338014, 47.979325111863737 ], [ -3.390183897193626, 47.979381798879366 ], [ -3.390347212230222, 47.979469980573569 ], [ -3.39040777743998, 47.979530712283044 ], [ -3.390545798264236, 47.97966244612757 ], [ -3.390651323064227, 47.979802470475583 ], [ -3.390728466702573, 47.979940974147311 ], [ -3.390823948304173, 47.980054675499559 ], [ -3.390966643029483, 47.980163108052452 ], [ -3.39114954565117, 47.980256217252993 ], [ -3.39141481531516, 47.980331323858763 ], [ -3.391639929940902, 47.980360546653642 ], [ -3.391752518756305, 47.980359406590999 ], [ -3.391825939050691, 47.980348409394821 ], [ -3.391915756090997, 47.980329669420385 ], [ -3.392019510110373, 47.980332836596723 ], [ -3.392151386404341, 47.980343819011779 ], [ -3.392311422132432, 47.980361717260955 ], [ -3.392463179564223, 47.980370433302312 ], [ -3.392694349826712, 47.980372782814307 ], [ -3.392877257161459, 47.980375877911555 ], [ -3.393063908423884, 47.980378154356139 ], [ -3.393217161151647, 47.980380601211849 ], [ -3.393306162159649, 47.980381644740575 ], [ -3.393534774855442, 47.980356033134072 ], [ -3.393789928206899, 47.980316598739904 ], [ -3.394113657126683, 47.980233655231906 ], [ -3.394329788935096, 47.980180766157162 ], [ -3.394425968208963, 47.980157662450978 ], [ -3.39462144048698, 47.980125924533716 ], [ -3.394859195427078, 47.980118511942848 ], [ -3.395053531959913, 47.980144355597915 ], [ -3.395165281380526, 47.980193599924156 ], [ -3.395282777704973, 47.980283474542077 ], [ -3.395341446617878, 47.980360364028932 ], [ -3.395368410458204, 47.980456364170458 ], [ -3.395364719499402, 47.98057599847079 ], [ -3.395310653896212, 47.980747640237951 ], [ -3.395252918145947, 47.980918301812444 ], [ -3.395244025107027, 47.98104412342888 ], [ -3.39531740050916, 47.981184341683971 ], [ -3.395452052544672, 47.981368202103681 ], [ -3.395719696326573, 47.98153606134607 ], [ -3.39605810643498, 47.981697362493392 ], [ -3.396249486536902, 47.981795148383071 ], [ -3.396427728984306, 47.981821538563842 ], [ -3.396609590604545, 47.981820103901619 ], [ -3.396798310767172, 47.981832320165481 ], [ -3.396937027027575, 47.981887551308219 ], [ -3.397076053798412, 47.981965291836637 ], [ -3.397230603355904, 47.982086575969959 ], [ -3.397352952606053, 47.982208958141207 ], [ -3.397417351960957, 47.982357080278348 ], [ -3.39742785796561, 47.982402314903077 ], [ -3.397446014296485, 47.982472019323858 ], [ -3.397567758315692, 47.982579086159411 ], [ -3.397774097355663, 47.982704198736059 ], [ -3.397894000213858, 47.982795923163174 ], [ -3.398029042072733, 47.982910480192359 ], [ -3.398170396134075, 47.982991870457511 ], [ -3.398317603454543, 47.983021181577264 ], [ -3.398450574809414, 47.983035780506363 ], [ -3.398607948783694, 47.983028408160131 ], [ -3.398734896887352, 47.982978967552711 ], [ -3.398830531178774, 47.982909042140001 ], [ -3.398883064892525, 47.982834577238336 ], [ -3.398918801935027, 47.982717441145986 ], [ -3.398907146741176, 47.982549766460167 ], [ -3.39888343096147, 47.982374628150367 ], [ -3.398885768093805, 47.982257664573886 ], [ -3.398950768617183, 47.982180770954081 ], [ -3.399080311960291, 47.982158389896874 ], [ -3.399378473716856, 47.982155883556189 ], [ -3.39960683192762, 47.982136554262354 ], [ -3.399819976911751, 47.982096190636184 ], [ -3.400107651534038, 47.982017844602126 ], [ -3.400440827787163, 47.981885581728022 ], [ -3.401113575611359, 47.981615791584012 ], [ -3.401889506542368, 47.981272633388983 ], [ -3.402069177371916, 47.981173930101214 ], [ -3.402580374605266, 47.980892515391872 ], [ -3.402908013363901, 47.980593604684266 ], [ -3.402957920749976, 47.980522681408488 ], [ -3.402991949614149, 47.980446912236822 ], [ -3.4029931139615, 47.980388430483728 ], [ -3.402958169895332, 47.980305760589033 ], [ -3.402893792802057, 47.980217049880281 ], [ -3.402812520789173, 47.980178377754982 ], [ -3.402747402706747, 47.980167960304776 ], [ -3.402644403943417, 47.980176521237581 ], [ -3.402509353141367, 47.980182584626853 ], [ -3.402464484967137, 47.980160906088173 ], [ -3.402433577839588, 47.980130530149744 ], [ -3.402423031379107, 47.980086195388665 ], [ -3.402420932651837, 47.980016841353681 ], [ -3.402486395307156, 47.979777936388537 ], [ -3.402642422290931, 47.979592307626376 ], [ -3.403088965451405, 47.979288782328055 ], [ -3.404113896060326, 47.978602683186558 ], [ -3.404532852345379, 47.978398464657914 ], [ -3.404910219720453, 47.978273450319918 ], [ -3.405204857359496, 47.978235747670787 ], [ -3.405462077167215, 47.978235935857249 ], [ -3.40572180499482, 47.978235277812139 ], [ -3.405929730813016, 47.978201090065674 ], [ -3.406252047245133, 47.978121680846286 ], [ -3.406598169117633, 47.977974379597605 ], [ -3.406737067089987, 47.977904487266059 ], [ -3.406794271614642, 47.977896728387343 ], [ -3.406828609356072, 47.977903774749279 ], [ -3.406865381372515, 47.977911774063529 ], [ -3.407050642190319, 47.977917596834459 ], [ -3.407115167051349, 47.977882093445785 ], [ -3.407141499972516, 47.977843060514687 ], [ -3.407302249125996, 47.977752939472033 ], [ -3.407412838409245, 47.977679731418476 ], [ -3.407484405486453, 47.977593074689729 ], [ -3.407489143966433, 47.977567974599388 ], [ -3.407500298670566, 47.977507009574822 ], [ -3.40747468154265, 47.977438045459166 ], [ -3.4074207030907, 47.977397269023534 ], [ -3.40734861424433, 47.977315594650719 ], [ -3.407304962632744, 47.97726424108307 ], [ -3.407285911512079, 47.977216121897953 ], [ -3.407284784596056, 47.977153090059964 ], [ -3.407307317320871, 47.97708607135251 ], [ -3.407359190821866, 47.977057494042924 ], [ -3.40742148400444, 47.977046244909985 ], [ -3.407518077624224, 47.977042941185935 ], [ -3.407558961159506, 47.977041128366686 ], [ -3.407783461927749, 47.977055002585246 ], [ -3.407960422579969, 47.977082246216611 ], [ -3.408055247854393, 47.977122108673584 ], [ -3.408127076770558, 47.977149770606118 ], [ -3.408272633440053, 47.977188933642616 ], [ -3.408383705430913, 47.977224647852061 ], [ -3.408449614728769, 47.977245880375996 ], [ -3.408551154080406, 47.977302990076566 ], [ -3.408791688468471, 47.977438724253659 ], [ -3.409072457706756, 47.977497921706032 ], [ -3.409285893840442, 47.977480049071723 ], [ -3.409531044987013, 47.977412458039773 ], [ -3.409870329884161, 47.977250596739012 ], [ -3.410055689635482, 47.977133102259849 ], [ -3.410203461961681, 47.976967086953238 ], [ -3.410422674002915, 47.976808021043496 ], [ -3.410589319501882, 47.976754927472697 ], [ -3.410795044779941, 47.976744085608914 ], [ -3.411137973107989, 47.976765020613698 ], [ -3.411536868915438, 47.976778166385337 ], [ -3.411746484637259, 47.976762906511716 ], [ -3.411833355372224, 47.976725184341674 ], [ -3.411957417493074, 47.976654964121856 ], [ -3.412144646673981, 47.976491601498026 ], [ -3.412357077982628, 47.97643769704073 ], [ -3.412636051388415, 47.976450040991594 ], [ -3.413137884805002, 47.976486112971166 ], [ -3.413451504561294, 47.976467701530893 ], [ -3.413621926385926, 47.976412884962159 ], [ -3.413760752554522, 47.976314179146165 ], [ -3.413852628096606, 47.976214456700951 ], [ -3.41394226667192, 47.976078681669108 ], [ -3.413975718258913, 47.975956091848602 ], [ -3.41397542028178, 47.975812069043918 ], [ -3.413941974882315, 47.975601621189135 ], [ -3.413936542288554, 47.97540168093775 ], [ -3.413961276402329, 47.975189792381997 ], [ -3.414013177535887, 47.975009095452009 ], [ -3.414101628928368, 47.974841791200589 ], [ -3.414201318696148, 47.974732336677157 ], [ -3.414407968228511, 47.974668402180214 ], [ -3.414648917297863, 47.974612410468652 ], [ -3.414874796248139, 47.97453178937289 ], [ -3.415300446832566, 47.974404184768026 ], [ -3.415630915437912, 47.974215112757477 ], [ -3.415978838341399, 47.973992213558134 ], [ -3.416332508070924, 47.97374963542822 ], [ -3.416677648395931, 47.973564478191101 ], [ -3.416919544830598, 47.973485099523508 ], [ -3.417116645597507, 47.973473159391418 ], [ -3.417269685312273, 47.973510671912216 ], [ -3.417434480840738, 47.973593443327509 ], [ -3.417562640814826, 47.973695224746294 ], [ -3.417672722131398, 47.973846120711656 ], [ -3.417814058000949, 47.973988691119125 ], [ -3.418159154959946, 47.974289582060663 ], [ -3.418405351868591, 47.974468621572392 ], [ -3.418692307875034, 47.974588234472172 ], [ -3.419050275272196, 47.974694979051726 ], [ -3.419243738860674, 47.974802669650991 ], [ -3.419388794903646, 47.974823804863568 ], [ -3.419583025490282, 47.974821699252388 ], [ -3.419771712519636, 47.97477356849916 ], [ -3.419933815397559, 47.974679858389401 ], [ -3.420065690023161, 47.974569293546452 ], [ -3.420198532504296, 47.974495653527988 ], [ -3.420358874850442, 47.974445109577353 ], [ -3.420503145065851, 47.97442482178122 ], [ -3.420699405553909, 47.974433559213793 ], [ -3.420839592496843, 47.974452787180041 ], [ -3.421019451806292, 47.974499874245126 ], [ -3.42126888221679, 47.974599768159564 ], [ -3.421467145128041, 47.97471115867841 ], [ -3.421562661934547, 47.974764525550029 ], [ -3.422141028560773, 47.975107341053324 ], [ -3.422196597957093, 47.975200349980661 ], [ -3.42222000754259, 47.975293565199152 ], [ -3.422200538856934, 47.975498367795403 ], [ -3.422231369800675, 47.975682653155566 ], [ -3.42226213586074, 47.975959647368121 ], [ -3.422332687380149, 47.976140289113651 ], [ -3.422390673699468, 47.976295456992233 ], [ -3.422402268496206, 47.976405519263295 ], [ -3.422401846890751, 47.976476618046597 ], [ -3.422287942933992, 47.976996218934808 ], [ -3.422203580547689, 47.977519157530324 ], [ -3.422223604465978, 47.977634802358594 ], [ -3.422530094699791, 47.978125667722949 ], [ -3.422680586082296, 47.978590665339759 ], [ -3.422849110639356, 47.978795022415206 ], [ -3.423006854371662, 47.978838928752801 ], [ -3.423310086627995, 47.978832865983605 ], [ -3.42353209922246, 47.978816950418192 ], [ -3.423798125874026, 47.978783081117086 ], [ -3.424032474538314, 47.978707123723431 ], [ -3.424206762935365, 47.978587566621371 ], [ -3.424378680838811, 47.978495861287527 ], [ -3.424560657506198, 47.978430475377323 ], [ -3.424728318916347, 47.978352179295214 ], [ -3.424864212485869, 47.978294800853178 ], [ -3.425002247751495, 47.978245569294913 ], [ -3.42513984388632, 47.978207129305872 ], [ -3.425304768831148, 47.978165677512209 ], [ -3.425450172508112, 47.978148107637594 ], [ -3.425573876503286, 47.978147172031846 ], [ -3.425710769623194, 47.978156421474573 ], [ -3.425886981898786, 47.978171918213576 ], [ -3.42605050944387, 47.978195242374426 ], [ -3.426227665048871, 47.97821795966874 ], [ -3.426402532408672, 47.978236126899702 ], [ -3.4265856103157, 47.978265271828135 ], [ -3.426776241005535, 47.978321582039072 ], [ -3.426980061475785, 47.978388076954168 ], [ -3.427222514419043, 47.97844730218668 ], [ -3.427452685080871, 47.978504462311506 ], [ -3.427704767957086, 47.978570194415965 ], [ -3.427937118519758, 47.978634601205442 ], [ -3.428171575509717, 47.978708053805249 ], [ -3.428369038383074, 47.978778909764848 ], [ -3.428520060491723, 47.978836164867189 ], [ -3.428676098319357, 47.978891727456215 ], [ -3.428840201346628, 47.978961864891559 ], [ -3.429031268842058, 47.979037982648087 ], [ -3.429235417286037, 47.979126982781956 ], [ -3.429399740718657, 47.979191723499071 ], [ -3.42952161594331, 47.979266352341085 ], [ -3.429647807767916, 47.979386978920758 ], [ -3.429677774226343, 47.979471332512638 ], [ -3.429862033481235, 47.979837134350447 ], [ -3.429920888788951, 47.979941011111599 ], [ -3.429996526624636, 47.980088453439123 ], [ -3.430060095260965, 47.98025903883547 ], [ -3.430128674484477, 47.980458535116455 ], [ -3.430217076571921, 47.98056574723779 ], [ -3.4303231324192, 47.980725544569609 ], [ -3.430379773655387, 47.980823072816882 ], [ -3.430456576483269, 47.980972340108565 ], [ -3.430510308996674, 47.98108060697129 ], [ -3.430578134564858, 47.981237782128261 ], [ -3.430657049876702, 47.981365492301876 ], [ -3.430763405294037, 47.981487491468613 ], [ -3.430894510732053, 47.981609122332216 ], [ -3.431022529994892, 47.981715385011924 ], [ -3.431169157578307, 47.98182024719862 ], [ -3.431328470628427, 47.981917280850659 ], [ -3.431491203959446, 47.981990985143142 ], [ -3.431597247574443, 47.982029267462515 ], [ -3.43174236287307, 47.98204948694886 ], [ -3.431943808253735, 47.982083517679207 ], [ -3.432063189382661, 47.982128386737763 ], [ -3.432217780922584, 47.982219917036574 ], [ -3.432323821313249, 47.982288801967627 ], [ -3.432437053135302, 47.982393845244673 ], [ -3.432537892169736, 47.982499522364442 ], [ -3.432613872206996, 47.982608265957928 ], [ -3.432691237982636, 47.982682835447022 ], [ -3.432862592374426, 47.982727019457251 ], [ -3.432985285374947, 47.982751256285837 ], [ -3.433328254023496, 47.982802724561417 ], [ -3.43350833192914, 47.982845294612311 ], [ -3.433633569708637, 47.982867785125215 ], [ -3.433781851610151, 47.982870967905754 ], [ -3.433922792311919, 47.982872192723789 ], [ -3.434057918985336, 47.982864291583745 ], [ -3.434185306742927, 47.982833721702747 ], [ -3.434325852720286, 47.982783631839688 ], [ -3.434791864309195, 47.982637013521469 ], [ -3.435105770931589, 47.982551037529198 ], [ -3.436116907517043, 47.982197382062822 ], [ -3.436353359154345, 47.982161047355824 ], [ -3.436636329105569, 47.982136510576723 ], [ -3.437045657978585, 47.98222899400556 ], [ -3.437488348564784, 47.982383397499007 ], [ -3.437846943906647, 47.98250719418305 ], [ -3.438102216591281, 47.982617074851568 ], [ -3.438365592639855, 47.982801836661686 ], [ -3.438814866247113, 47.983099491303022 ], [ -3.439262144446511, 47.983477210090335 ], [ -3.439550859356906, 47.983739019929452 ], [ -3.440228535156373, 47.984169372501221 ], [ -3.440818848498305, 47.98461945376399 ], [ -3.441171759759919, 47.984792623007266 ], [ -3.441757137693465, 47.985028369964539 ], [ -3.442391401622982, 47.985186850479728 ], [ -3.442479648490488, 47.985206739438773 ], [ -3.442637715258167, 47.98524342285431 ], [ -3.443530513512387, 47.985492933421234 ], [ -3.44406665759826, 47.985692511565283 ], [ -3.444763652065016, 47.986105246019775 ], [ -3.445454522559412, 47.986608755075061 ], [ -3.446177258406879, 47.987242554117614 ], [ -3.446536101205367, 47.987514843028478 ], [ -3.446717808946307, 47.987609631286148 ], [ -3.446904782982244, 47.987665827376269 ], [ -3.447062928095351, 47.987670102324827 ], [ -3.447254946900277, 47.987662498454462 ], [ -3.447451792276142, 47.987596490822845 ], [ -3.447724881646759, 47.987449300374301 ], [ -3.448034148408441, 47.987140863330417 ], [ -3.448134551207083, 47.986981887422488 ], [ -3.448234724590043, 47.986490770541138 ], [ -3.448485124308109, 47.986077565811811 ], [ -3.448610175760532, 47.985982122121165 ], [ -3.448769121427686, 47.985782089742571 ], [ -3.448939214490597, 47.985520188209065 ], [ -3.449037480623009, 47.985444875180683 ], [ -3.44914862043682, 47.985418441764701 ], [ -3.449189834436552, 47.98540851932438 ], [ -3.449305663678454, 47.985388486407935 ], [ -3.449426435813524, 47.985368558744987 ], [ -3.449542699258581, 47.985337733680161 ], [ -3.449738298301689, 47.985271695666967 ], [ -3.449863097784204, 47.985213149239144 ], [ -3.450010833210274, 47.985168592956811 ], [ -3.450113207962408, 47.985114068791212 ], [ -3.450239863031417, 47.985070863129351 ], [ -3.450369537622972, 47.985044823492068 ], [ -3.450458432794673, 47.985017914737632 ], [ -3.450531769857497, 47.984978073054087 ], [ -3.450766723457264, 47.98488676905869 ], [ -3.451048664455122, 47.984764962252463 ], [ -3.451110517489622, 47.984733876501018 ], [ -3.451239895621785, 47.984684427059875 ], [ -3.45138246869859, 47.98464515958139 ], [ -3.45163124186849, 47.984609954058385 ], [ -3.452137913831814, 47.984558637636702 ], [ -3.452339403175811, 47.984530524501935 ], [ -3.452538023222595, 47.984512250952854 ], [ -3.452868346207937, 47.984448175579594 ], [ -3.453224625661391, 47.98441525488775 ], [ -3.453948405854162, 47.984316345294467 ], [ -3.454485279947242, 47.984282762418445 ], [ -3.454897730297811, 47.984329339309859 ], [ -3.455702272642208, 47.984529166667244 ], [ -3.456624511872109, 47.984878204625012 ], [ -3.457676689252049, 47.985441516873038 ], [ -3.458339665416689, 47.985902944552691 ], [ -3.458819417819993, 47.986430685471653 ], [ -3.459097753421836, 47.986645416377506 ], [ -3.459247291815799, 47.986895216558864 ], [ -3.459244582913334, 47.987055375813327 ], [ -3.459271831489967, 47.987239573450253 ], [ -3.459491462336692, 47.98753046533048 ], [ -3.459817803746856, 47.988121552728941 ], [ -3.459897607412603, 47.988290663883475 ], [ -3.460042913873944, 47.988368455179824 ], [ -3.460185543611484, 47.988482193273782 ], [ -3.460417761761118, 47.98867524007354 ], [ -3.460711977826134, 47.988833597764597 ], [ -3.461034358771381, 47.988875539701546 ], [ -3.461449165484629, 47.988802428423021 ], [ -3.461987470619461, 47.988610421266642 ], [ -3.462628464771109, 47.988355781387504 ], [ -3.463063014222622, 47.988221876176965 ], [ -3.463434464790451, 47.988181142157615 ], [ -3.463728202732797, 47.988135160145276 ], [ -3.463997452605579, 47.988113861230097 ], [ -3.464395154471738, 47.988097082457166 ], [ -3.464718563732874, 47.988082329373491 ], [ -3.464988149870479, 47.988083537458159 ], [ -3.465211399869887, 47.988099065436067 ], [ -3.465406082561083, 47.988117588553834 ], [ -3.465662160485359, 47.98814731195688 ], [ -3.466127607842978, 47.98819946778432 ], [ -3.466533485475572, 47.988256661787226 ], [ -3.466785943241142, 47.988315108873827 ], [ -3.466968620995921, 47.988386480627284 ], [ -3.467146478117932, 47.988485652958751 ], [ -3.467262652579782, 47.988580819969641 ], [ -3.467345172845771, 47.988682475745144 ], [ -3.467412037349356, 47.988804502448879 ], [ -3.46747913224111, 47.988951736583601 ], [ -3.467542821949223, 47.989122301076875 ], [ -3.467590503348316, 47.989260123635461 ], [ -3.46764097990135, 47.989389904460516 ], [ -3.467711891334073, 47.989534518922895 ], [ -3.467779311076958, 47.989673658946927 ], [ -3.467853392049524, 47.989831841756178 ], [ -3.46790682308457, 47.989980586922272 ], [ -3.467947378241467, 47.990111057934357 ], [ -3.46795924264536, 47.990216619733587 ], [ -3.467959732982077, 47.990328241679272 ], [ -3.467949244220883, 47.990436031098135 ], [ -3.467950416874769, 47.990530565712596 ], [ -3.467959486430002, 47.990644169284508 ], [ -3.467971674175537, 47.990741637113956 ], [ -3.467992836256544, 47.990831193869901 ], [ -3.468034146346438, 47.990942778905676 ], [ -3.468066251908874, 47.991037067523386 ], [ -3.468166363645903, 47.991348816592016 ], [ -3.468253507154084, 47.991675593033783 ], [ -3.468311390998319, 47.991929743311481 ], [ -3.468351401731495, 47.992352733498414 ], [ -3.468374167038277, 47.992742955785964 ], [ -3.468368918817042, 47.992936365230079 ], [ -3.468351475850905, 47.993094413183556 ], [ -3.468329986804694, 47.993229873235968 ], [ -3.468295542996043, 47.993410964273068 ], [ -3.46827253049812, 47.993553592904604 ], [ -3.468262308111099, 47.993685690809556 ], [ -3.468271881511988, 47.993786703901719 ], [ -3.46830508135329, 47.99388461611467 ], [ -3.468335578932816, 47.993957268516354 ], [ -3.46838305655753, 47.994038380741571 ], [ -3.468448822074455, 47.994126180223994 ], [ -3.468592138680419, 47.994316429735342 ], [ -3.468811074531576, 47.994595586707419 ], [ -3.468992851706327, 47.994783048228989 ], [ -3.469093815606722, 47.994887792956177 ], [ -3.469203200706872, 47.994967512865195 ], [ -3.469451850268188, 47.995122183135919 ], [ -3.469710532446025, 47.995273464410197 ], [ -3.469853218488899, 47.995355687417018 ], [ -3.470015680451358, 47.995438328000986 ], [ -3.470145935865277, 47.995522088209 ], [ -3.470248266589772, 47.995592657068848 ], [ -3.470345904814237, 47.99565682604387 ], [ -3.470438455847296, 47.995724487866923 ], [ -3.470533192051316, 47.995799396529151 ], [ -3.470658756234026, 47.995876756358129 ], [ -3.470790428916838, 47.995956045228695 ], [ -3.470922245440132, 47.996031736589416 ], [ -3.471081002898351, 47.99611429731938 ], [ -3.471349923707063, 47.996226186567839 ], [ -3.471551423130852, 47.996291647053539 ], [ -3.471740670683688, 47.996354148248926 ], [ -3.471910393764674, 47.996409936331254 ], [ -3.472081317316364, 47.996466649575986 ], [ -3.472262702733474, 47.996509181798565 ], [ -3.472433573849401, 47.996536190207614 ], [ -3.472618220284448, 47.996558988534218 ], [ -3.472762544951399, 47.996569234545355 ], [ -3.472971499803302, 47.996571842951752 ], [ -3.474332223733621, 47.99660324238026 ], [ -3.475048796813467, 47.996594946341098 ], [ -3.475334849071945, 47.996587474004912 ], [ -3.475577211816103, 47.996589881380224 ], [ -3.475763632575952, 47.996599210294264 ], [ -3.475948710026179, 47.996611210867798 ], [ -3.476091548899418, 47.996627721794376 ], [ -3.476264929950486, 47.996653876913641 ], [ -3.47638124049737, 47.996684230095845 ], [ -3.476483847820903, 47.996716994778971 ], [ -3.476605515656996, 47.996768162744743 ], [ -3.476693775871053, 47.996819527008206 ], [ -3.47679869628941, 47.996887443800333 ], [ -3.477035053902535, 47.997103043848142 ], [ -3.477164540066991, 47.997268687859382 ], [ -3.477244205023776, 47.997349573792576 ], [ -3.477285442544829, 47.997370244237388 ], [ -3.477349234369325, 47.997414792053164 ], [ -3.477432142852359, 47.997507447377984 ], [ -3.477485728970096, 47.997621987623369 ], [ -3.477529856325803, 47.997725527554429 ], [ -3.477577262718957, 47.99783993765044 ], [ -3.477636564621625, 47.997966299414109 ], [ -3.477725392790383, 47.998158989717929 ], [ -3.477831796501197, 47.998376352535502 ], [ -3.477957941911485, 47.998595030938404 ], [ -3.478086289816948, 47.9987894529919 ], [ -3.47818812005305, 47.998904108344178 ], [ -3.478281691659143, 47.999008688727265 ], [ -3.478414980715728, 47.999141107808768 ], [ -3.478512118276587, 47.999249363426202 ], [ -3.478596017081355, 47.999348339398402 ], [ -3.478662197536256, 47.999426240244588 ], [ -3.478730278305076, 47.999518582571056 ], [ -3.478833653806713, 47.999656672329813 ], [ -3.478910101615432, 47.999756391373964 ], [ -3.478987014379822, 47.99984441890274 ], [ -3.479050688051843, 47.999923166867596 ], [ -3.479104580555318, 47.999999008716692 ], [ -3.479168040103549, 48.000083152684844 ], [ -3.479207385946962, 48.000151487669861 ], [ -3.479236056953755, 48.000239400174067 ], [ -3.479254389652167, 48.000307293063273 ], [ -3.479268084879735, 48.000398490887356 ], [ -3.47927355647026, 48.000478714553388 ], [ -3.479288443286448, 48.000664447557504 ], [ -3.479339742574852, 48.000774438412932 ], [ -3.479540754092642, 48.001257518225422 ], [ -3.479716699213333, 48.001499744705171 ], [ -3.479947692301292, 48.001695423523209 ], [ -3.48008349249421, 48.001764886637211 ], [ -3.48022120794624, 48.001817288015893 ], [ -3.480364689776703, 48.001849108244691 ], [ -3.48047441796869, 48.00185861625274 ], [ -3.480612162262079, 48.001848010970818 ], [ -3.481006509925944, 48.001793294679999 ], [ -3.481453608418288, 48.001687480087519 ], [ -3.481718305650684, 48.001626435885164 ], [ -3.481901477259518, 48.001593381131151 ], [ -3.482072466082089, 48.001555569613529 ], [ -3.482214381720113, 48.001533348722589 ], [ -3.482356997948827, 48.001524643804466 ], [ -3.482457372382722, 48.001520451860934 ], [ -3.482569965099646, 48.001520116879263 ], [ -3.4826995064166, 48.001529138759828 ], [ -3.482814107436732, 48.00154054695431 ], [ -3.482927365341204, 48.00155462710331 ], [ -3.483214486270914, 48.001583159741628 ], [ -3.483680259996958, 48.001661347772703 ], [ -3.483986018213147, 48.001719072727091 ], [ -3.484108273986814, 48.001755842916864 ], [ -3.484185994198709, 48.001792578175809 ], [ -3.484239871711384, 48.001837813838016 ], [ -3.484279617091371, 48.00189625425449 ], [ -3.484321014530612, 48.001975431530248 ], [ -3.484342990820577, 48.002045200178195 ], [ -3.484348540980393, 48.002123624987902 ], [ -3.4843432749452, 48.002225225249703 ], [ -3.484332529445862, 48.00234021193701 ], [ -3.484305214961094, 48.002467452179566 ], [ -3.484261771466765, 48.002564650701352 ], [ -3.48421250382243, 48.002652725998558 ], [ -3.484163414357864, 48.002736304542502 ], [ -3.483978003169362, 48.002981738859667 ], [ -3.483868519222997, 48.003153158924668 ], [ -3.483747980661175, 48.003322546622954 ], [ -3.483519451918505, 48.003719191405409 ], [ -3.483387498144861, 48.003989149990197 ], [ -3.483304706578703, 48.004173731546899 ], [ -3.483291878792816, 48.004278773544648 ], [ -3.483329731605158, 48.004478489931003 ], [ -3.483388696219291, 48.004613842627471 ], [ -3.483512311574412, 48.004710048422297 ], [ -3.483753173403239, 48.004844719630093 ], [ -3.484122099843729, 48.004994680010618 ], [ -3.484406849087498, 48.005083465929445 ], [ -3.484953849657456, 48.005360474204473 ], [ -3.485277767981758, 48.005459980773999 ], [ -3.485372444162934, 48.005506071879715 ], [ -3.485469557236692, 48.005553114121987 ], [ -3.485598800147133, 48.005632333698905 ], [ -3.485903598621148, 48.005870952362997 ], [ -3.48605284926672, 48.006007297183857 ], [ -3.486799751000482, 48.006579219874048 ], [ -3.486981432323608, 48.006709042568225 ], [ -3.487531339958308, 48.007038304192612 ], [ -3.487632298251165, 48.007113328078987 ], [ -3.487951912227313, 48.00735315150461 ], [ -3.488037690770644, 48.007405354466449 ], [ -3.488113091096008, 48.007438437844066 ], [ -3.488203860435117, 48.007458341732374 ], [ -3.488308833713361, 48.007463241487265 ], [ -3.488401693862591, 48.007461586672626 ], [ -3.488480812999236, 48.007463244288438 ], [ -3.488580556563695, 48.007475234994885 ], [ -3.488672526761712, 48.007496063742209 ], [ -3.488750649229178, 48.007522903011619 ], [ -3.48884727975241, 48.00755103001309 ], [ -3.488986822808107, 48.007589056748294 ], [ -3.489109770518788, 48.007608733769359 ], [ -3.489249430051854, 48.007612558899353 ], [ -3.489356138171908, 48.007604892604242 ], [ -3.489451017660807, 48.007583477035929 ], [ -3.489517499164088, 48.007560566612838 ], [ -3.489623264771843, 48.007514176139715 ], [ -3.489710273157244, 48.007472793392417 ], [ -3.489813388071904, 48.007430847725708 ], [ -3.489938577183644, 48.007393864622657 ], [ -3.490033278221135, 48.007376945309169 ], [ -3.490144895164602, 48.007370281120416 ], [ -3.490257392581072, 48.007372636218676 ], [ -3.49067866437967, 48.007388655149143 ], [ -3.491252688076328, 48.007452873709781 ], [ -3.491423742890128, 48.007476255015831 ], [ -3.491578477868538, 48.007505595284435 ], [ -3.491706193490359, 48.007529869585021 ], [ -3.491866087009385, 48.007553916779941 ], [ -3.492014044811344, 48.007566912909653 ], [ -3.492319076342985, 48.007581393967847 ], [ -3.492528107671684, 48.007583065385354 ], [ -3.492686879558063, 48.0075728842465 ], [ -3.492828877021549, 48.007548850675143 ], [ -3.492959712675801, 48.007525483633167 ], [ -3.493079386538993, 48.007502783160845 ], [ -3.493213362264726, 48.007493883007648 ], [ -3.493334691352726, 48.0074919190712 ], [ -3.493449874759369, 48.007488926429957 ], [ -3.493617015727696, 48.007486119660022 ], [ -3.49377762029696, 48.007492176970089 ], [ -3.493972342395971, 48.007511548440313 ], [ -3.4941406774195, 48.007541169265885 ], [ -3.494329709132007, 48.007579323180259 ], [ -3.49451683021811, 48.007634538657292 ], [ -3.49479948479765, 48.007745755490767 ], [ -3.494924546035871, 48.007805974339782 ], [ -3.495044100776434, 48.007848976194232 ], [ -3.495510112901248, 48.00795412025105 ], [ -3.495745840523107, 48.008000447685269 ], [ -3.496112250839353, 48.008090007623125 ], [ -3.496375278053462, 48.00816570673625 ], [ -3.496669490850044, 48.008266358772573 ], [ -3.49678488320547, 48.008289469689217 ], [ -3.496918186263332, 48.008297652702048 ], [ -3.497081514238094, 48.00829746124932 ], [ -3.497129834715178, 48.008295769445688 ], [ -3.497221849814027, 48.008284188377196 ], [ -3.497330432717453, 48.008260351647749 ], [ -3.497411326320539, 48.008217035000108 ], [ -3.497458628124661, 48.008178417895252 ], [ -3.49759408748771, 48.007943619435792 ], [ -3.497729368459091, 48.00771331762067 ], [ -3.497769864362418, 48.007596250167076 ], [ -3.497779733004787, 48.007502846237735 ], [ -3.497771939701, 48.007418074746568 ], [ -3.497758000686778, 48.007332274934818 ], [ -3.497749755972761, 48.007196188652706 ], [ -3.497766306850533, 48.00705881955755 ], [ -3.497790194691242, 48.00698641034208 ], [ -3.497819625427122, 48.00693031847176 ], [ -3.497866115119382, 48.006880883178347 ], [ -3.497918254067156, 48.006845067144255 ], [ -3.498000026939954, 48.006810769437223 ], [ -3.498086390112487, 48.006785568375143 ], [ -3.498213371417094, 48.006765715059416 ], [ -3.498388565430957, 48.006746867296705 ], [ -3.49865396833497, 48.006730800869278 ], [ -3.498998032876635, 48.006696572158724 ], [ -3.499500943543673, 48.006587346166697 ], [ -3.499724108588439, 48.006512790540427 ], [ -3.49983011198623, 48.006460094672967 ], [ -3.499891682151552, 48.006404672290294 ], [ -3.499927677725107, 48.006370319003764 ], [ -3.499970456498666, 48.006320805520332 ], [ -3.500045660174657, 48.006264767158264 ], [ -3.50012637182808, 48.006225945321773 ], [ -3.500189103440669, 48.006203850437721 ], [ -3.500267657877227, 48.006188385953998 ], [ -3.500801289949902, 48.00608429488328 ], [ -3.501157041681102, 48.006035901501534 ], [ -3.50125600940817, 48.006036163177967 ], [ -3.501334808357002, 48.006045905617171 ], [ -3.501399548820907, 48.006067056336619 ], [ -3.501453057224709, 48.006090673315398 ], [ -3.501499006804848, 48.006117733179856 ], [ -3.501589422111979, 48.006178122587706 ], [ -3.501659810390437, 48.006244395416566 ], [ -3.501744740130561, 48.006444184774843 ], [ -3.501893658728585, 48.006810023772097 ], [ -3.50196449851672, 48.006990617601467 ], [ -3.502026302976953, 48.007086414496541 ], [ -3.502053073098366, 48.007129276367571 ], [ -3.502142178920154, 48.007254444734393 ], [ -3.502173783388209, 48.007363114039975 ], [ -3.502191999328306, 48.00749760723896 ], [ -3.50213037617828, 48.007805956045068 ], [ -3.502022458971293, 48.007938722674957 ], [ -3.501865371702058, 48.008094767698765 ], [ -3.501581161244128, 48.0082427641359 ], [ -3.501275576046284, 48.008430818823044 ], [ -3.500878914902827, 48.008763690484649 ], [ -3.500817227781471, 48.008916321313656 ], [ -3.500819050762728, 48.009058574229009 ], [ -3.500852421132092, 48.00915377946491 ], [ -3.500930297712765, 48.009249911995269 ], [ -3.501436198076049, 48.009505277018796 ], [ -3.501768708566696, 48.009702122776091 ], [ -3.502027465936822, 48.009918133806551 ], [ -3.502484349623234, 48.010161671937936 ], [ -3.502766959322313, 48.010306170210264 ], [ -3.502891040084776, 48.01045456857117 ], [ -3.502911029462751, 48.010512590745606 ], [ -3.50296873934505, 48.010649706359118 ], [ -3.50326518948197, 48.010977210673872 ], [ -3.503673289493612, 48.011549163162528 ], [ -3.503744038963347, 48.011637944600807 ], [ -3.504163035332654, 48.01202740268397 ], [ -3.504417399272604, 48.012166808457529 ], [ -3.504697127719346, 48.012290539474151 ], [ -3.504904266976461, 48.012372255826286 ], [ -3.505057467572198, 48.012409645509265 ], [ -3.505573801892715, 48.012495089840748 ], [ -3.505794190018258, 48.012554577544549 ], [ -3.506294383317313, 48.012735993021373 ], [ -3.506774055861793, 48.012872875075537 ], [ -3.506932734500767, 48.012928377805522 ], [ -3.507030901897395, 48.012949319525255 ], [ -3.507238222935952, 48.012995031321523 ], [ -3.507390084420392, 48.013035090126657 ], [ -3.507618637467712, 48.013138848336773 ], [ -3.50769688381745, 48.013225982666192 ], [ -3.507745103714536, 48.013289990893981 ], [ -3.507787001419266, 48.013388971491956 ], [ -3.507846208517119, 48.013488311592823 ], [ -3.507982319179388, 48.013614451531595 ], [ -3.508201586601926, 48.013765720678514 ], [ -3.508397539237723, 48.013880501448156 ], [ -3.508510617157214, 48.013931454548619 ], [ -3.50863174757826, 48.013934869677968 ], [ -3.508829641090523, 48.013968681391503 ], [ -3.509033716768346, 48.014002621074418 ], [ -3.509234473177722, 48.014058093751231 ], [ -3.509505952803938, 48.014140236546226 ], [ -3.509719640261818, 48.014213078489398 ], [ -3.5098588272436, 48.014292474922421 ], [ -3.50997095303039, 48.014336205955644 ], [ -3.51017139411533, 48.014399771180791 ], [ -3.510312166898216, 48.014407192333088 ], [ -3.510456047220612, 48.014398476063114 ], [ -3.510585408089984, 48.014381357555749 ], [ -3.510713957956111, 48.014384924251381 ], [ -3.510810892824654, 48.014405836927445 ], [ -3.510980460399781, 48.014467860154205 ], [ -3.511434194162506, 48.014604183262627 ], [ -3.511895028321695, 48.014717249191271 ], [ -3.512367354119831, 48.014916060306497 ], [ -3.512676047157118, 48.015059272716478 ], [ -3.513080231067428, 48.015228765491663 ], [ -3.513288879577851, 48.015335699464195 ], [ -3.513564624265263, 48.015530432114119 ], [ -3.513930325455124, 48.015829638135791 ], [ -3.514824098360028, 48.016168580741052 ], [ -3.515111740024123, 48.016249243704429 ], [ -3.515347477389112, 48.016264924797909 ], [ -3.515633195074614, 48.016236635121636 ], [ -3.51639358240858, 48.016126357122573 ], [ -3.517140108144435, 48.015959081264448 ], [ -3.517518913441334, 48.015955214340075 ], [ -3.51779980702298, 48.016018628787819 ], [ -3.517939782751708, 48.016078228891971 ], [ -3.518174399318596, 48.016312603375141 ], [ -3.518725412837046, 48.016747037375623 ], [ -3.519028967603663, 48.017022438938149 ], [ -3.519261547920406, 48.017119054638336 ], [ -3.519587389254938, 48.017045678802411 ], [ -3.519909182091399, 48.016885809417609 ], [ -3.52031687428968, 48.016522492107228 ], [ -3.520642663953769, 48.016260092690949 ], [ -3.520900641395767, 48.015927885175209 ], [ -3.521132146116649, 48.015417812484458 ], [ -3.521309652861977, 48.015118146321981 ], [ -3.521428396297964, 48.014897375012389 ], [ -3.521617236398115, 48.014719454821496 ], [ -3.521847350855914, 48.014466778617923 ], [ -3.522121473294638, 48.014323021171059 ], [ -3.522402767217206, 48.014185711697216 ], [ -3.523010089726766, 48.0139696193554 ], [ -3.523718335760109, 48.013767306351212 ], [ -3.523931450165534, 48.013760000122119 ], [ -3.524269858831365, 48.013966798054845 ], [ -3.524613255601038, 48.014077388108653 ], [ -3.525146014127854, 48.014345795374879 ], [ -3.525656518344998, 48.014391419205694 ], [ -3.525813541444369, 48.014394654607806 ], [ -3.526004076740873, 48.014363476710436 ], [ -3.526223911182178, 48.014374306178432 ], [ -3.526535202638441, 48.014483328589797 ], [ -3.526927898202798, 48.014726339698854 ], [ -3.527110838752416, 48.014890322893436 ], [ -3.52729233393838, 48.015059676555659 ], [ -3.527380643649605, 48.015238812509381 ], [ -3.52734202209829, 48.015404533951312 ], [ -3.527066376880891, 48.015810199427847 ], [ -3.527070131574417, 48.01593628939326 ], [ -3.527266793676405, 48.016129357820823 ], [ -3.527453588660743, 48.016385229083561 ], [ -3.527660028537916, 48.016549695207068 ], [ -3.52771888834367, 48.016658917759884 ], [ -3.527836993528595, 48.016867469719806 ], [ -3.52785292818617, 48.017062217334953 ], [ -3.527967184801557, 48.017178880692128 ], [ -3.528142355526168, 48.01732020000965 ], [ -3.528306502742823, 48.017363182267864 ], [ -3.528579622153837, 48.017372403056228 ], [ -3.528955051568014, 48.017296419325483 ], [ -3.529173064292067, 48.017227097061479 ], [ -3.529413587297491, 48.017088030356987 ], [ -3.529752571376256, 48.016962689394191 ], [ -3.530194206026553, 48.016902464531618 ], [ -3.530478342124588, 48.016819197852655 ], [ -3.531068505064698, 48.016630610049816 ], [ -3.531647564372403, 48.016345481425667 ], [ -3.531949893025237, 48.01627158576386 ], [ -3.532242692749662, 48.016219995740371 ], [ -3.532560185903353, 48.01616981226141 ], [ -3.53288467821949, 48.016130572680559 ], [ -3.533380945670533, 48.016129062791343 ], [ -3.534158753624776, 48.016174734062517 ], [ -3.535075719758765, 48.016301562715007 ], [ -3.535355518474409, 48.016393711670098 ], [ -3.535785084356555, 48.016516834633336 ], [ -3.536149240858296, 48.016667417297633 ], [ -3.536667239770614, 48.016935464221241 ], [ -3.536846438921912, 48.016973341527013 ], [ -3.53721680339465, 48.016963832179847 ], [ -3.537388793264346, 48.016996160280215 ], [ -3.537614438453553, 48.017080892740346 ], [ -3.537846388408449, 48.017194556727205 ], [ -3.538118481034392, 48.01732614438432 ], [ -3.538454540533294, 48.017435639530262 ], [ -3.538702218921919, 48.017494718522535 ], [ -3.539028560783249, 48.017471699934113 ], [ -3.539290238265258, 48.01736094776372 ], [ -3.539458448497423, 48.017267182923547 ], [ -3.539832671934286, 48.016966115442415 ], [ -3.540269950790224, 48.016666337568324 ], [ -3.540925008265027, 48.016238702242809 ], [ -3.541626797280461, 48.015818319918878 ], [ -3.541911322924487, 48.015372297391352 ], [ -3.542215011687052, 48.014846558731925 ], [ -3.542438611238929, 48.014375887004149 ], [ -3.542806458370718, 48.013822656649424 ], [ -3.543053661140087, 48.013541484372972 ], [ -3.543099411186121, 48.013382204841292 ], [ -3.543092373159297, 48.013148039227424 ], [ -3.543105108168658, 48.013010586830354 ], [ -3.543165992336156, 48.012875919006227 ], [ -3.54332553140125, 48.012621756796285 ], [ -3.543409607387738, 48.012463260762203 ], [ -3.54343751089504, 48.012349520644335 ], [ -3.543477612660256, 48.012144221446015 ], [ -3.543504855764652, 48.012047569412594 ], [ -3.543588394960337, 48.011934966567559 ], [ -3.543825402866004, 48.011693188380228 ], [ -3.543819854256538, 48.01158056468843 ], [ -3.543806055460705, 48.011329159731041 ], [ -3.543784458277797, 48.010927281745062 ], [ -3.543731375131829, 48.010667873274954 ], [ -3.543654315946928, 48.010420575872068 ], [ -3.543523603312118, 48.010120877028619 ], [ -3.543481709946635, 48.009956205823094 ], [ -3.543489234525901, 48.009793444935084 ], [ -3.543510011034555, 48.009639955778958 ], [ -3.543618894138079, 48.009287549653592 ], [ -3.543744089117985, 48.009089390746219 ], [ -3.543915275614212, 48.008949776918726 ], [ -3.544213222759883, 48.008795651901899 ], [ -3.54454883343598, 48.008659397230105 ], [ -3.544932206276802, 48.008535818380025 ], [ -3.545352131922768, 48.008458888914554 ], [ -3.545819646757504, 48.008399131137494 ], [ -3.546276043151605, 48.008403049999636 ], [ -3.54668414261128, 48.008440184055573 ], [ -3.546864107204102, 48.00848976166025 ], [ -3.546913997066958, 48.008511481816527 ], [ -3.547018687364544, 48.008555922365083 ], [ -3.547085409733381, 48.008654492739602 ], [ -3.547104043393165, 48.008780884158533 ], [ -3.546984752242823, 48.009018770650258 ], [ -3.546863482857661, 48.009307921241266 ], [ -3.546862518520062, 48.009493318013895 ], [ -3.546969831764138, 48.009598117500019 ], [ -3.547130063973861, 48.009710297474527 ], [ -3.5475085105302, 48.009907037306562 ], [ -3.547669564854973, 48.010030034205926 ], [ -3.54787692935644, 48.010203480093061 ], [ -3.548113457991149, 48.010454927413832 ], [ -3.54823224896092, 48.010550958978577 ], [ -3.548310056723048, 48.010586749160417 ], [ -3.548482276388344, 48.010612763928151 ], [ -3.548624662434213, 48.010610267488012 ], [ -3.548782785582246, 48.010584689715138 ], [ -3.549023325989822, 48.010475284744743 ], [ -3.549174446458765, 48.010438762663576 ], [ -3.549370802152856, 48.010384260971541 ], [ -3.549666942478085, 48.01037319678796 ], [ -3.5501881901946, 48.010492730972373 ], [ -3.550660146011164, 48.010542852217384 ], [ -3.551097613756473, 48.010621071344239 ], [ -3.55147375062434, 48.010685438372768 ], [ -3.551738548922602, 48.010749336763517 ], [ -3.551992676526628, 48.010897624646205 ], [ -3.552122013641203, 48.011009167938063 ], [ -3.552243275693222, 48.011137648161515 ], [ -3.552306102777438, 48.011209133570418 ], [ -3.552470474170342, 48.011310588809977 ], [ -3.55264354441983, 48.0113789179496 ], [ -3.552849002377541, 48.011441605531076 ], [ -3.553057080852785, 48.011468342885344 ], [ -3.553265470828618, 48.011486985464401 ], [ -3.553361361694158, 48.011470935391074 ], [ -3.553548932864652, 48.011387444808079 ], [ -3.553871325631694, 48.011208588526024 ], [ -3.554094480991258, 48.011100618847699 ], [ -3.554301805080979, 48.010986026141197 ], [ -3.554465821900434, 48.010871452241105 ], [ -3.55463135094499, 48.010749708247531 ], [ -3.554926526689155, 48.010473987120399 ], [ -3.555029476847873, 48.010370771633802 ], [ -3.555215698541121, 48.010161240031067 ], [ -3.555419622778546, 48.009877361674356 ], [ -3.555470542046023, 48.009775788153163 ], [ -3.555605864113862, 48.009570621594946 ], [ -3.555889347072661, 48.009019237055419 ], [ -3.556039605043748, 48.008811673526672 ], [ -3.556121596834456, 48.008577520115452 ], [ -3.556186385179422, 48.008179203154228 ], [ -3.556210476171794, 48.008099586052026 ], [ -3.556269182899166, 48.008020672530471 ], [ -3.556406085762069, 48.007935247591831 ], [ -3.556535915929802, 48.007840677998516 ], [ -3.556633588624713, 48.007810260217894 ], [ -3.556818221628034, 48.00773840581487 ], [ -3.5569576646029, 48.007651231692627 ], [ -3.557166813767966, 48.007424161824126 ], [ -3.557346706943958, 48.007346809828817 ], [ -3.55766575785902, 48.007221880098832 ], [ -3.557854193721142, 48.007179803747924 ], [ -3.558080159612929, 48.007159190998387 ], [ -3.558231639127571, 48.007145165849764 ], [ -3.558354857115344, 48.007126066232566 ], [ -3.558544631930941, 48.007081315667712 ], [ -3.558645223324439, 48.007039254433913 ], [ -3.558775732027197, 48.006959097306613 ], [ -3.55886475967583, 48.006863696713573 ], [ -3.558977753144166, 48.006788584222107 ], [ -3.559093420206356, 48.006740528124617 ], [ -3.559219385492121, 48.006714282730258 ], [ -3.559359185429363, 48.006714420149976 ], [ -3.559700390991883, 48.006721345142559 ], [ -3.559924457879593, 48.00675019414259 ], [ -3.560074965386757, 48.006793751468187 ], [ -3.560150165011713, 48.006833080396412 ], [ -3.560246105265504, 48.006880030672306 ], [ -3.560327141640798, 48.006928478637406 ], [ -3.560407217695743, 48.006969706466215 ], [ -3.560502680549188, 48.006996845197428 ], [ -3.560584239137961, 48.006999399786899 ], [ -3.560650312384244, 48.006986338934979 ], [ -3.560697019118739, 48.006962084312079 ], [ -3.560777458729262, 48.006864707859592 ], [ -3.560874003832719, 48.0067667579589 ], [ -3.560945961440933, 48.006664708995139 ], [ -3.560991716297392, 48.006568429064046 ], [ -3.561027477625933, 48.006474646656237 ], [ -3.561050880866412, 48.006348210958798 ], [ -3.56106039307285, 48.006099983641377 ], [ -3.56106132808765, 48.006043297990935 ], [ -3.560997631253933, 48.005768383848675 ], [ -3.56083890413711, 48.005584249673007 ], [ -3.560639412395736, 48.005430790883558 ], [ -3.560387887283526, 48.005343781542265 ], [ -3.560284359768618, 48.0053011778189 ], [ -3.560222903346209, 48.005226124915424 ], [ -3.560170805107589, 48.00503605252716 ], [ -3.560176769725929, 48.004880460954368 ], [ -3.560157183091479, 48.004520034471632 ], [ -3.560156253069002, 48.004092481208879 ], [ -3.560128648576113, 48.003844401234467 ], [ -3.560262851606804, 48.003570802179397 ], [ -3.560358534721608, 48.003237016775955 ], [ -3.560518675711391, 48.003093554125329 ], [ -3.560936522851141, 48.002714099791618 ], [ -3.561552002776215, 48.002148737033174 ], [ -3.561734970056669, 48.002022837041856 ], [ -3.561842859778781, 48.002016023955136 ], [ -3.56206649603627, 48.002055660900304 ], [ -3.562458046573761, 48.002071699062135 ], [ -3.562960486049758, 48.001970273775846 ], [ -3.56330778540435, 48.00188190405332 ], [ -3.563483794374912, 48.001937674335274 ], [ -3.563568175423232, 48.002157200843094 ], [ -3.563767416780875, 48.002381754423944 ], [ -3.563902118123178, 48.002450188238292 ], [ -3.564117652226325, 48.002507658182111 ], [ -3.564306713775924, 48.002545690076168 ], [ -3.564497252600259, 48.002577451064049 ], [ -3.564710278619252, 48.002668171609017 ], [ -3.564776648438601, 48.002744221331902 ], [ -3.564807616738685, 48.002807853289703 ], [ -3.564823957469521, 48.002865788639909 ], [ -3.564855473999327, 48.002947433088558 ], [ -3.564942785927691, 48.003090511930736 ], [ -3.564994187061484, 48.003137456211697 ], [ -3.565061110419955, 48.00316671332746 ], [ -3.565122231342542, 48.003185952158077 ], [ -3.565187301628971, 48.003198970416712 ], [ -3.565287432113809, 48.003200997480725 ], [ -3.565396972542691, 48.003183413395121 ], [ -3.565507166371353, 48.003148741096979 ], [ -3.565677590718683, 48.003091885967635 ], [ -3.565910408079337, 48.003020992126181 ], [ -3.566119668796015, 48.00295142124601 ], [ -3.566276356528899, 48.002897887509143 ], [ -3.566620533599689, 48.002761740261477 ], [ -3.566738247292367, 48.002692116191334 ], [ -3.56685125663269, 48.002616096351531 ], [ -3.567247972075911, 48.002335198850794 ], [ -3.567397721196778, 48.0022689222697 ], [ -3.567437004291789, 48.002244514822152 ], [ -3.567485730777826, 48.002199596762274 ], [ -3.567543934941044, 48.002133268705542 ], [ -3.567564780234072, 48.002040983194689 ], [ -3.567584183148723, 48.001954068929265 ], [ -3.567556784061383, 48.001861707844171 ], [ -3.567569765662629, 48.00178096421196 ], [ -3.56759476510886, 48.001709464304881 ], [ -3.567908035694693, 48.001183858859079 ], [ -3.568053353390719, 48.001006783555518 ], [ -3.568123985706167, 48.000938906430356 ], [ -3.568189878976094, 48.000897935483167 ], [ -3.568281215653735, 48.000870979904583 ], [ -3.568388553236221, 48.000846147861438 ], [ -3.568681104225107, 48.000798057617487 ], [ -3.568899590021352, 48.000778171892513 ], [ -3.569104478318157, 48.000790413357983 ], [ -3.569293022366707, 48.000809524695789 ], [ -3.569456706628903, 48.000831733655772 ], [ -3.569574207935843, 48.000864710122535 ], [ -3.569687554743517, 48.000909303396583 ], [ -3.569762959196225, 48.00094322925839 ], [ -3.569855635276459, 48.000978404063574 ], [ -3.569942439701475, 48.001005359566854 ], [ -3.570053005323642, 48.001025594454056 ], [ -3.57017277306498, 48.001031614031078 ], [ -3.570258272239325, 48.001027940630721 ], [ -3.570455606830088, 48.001011224803314 ], [ -3.57058158867426, 48.000984066955304 ], [ -3.57067828062695, 48.000946416727906 ], [ -3.570753030863931, 48.000900222724226 ], [ -3.571016284679389, 48.000679621842202 ], [ -3.571186209846059, 48.000473337300335 ], [ -3.571308475286052, 48.000284091670324 ], [ -3.571406154821879, 48.000090749332621 ], [ -3.571448898834856, 47.999975503730198 ], [ -3.571491128216286, 47.999873748724298 ], [ -3.571548843811192, 47.999787607456867 ], [ -3.57160316104219, 47.999725699343607 ], [ -3.571652396555231, 47.999667288890691 ], [ -3.571697443539651, 47.999621394791419 ], [ -3.571727417153889, 47.99958149687243 ], [ -3.571744961110753, 47.999543148180976 ], [ -3.571760170011545, 47.999501152091717 ], [ -3.571765352909483, 47.999462553887255 ], [ -3.571761641489561, 47.999397674246794 ], [ -3.571757209928019, 47.99935168144944 ], [ -3.57172674865515, 47.999242158641586 ], [ -3.571666791206035, 47.999095137733228 ], [ -3.571600550728006, 47.998950690161735 ], [ -3.571550998477655, 47.998822780627755 ], [ -3.571523282993901, 47.99867371035122 ], [ -3.571523105819097, 47.998548597716095 ], [ -3.571515819417775, 47.998382838644936 ], [ -3.571506166626136, 47.998279136299999 ], [ -3.571503521581307, 47.998251180888033 ], [ -3.5714865881796, 47.998111328972996 ], [ -3.57145880600001, 47.997996459860289 ], [ -3.571405958257611, 47.997857683015368 ], [ -3.571333539544933, 47.997713110631892 ], [ -3.571203229681386, 47.997497164299013 ], [ -3.571081367362267, 47.997286788785694 ], [ -3.571048437524759, 47.997209618372466 ], [ -3.571038409593398, 47.997148211501717 ], [ -3.571043488702841, 47.997079909171269 ], [ -3.571075588179164, 47.99698425046298 ], [ -3.571120871237133, 47.996867256418319 ], [ -3.571222047920446, 47.996679385818624 ], [ -3.571357830321767, 47.996427409262736 ], [ -3.571492758373391, 47.99629512382451 ], [ -3.571640802036907, 47.996175703906339 ], [ -3.571826200243327, 47.996049837341907 ], [ -3.572084898529958, 47.995883146994657 ], [ -3.572319840408952, 47.995787981692018 ], [ -3.572517257255383, 47.99573616175536 ], [ -3.572656135193333, 47.995694861084196 ], [ -3.572766104629541, 47.995665577828028 ], [ -3.572943883662556, 47.995642162905433 ], [ -3.573125304396673, 47.995653023547717 ], [ -3.573292308999221, 47.995717596841693 ], [ -3.573371903947647, 47.995836210599812 ], [ -3.573395875553026, 47.995921300051201 ], [ -3.573406627841346, 47.995996222158787 ], [ -3.573425515892457, 47.996052407054798 ], [ -3.573443133686146, 47.996109466389733 ], [ -3.573460097977053, 47.996151211470895 ], [ -3.573472908764021, 47.996204573590532 ], [ -3.573475454405044, 47.996267629350072 ], [ -3.573466670154353, 47.996335856960108 ], [ -3.573458022940743, 47.996400487084713 ], [ -3.573454217063907, 47.996467915054936 ], [ -3.573453708119572, 47.996546210288756 ], [ -3.573468511367332, 47.996612213497308 ], [ -3.573488018968216, 47.996684612037967 ], [ -3.573586648946921, 47.996953020151345 ], [ -3.573643140753633, 47.997093669379147 ], [ -3.57368270231362, 47.997191674143195 ], [ -3.573716597646335, 47.997276063666014 ], [ -3.57375883444932, 47.997336319690483 ], [ -3.573784037914637, 47.997356629381791 ], [ -3.573823868528977, 47.997382634435908 ], [ -3.573843200079875, 47.997394725121232 ], [ -3.573900404079176, 47.997419280384072 ], [ -3.574291487011474, 47.997511772345192 ], [ -3.574597728106365, 47.997590851690454 ], [ -3.574822869234076, 47.99765569451128 ], [ -3.575020988640008, 47.997715491897765 ], [ -3.575195246576872, 47.997784708708139 ], [ -3.575343650209093, 47.997850704008783 ], [ -3.575453770259123, 47.997915027562954 ], [ -3.575537761900933, 47.99798332481037 ], [ -3.575613751637231, 47.998034359545017 ], [ -3.575681123225997, 47.998084320509783 ], [ -3.57574821728821, 47.998109074061666 ], [ -3.575814657220475, 47.998118513312129 ], [ -3.575866640788712, 47.998117760558529 ], [ -3.575936305886937, 47.998107463318242 ], [ -3.575987977468903, 47.998082402508544 ], [ -3.576011561585068, 47.998047775178165 ], [ -3.576016809946521, 47.998007378062823 ], [ -3.576017387819758, 47.997959686347578 ], [ -3.576022944196211, 47.997911194870419 ], [ -3.576038902487058, 47.997849412007824 ], [ -3.576054796273528, 47.997821830249144 ], [ -3.576074569368187, 47.997789826325992 ], [ -3.576134132107541, 47.997719921277444 ], [ -3.576248214324461, 47.997615111965239 ], [ -3.576391995814439, 47.997510000731239 ], [ -3.576550917436979, 47.997397093711292 ], [ -3.576710663922295, 47.997295003845565 ], [ -3.576905327268963, 47.997185516384739 ], [ -3.577024458380327, 47.99711051008525 ], [ -3.57717716780772, 47.997030779435903 ], [ -3.577270893146694, 47.996973262554334 ], [ -3.577359810917342, 47.996912048550854 ], [ -3.577402481695799, 47.996863404278137 ], [ -3.577432997149645, 47.996809114885288 ], [ -3.577449642428094, 47.996761746725774 ], [ -3.577451694559119, 47.996707784317067 ], [ -3.577445162787749, 47.996651848959658 ], [ -3.577418854356686, 47.996595515419962 ], [ -3.577376443243746, 47.996539757718345 ], [ -3.577314392396627, 47.996480004306136 ], [ -3.577234074749166, 47.996412682546051 ], [ -3.577159971679045, 47.996344585804607 ], [ -3.577099430962346, 47.99627766218255 ], [ -3.577012240468925, 47.996163398639055 ], [ -3.576974598650685, 47.996079834910269 ], [ -3.576945814402262, 47.995991049180645 ], [ -3.576930934427028, 47.995894442908664 ], [ -3.576932225451458, 47.995795462122246 ], [ -3.57694875925418, 47.995685987575477 ], [ -3.576961828888862, 47.995602545056336 ], [ -3.576964321662775, 47.995504488554396 ], [ -3.576958679939776, 47.99542516953057 ], [ -3.57694352641518, 47.995335758278557 ], [ -3.576914297861518, 47.995258664428334 ], [ -3.576880125340827, 47.995181471003661 ], [ -3.576855054147162, 47.995125162278818 ], [ -3.576840110549275, 47.995062757090849 ], [ -3.57683484977869, 47.995005947283026 ], [ -3.576835153256643, 47.994965450642241 ], [ -3.576848398371564, 47.994909913608119 ], [ -3.57687934915342, 47.994779128034672 ], [ -3.576875354139683, 47.994689041476178 ], [ -3.5768602009389, 47.994599630259266 ], [ -3.576834500972966, 47.994462303406159 ], [ -3.576802172023154, 47.994304141649167 ], [ -3.576760092184838, 47.994142183261737 ], [ -3.57674215069523, 47.993996012080402 ], [ -3.576732176941233, 47.993868002600635 ], [ -3.576741602589905, 47.993750284526634 ], [ -3.576767339771934, 47.993658996746134 ], [ -3.576809627917532, 47.993587843643461 ], [ -3.576873376704278, 47.993537824138713 ], [ -3.576941145657747, 47.993512187190191 ], [ -3.577002153152358, 47.993501715054983 ], [ -3.577090044223752, 47.993499884817368 ], [ -3.57717858517535, 47.993480966453497 ], [ -3.577260257472852, 47.993447508746456 ], [ -3.577335539894264, 47.993386920514531 ], [ -3.577609207974254, 47.993183616856747 ], [ -3.577876215589354, 47.992992779328709 ], [ -3.578310475873097, 47.992729702677217 ], [ -3.578557572426673, 47.992574465229701 ], [ -3.578837075840995, 47.992412678902461 ], [ -3.578968041408746, 47.992351409993638 ], [ -3.579061409904551, 47.992270483239125 ], [ -3.579114612680434, 47.992204949344988 ], [ -3.579189583968406, 47.992152454219976 ], [ -3.579257111056306, 47.992133111447963 ], [ -3.579312073612683, 47.992118916211815 ], [ -3.57937479351257, 47.992095876422589 ], [ -3.579459657879265, 47.992075982252473 ], [ -3.579540233517569, 47.992071302738786 ], [ -3.579645220568404, 47.99207521473236 ], [ -3.57980050562622, 47.992090038955652 ], [ -3.579936739158843, 47.992117980660247 ], [ -3.580079084244597, 47.992147845218483 ], [ -3.580204706861859, 47.992162072310258 ], [ -3.58034313302807, 47.992164855960716 ], [ -3.58049199322225, 47.99215344830322 ], [ -3.580882307056306, 47.992135194062072 ], [ -3.581214592510852, 47.992081569829395 ], [ -3.581348579857274, 47.992038360024956 ], [ -3.581443911344847, 47.992003373718866 ], [ -3.581535193529395, 47.991977306528256 ], [ -3.581640166287191, 47.991916412149301 ], [ -3.5817162612644, 47.991834236024168 ], [ -3.581698792906721, 47.991707876915314 ], [ -3.581648705289125, 47.991561061011403 ], [ -3.581648779155932, 47.99142875405466 ], [ -3.581713572265215, 47.991318449064096 ], [ -3.581803978306713, 47.991217659327823 ], [ -3.581969426929994, 47.991094975977035 ], [ -3.582156924131936, 47.991010537799596 ], [ -3.582303642853597, 47.990957682089608 ], [ -3.582422829817523, 47.990913273650392 ], [ -3.582577244175905, 47.990885773776817 ], [ -3.582729493589241, 47.990850129689584 ], [ -3.582883217529121, 47.990808214614091 ], [ -3.583008719776573, 47.990760332171803 ], [ -3.583084716877349, 47.990713255460783 ], [ -3.583127241767046, 47.990668206637039 ], [ -3.583150060152349, 47.990620961917372 ], [ -3.5831530356422, 47.990575118799768 ], [ -3.583138086387781, 47.990512714681138 ], [ -3.583110121998301, 47.990434748214405 ], [ -3.583036515506996, 47.990288360840694 ], [ -3.582855365026838, 47.98991209913941 ], [ -3.582804635633905, 47.989814774171926 ], [ -3.582727357144484, 47.989667412806931 ], [ -3.582607512846423, 47.989533597207092 ], [ -3.582528878136915, 47.989454612709906 ], [ -3.582440227633023, 47.989411429169749 ], [ -3.582282776963511, 47.989356062595725 ], [ -3.581874529395262, 47.989228152001452 ], [ -3.581809880704054, 47.989204351436442 ], [ -3.581449868800251, 47.989076508500048 ], [ -3.581209957381358, 47.989010482334805 ], [ -3.580955352536931, 47.988940560010398 ], [ -3.580853662344359, 47.988915114118527 ], [ -3.580761101425622, 47.988877250898113 ], [ -3.580690718114046, 47.988841633626819 ], [ -3.580645052406894, 47.988806513308269 ], [ -3.580603982231193, 47.988748083918466 ], [ -3.580573243056407, 47.988678161519367 ], [ -3.580555272457157, 47.988597695192276 ], [ -3.580539937884433, 47.988480379581212 ], [ -3.580544261768326, 47.988301355425385 ], [ -3.580603545456409, 47.987945225420276 ], [ -3.580698373931935, 47.987662714663948 ], [ -3.580755872846738, 47.987483859733842 ], [ -3.580811350248582, 47.987325665424052 ], [ -3.580839850386861, 47.987193930362849 ], [ -3.580862587608026, 47.987083680758708 ], [ -3.580872898090881, 47.986974981424709 ], [ -3.580866227524115, 47.986922644133593 ], [ -3.580836588267399, 47.986856344220136 ], [ -3.580803896969613, 47.986805283865003 ], [ -3.580615908639163, 47.986609792326249 ], [ -3.580583729884107, 47.986545241394339 ], [ -3.580573693624453, 47.986483835870956 ], [ -3.580588981987265, 47.986374336644474 ], [ -3.580659748204806, 47.98594373353977 ], [ -3.580710663335488, 47.985807949093733 ], [ -3.580819368088888, 47.985583321207663 ], [ -3.580883405080785, 47.9854928032535 ], [ -3.580938729701975, 47.985436312148501 ], [ -3.580993200714814, 47.985402305200935 ], [ -3.581224343451541, 47.985307946160923 ], [ -3.581292722124523, 47.985298520100287 ], [ -3.581380498111175, 47.985299384500472 ], [ -3.581499551621818, 47.985323378858695 ], [ -3.581620735534249, 47.985356416438918 ], [ -3.581823012029562, 47.985436086324668 ], [ -3.581978533218008, 47.985509415931041 ], [ -3.582076339848, 47.985539283045696 ], [ -3.582162675677259, 47.985545518186512 ], [ -3.582413961375308, 47.98557216853105 ], [ -3.58268262455801, 47.985629769204891 ], [ -3.582744934422259, 47.985649922065612 ], [ -3.582799420131479, 47.985680718357273 ], [ -3.58285885695508, 47.985744015997639 ], [ -3.583100874629078, 47.986047695001346 ], [ -3.583149428540174, 47.986104473523923 ], [ -3.583392175187678, 47.98629115957079 ], [ -3.583451332329779, 47.986329249772197 ], [ -3.583520921763677, 47.986353148578345 ], [ -3.583616838673088, 47.986367675419508 ], [ -3.583734378415294, 47.986366435385911 ], [ -3.583916794747519, 47.986350296850844 ], [ -3.584072645007161, 47.986349825629297 ], [ -3.58425691922969, 47.986349924784356 ], [ -3.584367836658021, 47.98636025181829 ], [ -3.584589510003677, 47.986417804484574 ], [ -3.58485334719064, 47.986505004586334 ], [ -3.585069285432927, 47.98655074046858 ], [ -3.585266243604138, 47.986607795771214 ], [ -3.585512688135841, 47.986729747329768 ], [ -3.585669599039086, 47.986831901130962 ], [ -3.585873340075543, 47.987069102024563 ], [ -3.585978824022654, 47.987157623024444 ], [ -3.586172179825006, 47.987211904230094 ], [ -3.586349358049841, 47.98723615889125 ], [ -3.586620664977428, 47.987256900487658 ], [ -3.586832174813063, 47.98728904320442 ], [ -3.587026791592249, 47.987310046187034 ], [ -3.587243337082127, 47.987307186986122 ], [ -3.587492797466154, 47.987284285898873 ], [ -3.587665080107783, 47.987241836359097 ], [ -3.587824142582112, 47.987189221023577 ], [ -3.587968363951558, 47.98710390615318 ], [ -3.588083367107556, 47.987006304922772 ], [ -3.588195570294205, 47.986851944177737 ], [ -3.588295120567291, 47.986639726474962 ], [ -3.588319952877434, 47.986473714390996 ], [ -3.58829383311171, 47.986281479939109 ], [ -3.588250603875163, 47.986149206147338 ], [ -3.588192158320084, 47.986092231796455 ], [ -3.588008510061661, 47.986010247126629 ], [ -3.587918546204017, 47.985936440060101 ], [ -3.587857542362226, 47.985718304980544 ], [ -3.587779261118356, 47.985466521703231 ], [ -3.587762474919546, 47.985256473252278 ], [ -3.587775575645782, 47.985008321631717 ], [ -3.587734299072132, 47.984857185771041 ], [ -3.587641412813078, 47.984762618740355 ], [ -3.587539344866468, 47.984616564668755 ], [ -3.587516501151027, 47.984566603955301 ], [ -3.587512966695995, 47.984463927281119 ], [ -3.587538156502835, 47.98412511300026 ], [ -3.587582063233536, 47.983814575547164 ], [ -3.587647700245758, 47.983616079977921 ], [ -3.587731135077738, 47.983470144057186 ], [ -3.587861334854666, 47.983362947491479 ], [ -3.587997689627135, 47.983289175995772 ], [ -3.588182215435828, 47.983249671518557 ], [ -3.588520904667408, 47.983221356144398 ], [ -3.588746946558907, 47.983228585081449 ], [ -3.589039753543396, 47.983236250916882 ], [ -3.589285998702128, 47.98329788641157 ], [ -3.58942872336057, 47.983284544073229 ], [ -3.589608021478981, 47.983219731102373 ], [ -3.590117346588891, 47.983192127667031 ], [ -3.590351380990984, 47.983184212442062 ], [ -3.590480613742256, 47.983167898483778 ], [ -3.590641373947479, 47.983102712744916 ], [ -3.590730595875784, 47.983032494702833 ], [ -3.590886681230726, 47.982861909313471 ], [ -3.591000694640447, 47.982724683595798 ], [ -3.591163151976384, 47.982614528668954 ], [ -3.591661366086182, 47.982455288680967 ], [ -3.592000111913896, 47.982327058358443 ], [ -3.592206054818564, 47.982211471521353 ], [ -3.592372725002734, 47.982087898446402 ], [ -3.592562282860888, 47.981947681972123 ], [ -3.592648791496357, 47.981883708563736 ], [ -3.592701575070021, 47.981861362905278 ], [ -3.592855735972135, 47.981872546150868 ], [ -3.59294580166131, 47.98194365080294 ], [ -3.592990464452237, 47.982038148830625 ], [ -3.593124290593399, 47.982096627614453 ], [ -3.593241617716041, 47.98210077349971 ], [ -3.593298821322784, 47.98205961491562 ], [ -3.593338038433097, 47.981937992475743 ], [ -3.593337113981003, 47.981700361441732 ], [ -3.593253124021651, 47.981304461509822 ], [ -3.593249911902044, 47.981094686297432 ], [ -3.593266967199033, 47.981003222486322 ], [ -3.593350227978045, 47.980894181322761 ], [ -3.593443829145683, 47.980806047909311 ], [ -3.593521874946256, 47.980704102759823 ], [ -3.593538033397624, 47.980603620546766 ], [ -3.593509862376462, 47.980465350241751 ], [ -3.593431367253718, 47.980317073412934 ], [ -3.593401451793083, 47.980192268922565 ], [ -3.593386201513125, 47.980006554471245 ], [ -3.593433175990043, 47.979646575053735 ], [ -3.593477067587041, 47.979302734913787 ], [ -3.593460968769857, 47.979139504771808 ], [ -3.593381980196138, 47.979037120476093 ], [ -3.593258535173359, 47.9789986505671 ], [ -3.593025040980329, 47.979025483455231 ], [ -3.592942298482181, 47.97905533050502 ], [ -3.592828107444982, 47.97906654767624 ], [ -3.592738867467784, 47.979071963397814 ], [ -3.592558195151694, 47.97900984704728 ], [ -3.592365072273556, 47.978884478134312 ], [ -3.59236424410418, 47.978873661017595 ], [ -3.592292862462842, 47.978733626129618 ], [ -3.592272198079135, 47.97856040397857 ], [ -3.592258051699606, 47.97837831176799 ], [ -3.592217894093849, 47.978295604318852 ], [ -3.59209988535469, 47.978113234515121 ], [ -3.591980306986665, 47.978037938604729 ], [ -3.591694748515409, 47.977806313902697 ], [ -3.591573617218457, 47.977706685237521 ], [ -3.591470524034801, 47.977653319713042 ], [ -3.591374755575845, 47.977635202442563 ], [ -3.591242665432051, 47.977596557186772 ], [ -3.591132477192327, 47.977567350569835 ], [ -3.591095009367235, 47.977511697906699 ], [ -3.591097727542427, 47.977439748672992 ], [ -3.591128661442757, 47.97737376443169 ], [ -3.591319208381508, 47.977337975898138 ], [ -3.59151354709253, 47.97716905622628 ], [ -3.591621560633691, 47.97699390871923 ], [ -3.591756005435071, 47.976740986095599 ], [ -3.591937441251187, 47.976586208346944 ], [ -3.592122141447467, 47.976443196214376 ], [ -3.59221626750459, 47.976308272441401 ], [ -3.592392867727246, 47.976084993940276 ], [ -3.59250359868941, 47.975936001418027 ], [ -3.592684032009546, 47.975774902242094 ], [ -3.593075989137615, 47.975447924559511 ], [ -3.593510542533521, 47.975138898077901 ], [ -3.593708907394328, 47.975026758222697 ], [ -3.593952309428465, 47.974933519139732 ], [ -3.594219927618018, 47.974886665712482 ], [ -3.594383567292875, 47.97487553547677 ], [ -3.594513560427663, 47.974838531422257 ], [ -3.594639492996378, 47.974778044967849 ], [ -3.594920667359142, 47.974732360772059 ], [ -3.595410620153917, 47.974691746556083 ], [ -3.595605788796059, 47.974729846578363 ], [ -3.59581249618955, 47.97485548079456 ], [ -3.59597722848944, 47.974979376325741 ], [ -3.596139558117496, 47.975101423540821 ], [ -3.596566857006255, 47.975378167883768 ], [ -3.596645577828875, 47.975422041477529 ], [ -3.596835890851558, 47.975490643744315 ], [ -3.596940322389019, 47.975541330653364 ], [ -3.596990658835871, 47.975583737362356 ], [ -3.597107631932771, 47.975662575758356 ], [ -3.597172558657041, 47.975711573892767 ], [ -3.597220796903368, 47.975744038149287 ], [ -3.597270625541045, 47.975799935228316 ], [ -3.597320842909419, 47.975878341104618 ], [ -3.597395601301632, 47.976027440038798 ], [ -3.59751926953021, 47.976453828071492 ], [ -3.597487460914821, 47.976608900723249 ], [ -3.597486849378794, 47.976690792425515 ], [ -3.597482921431731, 47.97672941588791 ], [ -3.597492246579375, 47.976777304255748 ], [ -3.597508965961492, 47.976924344916107 ], [ -3.597522725532159, 47.976985822424297 ], [ -3.597542003546649, 47.977032109320248 ], [ -3.597564091611578, 47.977069451856117 ], [ -3.597602344541378, 47.977104416821113 ], [ -3.597644778657918, 47.977126864599782 ], [ -3.597720405519886, 47.977154474889915 ], [ -3.597818477084906, 47.977177132696909 ], [ -3.597912807955722, 47.977200615824472 ], [ -3.597985963774765, 47.977228176625196 ], [ -3.598050673428494, 47.977250168613772 ], [ -3.598089773465638, 47.977262649224727 ], [ -3.5981499809224, 47.9772728507739 ], [ -3.59819375261115, 47.977292624888165 ], [ -3.598258801067094, 47.977305623078266 ], [ -3.598350965827553, 47.977320962221071 ], [ -3.598447514789347, 47.977318387873673 ], [ -3.598536954669544, 47.977307571257306 ], [ -3.598635348700894, 47.977288832771109 ], [ -3.598764210492372, 47.977249100811626 ], [ -3.59887342036454, 47.977238678207129 ], [ -3.598996882306663, 47.977243840431299 ], [ -3.599121258373508, 47.97729042271186 ], [ -3.599243247865508, 47.977301855591477 ], [ -3.599343368272523, 47.977302951831291 ], [ -3.599456285051119, 47.977292602549248 ], [ -3.5995535785, 47.977270241123541 ], [ -3.599635282419824, 47.977234968228828 ], [ -3.599708641378254, 47.977191428535569 ], [ -3.599777700673715, 47.977130702277293 ], [ -3.599837348531542, 47.97705718778019 ], [ -3.599886180121656, 47.976975357270724 ], [ -3.59997839281253, 47.976825088199647 ], [ -3.600045046637061, 47.976696810690918 ], [ -3.600107502063897, 47.976548648553496 ], [ -3.600176610257834, 47.976453721472907 ], [ -3.600251287307811, 47.97637510610214 ], [ -3.60030484101234, 47.976332071379026 ], [ -3.600395090952086, 47.976299668417198 ], [ -3.600451539400366, 47.976278292318845 ], [ -3.600499796044846, 47.976277453905915 ], [ -3.600573340067378, 47.976261818675852 ], [ -3.600637894631236, 47.976189301641874 ], [ -3.600667116175465, 47.975839767778297 ], [ -3.600665928491913, 47.975739839519157 ], [ -3.600662896335775, 47.975656075255877 ], [ -3.60065485413585, 47.975574011245627 ], [ -3.600667884780565, 47.975490567071937 ], [ -3.600720842492934, 47.975364716535005 ], [ -3.600775357899835, 47.975263198133369 ], [ -3.600998042030736, 47.974964321307368 ], [ -3.60126383646547, 47.974735606083023 ], [ -3.601454805140494, 47.974622405042162 ], [ -3.601561993381488, 47.974566937573343 ], [ -3.601659754739505, 47.974531983167175 ], [ -3.601752167965267, 47.974507722639665 ], [ -3.601827215419936, 47.974484916253815 ], [ -3.601927413823879, 47.974450910191742 ], [ -3.60207920205613, 47.974426031776922 ], [ -3.602175813591946, 47.974421655383011 ], [ -3.602279737166532, 47.974420124622554 ], [ -3.602414820518324, 47.974412013869319 ], [ -3.60255875563733, 47.97439867894537 ], [ -3.602764976346029, 47.974373083219305 ], [ -3.602970130244208, 47.974342965670907 ], [ -3.603343505330076, 47.974278394221258 ], [ -3.603467245919029, 47.974243055233067 ], [ -3.603567274030389, 47.974213544498149 ], [ -3.603634974509889, 47.974188790601467 ], [ -3.603691554792657, 47.974163815380727 ], [ -3.603752111955002, 47.974131718952087 ], [ -3.603801022658089, 47.974080489922265 ], [ -3.603840251383631, 47.97402366798736 ], [ -3.603863586540305, 47.97396202960077 ], [ -3.603847552433985, 47.973895107657121 ], [ -3.60378461488535, 47.973793050926879 ], [ -3.603728401179939, 47.973742430189546 ], [ -3.603661439088371, 47.97368169510365 ], [ -3.603627769679972, 47.973623422585753 ], [ -3.603600041675356, 47.973571568567721 ], [ -3.60360684175993, 47.973522201745766 ], [ -3.603629467610481, 47.973479450133411 ], [ -3.603680896982491, 47.973394069834072 ], [ -3.603748050617529, 47.973318002805826 ], [ -3.6038015116844, 47.97324436339818 ], [ -3.603841651769902, 47.973163258598063 ], [ -3.603865324323809, 47.973092626583309 ], [ -3.603903083285839, 47.972877368652298 ], [ -3.603932632249202, 47.972650246889998 ], [ -3.603944436009482, 47.972533476777663 ], [ -3.603948319924337, 47.972430049662641 ], [ -3.60396354595637, 47.972353849378244 ], [ -3.603993193046359, 47.972288736492196 ], [ -3.604041595393218, 47.972250997912766 ], [ -3.604113033715669, 47.972225418135302 ], [ -3.604166566717605, 47.972215682761174 ], [ -3.60426077085701, 47.972209456622046 ], [ -3.604432644482451, 47.972209275705794 ], [ -3.604861778293992, 47.972207011204262 ], [ -3.605147894444473, 47.972193800640007 ], [ -3.605293396422728, 47.972171493015281 ], [ -3.605636102829688, 47.972100003988736 ], [ -3.60577997693319, 47.972055162421348 ], [ -3.605870621984321, 47.972011962605841 ], [ -3.605997265820305, 47.971964978149032 ], [ -3.606140376119502, 47.971907520416458 ], [ -3.606195785020285, 47.971880720638353 ], [ -3.606257270271332, 47.971856741720799 ], [ -3.606325675263195, 47.971813099490006 ], [ -3.606360396418839, 47.97174448674398 ], [ -3.606352772509157, 47.971684032737656 ], [ -3.606306982517688, 47.97161922000295 ], [ -3.606261799884659, 47.971538218657948 ], [ -3.606263925275081, 47.971481558580301 ], [ -3.606317212733419, 47.971412414861085 ], [ -3.606745053625184, 47.971279612023302 ], [ -3.606822532175999, 47.971257750705071 ], [ -3.60689293487508, 47.971226748366036 ], [ -3.606958260562951, 47.971199245248478 ], [ -3.607020115734359, 47.971165372880883 ], [ -3.607080769049006, 47.971130576564185 ], [ -3.607131841741255, 47.971087489536103 ], [ -3.607161742155735, 47.971048482013018 ], [ -3.607202280622452, 47.970956583702311 ], [ -3.60721726590304, 47.970886678605169 ], [ -3.607217581569435, 47.970845283213535 ], [ -3.607208923704447, 47.97077940856277 ], [ -3.607192009835979, 47.970735870784779 ], [ -3.607160539794279, 47.970684843509105 ], [ -3.607122858603484, 47.970634592853166 ], [ -3.607088985133552, 47.970581717732749 ], [ -3.607068297484418, 47.970539905028808 ], [ -3.607055022826811, 47.970498239614074 ], [ -3.607052340320956, 47.970437883905284 ], [ -3.607067650615925, 47.970392286280799 ], [ -3.607096551280283, 47.970346958685973 ], [ -3.607179197125928, 47.970253196961124 ], [ -3.607332771209699, 47.970147343806239 ], [ -3.607443348434831, 47.970100038632133 ], [ -3.607527204848236, 47.970072903355273 ], [ -3.607635298868079, 47.970058849977839 ], [ -3.607761992521095, 47.970043365870943 ], [ -3.607928749174649, 47.970047578082486 ], [ -3.608147733259409, 47.970043826909198 ], [ -3.608405017328973, 47.970040835830524 ], [ -3.608642825555302, 47.970062658436703 ], [ -3.608807077663561, 47.970067719603122 ], [ -3.609008091125604, 47.970081610613875 ], [ -3.609233151629775, 47.970080677979595 ], [ -3.609637682244222, 47.970008603857679 ], [ -3.609795632826308, 47.969983837320996 ], [ -3.610318486073386, 47.969855606421099 ], [ -3.61057367880466, 47.969809367073282 ], [ -3.610917162426929, 47.969749577756957 ], [ -3.611099989617577, 47.969720802581797 ], [ -3.611279302308283, 47.96971985846605 ], [ -3.61142241591084, 47.969728096627691 ], [ -3.611559847284343, 47.969756022681544 ], [ -3.611681385801661, 47.969779133281889 ], [ -3.611775229570065, 47.969848496439191 ], [ -3.611859795361049, 47.969901474961844 ], [ -3.611917046072894, 47.969957512041454 ], [ -3.611965984962044, 47.970004383973631 ], [ -3.612007645596989, 47.970047511463775 ], [ -3.612037254231629, 47.970082299716701 ], [ -3.612074444050285, 47.970112738075215 ], [ -3.612125728934793, 47.970129955313155 ], [ -3.612224399752523, 47.970136411372238 ], [ -3.612344141172485, 47.970141484911125 ], [ -3.612472228286259, 47.970154824032747 ], [ -3.612545483029597, 47.970179676773782 ], [ -3.612629789971092, 47.970206548567219 ], [ -3.612709255934468, 47.97023062425648 ], [ -3.612781611722331, 47.970246458680165 ], [ -3.612823853834214, 47.970240995534162 ], [ -3.612874114259488, 47.970219490650329 ], [ -3.612884948769054, 47.9701612031377 ], [ -3.612888899549848, 47.970121679932703 ], [ -3.612897094894024, 47.970067840295783 ], [ -3.612917183115154, 47.969993535547125 ], [ -3.612962451785682, 47.969907129284834 ], [ -3.613023016913089, 47.969808425635094 ], [ -3.613050006086238, 47.969648754429777 ], [ -3.613133802056797, 47.969457807605089 ], [ -3.61322021914297, 47.969329014981419 ], [ -3.613285069914499, 47.969181794365767 ], [ -3.613287743615327, 47.96904414226789 ], [ -3.613329254614762, 47.968892859111989 ], [ -3.613408887905759, 47.968780132605751 ], [ -3.613473880028119, 47.968728318234497 ], [ -3.613607544866011, 47.968724665935326 ], [ -3.613798729991918, 47.968769854575434 ], [ -3.613999421102741, 47.968858432721277 ], [ -3.61418332969807, 47.96903218124006 ], [ -3.614337461768629, 47.969175638710233 ], [ -3.614414548899707, 47.969230267156163 ], [ -3.614522455732632, 47.96928730587711 ], [ -3.614648003298594, 47.969302392229125 ], [ -3.614756985768722, 47.969330650959137 ], [ -3.614844696508539, 47.969365688705352 ], [ -3.614906496015203, 47.969399313374538 ], [ -3.615046350363174, 47.969494785416529 ], [ -3.615240879550104, 47.969682242857111 ], [ -3.61528698041885, 47.969738957418372 ], [ -3.615308472520196, 47.969792484769314 ], [ -3.615311499603052, 47.96984384656519 ], [ -3.61530103714789, 47.969892241258044 ], [ -3.615283699273184, 47.969926099333037 ], [ -3.615161624756702, 47.970049687589245 ], [ -3.615057115359059, 47.970166423179485 ], [ -3.615000502683372, 47.970225604705412 ], [ -3.614970003227678, 47.970280802993884 ], [ -3.614949085263207, 47.970344291260197 ], [ -3.614939857906493, 47.970392710394286 ], [ -3.614927252338497, 47.970465363556045 ], [ -3.614888913293831, 47.970631110767059 ], [ -3.614856407778561, 47.970839275063952 ], [ -3.614853629193041, 47.971012926583441 ], [ -3.614856707634619, 47.971129091903762 ], [ -3.614867307716183, 47.971209404780183 ], [ -3.614883857923132, 47.971262834433055 ], [ -3.614914368430045, 47.971306640078943 ], [ -3.614954830306064, 47.971348842649434 ], [ -3.615024642236667, 47.971399726519131 ], [ -3.61509979953738, 47.971439915745712 ], [ -3.615210383813656, 47.971491606572386 ], [ -3.615349217267998, 47.971548356583334 ], [ -3.615492362215345, 47.971588991130396 ], [ -3.615617881473262, 47.971604975754026 ], [ -3.615722732821201, 47.971611550893059 ], [ -3.615848856748252, 47.971611346601961 ], [ -3.615926929685408, 47.97160659124183 ], [ -3.616017693658569, 47.971593086597771 ], [ -3.616093698506196, 47.971577489791954 ], [ -3.616166231821619, 47.971555524012636 ], [ -3.616233386457938, 47.971545152211462 ], [ -3.616300171697526, 47.971544673432717 ], [ -3.616381212349438, 47.971559777203744 ], [ -3.616569870892801, 47.971606710905675 ], [ -3.616689944802594, 47.971636087071637 ], [ -3.616858338508557, 47.971662818679128 ], [ -3.616993708924476, 47.971679896576653 ], [ -3.617103939028827, 47.971674876315781 ], [ -3.617183683823948, 47.971658452678028 ], [ -3.617255014867042, 47.971635562366373 ], [ -3.617337734055536, 47.971605696933871 ], [ -3.61742509318703, 47.971584023489456 ], [ -3.617484498894589, 47.97158249802839 ], [ -3.617569783427903, 47.971583284283746 ], [ -3.617622776613469, 47.971587932191497 ], [ -3.617738412286347, 47.971603718934858 ], [ -3.617859789419607, 47.971631319492865 ], [ -3.618124548608773, 47.971693255401981 ], [ -3.6183504032284, 47.971770622319326 ], [ -3.618592348270187, 47.971880707946127 ], [ -3.618849892019742, 47.971970400492694 ], [ -3.61918216164267, 47.972111970669495 ], [ -3.619597706770622, 47.972308286759308 ], [ -3.619791911113551, 47.972372424960398 ], [ -3.619912055316195, 47.972399998833708 ], [ -3.619985751925714, 47.972413154765349 ], [ -3.620063155190642, 47.972426383848557 ], [ -3.620141995150471, 47.972434241048987 ], [ -3.620232156110509, 47.972436921552323 ], [ -3.620295269247582, 47.972435467746621 ], [ -3.620401994984068, 47.972424974710563 ], [ -3.620501709607725, 47.972403542741247 ], [ -3.620605264826333, 47.972378586378305 ], [ -3.620778613330717, 47.972338807225626 ], [ -3.621034843173851, 47.972297963805111 ], [ -3.621337688067189, 47.972267040171801 ], [ -3.621418065017575, 47.972266826486582 ], [ -3.621515471510609, 47.972274149090488 ], [ -3.621594944053933, 47.972298218305767 ], [ -3.621677620846294, 47.972335851183786 ], [ -3.62179869624375, 47.972404842826975 ], [ -3.621945279287353, 47.972519339270832 ], [ -3.622001373875764, 47.972573548010025 ], [ -3.622055365867456, 47.972617814875584 ], [ -3.622096470205828, 47.972642926754844 ], [ -3.622166193082124, 47.97266320305107 ], [ -3.622230073144612, 47.972674363703767 ], [ -3.62233135450084, 47.972677261844503 ], [ -3.622457145905994, 47.972686043590286 ], [ -3.622665752508009, 47.972695558696181 ], [ -3.622800795447274, 47.972688321940254 ], [ -3.622893461501532, 47.972690149598492 ], [ -3.622989201212621, 47.972675837211447 ], [ -3.623100701723659, 47.972669935848181 ], [ -3.62324736364986, 47.972682728384839 ], [ -3.623341664059061, 47.972707088697057 ], [ -3.623431290101488, 47.972724156500021 ], [ -3.623576479728325, 47.972776520979266 ], [ -3.623718297607426, 47.972819818463996 ], [ -3.623795933946237, 47.972860050423805 ], [ -3.623875606497915, 47.972912022888025 ], [ -3.623910899641968, 47.972960420346674 ], [ -3.623945891700564, 47.973016912150321 ], [ -3.623978044654828, 47.973083248334135 ], [ -3.624013670139695, 47.97315595318819 ], [ -3.624049529928039, 47.97322236242384 ], [ -3.624087026862031, 47.973278003529771 ], [ -3.624135376262575, 47.973341058796763 ], [ -3.624206866905639, 47.973413570491161 ], [ -3.624309213402426, 47.973487590323209 ], [ -3.624427856704654, 47.973555631011315 ], [ -3.624855785896867, 47.973752170668824 ], [ -3.625109206329295, 47.973853467293253 ], [ -3.625484780871584, 47.973994970979241 ], [ -3.625716197098068, 47.974089532485934 ], [ -3.625855814740965, 47.974158884727714 ], [ -3.625992127126193, 47.974217371304348 ], [ -3.62609424460037, 47.974264383935811 ], [ -3.626185743382323, 47.974297686882046 ], [ -3.626314209522078, 47.974334417760666 ], [ -3.626486589735698, 47.974354012466165 ], [ -3.62677825374812, 47.974391255761319 ], [ -3.627004065216832, 47.974403801194754 ], [ -3.627079202078995, 47.974411580399952 ], [ -3.627239026458817, 47.974436326951938 ], [ -3.627431276910847, 47.974453611132347 ], [ -3.627604526004895, 47.974483121502182 ], [ -3.627782584026026, 47.97451632634607 ], [ -3.628048168621143, 47.974589954348936 ], [ -3.628430868024749, 47.974673085765559 ], [ -3.628703600642408, 47.974754053005178 ], [ -3.628886669663723, 47.974818855691922 ], [ -3.62900512039201, 47.974858986498795 ], [ -3.629103668201252, 47.974902325920681 ], [ -3.629212902616138, 47.974957575804936 ], [ -3.62933896835979, 47.975025756970901 ], [ -3.62946740476657, 47.975063383510268 ], [ -3.629577440804796, 47.975097048014412 ], [ -3.629675688270301, 47.975115180107963 ], [ -3.629770262359854, 47.975132339867031 ], [ -3.629967725254741, 47.975142521713231 ], [ -3.630300903234114, 47.975127469573827 ], [ -3.630708250563399, 47.975112973817325 ], [ -3.630871750385464, 47.975105386044973 ], [ -3.631001555380152, 47.975106136343861 ], [ -3.631195511683794, 47.975110846869441 ], [ -3.631383290003423, 47.975115435690476 ], [ -3.631565157076741, 47.975112707827378 ], [ -3.631711558383349, 47.975099382755971 ], [ -3.631822227158946, 47.975082655632249 ], [ -3.631969261717088, 47.975052242059796 ], [ -3.632121438528164, 47.975016529082168 ], [ -3.632269608365226, 47.974988837496895 ], [ -3.632405355398171, 47.974962701864236 ], [ -3.63270760577825, 47.974914634014524 ], [ -3.633099821116936, 47.974874631397803 ], [ -3.633605944104247, 47.974830562442698 ], [ -3.634146796246306, 47.974783572348159 ], [ -3.634322917041787, 47.974769026760271 ], [ -3.634456960866316, 47.974755455605376 ], [ -3.634617451572364, 47.974728902560649 ], [ -3.634730856322825, 47.974705025926518 ], [ -3.634842255862679, 47.97466850942935 ], [ -3.634942468333748, 47.974633573494273 ], [ -3.635027587255444, 47.974605541725154 ], [ -3.635179627840714, 47.974573421977688 ], [ -3.635312668398964, 47.974553529898515 ], [ -3.635473195620256, 47.974559377399132 ], [ -3.635633390088553, 47.97457421843577 ], [ -3.635791683523821, 47.974607022563113 ], [ -3.635920123218709, 47.974644641451448 ], [ -3.63600905728898, 47.97468058581363 ], [ -3.636135197028238, 47.974746960312814 ], [ -3.63622426909767, 47.974812608181345 ], [ -3.636344069734205, 47.97491665944338 ], [ -3.636492028340422, 47.975061763712766 ], [ -3.636600681105956, 47.975199797366706 ], [ -3.636720825683355, 47.97536145686712 ], [ -3.636804230153699, 47.975480094973044 ], [ -3.636867427735225, 47.97557673639011 ], [ -3.636941009350434, 47.975660080767007 ], [ -3.637020835789301, 47.975741747379018 ], [ -3.63708870532543, 47.975812379328246 ], [ -3.637149698550287, 47.975901777161305 ], [ -3.637223680044984, 47.975974328821103 ], [ -3.637307746251241, 47.976041677794804 ], [ -3.637424775568171, 47.976120472733982 ], [ -3.637558433623399, 47.976184292726387 ], [ -3.637765492849891, 47.976236049631808 ], [ -3.637962190725228, 47.97623360142812 ], [ -3.638171976159604, 47.976211608469086 ], [ -3.638314910347876, 47.976225207462853 ], [ -3.63847788056877, 47.976231998288739 ], [ -3.638619014291705, 47.976260862139505 ], [ -3.638755244956211, 47.976322030903958 ], [ -3.638886799206049, 47.976375907719358 ], [ -3.639165864146478, 47.976620777706273 ], [ -3.639297584401965, 47.97683756270218 ], [ -3.639401437560468, 47.976971899480219 ], [ -3.639504726473699, 47.977121525634821 ], [ -3.639580220482476, 47.977220206136082 ], [ -3.639714029655327, 47.977347028502756 ], [ -3.639720008631207, 47.977352545668708 ], [ -3.639812503576501, 47.977459658920999 ], [ -3.639903796420592, 47.977565848547478 ], [ -3.640017231878439, 47.977675171368901 ], [ -3.64021844008231, 47.977818612138599 ], [ -3.640378160838348, 47.977913539444259 ], [ -3.64060450865271, 47.978012469682113 ], [ -3.640846175983777, 47.978064897434948 ], [ -3.641152969225062, 47.978128498365173 ], [ -3.641481872512823, 47.978196130778102 ], [ -3.642109760754924, 47.978203903618656 ], [ -3.642632533811313, 47.978144816898947 ], [ -3.643062878529767, 47.978010119715371 ], [ -3.643520363904962, 47.977843549894509 ], [ -3.644170236304417, 47.977657333932946 ], [ -3.644854636685954, 47.977473588182342 ], [ -3.646672273725501, 47.977240842044758 ], [ -3.648283874920009, 47.977095853758833 ], [ -3.6485062807034, 47.977066886529947 ] ] ] } },
{ "type": "Feature", "properties": { "ID": "COURDEAU0000002215480660", "CODE_HYDRO": "06C0000002215480660", "TOPONYME": "Canal 1", "STATUT_TOP": "Validé", "IMPORTANCE": "4", "DATE_CREAT": "2020-10-21 09:35:44", "DATE_MAJ": "2020-11-12 10:46:00", "DATE_APP": null, "DATE_CONF": null, "SOURCE": null, "ID_SOURCE": null, "STATUT": "Validé", "MAREE": null, "PERMANENT": null, "COMMENT": null }, "geometry": { "type": "MultiLineString", "coordinates": [ [ [ -3.577618838172863, 47.997874930105624 ], [ -3.577699954555822, 47.99775865488273 ], [ -3.577725354947748, 47.997708762710175 ], [ -3.577738839222131, 47.997646929840165 ], [ -3.577868141463527, 47.997402015543116 ], [ -3.57800935354661, 47.997136639454247 ], [ -3.578143144785933, 47.997066427356479 ], [ -3.579355545128633, 47.996541785353912 ], [ -3.579496966439966, 47.996531129212244 ], [ -3.579496612899153, 47.996475318299908 ], [ -3.580070843561961, 47.996240250704872 ], [ -3.580117533361068, 47.996215987910432 ], [ -3.580211248104104, 47.996126066205022 ], [ -3.580382875155389, 47.995906302178959 ], [ -3.580468899583437, 47.995823426144028 ], [ -3.580534361837345, 47.995760838027699 ], [ -3.580571162851903, 47.995736376236955 ], [ -3.580661556851926, 47.995701291123353 ], [ -3.580733916024047, 47.995619940290723 ], [ -3.581608960464806, 47.99505248960903 ], [ -3.582513166269505, 47.994465816941158 ], [ -3.582572486539619, 47.994434606417094 ], [ -3.58261948089408, 47.994402248214911 ], [ -3.583778673885269, 47.993353557186225 ], [ -3.584067440530445, 47.993077636161146 ], [ -3.584501459828176, 47.992787528716768 ], [ -3.584570613335043, 47.992692610479992 ], [ -3.585035533012717, 47.992305015038262 ], [ -3.585149751880179, 47.992293805963385 ], [ -3.587068827030389, 47.992276490320755 ], [ -3.587149354704968, 47.99233840836132 ], [ -3.587313988387331, 47.992269703959224 ], [ -3.5881736663364, 47.991680294674296 ], [ -3.588909484091331, 47.991160402722869 ], [ -3.589070914762083, 47.991078130843796 ], [ -3.589127404606416, 47.991023458839685 ], [ -3.589700223746116, 47.990561501113405 ], [ -3.590332789272105, 47.990154739900589 ], [ -3.590630761948649, 47.989928490216826 ], [ -3.590863445860514, 47.989727934832089 ], [ -3.590990693972183, 47.989600873623779 ], [ -3.591072531725432, 47.98949720504632 ], [ -3.591099832432675, 47.989429347306213 ], [ -3.591169616676428, 47.989317337003605 ], [ -3.592465800023362, 47.987679969239387 ], [ -3.593982330236795, 47.985805779816218 ], [ -3.594310793441947, 47.985524327738709 ], [ -3.59462232534869, 47.985232635971443 ], [ -3.594761065110015, 47.98512830193873 ], [ -3.595954288806394, 47.983953269032327 ], [ -3.596041903663453, 47.983761508115975 ], [ -3.596275807432549, 47.983330555035273 ], [ -3.596447011342708, 47.983152163332761 ], [ -3.596506771398582, 47.983075952238543 ], [ -3.596564737677784, 47.982981704365365 ], [ -3.596659103969245, 47.982774777125691 ], [ -3.596811771322434, 47.982530311532415 ], [ -3.596851473966147, 47.982362795227701 ], [ -3.597134600699627, 47.981675410174375 ], [ -3.597269048128718, 47.98145488184921 ], [ -3.597302735568515, 47.98141415199548 ], [ -3.597380657704307, 47.981282500162017 ], [ -3.59754851759315, 47.981094139938392 ], [ -3.597651236929896, 47.9809935843058 ], [ -3.597756917796878, 47.980912888680898 ], [ -3.597799152938724, 47.980875029380407 ], [ -3.597975574949636, 47.980721941198382 ], [ -3.598139892469354, 47.980594712612941 ], [ -3.598242998905044, 47.980516665345604 ], [ -3.598957168438414, 47.980992631984272 ], [ -3.600034928713471, 47.981731453904686 ], [ -3.600053024780603, 47.981743515157028 ], [ -3.60060772643289, 47.982119987537502 ], [ -3.601126276109436, 47.982471435660827 ], [ -3.603259025368424, 47.983867567614773 ], [ -3.60369094723275, 47.984188477892616 ], [ -3.603915958824944, 47.984354962729185 ], [ -3.603972351975627, 47.984401086883949 ], [ -3.604206657527266, 47.984550655124387 ], [ -3.604966347491228, 47.98503558744433 ], [ -3.60510348166309, 47.985138219225377 ], [ -3.605325536333522, 47.985284841292149 ], [ -3.606276923905679, 47.985967985116154 ], [ -3.60644973294891, 47.986075824311008 ], [ -3.606644977514134, 47.986212010410917 ], [ -3.607593813455826, 47.986832088583945 ], [ -3.608130109545648, 47.987207256349841 ], [ -3.609744802662091, 47.988277955829929 ], [ -3.60998213923745, 47.988446472509665 ], [ -3.610976732506868, 47.989101630062571 ], [ -3.611787394814558, 47.989648727666321 ], [ -3.612238989741394, 47.989942091883236 ], [ -3.612621579627845, 47.990228686831131 ], [ -3.613221703947631, 47.990618594276548 ], [ -3.613531442267386, 47.99080293778799 ], [ -3.613630106645711, 47.990843593616177 ] ] ] } },
{ "type": "Feature", "properties": { "ID": "COURDEAU0000002215485382", "CODE_HYDRO": "06C0000002215485382", "TOPONYME": "Canal 2", "STATUT_TOP": "Collecté", "IMPORTANCE": "6", "DATE_CREAT": "2020-10-21 09:35:44", "DATE_MAJ": "2022-02-09 21:19:55", "DATE_APP": null, "DATE_CONF": null, "SOURCE": null, "ID_SOURCE": null, "STATUT": "Validé", "MAREE": null, "PERMANENT": null, "COMMENT": null }, "geometry": { "type": "MultiLineString", "coordinates": [ [ [ -3.564710278619252, 48.002668171609017 ], [ -3.564835647555227, 48.002657209117181 ], [ -3.565016783797463, 48.002611372793965 ], [ -3.565203724345857, 48.002543151940507 ], [ -3.565352515363775, 48.002469658159647 ], [ -3.565553914570075, 48.002346825182151 ], [ -3.565870485467958, 48.002156117446447 ], [ -3.566215865538562, 48.001923688589095 ], [ -3.566324617045854, 48.001829581818022 ], [ -3.566506955479666, 48.001687460081186 ], [ -3.566725189663522, 48.001188737112685 ], [ -3.566871679609247, 48.000981084715306 ], [ -3.567042683735493, 48.000811730912652 ], [ -3.567268864757524, 48.000687596246316 ], [ -3.567597161999273, 48.000578127267204 ], [ -3.568045088554701, 48.000381069467821 ], [ -3.568447859638125, 48.000167795930686 ], [ -3.568591490072897, 48.000067191705597 ], [ -3.568915352013935, 47.999846921034177 ], [ -3.569202094257712, 47.999691604199775 ], [ -3.56947290320945, 47.999564766828129 ], [ -3.569701340320507, 47.999446073392548 ], [ -3.569966447018152, 47.999306518720964 ], [ -3.570663629002541, 47.998930872423145 ], [ -3.570677773990684, 47.998884354676655 ], [ -3.570694630338675, 47.998799188868084 ], [ -3.570690404578825, 47.998715397433344 ], [ -3.57033954582105, 47.99799005894365 ], [ -3.570075361169128, 47.997489686585567 ], [ -3.569941621878392, 47.997201664202997 ], [ -3.56986917090256, 47.996895978594786 ], [ -3.569873977306413, 47.996867273634834 ], [ -3.569916346025121, 47.996859128981889 ], [ -3.571006872738023, 47.996645338836721 ], [ -3.571033961569698, 47.996616183730531 ], [ -3.571306585865926, 47.99598714353543 ], [ -3.57139464564808, 47.995818809490039 ], [ -3.571467292450593, 47.995730269862634 ], [ -3.571518310828909, 47.995689896963228 ], [ -3.571569843539403, 47.995636033477133 ], [ -3.571635865440606, 47.995591463108333 ], [ -3.571699278039404, 47.995550440280944 ], [ -3.573768462695543, 47.994615624100085 ], [ -3.574763214829808, 47.994089344855745 ], [ -3.575053377402602, 47.993907981276081 ], [ -3.575149635844086, 47.993166471295027 ], [ -3.575163405612869, 47.99286972889422 ], [ -3.575168078497206, 47.992584503980687 ], [ -3.575131810447637, 47.991815121768354 ], [ -3.575277516597247, 47.991529139528666 ], [ -3.575365071491508, 47.991308589551373 ], [ -3.575503736189702, 47.991012564590456 ], [ -3.575660752021657, 47.990591801193418 ], [ -3.576043143275878, 47.989871359370042 ], [ -3.576051637788693, 47.989713120301175 ], [ -3.576380537558728, 47.989033002772445 ], [ -3.57644300737709, 47.988951455999924 ], [ -3.576546739871389, 47.988858139631439 ], [ -3.577749866313159, 47.988215427588337 ], [ -3.578991909524087, 47.987459179080972 ], [ -3.579644079121611, 47.987025873074565 ], [ -3.579643205214309, 47.986755838963091 ], [ -3.579356718106938, 47.986288347155991 ], [ -3.579213356324053, 47.985862436947215 ], [ -3.579906564288811, 47.985259845781222 ], [ -3.580830813332239, 47.985151525529155 ], [ -3.581363209396514, 47.985038021469578 ], [ -3.581647147874332, 47.984953723396117 ], [ -3.581837540740033, 47.984857644042791 ], [ -3.582090772858129, 47.984702523600532 ], [ -3.582101197732292, 47.984655930336785 ], [ -3.582085792810702, 47.984540414008151 ], [ -3.582131623714802, 47.984408127166304 ], [ -3.582182841093509, 47.984264247875416 ], [ -3.582242974136173, 47.984080945420608 ], [ -3.582311366877195, 47.9838429057369 ], [ -3.582395930246932, 47.983471983264096 ], [ -3.582410623099491, 47.983182461754758 ], [ -3.582558080986673, 47.981838047556764 ], [ -3.582565414726742, 47.981351267430092 ], [ -3.582619011856087, 47.980981523475826 ], [ -3.582640347980891, 47.980777640728313 ], [ -3.582682948304735, 47.98050218122404 ], [ -3.582694088256132, 47.980436701384555 ], [ -3.582781968242327, 47.980043345054504 ], [ -3.582841662251049, 47.979773629370143 ], [ -3.583180595183078, 47.978857887564544 ], [ -3.583644291474746, 47.97797795298613 ], [ -3.583860675715314, 47.977619579086188 ], [ -3.584105979506612, 47.977215883155999 ], [ -3.584218080352796, 47.9769661207024 ], [ -3.58432824615573, 47.97680002372902 ], [ -3.584343405761175, 47.976758925920144 ], [ -3.584454047161913, 47.976449730946527 ], [ -3.584677447983899, 47.975807982248774 ], [ -3.58490222465792, 47.975195062571878 ], [ -3.584933818957636, 47.975013887473033 ], [ -3.584991662837169, 47.974564125637485 ], [ -3.584997005957275, 47.974031406053022 ], [ -3.58501443803563, 47.973897649224782 ], [ -3.585100123064509, 47.973724760308016 ], [ -3.58520695733018, 47.973581097255973 ], [ -3.585341100152156, 47.973401980392275 ], [ -3.585398282269065, 47.973296022650004 ], [ -3.585470340235781, 47.973123760126825 ], [ -3.585370617686833, 47.973047055188829 ], [ -3.585381353599196, 47.973024769534206 ], [ -3.585757271602609, 47.972697496597512 ], [ -3.584990979658714, 47.9722320959985 ], [ -3.583821286269158, 47.971416572273057 ], [ -3.582463119794101, 47.970485642875687 ], [ -3.58247601647125, 47.970308593462711 ], [ -3.583650191283853, 47.968134279941196 ], [ -3.584860184890647, 47.965012036169824 ], [ -3.585364058264677, 47.964112211450626 ], [ -3.58542947310704, 47.963788610521497 ], [ -3.585480843435246, 47.963672636590786 ], [ -3.585466654117094, 47.963492344149159 ], [ -3.585460910912055, 47.963448127006487 ], [ -3.585413541069633, 47.963393173943729 ], [ -3.58535525769626, 47.96333260157531 ], [ -3.584940903636449, 47.962815762322641 ], [ -3.583234995180761, 47.960692513327139 ], [ -3.583000836069803, 47.960379995557219 ], [ -3.582921304439528, 47.960260492518664 ], [ -3.58286978280378, 47.960184754088758 ], [ -3.582079092177108, 47.959324626892588 ], [ -3.581860532685894, 47.959057422161926 ], [ -3.58155990993243, 47.958672462167229 ], [ -3.581478534337272, 47.958569121682771 ], [ -3.580546223026653, 47.957402823306417 ], [ -3.580081641048168, 47.956811152524416 ], [ -3.578263419015329, 47.954692767389197 ], [ -3.577015705365707, 47.954803536051223 ], [ -3.576573562555815, 47.954826126375615 ], [ -3.57655006063444, 47.954826552704745 ], [ -3.576535478251162, 47.954819958531068 ], [ -3.576343916012842, 47.954721593456334 ], [ -3.576243853235598, 47.954589971241433 ], [ -3.576142141385359, 47.95443671484589 ], [ -3.576025505898069, 47.954285857589184 ], [ -3.575908221204405, 47.954152087789204 ], [ -3.575848444610416, 47.954066279235342 ], [ -3.575771790695191, 47.954001731185237 ], [ -3.575683405155514, 47.953953147150543 ], [ -3.575495617383444, 47.953820655328876 ] ] ] } },
{ "type": "Feature", "properties": { "ID": "COURDEAU0000002215480672", "CODE_HYDRO": "06C0000002215480672", "TOPONYME": "Canal 3", "STATUT_TOP": "Validé", "IMPORTANCE": "5", "DATE_CREAT": "2020-10-21 09:35:44", "DATE_MAJ": "2021-04-27 22:00:17", "DATE_APP": null, "DATE_CONF": null, "SOURCE": null, "ID_SOURCE": null, "STATUT": "Validé", "MAREE": null, "PERMANENT": null, "COMMENT": null }, "geometry": { "type": "MultiLineString", "coordinates": [ [ [ -3.59597722848944, 47.974979376325741 ], [ -3.5960062232294, 47.974964654632934 ], [ -3.596074349886981, 47.974961514883972 ], [ -3.596195810058935, 47.974954039824929 ], [ -3.596616774473265, 47.974906642288126 ], [ -3.597076585094848, 47.973795269355982 ], [ -3.597433478758448, 47.973085059945809 ], [ -3.597446816590704, 47.973059224954945 ], [ -3.597560912614592, 47.972951696992233 ], [ -3.597912047539896, 47.972755294640855 ], [ -3.598354611119774, 47.972429309346317 ], [ -3.598485087422082, 47.972346408365446 ], [ -3.598786743554681, 47.972183217896877 ], [ -3.598935108367302, 47.97211777395303 ], [ -3.599084132932644, 47.972067643644046 ], [ -3.599375986953843, 47.972000560358566 ], [ -3.599511521620349, 47.971947460375411 ], [ -3.600448171124694, 47.971502611796531 ], [ -3.600802030955687, 47.971364757475314 ], [ -3.601470193894523, 47.971121558927649 ], [ -3.601569270931609, 47.971117232308707 ], [ -3.601985079961957, 47.971173216388323 ], [ -3.602162485819886, 47.971190250031377 ], [ -3.602228407049123, 47.971179862298875 ], [ -3.602352479626446, 47.9711355310126 ], [ -3.602715112093168, 47.970928542412437 ], [ -3.603118397431922, 47.970758363409125 ], [ -3.603422015764119, 47.970641101619755 ], [ -3.60477625493258, 47.970335032927451 ], [ -3.604818545195154, 47.970295372451133 ], [ -3.604857669058799, 47.970241248397649 ], [ -3.604906062389058, 47.9701378066949 ], [ -3.604935828794816, 47.970102397271873 ], [ -3.604997960850008, 47.970127033953702 ], [ -3.605678582405329, 47.970473581830177 ], [ -3.605815335375645, 47.970354795790229 ], [ -3.605941022958511, 47.970267290887207 ], [ -3.606033764912623, 47.97023403313257 ], [ -3.606544805077899, 47.970025482163607 ], [ -3.606792601127877, 47.969945803304647 ], [ -3.606950890009734, 47.969912047256933 ], [ -3.607457709409712, 47.969815912709706 ], [ -3.607590748542005, 47.96979605469749 ], [ -3.607889510238886, 47.969774988058582 ], [ -3.60803052332004, 47.969773288594716 ], [ -3.608138582947412, 47.969760134084474 ], [ -3.608573527810766, 47.969701268469898 ], [ -3.60897864051547, 47.969580606540838 ], [ -3.609133490208102, 47.969539578809844 ], [ -3.609170756562471, 47.969534918355386 ], [ -3.609286194634116, 47.969522809216791 ], [ -3.609388840002137, 47.969522146494079 ], [ -3.609549946008793, 47.969545144809786 ], [ -3.610039825212024, 47.969670070635225 ], [ -3.610165810202138, 47.969673470417241 ], [ -3.610425472771083, 47.96963992060509 ], [ -3.610645138664465, 47.969584875997342 ], [ -3.610934226339079, 47.969524907650552 ], [ -3.610992000671938, 47.969500852576601 ], [ -3.611351256675897, 47.969052560151141 ], [ -3.611434432183333, 47.968944405411598 ], [ -3.611583187700943, 47.968834850878977 ], [ -3.611797340000656, 47.968662690392208 ], [ -3.611844767893596, 47.968617729005494 ], [ -3.61229330878402, 47.968492515876385 ], [ -3.613217110017518, 47.96832091644783 ], [ -3.613539545754884, 47.968261602123299 ], [ -3.613601317876777, 47.968395130618227 ], [ -3.613885152146602, 47.968343150860946 ], [ -3.61397871848397, 47.968320703229843 ], [ -3.614210322300018, 47.968706903967345 ], [ -3.614323288100107, 47.968827045359241 ], [ -3.614452651463615, 47.968938511009263 ], [ -3.614589099982352, 47.969025815910911 ], [ -3.614788759346967, 47.96910897194573 ], [ -3.615278907462734, 47.969259980189129 ], [ -3.61550597269751, 47.969238373539447 ], [ -3.615656606580553, 47.969210753664875 ], [ -3.615871652633471, 47.969179908066401 ], [ -3.615984483311045, 47.969171340377265 ], [ -3.61609433930025, 47.969176214197368 ], [ -3.61617470496064, 47.969209305454434 ], [ -3.616230555823119, 47.969269812624475 ], [ -3.616312284568238, 47.969332631813643 ], [ -3.616384035837073, 47.969364652448903 ], [ -3.616498766973067, 47.969371422365448 ], [ -3.616763836362344, 47.969325363998642 ], [ -3.616899778479851, 47.969293851666343 ], [ -3.617525986324208, 47.969178431119467 ], [ -3.618097132415524, 47.969047518060009 ], [ -3.618343471492889, 47.968973184658175 ], [ -3.618916318661391, 47.968829700568001 ], [ -3.619143419629634, 47.968773885894947 ], [ -3.6194600432996, 47.968704538843987 ], [ -3.61956529713828, 47.968667016787329 ], [ -3.619805913622169, 47.969110984934403 ], [ -3.623038867863187, 47.967753648055506 ], [ -3.623305531796253, 47.967265691223012 ], [ -3.623451954039029, 47.967184875984842 ], [ -3.623572802683105, 47.96706035492447 ], [ -3.623787754101006, 47.966799084768319 ], [ -3.624383621963949, 47.96640131867197 ], [ -3.624796901288926, 47.96612595527521 ], [ -3.624838002182876, 47.966151065998581 ], [ -3.625015895307476, 47.966254474631555 ], [ -3.625169647488079, 47.966375407857996 ], [ -3.625306504029767, 47.966518508674213 ], [ -3.625424963703791, 47.966657646767935 ], [ -3.625495809267011, 47.966813847278004 ], [ -3.625558032911822, 47.967135483055159 ], [ -3.625597727689279, 47.967264969047825 ], [ -3.625651079289248, 47.967392924003775 ], [ -3.625668737160927, 47.967516575712224 ], [ -3.625612090910351, 47.967876371231213 ], [ -3.625612720030276, 47.967992487309282 ], [ -3.625641196175579, 47.96812445244074 ], [ -3.625693848103625, 47.968237993194499 ], [ -3.62576863814877, 47.968354670082817 ], [ -3.62584673511757, 47.968448911338299 ], [ -3.625923598222327, 47.968509827169122 ], [ -3.626004169163374, 47.968537514904646 ], [ -3.626112555361966, 47.968548649837217 ], [ -3.626316541034059, 47.968515765821337 ], [ -3.626422557641217, 47.968490852633089 ], [ -3.626540494313296, 47.968477874426853 ], [ -3.626663973331103, 47.968482105761453 ], [ -3.626800307321552, 47.968506390672644 ], [ -3.626924052950511, 47.968536727786422 ], [ -3.627037681158519, 47.968573165788278 ], [ -3.627151776592179, 47.968630313522709 ], [ -3.627225335227891, 47.968713664073761 ], [ -3.627252213065503, 47.968822196565014 ], [ -3.62725197523167, 47.969061599520749 ] ] ] } }
]
}
